source	chapter	feature	area	our_status	citations
Fluent-TG	ANSYS Fluent Tutorial Guide	ANSYS Fluent Tutorial Guide	validation	n/a	
Fluent-TG	Copyright and Trademark Information	Copyright and Trademark Information	other	n/a	
Fluent-TG	Table of Contents	Table of Contents	other	n/a	
Fluent-TG	Table of Contents	1.1. Introduction	other	n/a	
Fluent-TG	Table of Contents	1.2. Prerequisites	other	n/a	
Fluent-TG	Table of Contents	1.3. Problem Description	other	n/a	
Fluent-TG	Table of Contents	1.4. Setup and Solution	other	n/a	
Fluent-TG	Table of Contents	1.4.1. Preparation	other	n/a	
Fluent-TG	Table of Contents	1.4.2. Creating a Fluent Fluid Flow Analysis System in ANSYS Workbench	ui	partial	src/gpu/GpuKernels.cpp:331
Fluent-TG	Table of Contents	1.4.3. Creating the Geometry in ANSYS DesignModeler	geometry	absent	
Fluent-TG	Table of Contents	1.4.4. Meshing the Geometry in the ANSYS Meshing Application	geometry	absent	
Fluent-TG	Table of Contents	1.4.5. Setting Up the CFD Simulation in ANSYS Fluent	other	partial	src/core/Command.hpp:7
Fluent-TG	Table of Contents	1.4.5.1. Starting ANSYS Fluent	other	partial	src/combustion/ChemkinParser.cpp:55
Fluent-TG	Table of Contents	1.4.5.2. Setting Up Domain	other	partial	src/core/Command.hpp:7
Fluent-TG	Table of Contents	1.4.5.3. Setting Up Physics	other	partial	src/core/Command.hpp:7; src/combustion/LaminarFiniteRate.cpp:110
Fluent-TG	Table of Contents	1.4.6. Solving	other	partial	src/gui/MainWindow.cpp:193
Fluent-TG	Table of Contents	1.4.7. Displaying Results in ANSYS Fluent and CFD-Post	other	partial	src/acoustics/CurleAcoustics.hpp:26
Fluent-TG	Table of Contents	1.4.8. Duplicating the Fluent-Based Fluid Flow Analysis System	other	partial	src/cad/ShapeHandleInternal.hpp:11; src/gpu/GpuKernels.cpp:331
Fluent-TG	Table of Contents	1.4.9. Changing the Geometry in ANSYS DesignModeler	geometry	partial	src/meshing/MeshOps.hpp:25
Fluent-TG	Table of Contents	1.4.10. Updating the Mesh in the ANSYS Meshing Application	mesh	absent	
Fluent-TG	Table of Contents	1.4.11. Calculating a New Solution in ANSYS Fluent	other	n/a	
Fluent-TG	Table of Contents	1.4.12. Comparing the Results of Both Systems in CFD-Post	other	partial	src/acoustics/CurleAcoustics.hpp:26
Fluent-TG	Table of Contents	1.5. Summary	other	n/a	
Fluent-TG	Table of Contents	2.1. Introduction	other	n/a	
Fluent-TG	Table of Contents	2.2. Prerequisites	other	n/a	
Fluent-TG	Table of Contents	2.3. Problem Description	other	n/a	
Fluent-TG	Table of Contents	2.4. Setup and Solution	other	n/a	
Fluent-TG	Table of Contents	2.4.1. Preparation	other	n/a	
Fluent-TG	Table of Contents	2.4.2. Adding Constraints to ANSYS DesignModeler Parameters in ANSYS Workbench	scripting	partial	src/amr/AdaptiveRefinement.hpp:9
Fluent-TG	Table of Contents	2.4.3. Setting Up the CFD Simulation in ANSYS Fluent	other	partial	src/core/Command.hpp:7
Fluent-TG	Table of Contents	2.4.3.1. Starting ANSYS Fluent	other	partial	src/combustion/ChemkinParser.cpp:55
Fluent-TG	Table of Contents	2.4.3.2. Setting Up Physics	other	partial	src/core/Command.hpp:7; src/combustion/LaminarFiniteRate.cpp:110
Fluent-TG	Table of Contents	2.4.4. Defining Input Parameters in ANSYS Fluent	scripting	n/a	
Fluent-TG	Table of Contents	2.4.5. Solving	other	partial	src/gui/MainWindow.cpp:193
Fluent-TG	Table of Contents	2.4.6. Postprocessing and Setting the Output Parameters in ANSYS CFD-Post	postprocessing	present	src/core/Command.hpp:7; src/core/TaskGraph.hpp:14; src/acoustics/CurleAcoustics.hpp:26
Fluent-TG	Table of Contents	2.4.7. Creating Additional Design Points in ANSYS Workbench	ui	partial	src/turbulence/GammaReThetaTransition.hpp:5; src/adjoint/ContinuousAdjoint.hpp:16
Fluent-TG	Table of Contents	2.4.8. Postprocessing the New Design Points in CFD-Post	postprocessing	present	src/core/TaskGraph.hpp:14; src/adjoint/ContinuousAdjoint.hpp:16; src/acoustics/CurleAcoustics.hpp:26
Fluent-TG	Table of Contents	2.4.9. Summary	other	n/a	
Fluent-TG	Table of Contents	3.1. Introduction	other	n/a	
Fluent-TG	Table of Contents	3.2. Prerequisites	other	n/a	
Fluent-TG	Table of Contents	3.3. Problem Description	other	n/a	
Fluent-TG	Table of Contents	3.4. Setup and Solution in Serial	other	partial	src/gpu/CgGpu.hpp:35
Fluent-TG	Table of Contents	3.4.1. Preparation	other	n/a	
Fluent-TG	Table of Contents	3.4.2. Launching ANSYS Fluent	other	n/a	
Fluent-TG	Table of Contents	3.4.3. Reading the Mesh	mesh	partial	src/io/MeshFormats.hpp:7
Fluent-TG	Table of Contents	3.4.4. Setting Up Domain	other	partial	src/core/Command.hpp:7
Fluent-TG	Table of Contents	3.4.5. Setting Up Physics	other	partial	src/core/Command.hpp:7; src/combustion/LaminarFiniteRate.cpp:110
Fluent-TG	Table of Contents	3.4.6. Solving	other	partial	src/gui/MainWindow.cpp:193
Fluent-TG	Table of Contents	3.4.7. Displaying the Preliminary Solution	other	n/a	
Fluent-TG	Table of Contents	3.4.8. Using the Coupled Solver	solver	partial	src/gui/DiagnosticsPanel.cpp:59
Fluent-TG	Table of Contents	3.4.9. Adapting the Mesh	mesh	partial	src/turbulence/Wale.hpp:4
Fluent-TG	Table of Contents	3.5. Setup and Solution in Parallel	parallel	absent	
Fluent-TG	Table of Contents	3.5.1. Starting the Parallel Version of ANSYS Fluent	parallel	partial	src/combustion/ChemkinParser.cpp:55
Fluent-TG	Table of Contents	3.5.1.1. Multiprocessor Machine	other	partial	src/io/GmshReader.cpp:8
Fluent-TG	Table of Contents	3.5.1.2. Network of Computers	other	n/a	
Fluent-TG	Table of Contents	3.5.2. Reading and Partitioning the Mesh	mesh	partial	src/io/MeshFormats.hpp:7; src/meshing/PartitionerMetis.cpp:57
Fluent-TG	Table of Contents	3.5.3. Solution	other	n/a	
Fluent-TG	Table of Contents	3.5.4. Checking Parallel Performance	parallel	partial	src/gpu/GpuKernels.cpp:258
Fluent-TG	Table of Contents	3.5.5. Postprocessing	postprocessing	n/a	
Fluent-TG	Table of Contents	3.6. Summary	other	n/a	
Fluent-TG	Table of Contents	4.1. Introduction	other	n/a	
Fluent-TG	Table of Contents	4.2. Prerequisites	other	n/a	
Fluent-TG	Table of Contents	4.3. Problem Description	other	n/a	
Fluent-TG	Table of Contents	4.4. Setup and Solution	other	n/a	
Fluent-TG	Table of Contents	4.4.1. Preparation	other	n/a	
Fluent-TG	Table of Contents	4.4.2. Mesh	mesh	n/a	
Fluent-TG	Table of Contents	4.4.3. General Settings	other	n/a	
Fluent-TG	Table of Contents	4.4.4. Models	other	n/a	
Fluent-TG	Table of Contents	4.4.5. Materials	materials	n/a	
Fluent-TG	Table of Contents	4.4.6. Cell Zone Conditions	other	partial	src/core/BoundaryConditionRegistry.hpp:9
Fluent-TG	Table of Contents	4.4.7. Periodic Conditions	bc	partial	src/core/BoundaryConditionRegistry.hpp:10; src/core/BoundaryConditionRegistry.hpp:9
Fluent-TG	Table of Contents	4.4.8. Boundary Conditions	bc	partial	src/core/BoundaryConditionRegistry.hpp:9
Fluent-TG	Table of Contents	4.4.9. Solution	other	n/a	
Fluent-TG	Table of Contents	4.4.10. Postprocessing	postprocessing	n/a	
Fluent-TG	Table of Contents	4.5. Summary	other	n/a	
Fluent-TG	Table of Contents	4.6. Further Improvements	other	n/a	
Fluent-TG	Table of Contents	5.1. Introduction	other	n/a	
Fluent-TG	Table of Contents	5.2. Prerequisites	other	n/a	
Fluent-TG	Table of Contents	5.3. Problem Description	other	n/a	
Fluent-TG	Table of Contents	5.4. Setup and Solution	other	n/a	
Fluent-TG	Table of Contents	5.4.1. Preparation	other	n/a	
Fluent-TG	Table of Contents	5.4.2. Mesh	mesh	n/a	
Fluent-TG	Table of Contents	5.4.3. Solver	solver	absent	
Fluent-TG	Table of Contents	5.4.4. Models	other	n/a	
Fluent-TG	Table of Contents	5.4.5. Materials	materials	n/a	
Fluent-TG	Table of Contents	5.4.6. Boundary Conditions	bc	partial	src/core/BoundaryConditionRegistry.hpp:9
Fluent-TG	Table of Contents	5.4.7. Operating Conditions	other	partial	src/gpu/GpuKernels.hpp:6; src/core/BoundaryConditionRegistry.hpp:9
Fluent-TG	Table of Contents	5.4.8. Solution	other	n/a	
Fluent-TG	Table of Contents	5.4.9. Postprocessing	postprocessing	n/a	
Fluent-TG	Table of Contents	5.5. Summary	other	n/a	
Fluent-TG	Table of Contents	5.6. Further Improvements	other	n/a	
Fluent-TG	Table of Contents	6.1. Introduction	other	n/a	
Fluent-TG	Table of Contents	6.2. Prerequisites	other	n/a	
Fluent-TG	Table of Contents	6.3. Problem Description	other	n/a	
Fluent-TG	Table of Contents	6.4. Setup and Solution	other	n/a	
Fluent-TG	Table of Contents	6.4.1. Preparation	other	n/a	
Fluent-TG	Table of Contents	6.4.2. Reading and Checking the Mesh	mesh	partial	src/io/MeshFormats.hpp:7
Fluent-TG	Table of Contents	6.4.3. Solver and Analysis Type	solver	partial	src/gpu/GpuKernels.cpp:331
Fluent-TG	Table of Contents	6.4.4. Models	other	n/a	
Fluent-TG	Table of Contents	6.4.5. Materials	materials	n/a	
Fluent-TG	Table of Contents	6.4.6. Operating Conditions	other	partial	src/gpu/GpuKernels.hpp:6; src/core/BoundaryConditionRegistry.hpp:9
Fluent-TG	Table of Contents	6.4.7. Boundary Conditions	bc	partial	src/core/BoundaryConditionRegistry.hpp:9
Fluent-TG	Table of Contents	6.4.8. Solution: Steady Flow	other	partial	src/adjoint/DiscreteAdjoint.hpp:6
Fluent-TG	Table of Contents	6.4.9. Enabling Time Dependence and Setting Transient Conditions	turbulence	present	src/core/Command.hpp:7; src/gui/Dialogs.cpp:394; src/core/BoundaryConditionRegistry.hpp:9
Fluent-TG	Table of Contents	6.4.10. Specifying Solution Parameters for Transient Flow and Solving	turbulence	partial	src/gui/MainWindow.cpp:193; src/gui/Dialogs.cpp:394
Fluent-TG	Table of Contents	6.4.11. Saving and Postprocessing Time-Dependent Data Sets	postprocessing	partial	src/core/TaskGraph.hpp:14; src/io/CgnsWriter.cpp:14
Fluent-TG	Table of Contents	6.5. Summary	other	n/a	
Fluent-TG	Table of Contents	6.6. Further Improvements	other	n/a	
Fluent-TG	Table of Contents	7.1. Introduction	other	n/a	
Fluent-TG	Table of Contents	7.2. Prerequisites	other	n/a	
Fluent-TG	Table of Contents	7.3. Problem Description	other	n/a	
Fluent-TG	Table of Contents	7.4. Setup and Solution	other	n/a	
Fluent-TG	Table of Contents	7.4.1. Preparation	other	n/a	
Fluent-TG	Table of Contents	7.4.2. Reading and Checking the Mesh	mesh	partial	src/io/MeshFormats.hpp:7
Fluent-TG	Table of Contents	7.4.3. Solver and Analysis Type	solver	partial	src/gpu/GpuKernels.cpp:331
Fluent-TG	Table of Contents	7.4.4. Models	other	n/a	
Fluent-TG	Table of Contents	7.4.5. Defining the Materials	materials	absent	
Fluent-TG	Table of Contents	7.4.6. Operating Conditions	other	partial	src/gpu/GpuKernels.hpp:6; src/core/BoundaryConditionRegistry.hpp:9
Fluent-TG	Table of Contents	7.4.7. Boundary Conditions	bc	partial	src/core/BoundaryConditionRegistry.hpp:9
Fluent-TG	Table of Contents	7.4.8. Obtaining the Solution	other	n/a	
Fluent-TG	Table of Contents	7.4.9. Postprocessing	postprocessing	n/a	
Fluent-TG	Table of Contents	7.4.10. Comparing the Contour Plots after Varying Radiating Surfaces	postprocessing	present	src/visualization/ContourFilter.hpp:8; src/scripting/UdfHost.hpp:11; src/gui/ResidualPlot.hpp:7
Fluent-TG	Table of Contents	7.4.11. S2S Definition, Solution, and Postprocessing with Partial Enclosure	postprocessing	present	src/radiation/SurfaceToSurface.cpp:127; src/core/TaskGraph.hpp:14; src/cad/Healing.cpp:64
Fluent-TG	Table of Contents	7.5. Summary	other	n/a	
Fluent-TG	Table of Contents	7.6. Further Improvements	other	n/a	
Fluent-TG	Table of Contents	8.1. Introduction	other	n/a	
Fluent-TG	Table of Contents	8.2. Prerequisites	other	n/a	
Fluent-TG	Table of Contents	8.3. Problem Description	other	n/a	
Fluent-TG	Table of Contents	8.4. Setup and Solution	other	n/a	
Fluent-TG	Table of Contents	8.4.1. Preparation	other	n/a	
Fluent-TG	Table of Contents	8.4.2. Mesh	mesh	n/a	
Fluent-TG	Table of Contents	8.4.3. General Settings	other	n/a	
Fluent-TG	Table of Contents	8.4.4. Models	other	n/a	
Fluent-TG	Table of Contents	8.4.5. Materials	materials	n/a	
Fluent-TG	Table of Contents	8.4.6. Cell Zone Conditions	other	partial	src/core/BoundaryConditionRegistry.hpp:9
Fluent-TG	Table of Contents	8.4.7. Boundary Conditions	bc	partial	src/core/BoundaryConditionRegistry.hpp:9
Fluent-TG	Table of Contents	8.4.8. Solution	other	n/a	
Fluent-TG	Table of Contents	8.4.9. Postprocessing	postprocessing	n/a	
Fluent-TG	Table of Contents	8.5. Summary	other	n/a	
Fluent-TG	Table of Contents	8.6. Further Improvements	other	n/a	
Fluent-TG	Table of Contents	9.1. Introduction	other	n/a	
Fluent-TG	Table of Contents	9.2. Prerequisites	other	n/a	
Fluent-TG	Table of Contents	9.3. Problem Description	other	n/a	
Fluent-TG	Table of Contents	9.4. Setup and Solution	other	n/a	
Fluent-TG	Table of Contents	9.4.1. Preparation	other	n/a	
Fluent-TG	Table of Contents	9.4.2. Mesh	mesh	n/a	
Fluent-TG	Table of Contents	9.4.3. General Settings	other	n/a	
Fluent-TG	Table of Contents	9.4.4. Models	other	n/a	
Fluent-TG	Table of Contents	9.4.5. Materials	materials	n/a	
Fluent-TG	Table of Contents	9.4.6. Cell Zone Conditions	other	partial	src/core/BoundaryConditionRegistry.hpp:9
Fluent-TG	Table of Contents	9.4.7. Boundary Conditions	bc	partial	src/core/BoundaryConditionRegistry.hpp:9
Fluent-TG	Table of Contents	9.4.8. Solution Using the Standard k- ε Model	other	partial	src/acoustics/CurleAcoustics.cpp:29
Fluent-TG	Table of Contents	9.4.9. Postprocessing for the Standard k- ε Solution	postprocessing	partial	src/core/TaskGraph.hpp:14; src/acoustics/CurleAcoustics.cpp:29
Fluent-TG	Table of Contents	9.4.10. Solution Using the RNG k- ε Model	other	n/a	
Fluent-TG	Table of Contents	9.4.11. Postprocessing for the RNG k- ε Solution	postprocessing	partial	src/core/TaskGraph.hpp:14
Fluent-TG	Table of Contents	9.5. Summary	other	n/a	
Fluent-TG	Table of Contents	9.6. Further Improvements	other	n/a	
Fluent-TG	Table of Contents	9.7. References	other	n/a	
Fluent-TG	Table of Contents	10.1. Introduction	other	n/a	
Fluent-TG	Table of Contents	10.2. Prerequisites	other	n/a	
Fluent-TG	Table of Contents	10.3. Problem Description	other	n/a	
Fluent-TG	Table of Contents	10.4. Setup and Solution	other	n/a	
Fluent-TG	Table of Contents	10.4.1. Preparation	other	n/a	
Fluent-TG	Table of Contents	10.4.2. Reading and Checking the Mesh and Setting the Units	mesh	present	src/io/MeshFormats.hpp:7; src/core/Command.hpp:7; src/cad/ShapeHandleInternal.hpp:7
Fluent-TG	Table of Contents	10.4.3. Specifying Solver and Analysis Type	solver	partial	src/gpu/GpuKernels.cpp:331
Fluent-TG	Table of Contents	10.4.4. Specifying the Models	other	n/a	
Fluent-TG	Table of Contents	10.4.5. Specifying Materials	materials	absent	
Fluent-TG	Table of Contents	10.4.6. Specifying Cell Zone Conditions	other	partial	src/core/BoundaryConditionRegistry.hpp:9
Fluent-TG	Table of Contents	10.4.7. Setting Boundary Conditions	bc	partial	src/core/Command.hpp:7; src/core/BoundaryConditionRegistry.hpp:9
Fluent-TG	Table of Contents	10.4.8. Defining Mesh Interfaces	mesh	partial	src/gui/Dialogs.cpp:232
Fluent-TG	Table of Contents	10.4.9. Obtaining the Solution	other	n/a	
Fluent-TG	Table of Contents	10.4.10. Step 9: Postprocessing	postprocessing	n/a	
Fluent-TG	Table of Contents	10.5. Summary	other	n/a	
Fluent-TG	Table of Contents	10.6. Further Improvements	other	n/a	
Fluent-TG	Table of Contents	11.1. Introduction	other	n/a	
Fluent-TG	Table of Contents	11.2. Prerequisites	other	n/a	
Fluent-TG	Table of Contents	11.3. Problem Description	other	n/a	
Fluent-TG	Table of Contents	11.4. Setup and Solution	other	n/a	
Fluent-TG	Table of Contents	11.4.1. Preparation	other	n/a	
Fluent-TG	Table of Contents	11.4.2. Mesh	mesh	n/a	
Fluent-TG	Table of Contents	11.4.3. General Settings	other	n/a	
Fluent-TG	Table of Contents	11.4.4. Models	other	n/a	
Fluent-TG	Table of Contents	11.4.5. Materials	materials	n/a	
Fluent-TG	Table of Contents	11.4.6. Cell Zone Conditions	other	partial	src/core/BoundaryConditionRegistry.hpp:9
Fluent-TG	Table of Contents	11.4.7. Boundary Conditions	bc	partial	src/core/BoundaryConditionRegistry.hpp:9
Fluent-TG	Table of Contents	11.4.8. Operating Conditions	other	partial	src/gpu/GpuKernels.hpp:6; src/core/BoundaryConditionRegistry.hpp:9
Fluent-TG	Table of Contents	11.4.9. Mesh Interfaces	mesh	partial	src/gui/Dialogs.cpp:232
Fluent-TG	Table of Contents	11.4.10. Solution	other	n/a	
Fluent-TG	Table of Contents	11.4.11. Postprocessing	postprocessing	n/a	
Fluent-TG	Table of Contents	11.5. Summary	other	n/a	
Fluent-TG	Table of Contents	11.6. Further Improvements	other	n/a	
Fluent-TG	Table of Contents	12.1. Introduction	other	n/a	
Fluent-TG	Table of Contents	12.2. Prerequisites	other	n/a	
Fluent-TG	Table of Contents	12.3. Problem Description	other	n/a	
Fluent-TG	Table of Contents	12.4. Setup and Solution	other	n/a	
Fluent-TG	Table of Contents	12.4.1. Preparation	other	n/a	
Fluent-TG	Table of Contents	12.4.2. Mesh	mesh	n/a	
Fluent-TG	Table of Contents	12.4.3. General Settings	other	n/a	
Fluent-TG	Table of Contents	12.4.4. Models	other	n/a	
Fluent-TG	Table of Contents	12.4.5. Materials	materials	n/a	
Fluent-TG	Table of Contents	12.4.6. Boundary Conditions	bc	partial	src/core/BoundaryConditionRegistry.hpp:9
Fluent-TG	Table of Contents	12.4.7. Solution: Steady Flow	other	partial	src/adjoint/DiscreteAdjoint.hpp:6
Fluent-TG	Table of Contents	12.4.8. Time-Dependent Solution Setup	other	partial	src/io/CgnsWriter.cpp:14
Fluent-TG	Table of Contents	12.4.9. Mesh Motion	mesh	partial	src/acoustics/FwhSurface.cpp:116
Fluent-TG	Table of Contents	12.4.11. Postprocessing	postprocessing	n/a	
Fluent-TG	Table of Contents	12.5. Summary	other	n/a	
Fluent-TG	Table of Contents	12.6. Further Improvements	other	n/a	
Fluent-TG	Table of Contents	13.1. Introduction	other	n/a	
Fluent-TG	Table of Contents	13.2. Prerequisites	other	n/a	
Fluent-TG	Table of Contents	13.3. Problem Description	other	n/a	
Fluent-TG	Table of Contents	13.4. Background	other	partial	src/amr/RefinementApplier.hpp:6
Fluent-TG	Table of Contents	13.5. Setup and Solution	other	n/a	
Fluent-TG	Table of Contents	13.5.1. Preparation	other	n/a	
Fluent-TG	Table of Contents	13.5.2. Mesh	mesh	n/a	
Fluent-TG	Table of Contents	13.5.3. General Settings	other	n/a	
Fluent-TG	Table of Contents	13.5.4. Models	other	n/a	
Fluent-TG	Table of Contents	13.5.5. Materials	materials	n/a	
Fluent-TG	Table of Contents	13.5.6. Boundary Conditions	bc	partial	src/core/BoundaryConditionRegistry.hpp:9
Fluent-TG	Table of Contents	13.5.7. Initial Reaction Solution	combustion	partial	src/core/ThreadPool.cpp:57; src/combustion/CanteraParser.hpp:11
Fluent-TG	Table of Contents	13.5.8. Postprocessing	postprocessing	n/a	
Fluent-TG	Table of Contents	13.5.9. NOx Prediction	combustion	absent	
Fluent-TG	Table of Contents	13.6. Summary	other	n/a	
Fluent-TG	Table of Contents	13.7. Further Improvements	other	n/a	
Fluent-TG	Table of Contents	14.1. Introduction	other	n/a	
Fluent-TG	Table of Contents	14.2. Prerequisites	other	n/a	
Fluent-TG	Table of Contents	14.3. Problem Description	other	n/a	
Fluent-TG	Table of Contents	14.4. Setup and Solution	other	n/a	
Fluent-TG	Table of Contents	14.4.1. Preparation	other	n/a	
Fluent-TG	Table of Contents	14.4.2. Reading and Checking the Mesh	mesh	partial	src/io/MeshFormats.hpp:7
Fluent-TG	Table of Contents	14.4.3. Specifying Solver and Analysis Type	solver	partial	src/gpu/GpuKernels.cpp:331
Fluent-TG	Table of Contents	14.4.4. Specifying the Models	other	n/a	
Fluent-TG	Table of Contents	14.4.5. Defining Materials and Properties	materials	partial	src/cad/CMakeLists.txt:42
Fluent-TG	Table of Contents	14.4.6. Specifying Boundary Conditions	bc	partial	src/core/BoundaryConditionRegistry.hpp:9
Fluent-TG	Table of Contents	14.4.7. Specifying Operating Conditions	other	partial	src/gpu/GpuKernels.hpp:6; src/core/BoundaryConditionRegistry.hpp:9
Fluent-TG	Table of Contents	14.4.8. Obtaining Solution	other	absent	
Fluent-TG	Table of Contents	14.4.9. Postprocessing	postprocessing	n/a	
Fluent-TG	Table of Contents	14.4.10. Energy Balances Reporting	other	partial	src/gpu/BicgstabGpu.hpp:7; src/cad/Tessellator.hpp:16
Fluent-TG	Table of Contents	14.5. Summary	other	n/a	
Fluent-TG	Table of Contents	14.6. References	other	n/a	
Fluent-TG	Table of Contents	14.7. Further Improvements	other	n/a	
Fluent-TG	Table of Contents	15.1. Introduction	other	n/a	
Fluent-TG	Table of Contents	15.2. Prerequisites	other	n/a	
Fluent-TG	Table of Contents	15.3. Problem Description	other	n/a	
Fluent-TG	Table of Contents	15.4. Setup and Solution	other	n/a	
Fluent-TG	Table of Contents	15.4.1. Preparation	other	n/a	
Fluent-TG	Table of Contents	15.4.2. Reading and Checking the Mesh	mesh	partial	src/io/MeshFormats.hpp:7
Fluent-TG	Table of Contents	15.4.3. Solver and Analysis Type	solver	partial	src/gpu/GpuKernels.cpp:331
Fluent-TG	Table of Contents	15.4.4. Specifying the Models	other	n/a	
Fluent-TG	Table of Contents	15.4.5. Defining Materials and Properties	materials	partial	src/cad/CMakeLists.txt:42
Fluent-TG	Table of Contents	15.4.6. Specifying Boundary Conditions	bc	partial	src/core/BoundaryConditionRegistry.hpp:9
Fluent-TG	Table of Contents	15.4.7. Setting the Operating Conditions	other	present	src/gpu/GpuKernels.hpp:6; src/core/Command.hpp:7; src/core/BoundaryConditionRegistry.hpp:9
Fluent-TG	Table of Contents	15.4.8. Simulating Non-Reacting Flow	other	absent	
Fluent-TG	Table of Contents	15.4.9. Simulating Reacting Flow	other	absent	
Fluent-TG	Table of Contents	15.4.10. Postprocessing the Solution Results	postprocessing	partial	src/core/TaskGraph.hpp:14
Fluent-TG	Table of Contents	15.5. Summary	other	n/a	
Fluent-TG	Table of Contents	15.6. Further Improvements	other	n/a	
Fluent-TG	Table of Contents	16.1. Introduction	other	n/a	
Fluent-TG	Table of Contents	16.2. Prerequisites	other	n/a	
Fluent-TG	Table of Contents	16.3. Problem Description	other	n/a	
Fluent-TG	Table of Contents	16.4. Setup and Solution	other	n/a	
Fluent-TG	Table of Contents	16.4.1. Preparation	other	n/a	
Fluent-TG	Table of Contents	16.4.2. Mesh	mesh	n/a	
Fluent-TG	Table of Contents	16.4.3. Solver	solver	absent	
Fluent-TG	Table of Contents	16.4.4. Models	other	n/a	
Fluent-TG	Table of Contents	16.4.5. Materials	materials	n/a	
Fluent-TG	Table of Contents	16.4.6. Boundary Conditions	bc	partial	src/core/BoundaryConditionRegistry.hpp:9
Fluent-TG	Table of Contents	16.4.7. Initial Solution Without Droplets	other	partial	src/multiphase/DriftFlux.hpp:5; src/core/ThreadPool.cpp:57
Fluent-TG	Table of Contents	16.4.8. Creating a Spray Injection	other	partial	src/multiphase/Multiphase.hpp:5; src/core/ServiceLocator.hpp:12
Fluent-TG	Table of Contents	16.4.9. Solution	other	n/a	
Fluent-TG	Table of Contents	16.4.10. Postprocessing	postprocessing	n/a	
Fluent-TG	Table of Contents	16.5. Summary	other	n/a	
Fluent-TG	Table of Contents	16.6. Further Improvements	other	n/a	
Fluent-TG	Table of Contents	17.1. Introduction	other	n/a	
Fluent-TG	Table of Contents	17.2. Prerequisites	other	n/a	
Fluent-TG	Table of Contents	17.3. Problem Description	other	n/a	
Fluent-TG	Table of Contents	17.4. Setup and Solution	other	n/a	
Fluent-TG	Table of Contents	17.4.1. Preparation	other	n/a	
Fluent-TG	Table of Contents	17.4.2. Reading and Manipulating the Mesh	mesh	partial	src/io/MeshFormats.hpp:7
Fluent-TG	Table of Contents	17.4.3. General Settings	other	n/a	
Fluent-TG	Table of Contents	17.4.4. Models	other	n/a	
Fluent-TG	Table of Contents	17.4.5. Materials	materials	n/a	
Fluent-TG	Table of Contents	17.4.6. Phases	other	partial	src/combustion/CanteraParser.cpp:143
Fluent-TG	Table of Contents	17.4.7. Operating Conditions	other	partial	src/gpu/GpuKernels.hpp:6; src/core/BoundaryConditionRegistry.hpp:9
Fluent-TG	Table of Contents	17.4.8. User-Defined Function (UDF)	other	absent	
Fluent-TG	Table of Contents	17.4.9. Boundary Conditions	bc	partial	src/core/BoundaryConditionRegistry.hpp:9
Fluent-TG	Table of Contents	17.4.10. Solution	other	n/a	
Fluent-TG	Table of Contents	17.4.11. Postprocessing	postprocessing	n/a	
Fluent-TG	Table of Contents	17.5. Summary	other	n/a	
Fluent-TG	Table of Contents	17.6. Further Improvements	other	n/a	
Fluent-TG	Table of Contents	18.1. Introduction	other	n/a	
Fluent-TG	Table of Contents	18.2. Prerequisites	other	n/a	
Fluent-TG	Table of Contents	18.3. Problem Description	other	n/a	
Fluent-TG	Table of Contents	18.4. Setup and Solution	other	n/a	
Fluent-TG	Table of Contents	18.4.1. Preparation	other	n/a	
Fluent-TG	Table of Contents	18.4.2. Reading and Checking the Mesh	mesh	partial	src/io/MeshFormats.hpp:7
Fluent-TG	Table of Contents	18.4.3. Solver Settings	solver	absent	
Fluent-TG	Table of Contents	18.4.4. Models	other	n/a	
Fluent-TG	Table of Contents	18.4.5. Materials	materials	n/a	
Fluent-TG	Table of Contents	18.4.6. Phases	other	partial	src/combustion/CanteraParser.cpp:143
Fluent-TG	Table of Contents	18.4.7. Boundary Conditions	bc	partial	src/core/BoundaryConditionRegistry.hpp:9
Fluent-TG	Table of Contents	18.4.8. Operating Conditions	other	partial	src/gpu/GpuKernels.hpp:6; src/core/BoundaryConditionRegistry.hpp:9
Fluent-TG	Table of Contents	18.4.9. Solution	other	n/a	
Fluent-TG	Table of Contents	18.4.10. Postprocessing	postprocessing	n/a	
Fluent-TG	Table of Contents	18.5. Summary	other	n/a	
Fluent-TG	Table of Contents	18.6. Further Improvements	other	n/a	
Fluent-TG	Table of Contents	19.1. Introduction	other	n/a	
Fluent-TG	Table of Contents	19.2. Prerequisites	other	n/a	
Fluent-TG	Table of Contents	19.3. Problem Description	other	n/a	
Fluent-TG	Table of Contents	19.4. Setup and Solution	other	n/a	
Fluent-TG	Table of Contents	19.4.1. Preparation	other	n/a	
Fluent-TG	Table of Contents	19.4.2. Mesh	mesh	n/a	
Fluent-TG	Table of Contents	19.4.3. General Settings	other	n/a	
Fluent-TG	Table of Contents	19.4.4. Models	other	n/a	
Fluent-TG	Table of Contents	19.4.5. Materials	materials	n/a	
Fluent-TG	Table of Contents	19.4.6. Phases	other	partial	src/combustion/CanteraParser.cpp:143
Fluent-TG	Table of Contents	19.4.7. Boundary Conditions	bc	partial	src/core/BoundaryConditionRegistry.hpp:9
Fluent-TG	Table of Contents	19.4.8. Operating Conditions	other	partial	src/gpu/GpuKernels.hpp:6; src/core/BoundaryConditionRegistry.hpp:9
Fluent-TG	Table of Contents	19.4.9. Solution Using the Mixture Model	multiphase	partial	src/combustion/FgmFlamelet.hpp:7
Fluent-TG	Table of Contents	19.4.10. Postprocessing for the Mixture Solution	postprocessing	partial	src/core/TaskGraph.hpp:14; src/combustion/FgmFlamelet.hpp:7
Fluent-TG	Table of Contents	19.4.11. Higher Order Solution using the Mixture Model	multiphase	partial	src/amr/AmrApplier.cpp:42; src/combustion/FgmFlamelet.hpp:7
Fluent-TG	Table of Contents	19.4.12. Setup and Solution for the Eulerian Model	multiphase	partial	src/ibm/DirectForcingIbm.hpp:9
Fluent-TG	Table of Contents	19.4.13. Postprocessing for the Eulerian Model	multiphase	partial	src/core/TaskGraph.hpp:14; src/ibm/DirectForcingIbm.hpp:9
Fluent-TG	Table of Contents	19.5. Summary	other	n/a	
Fluent-TG	Table of Contents	19.6. Further Improvements	other	n/a	
Fluent-TG	Table of Contents	20.1. Introduction	other	n/a	
Fluent-TG	Table of Contents	20.2. Prerequisites	other	n/a	
Fluent-TG	Table of Contents	20.3. Problem Description	other	n/a	
Fluent-TG	Table of Contents	20.4. Setup and Solution	other	n/a	
Fluent-TG	Table of Contents	20.4.1. Preparation	other	n/a	
Fluent-TG	Table of Contents	20.4.2. Reading and Checking the Mesh	mesh	partial	src/io/MeshFormats.hpp:7
Fluent-TG	Table of Contents	20.4.3. Specifying Solver and Analysis Type	solver	partial	src/gpu/GpuKernels.cpp:331
Fluent-TG	Table of Contents	20.4.4. Specifying the Models	other	n/a	
Fluent-TG	Table of Contents	20.4.5. Defining Materials	materials	absent	
Fluent-TG	Table of Contents	20.4.6. Setting the Cell Zone Conditions	other	partial	src/core/Command.hpp:7; src/core/BoundaryConditionRegistry.hpp:9
Fluent-TG	Table of Contents	20.4.7. Setting the Boundary Conditions	bc	partial	src/core/Command.hpp:7; src/core/BoundaryConditionRegistry.hpp:9
Fluent-TG	Table of Contents	20.4.8. Solution: Steady Conduction	other	partial	src/emag/AvFormulation.hpp:48; src/adjoint/DiscreteAdjoint.hpp:6
Fluent-TG	Table of Contents	20.4.9. Solution: Transient Flow and Heat Transfer	turbulence	partial	src/gui/Dialogs.cpp:394; src/cad/IgesReader.cpp:45
Fluent-TG	Table of Contents	20.5. Summary	other	n/a	
Fluent-TG	Table of Contents	20.6. Further Improvements	other	n/a	
Fluent-TG	Table of Contents	21.1. Introduction	other	n/a	
Fluent-TG	Table of Contents	21.2. Prerequisites	other	n/a	
Fluent-TG	Table of Contents	21.3. Problem Description	other	n/a	
Fluent-TG	Table of Contents	21.4. Setup and Solution	other	n/a	
Fluent-TG	Table of Contents	21.4.1. Preparation	other	n/a	
Fluent-TG	Table of Contents	21.4.2. Mesh	mesh	n/a	
Fluent-TG	Table of Contents	21.4.3. Solver Settings	solver	absent	
Fluent-TG	Table of Contents	21.4.4. Models	other	n/a	
Fluent-TG	Table of Contents	21.4.5. UDF	scripting	n/a	
Fluent-TG	Table of Contents	21.4.6. Materials	materials	n/a	
Fluent-TG	Table of Contents	21.4.7. Phases	other	partial	src/combustion/CanteraParser.cpp:143
Fluent-TG	Table of Contents	21.4.8. Boundary Conditions	bc	partial	src/core/BoundaryConditionRegistry.hpp:9
Fluent-TG	Table of Contents	21.4.9. Solution	other	n/a	
Fluent-TG	Table of Contents	21.4.10. Postprocessing	postprocessing	n/a	
Fluent-TG	Table of Contents	21.5. Summary	other	n/a	
Fluent-TG	Table of Contents	21.6. Further Improvements	other	n/a	
Fluent-TG	Table of Contents	21.7. References	other	n/a	
Fluent-TG	Table of Contents	22.1. Introduction	other	n/a	
Fluent-TG	Table of Contents	22.2. Prerequisites	other	n/a	
Fluent-TG	Table of Contents	22.3. Problem Description	other	n/a	
Fluent-TG	Table of Contents	22.4. Setup and Solution	other	n/a	
Fluent-TG	Table of Contents	22.4.1. Preparation	other	n/a	
Fluent-TG	Table of Contents	22.4.2. Reading the Mesh	mesh	partial	src/io/MeshFormats.hpp:7
Fluent-TG	Table of Contents	22.4.3. Manipulating the Mesh in the Viewer	mesh	partial	src/gui/ResidualPlot.hpp:6
Fluent-TG	Table of Contents	22.4.4. Adding Lights	other	absent	
Fluent-TG	Table of Contents	22.4.5. Creating Isosurfaces	postprocessing	absent	
Fluent-TG	Table of Contents	22.4.6. Generating Contours	postprocessing	partial	src/gui/RibbonContent.cpp:97
Fluent-TG	Table of Contents	22.4.7. Generating Velocity Vectors	other	partial	src/gpu/BicgstabGpu.hpp:68
Fluent-TG	Table of Contents	22.4.8. Creating an Animation	postprocessing	partial	src/gui/RibbonContent.cpp:104
Fluent-TG	Table of Contents	22.4.9. Displaying Pathlines	postprocessing	absent	
Fluent-TG	Table of Contents	22.4.10. Creating a Scene With Vectors and Contours	postprocessing	present	src/gui/RibbonContent.cpp:97; src/visualization/ActorRegistry.hpp:4; src/gpu/BicgstabGpu.hpp:68
Fluent-TG	Table of Contents	22.4.11. Advanced Overlay of Pathlines on a Scene	postprocessing	present	src/core/ConfigStore.cpp:300; src/visualization/ActorRegistry.hpp:4; src/combustion/TransportedPdf.hpp:8
Fluent-TG	Table of Contents	22.4.12. Creating Exploded Views	other	partial	src/gpu/GpuKernels.cpp:45
Fluent-TG	Table of Contents	22.4.13. Animating the Display of Results in Successive Streamwise Planes	other	present	src/cad/Tessellator.hpp:13; src/io/GambitReader.cpp:166; src/gui/PropertyEditorV2.cpp:112
Fluent-TG	Table of Contents	22.4.14. Generating XY Plots	other	partial	src/gui/ResidualPlot.hpp:7
Fluent-TG	Table of Contents	22.4.15. Creating Annotation	other	partial	src/visualization/Annotation.cpp:3
Fluent-TG	Table of Contents	22.4.16. Saving Picture Files	other	absent	
Fluent-TG	Table of Contents	22.4.17. Generating Volume Integral Reports	other	partial	src/cad/Defeaturing.cpp:11; src/acoustics/CurleAcoustics.cpp:29
Fluent-TG	Table of Contents	22.5. Summary	other	n/a	
Fluent-TG	Table of Contents	23.1. Introduction	other	n/a	
Fluent-TG	Table of Contents	23.2. Prerequisites	other	n/a	
Fluent-TG	Table of Contents	23.3. Problem Description	other	n/a	
Fluent-TG	Table of Contents	23.4. Setup and Solution	other	n/a	
Fluent-TG	Table of Contents	23.4.1. Preparation	other	n/a	
Fluent-TG	Table of Contents	23.4.2. Step 1: Load the Adjoint Solver Add-on	solver	n/a	
Fluent-TG	Table of Contents	23.4.3. Step 2: Define Observables	other	n/a	
Fluent-TG	Table of Contents	23.4.4. Step 3: Compute the Drag Sensitivity	other	n/a	
Fluent-TG	Table of Contents	23.4.5. Step 4: Postprocess and Export Drag Sensitivity	postprocessing	n/a	
Fluent-TG	Table of Contents	23.4.5.1. Boundary Condition Sensitivity	bc	partial	src/adjoint/ContinuousAdjoint.cpp:20; src/core/BoundaryConditionRegistry.hpp:13
Fluent-TG	Table of Contents	23.4.5.2. Momentum Source Sensitivity	other	partial	src/adjoint/ContinuousAdjoint.cpp:20
Fluent-TG	Table of Contents	23.4.5.3. Shape Sensitivity	other	partial	src/adjoint/ContinuousAdjoint.cpp:20
Fluent-TG	Table of Contents	23.4.5.4. Exporting Drag Sensitivity Data	other	partial	src/adjoint/ContinuousAdjoint.cpp:20; src/adjoint/DiscreteAdjoint.hpp:8
Fluent-TG	Table of Contents	23.4.6. Step 5: Compute Lift Sensitivity	other	n/a	
Fluent-TG	Table of Contents	23.4.7. Step 6: Modify the Shape	other	n/a	
Fluent-TG	Table of Contents	23.5. Summary	other	n/a	
Fluent-TG	Table of Contents	24.1. Introduction	other	n/a	
Fluent-TG	Table of Contents	24.2. Prerequisites	other	n/a	
Fluent-TG	Table of Contents	24.3. Problem Description	other	n/a	
Fluent-TG	Table of Contents	24.4. Setup and Solution	other	n/a	
Fluent-TG	Table of Contents	24.4.1. Preparation	other	n/a	
Fluent-TG	Table of Contents	24.4.2. Reading and Scaling the Mesh	mesh	partial	src/io/MeshFormats.hpp:7; src/combustion/EddyDissipationConcept.hpp:39
Fluent-TG	Table of Contents	24.4.3. Loading the MSMD battery Add-on	other	partial	src/acoustics/FwhSurface.cpp:147
Fluent-TG	Table of Contents	24.4.4. NTGK Battery Model Setup	other	absent	
Fluent-TG	Table of Contents	24.4.4.1. Specifying Solver and Models	solver	absent	
Fluent-TG	Table of Contents	24.4.4.2. Defining New Materials for Cell and Tabs	materials	absent	
Fluent-TG	Table of Contents	24.4.4.3. Defining Cell Zone Conditions	other	partial	src/core/BoundaryConditionRegistry.hpp:9
Fluent-TG	Table of Contents	24.4.4.4. Defining Boundary Conditions	bc	partial	src/core/BoundaryConditionRegistry.hpp:9
Fluent-TG	Table of Contents	24.4.4.5. Specifying Solution Settings	other	n/a	
Fluent-TG	Table of Contents	24.4.4.6. Obtaining Solution	other	absent	
Fluent-TG	Table of Contents	24.4.5. Postprocessing	postprocessing	n/a	
Fluent-TG	Table of Contents	24.4.6. Simulating the Battery Pulse Discharge Using the ECM Model	other	partial	src/particles/BlobInjector.hpp:11
Fluent-TG	Table of Contents	24.4.7. Using the Reduced Order Method (ROM)	other	partial	src/rom/EcswHyperReduction.hpp:21
Fluent-TG	Table of Contents	24.4.8. External and Internal Short-Circuit Treatment	other	present	src/multiphase/VolumeOfFluid.hpp:10; src/combustion/FgmFlamelet.hpp:46; src/gpu/DeviceMemoryPool.hpp:7
Fluent-TG	Table of Contents	24.4.8.1. Setting up and Solving a Short-Circuit Problem	other	present	src/gui/MainWindow.cpp:193; src/core/Command.hpp:7; src/gpu/DeviceMemoryPool.hpp:7
Fluent-TG	Table of Contents	24.4.8.2. Postprocessing	postprocessing	n/a	
Fluent-TG	Table of Contents	24.5. Summary	other	n/a	
Fluent-TG	Table of Contents	24.6. Appendix	other	n/a	
Fluent-TG	Table of Contents	24.7. References	other	n/a	
Fluent-TG	Table of Contents	25.1. Introduction	other	n/a	
Fluent-TG	Table of Contents	25.2. Prerequisites	other	n/a	
Fluent-TG	Table of Contents	25.3. Problem Description	other	n/a	
Fluent-TG	Table of Contents	25.4. Setup and Solution	other	n/a	
Fluent-TG	Table of Contents	25.4.1. Preparation	other	n/a	
Fluent-TG	Table of Contents	25.4.2. Reading and Scaling the Mesh	mesh	partial	src/io/MeshFormats.hpp:7; src/combustion/EddyDissipationConcept.hpp:39
Fluent-TG	Table of Contents	25.4.3. Loading the MSMD battery Add-on	other	partial	src/acoustics/FwhSurface.cpp:147
Fluent-TG	Table of Contents	25.4.4. Battery Model Setup	other	absent	
Fluent-TG	Table of Contents	25.4.4.1. Specifying Solver and Models	solver	absent	
Fluent-TG	Table of Contents	25.4.4.2. Defining New Materials	materials	absent	
Fluent-TG	Table of Contents	25.4.4.3. Defining Cell Zone Conditions	other	partial	src/core/BoundaryConditionRegistry.hpp:9
Fluent-TG	Table of Contents	25.4.4.4. Defining Boundary Conditions	bc	partial	src/core/BoundaryConditionRegistry.hpp:9
Fluent-TG	Table of Contents	25.4.4.5. Specifying Solution Settings	other	n/a	
Fluent-TG	Table of Contents	25.4.4.6. Obtaining Solution	other	absent	
Fluent-TG	Table of Contents	25.4.5. Postprocessing	postprocessing	n/a	
Fluent-TG	Table of Contents	25.5. Summary	other	n/a	
Fluent-TG	Table of Contents	Using This Manual	other	n/a	
Fluent-TG	Table of Contents	4.1. For the Beginner	other	n/a	
Fluent-TG	Table of Contents	4.2. For the Experienced User	other	n/a	
Fluent-TG	Using This Manual	Using This Manual	other	n/a	
Fluent-TG	Using This Manual	Iso-Surface dialog box	postprocessing	partial	src/gui/Dialogs.hpp:5
Fluent-TG	Using This Manual	And	other	n/a	
Fluent-TG	Chapter 1: Introduction to Using ANSYS Fluent in ANSYS Workbench: Fluid Flow and Heat Transfer in a Mixing Elbow	Chapter 1: Introduction to Using ANSYS Fluent in ANSYS Workbench: Fluid Flow and Heat Transfer in a Mixing Elbow	turbulence	partial	src/combustion/EddyDissipationConcept.cpp:71; src/cad/IgesReader.cpp:45
Fluent-TG	Chapter 1: Introduction to Using ANSYS Fluent in ANSYS Workbench: Fluid Flow and Heat Transfer in a Mixing Elbow	Fluid Flow and Heat Transfer in a Mixing Elbow	turbulence	partial	src/combustion/EddyDissipationConcept.cpp:71; src/cad/IgesReader.cpp:45
Fluent-TG	Chapter 1: Introduction to Using ANSYS Fluent in ANSYS Workbench: Fluid Flow and Heat Transfer in a Mixing Elbow	1.1. Introduction	turbulence	n/a	
Fluent-TG	Chapter 1: Introduction to Using ANSYS Fluent in ANSYS Workbench: Fluid Flow and Heat Transfer in a Mixing Elbow	1.2. Prerequisites	turbulence	n/a	
Fluent-TG	Chapter 1: Introduction to Using ANSYS Fluent in ANSYS Workbench: Fluid Flow and Heat Transfer in a Mixing Elbow	1.3. Problem Description	turbulence	n/a	
Fluent-TG	Chapter 1: Introduction to Using ANSYS Fluent in ANSYS Workbench: Fluid Flow and Heat Transfer in a Mixing Elbow	1.4. Setup and Solution	turbulence	partial	src/combustion/EddyDissipationConcept.cpp:71; src/cad/IgesReader.cpp:45
Fluent-TG	Chapter 1: Introduction to Using ANSYS Fluent in ANSYS Workbench: Fluid Flow and Heat Transfer in a Mixing Elbow	1.5. Summary	turbulence	n/a	
Fluent-TG	Chapter 1: Introduction to Using ANSYS Fluent in ANSYS Workbench: Fluid Flow and Heat Transfer in a Mixing Elbow	1.1. Introduction	turbulence	n/a	
Fluent-TG	Chapter 1: Introduction to Using ANSYS Fluent in ANSYS Workbench: Fluid Flow and Heat Transfer in a Mixing Elbow	1.2. Prerequisites	turbulence	n/a	
Fluent-TG	Chapter 1: Introduction to Using ANSYS Fluent in ANSYS Workbench: Fluid Flow and Heat Transfer in a Mixing Elbow	1.3. Problem Description	turbulence	n/a	
Fluent-TG	Chapter 1: Introduction to Using ANSYS Fluent in ANSYS Workbench: Fluid Flow and Heat Transfer in a Mixing Elbow	1.4. Setup and Solution	turbulence	partial	src/combustion/EddyDissipationConcept.cpp:71; src/cad/IgesReader.cpp:45
Fluent-TG	Chapter 1: Introduction to Using ANSYS Fluent in ANSYS Workbench: Fluid Flow and Heat Transfer in a Mixing Elbow	1.4.1. Preparation	turbulence	n/a	
Fluent-TG	Chapter 1: Introduction to Using ANSYS Fluent in ANSYS Workbench: Fluid Flow and Heat Transfer in a Mixing Elbow	1.4.2. Creating a Fluent Fluid Flow Analysis System in ANSYS Workbench	turbulence	present	src/gpu/GpuKernels.cpp:331; src/combustion/EddyDissipationConcept.cpp:71; src/cad/IgesReader.cpp:45
Fluent-TG	Chapter 1: Introduction to Using ANSYS Fluent in ANSYS Workbench: Fluid Flow and Heat Transfer in a Mixing Elbow	1.4.3. Creating the Geometry in ANSYS DesignModeler	geometry	partial	src/combustion/EddyDissipationConcept.cpp:71; src/cad/IgesReader.cpp:45
Fluent-TG	Chapter 1: Introduction to Using ANSYS Fluent in ANSYS Workbench: Fluid Flow and Heat Transfer in a Mixing Elbow	1.4.4. Meshing the Geometry in the ANSYS Meshing Application	geometry	partial	src/combustion/EddyDissipationConcept.cpp:71; src/cad/IgesReader.cpp:45
Fluent-TG	Chapter 1: Introduction to Using ANSYS Fluent in ANSYS Workbench: Fluid Flow and Heat Transfer in a Mixing Elbow	1.4.5. Setting Up the CFD Simulation in ANSYS Fluent	turbulence	present	src/core/Command.hpp:7; src/combustion/EddyDissipationConcept.cpp:71; src/cad/IgesReader.cpp:45
Fluent-TG	Chapter 1: Introduction to Using ANSYS Fluent in ANSYS Workbench: Fluid Flow and Heat Transfer in a Mixing Elbow	1.4.6. Solving	turbulence	present	src/gui/MainWindow.cpp:193; src/combustion/EddyDissipationConcept.cpp:71; src/cad/IgesReader.cpp:45
Fluent-TG	Chapter 1: Introduction to Using ANSYS Fluent in ANSYS Workbench: Fluid Flow and Heat Transfer in a Mixing Elbow	1.4.7. Displaying Results in ANSYS Fluent and CFD-Post	turbulence	present	src/combustion/EddyDissipationConcept.cpp:71; src/acoustics/CurleAcoustics.hpp:26; src/cad/IgesReader.cpp:45
Fluent-TG	Chapter 1: Introduction to Using ANSYS Fluent in ANSYS Workbench: Fluid Flow and Heat Transfer in a Mixing Elbow	1.4.8. Duplicating the Fluent-Based Fluid Flow Analysis System	turbulence	present	src/cad/ShapeHandleInternal.hpp:11; src/gpu/GpuKernels.cpp:331; src/combustion/EddyDissipationConcept.cpp:71
Fluent-TG	Chapter 1: Introduction to Using ANSYS Fluent in ANSYS Workbench: Fluid Flow and Heat Transfer in a Mixing Elbow	1.4.9. Changing the Geometry in ANSYS DesignModeler	geometry	present	src/meshing/MeshOps.hpp:25; src/combustion/EddyDissipationConcept.cpp:71; src/cad/IgesReader.cpp:45
Fluent-TG	Chapter 1: Introduction to Using ANSYS Fluent in ANSYS Workbench: Fluid Flow and Heat Transfer in a Mixing Elbow	1.4.10. Updating the Mesh in the ANSYS Meshing Application	mesh	partial	src/combustion/EddyDissipationConcept.cpp:71; src/cad/IgesReader.cpp:45
Fluent-TG	Chapter 1: Introduction to Using ANSYS Fluent in ANSYS Workbench: Fluid Flow and Heat Transfer in a Mixing Elbow	1.4.11. Calculating a New Solution in ANSYS Fluent	turbulence	n/a	
Fluent-TG	Chapter 1: Introduction to Using ANSYS Fluent in ANSYS Workbench: Fluid Flow and Heat Transfer in a Mixing Elbow	1.4.12. Comparing the Results of Both Systems in CFD-Post	turbulence	present	src/combustion/EddyDissipationConcept.cpp:71; src/acoustics/CurleAcoustics.hpp:26; src/cad/IgesReader.cpp:45
Fluent-TG	Chapter 1: Introduction to Using ANSYS Fluent in ANSYS Workbench: Fluid Flow and Heat Transfer in a Mixing Elbow	1.4.1. Preparation	turbulence	n/a	
Fluent-TG	Chapter 1: Introduction to Using ANSYS Fluent in ANSYS Workbench: Fluid Flow and Heat Transfer in a Mixing Elbow	1.4.2. Creating a Fluent Fluid Flow Analysis System in ANSYS Workbench	turbulence	present	src/gpu/GpuKernels.cpp:331; src/combustion/EddyDissipationConcept.cpp:71; src/cad/IgesReader.cpp:45
Fluent-TG	Chapter 1: Introduction to Using ANSYS Fluent in ANSYS Workbench: Fluid Flow and Heat Transfer in a Mixing Elbow	Transfer in a Mixing Elbow	turbulence	partial	src/combustion/EddyDissipationConcept.cpp:71; src/cad/IgesReader.cpp:45
Fluent-TG	Chapter 1: Introduction to Using ANSYS Fluent in ANSYS Workbench: Fluid Flow and Heat Transfer in a Mixing Elbow	1.4.3. Creating the Geometry in ANSYS DesignModeler	geometry	partial	src/combustion/EddyDissipationConcept.cpp:71; src/cad/IgesReader.cpp:45
Fluent-TG	Chapter 1: Introduction to Using ANSYS Fluent in ANSYS Workbench: Fluid Flow and Heat Transfer in a Mixing Elbow	Transfer in a Mixing Elbow	turbulence	partial	src/combustion/EddyDissipationConcept.cpp:71; src/cad/IgesReader.cpp:45
Fluent-TG	Chapter 1: Introduction to Using ANSYS Fluent in ANSYS Workbench: Fluid Flow and Heat Transfer in a Mixing Elbow	Box zoom	turbulence	present	src/visualization/CameraController.cpp:149; src/combustion/EddyDissipationConcept.cpp:71; src/cad/IgesReader.cpp:45
Fluent-TG	Chapter 1: Introduction to Using ANSYS Fluent in ANSYS Workbench: Fluid Flow and Heat Transfer in a Mixing Elbow	Transfer in a Mixing Elbow	turbulence	partial	src/combustion/EddyDissipationConcept.cpp:71; src/cad/IgesReader.cpp:45
Fluent-TG	Chapter 1: Introduction to Using ANSYS Fluent in ANSYS Workbench: Fluid Flow and Heat Transfer in a Mixing Elbow	Setting	turbulence	n/a	
Fluent-TG	Chapter 1: Introduction to Using ANSYS Fluent in ANSYS Workbench: Fluid Flow and Heat Transfer in a Mixing Elbow	1.4.4. Meshing the Geometry in the ANSYS Meshing Application	geometry	partial	src/combustion/EddyDissipationConcept.cpp:71; src/cad/IgesReader.cpp:45
Fluent-TG	Chapter 1: Introduction to Using ANSYS Fluent in ANSYS Workbench: Fluid Flow and Heat Transfer in a Mixing Elbow	Transfer in a Mixing Elbow	turbulence	partial	src/combustion/EddyDissipationConcept.cpp:71; src/cad/IgesReader.cpp:45
Fluent-TG	Chapter 1: Introduction to Using ANSYS Fluent in ANSYS Workbench: Fluid Flow and Heat Transfer in a Mixing Elbow	Transfer in a Mixing Elbow	turbulence	partial	src/combustion/EddyDissipationConcept.cpp:71; src/cad/IgesReader.cpp:45
Fluent-TG	Chapter 1: Introduction to Using ANSYS Fluent in ANSYS Workbench: Fluid Flow and Heat Transfer in a Mixing Elbow	A new Body Sizing entry appears under Mesh in the project Outline tree	mesh	present	src/meshing/AdvancingFrontSurface.cpp:36; src/gpu/GpuKernels.cpp:308; src/combustion/EddyDissipationConcept.cpp:71
Fluent-TG	Chapter 1: Introduction to Using ANSYS Fluent in ANSYS Workbench: Fluid Flow and Heat Transfer in a Mixing Elbow	Transfer in a Mixing Elbow	turbulence	partial	src/combustion/EddyDissipationConcept.cpp:71; src/cad/IgesReader.cpp:45
Fluent-TG	Chapter 1: Introduction to Using ANSYS Fluent in ANSYS Workbench: Fluid Flow and Heat Transfer in a Mixing Elbow	1.4.5. Setting Up the CFD Simulation in ANSYS Fluent	turbulence	present	src/core/Command.hpp:7; src/combustion/EddyDissipationConcept.cpp:71; src/cad/IgesReader.cpp:45
Fluent-TG	Chapter 1: Introduction to Using ANSYS Fluent in ANSYS Workbench: Fluid Flow and Heat Transfer in a Mixing Elbow	1.4.5.1. Starting ANSYS Fluent	turbulence	present	src/combustion/ChemkinParser.cpp:55; src/combustion/EddyDissipationConcept.cpp:71; src/cad/IgesReader.cpp:45
Fluent-TG	Chapter 1: Introduction to Using ANSYS Fluent in ANSYS Workbench: Fluid Flow and Heat Transfer in a Mixing Elbow	Transfer in a Mixing Elbow	turbulence	partial	src/combustion/EddyDissipationConcept.cpp:71; src/cad/IgesReader.cpp:45
Fluent-TG	Chapter 1: Introduction to Using ANSYS Fluent in ANSYS Workbench: Fluid Flow and Heat Transfer in a Mixing Elbow	1.4.5.2. Setting Up Domain	turbulence	present	src/core/Command.hpp:7; src/combustion/EddyDissipationConcept.cpp:71; src/cad/IgesReader.cpp:45
Fluent-TG	Chapter 1: Introduction to Using ANSYS Fluent in ANSYS Workbench: Fluid Flow and Heat Transfer in a Mixing Elbow	Transfer in a Mixing Elbow	turbulence	partial	src/combustion/EddyDissipationConcept.cpp:71; src/cad/IgesReader.cpp:45
Fluent-TG	Chapter 1: Introduction to Using ANSYS Fluent in ANSYS Workbench: Fluid Flow and Heat Transfer in a Mixing Elbow	1.4.5.3. Setting Up Physics	turbulence	present	src/core/Command.hpp:7; src/combustion/EddyDissipationConcept.cpp:71; src/combustion/LaminarFiniteRate.cpp:110
Fluent-TG	Chapter 1: Introduction to Using ANSYS Fluent in ANSYS Workbench: Fluid Flow and Heat Transfer in a Mixing Elbow	Transfer in a Mixing Elbow	turbulence	partial	src/combustion/EddyDissipationConcept.cpp:71; src/cad/IgesReader.cpp:45
Fluent-TG	Chapter 1: Introduction to Using ANSYS Fluent in ANSYS Workbench: Fluid Flow and Heat Transfer in a Mixing Elbow	Extra	turbulence	present	src/combustion/LaminarFiniteRate.hpp:14; src/combustion/EddyDissipationConcept.cpp:71; src/cad/IgesReader.cpp:45
Fluent-TG	Chapter 1: Introduction to Using ANSYS Fluent in ANSYS Workbench: Fluid Flow and Heat Transfer in a Mixing Elbow	Transfer in a Mixing Elbow	turbulence	partial	src/combustion/EddyDissipationConcept.cpp:71; src/cad/IgesReader.cpp:45
Fluent-TG	Chapter 1: Introduction to Using ANSYS Fluent in ANSYS Workbench: Fluid Flow and Heat Transfer in a Mixing Elbow	Transfer in a Mixing Elbow	turbulence	partial	src/combustion/EddyDissipationConcept.cpp:71; src/cad/IgesReader.cpp:45
Fluent-TG	Chapter 1: Introduction to Using ANSYS Fluent in ANSYS Workbench: Fluid Flow and Heat Transfer in a Mixing Elbow	Alternatively, you can click the probe button (	turbulence	present	src/visualization/VisualizationTypes.hpp:153; src/visualization/OrientationGizmo.cpp:43; src/gui/ConsolePanel.hpp:6
Fluent-TG	Chapter 1: Introduction to Using ANSYS Fluent in ANSYS Workbench: Fluid Flow and Heat Transfer in a Mixing Elbow	1.4.6. Solving	turbulence	present	src/gui/MainWindow.cpp:193; src/combustion/EddyDissipationConcept.cpp:71; src/cad/IgesReader.cpp:45
Fluent-TG	Chapter 1: Introduction to Using ANSYS Fluent in ANSYS Workbench: Fluid Flow and Heat Transfer in a Mixing Elbow	Transfer in a Mixing Elbow	turbulence	partial	src/combustion/EddyDissipationConcept.cpp:71; src/cad/IgesReader.cpp:45
Fluent-TG	Chapter 1: Introduction to Using ANSYS Fluent in ANSYS Workbench: Fluid Flow and Heat Transfer in a Mixing Elbow	Transfer in a Mixing Elbow	turbulence	partial	src/combustion/EddyDissipationConcept.cpp:71; src/cad/IgesReader.cpp:45
Fluent-TG	Chapter 1: Introduction to Using ANSYS Fluent in ANSYS Workbench: Fluid Flow and Heat Transfer in a Mixing Elbow	Transfer in a Mixing Elbow	turbulence	partial	src/combustion/EddyDissipationConcept.cpp:71; src/cad/IgesReader.cpp:45
Fluent-TG	Chapter 1: Introduction to Using ANSYS Fluent in ANSYS Workbench: Fluid Flow and Heat Transfer in a Mixing Elbow	The solution has converged when the Convergence Criterion for each variable	turbulence	present	src/amr/AmrApplier.hpp:7; src/combustion/EddyDissipationConcept.cpp:71; src/adjoint/ContinuousAdjoint.hpp:12
Fluent-TG	Chapter 1: Introduction to Using ANSYS Fluent in ANSYS Workbench: Fluid Flow and Heat Transfer in a Mixing Elbow	Sometimes the residuals may not fall below the convergence criterion set in the	turbulence	present	src/materials/Janaf.cpp:32; src/amr/AmrApplier.hpp:7; src/combustion/EddyDissipationConcept.cpp:71
Fluent-TG	Chapter 1: Introduction to Using ANSYS Fluent in ANSYS Workbench: Fluid Flow and Heat Transfer in a Mixing Elbow	You can examine the overall mass, momentum, energy and scalar balances in the	turbulence	present	src/gpu/BicgstabGpu.hpp:7; src/combustion/EddyDissipationConcept.cpp:71; src/cad/IgesReader.cpp:45
Fluent-TG	Chapter 1: Introduction to Using ANSYS Fluent in ANSYS Workbench: Fluid Flow and Heat Transfer in a Mixing Elbow	1.4.7. Displaying Results in ANSYS Fluent and CFD-Post	turbulence	present	src/combustion/EddyDissipationConcept.cpp:71; src/acoustics/CurleAcoustics.hpp:26; src/cad/IgesReader.cpp:45
Fluent-TG	Chapter 1: Introduction to Using ANSYS Fluent in ANSYS Workbench: Fluid Flow and Heat Transfer in a Mixing Elbow	Transfer in a Mixing Elbow	turbulence	partial	src/combustion/EddyDissipationConcept.cpp:71; src/cad/IgesReader.cpp:45
Fluent-TG	Chapter 1: Introduction to Using ANSYS Fluent in ANSYS Workbench: Fluid Flow and Heat Transfer in a Mixing Elbow	Transfer in a Mixing Elbow	turbulence	partial	src/combustion/EddyDissipationConcept.cpp:71; src/cad/IgesReader.cpp:45
Fluent-TG	Chapter 1: Introduction to Using ANSYS Fluent in ANSYS Workbench: Fluid Flow and Heat Transfer in a Mixing Elbow	Transfer in a Mixing Elbow	turbulence	partial	src/combustion/EddyDissipationConcept.cpp:71; src/cad/IgesReader.cpp:45
Fluent-TG	Chapter 1: Introduction to Using ANSYS Fluent in ANSYS Workbench: Fluid Flow and Heat Transfer in a Mixing Elbow	1.4.8. Duplicating the Fluent-Based Fluid Flow Analysis System	turbulence	present	src/cad/ShapeHandleInternal.hpp:11; src/gpu/GpuKernels.cpp:331; src/combustion/EddyDissipationConcept.cpp:71
Fluent-TG	Chapter 1: Introduction to Using ANSYS Fluent in ANSYS Workbench: Fluid Flow and Heat Transfer in a Mixing Elbow	1.4.9. Changing the Geometry in ANSYS DesignModeler	geometry	present	src/meshing/MeshOps.hpp:25; src/combustion/EddyDissipationConcept.cpp:71; src/cad/IgesReader.cpp:45
Fluent-TG	Chapter 1: Introduction to Using ANSYS Fluent in ANSYS Workbench: Fluid Flow and Heat Transfer in a Mixing Elbow	1.4.10. Updating the Mesh in the ANSYS Meshing Application	mesh	partial	src/combustion/EddyDissipationConcept.cpp:71; src/cad/IgesReader.cpp:45
Fluent-TG	Chapter 1: Introduction to Using ANSYS Fluent in ANSYS Workbench: Fluid Flow and Heat Transfer in a Mixing Elbow	Transfer in a Mixing Elbow	turbulence	partial	src/combustion/EddyDissipationConcept.cpp:71; src/cad/IgesReader.cpp:45
Fluent-TG	Chapter 1: Introduction to Using ANSYS Fluent in ANSYS Workbench: Fluid Flow and Heat Transfer in a Mixing Elbow	1.4.11. Calculating a New Solution in ANSYS Fluent	turbulence	n/a	
Fluent-TG	Chapter 1: Introduction to Using ANSYS Fluent in ANSYS Workbench: Fluid Flow and Heat Transfer in a Mixing Elbow	Transfer in a Mixing Elbow	turbulence	partial	src/combustion/EddyDissipationConcept.cpp:71; src/cad/IgesReader.cpp:45
Fluent-TG	Chapter 1: Introduction to Using ANSYS Fluent in ANSYS Workbench: Fluid Flow and Heat Transfer in a Mixing Elbow	1.4.12. Comparing the Results of Both Systems in CFD-Post	turbulence	present	src/combustion/EddyDissipationConcept.cpp:71; src/acoustics/CurleAcoustics.hpp:26; src/cad/IgesReader.cpp:45
Fluent-TG	Chapter 1: Introduction to Using ANSYS Fluent in ANSYS Workbench: Fluid Flow and Heat Transfer in a Mixing Elbow	Transfer in a Mixing Elbow	turbulence	partial	src/combustion/EddyDissipationConcept.cpp:71; src/cad/IgesReader.cpp:45
Fluent-TG	Chapter 1: Introduction to Using ANSYS Fluent in ANSYS Workbench: Fluid Flow and Heat Transfer in a Mixing Elbow	Transfer in a Mixing Elbow	turbulence	partial	src/combustion/EddyDissipationConcept.cpp:71; src/cad/IgesReader.cpp:45
Fluent-TG	Chapter 1: Introduction to Using ANSYS Fluent in ANSYS Workbench: Fluid Flow and Heat Transfer in a Mixing Elbow	Transfer in a Mixing Elbow	turbulence	partial	src/combustion/EddyDissipationConcept.cpp:71; src/cad/IgesReader.cpp:45
Fluent-TG	Chapter 1: Introduction to Using ANSYS Fluent in ANSYS Workbench: Fluid Flow and Heat Transfer in a Mixing Elbow	1.5. Summary	turbulence	n/a	
Fluent-TG	Chapter 2: Parametric Analysis in ANSYS Workbench Using ANSYS Fluent	Chapter 2: Parametric Analysis in ANSYS Workbench Using ANSYS Fluent	ui	partial	src/gpu/GpuKernels.cpp:331; src/io/GmshReader.cpp:417
Fluent-TG	Chapter 2: Parametric Analysis in ANSYS Workbench Using ANSYS Fluent	Fluent	ui	partial	src/gpu/GpuKernels.cpp:331; src/io/GmshReader.cpp:417
Fluent-TG	Chapter 2: Parametric Analysis in ANSYS Workbench Using ANSYS Fluent	2.1. Introduction	ui	n/a	
Fluent-TG	Chapter 2: Parametric Analysis in ANSYS Workbench Using ANSYS Fluent	2.2. Prerequisites	ui	n/a	
Fluent-TG	Chapter 2: Parametric Analysis in ANSYS Workbench Using ANSYS Fluent	2.3. Problem Description	ui	n/a	
Fluent-TG	Chapter 2: Parametric Analysis in ANSYS Workbench Using ANSYS Fluent	2.4. Setup and Solution	ui	partial	src/gpu/GpuKernels.cpp:331; src/io/GmshReader.cpp:417
Fluent-TG	Chapter 2: Parametric Analysis in ANSYS Workbench Using ANSYS Fluent	2.1. Introduction	ui	n/a	
Fluent-TG	Chapter 2: Parametric Analysis in ANSYS Workbench Using ANSYS Fluent	2.2. Prerequisites	ui	n/a	
Fluent-TG	Chapter 2: Parametric Analysis in ANSYS Workbench Using ANSYS Fluent	2.3. Problem Description	ui	n/a	
Fluent-TG	Chapter 2: Parametric Analysis in ANSYS Workbench Using ANSYS Fluent	Problem Description	ui	n/a	
Fluent-TG	Chapter 2: Parametric Analysis in ANSYS Workbench Using ANSYS Fluent	Parametric Analysis in ANSYS Workbench Using ANSYS Fluent	ui	partial	src/gpu/GpuKernels.cpp:331; src/io/GmshReader.cpp:417
Fluent-TG	Chapter 2: Parametric Analysis in ANSYS Workbench Using ANSYS Fluent	2.4. Setup and Solution	ui	partial	src/gpu/GpuKernels.cpp:331; src/io/GmshReader.cpp:417
Fluent-TG	Chapter 2: Parametric Analysis in ANSYS Workbench Using ANSYS Fluent	2.4.1. Preparation	ui	n/a	
Fluent-TG	Chapter 2: Parametric Analysis in ANSYS Workbench Using ANSYS Fluent	2.4.2. Adding Constraints to ANSYS DesignModeler Parameters in ANSYS Workbench	scripting	present	src/gpu/GpuKernels.cpp:331; src/io/GmshReader.cpp:417; src/amr/AdaptiveRefinement.hpp:9
Fluent-TG	Chapter 2: Parametric Analysis in ANSYS Workbench Using ANSYS Fluent	2.4.3. Setting Up the CFD Simulation in ANSYS Fluent	ui	present	src/gpu/GpuKernels.cpp:331; src/core/Command.hpp:7; src/io/GmshReader.cpp:417
Fluent-TG	Chapter 2: Parametric Analysis in ANSYS Workbench Using ANSYS Fluent	2.4.4. Defining Input Parameters in ANSYS Fluent	scripting	partial	src/gpu/GpuKernels.cpp:331; src/io/GmshReader.cpp:417
Fluent-TG	Chapter 2: Parametric Analysis in ANSYS Workbench Using ANSYS Fluent	2.4.5. Solving	ui	present	src/gpu/GpuKernels.cpp:331; src/gui/MainWindow.cpp:193; src/io/GmshReader.cpp:417
Fluent-TG	Chapter 2: Parametric Analysis in ANSYS Workbench Using ANSYS Fluent	2.4.6. Postprocessing and Setting the Output Parameters in ANSYS CFD-Post	postprocessing	present	src/gpu/GpuKernels.cpp:331; src/core/Command.hpp:7; src/core/TaskGraph.hpp:14
Fluent-TG	Chapter 2: Parametric Analysis in ANSYS Workbench Using ANSYS Fluent	2.4.7. Creating Additional Design Points in ANSYS Workbench	ui	present	src/gpu/GpuKernels.cpp:331; src/turbulence/GammaReThetaTransition.hpp:5; src/io/GmshReader.cpp:417
Fluent-TG	Chapter 2: Parametric Analysis in ANSYS Workbench Using ANSYS Fluent	2.4.8. Postprocessing the New Design Points in CFD-Post	postprocessing	present	src/gpu/GpuKernels.cpp:331; src/core/TaskGraph.hpp:14; src/io/GmshReader.cpp:417
Fluent-TG	Chapter 2: Parametric Analysis in ANSYS Workbench Using ANSYS Fluent	2.4.9. Summary	ui	n/a	
Fluent-TG	Chapter 2: Parametric Analysis in ANSYS Workbench Using ANSYS Fluent	2.4.1. Preparation	ui	n/a	
Fluent-TG	Chapter 2: Parametric Analysis in ANSYS Workbench Using ANSYS Fluent	2.4.2. Adding Constraints to ANSYS DesignModeler Parameters in ANSYS	scripting	present	src/gpu/GpuKernels.cpp:331; src/io/GmshReader.cpp:417; src/amr/AdaptiveRefinement.hpp:9
Fluent-TG	Chapter 2: Parametric Analysis in ANSYS Workbench Using ANSYS Fluent	Workbench	ui	partial	src/gpu/GpuKernels.cpp:331; src/io/GmshReader.cpp:417
Fluent-TG	Chapter 2: Parametric Analysis in ANSYS Workbench Using ANSYS Fluent	Parametric Analysis in ANSYS Workbench Using ANSYS Fluent	ui	partial	src/gpu/GpuKernels.cpp:331; src/io/GmshReader.cpp:417
Fluent-TG	Chapter 2: Parametric Analysis in ANSYS Workbench Using ANSYS Fluent	Parametric Analysis in ANSYS Workbench Using ANSYS Fluent	ui	partial	src/gpu/GpuKernels.cpp:331; src/io/GmshReader.cpp:417
Fluent-TG	Chapter 2: Parametric Analysis in ANSYS Workbench Using ANSYS Fluent	Parametric Analysis in ANSYS Workbench Using ANSYS Fluent	ui	partial	src/gpu/GpuKernels.cpp:331; src/io/GmshReader.cpp:417
Fluent-TG	Chapter 2: Parametric Analysis in ANSYS Workbench Using ANSYS Fluent	Parametric Analysis in ANSYS Workbench Using ANSYS Fluent	ui	partial	src/gpu/GpuKernels.cpp:331; src/io/GmshReader.cpp:417
Fluent-TG	Chapter 2: Parametric Analysis in ANSYS Workbench Using ANSYS Fluent	2.4.3. Setting Up the CFD Simulation in ANSYS Fluent	ui	present	src/gpu/GpuKernels.cpp:331; src/core/Command.hpp:7; src/io/GmshReader.cpp:417
Fluent-TG	Chapter 2: Parametric Analysis in ANSYS Workbench Using ANSYS Fluent	2.4.3.1. Starting ANSYS Fluent	ui	present	src/gpu/GpuKernels.cpp:331; src/combustion/ChemkinParser.cpp:55; src/io/GmshReader.cpp:417
Fluent-TG	Chapter 2: Parametric Analysis in ANSYS Workbench Using ANSYS Fluent	Parametric Analysis in ANSYS Workbench Using ANSYS Fluent	ui	partial	src/gpu/GpuKernels.cpp:331; src/io/GmshReader.cpp:417
Fluent-TG	Chapter 2: Parametric Analysis in ANSYS Workbench Using ANSYS Fluent	2.4.3.2. Setting Up Physics	ui	present	src/gpu/GpuKernels.cpp:331; src/core/Command.hpp:7; src/io/GmshReader.cpp:417
Fluent-TG	Chapter 2: Parametric Analysis in ANSYS Workbench Using ANSYS Fluent	Parametric Analysis in ANSYS Workbench Using ANSYS Fluent	ui	partial	src/gpu/GpuKernels.cpp:331; src/io/GmshReader.cpp:417
Fluent-TG	Chapter 2: Parametric Analysis in ANSYS Workbench Using ANSYS Fluent	2.4.4. Defining Input Parameters in ANSYS Fluent	scripting	partial	src/gpu/GpuKernels.cpp:331; src/io/GmshReader.cpp:417
Fluent-TG	Chapter 2: Parametric Analysis in ANSYS Workbench Using ANSYS Fluent	2.4.5. Solving	ui	present	src/gpu/GpuKernels.cpp:331; src/gui/MainWindow.cpp:193; src/io/GmshReader.cpp:417
Fluent-TG	Chapter 2: Parametric Analysis in ANSYS Workbench Using ANSYS Fluent	First Order Upwind	ui	present	src/gpu/GpuKernels.cpp:331; src/io/GmshReader.cpp:417; src/gui/Dialogs.cpp:263
Fluent-TG	Chapter 2: Parametric Analysis in ANSYS Workbench Using ANSYS Fluent	2.4.6. Postprocessing and Setting the Output Parameters in ANSYS CFD-Post	postprocessing	present	src/gpu/GpuKernels.cpp:331; src/core/Command.hpp:7; src/core/TaskGraph.hpp:14
Fluent-TG	Chapter 2: Parametric Analysis in ANSYS Workbench Using ANSYS Fluent	Parametric Analysis in ANSYS Workbench Using ANSYS Fluent	ui	partial	src/gpu/GpuKernels.cpp:331; src/io/GmshReader.cpp:417
Fluent-TG	Chapter 2: Parametric Analysis in ANSYS Workbench Using ANSYS Fluent	Parametric Analysis in ANSYS Workbench Using ANSYS Fluent	ui	partial	src/gpu/GpuKernels.cpp:331; src/io/GmshReader.cpp:417
Fluent-TG	Chapter 2: Parametric Analysis in ANSYS Workbench Using ANSYS Fluent	Parametric Analysis in ANSYS Workbench Using ANSYS Fluent	ui	partial	src/gpu/GpuKernels.cpp:331; src/io/GmshReader.cpp:417
Fluent-TG	Chapter 2: Parametric Analysis in ANSYS Workbench Using ANSYS Fluent	2.4.7. Creating Additional Design Points in ANSYS Workbench	ui	present	src/gpu/GpuKernels.cpp:331; src/turbulence/GammaReThetaTransition.hpp:5; src/io/GmshReader.cpp:417
Fluent-TG	Chapter 2: Parametric Analysis in ANSYS Workbench Using ANSYS Fluent	Parametric Analysis in ANSYS Workbench Using ANSYS Fluent	ui	partial	src/gpu/GpuKernels.cpp:331; src/io/GmshReader.cpp:417
Fluent-TG	Chapter 2: Parametric Analysis in ANSYS Workbench Using ANSYS Fluent	Parametric Analysis in ANSYS Workbench Using ANSYS Fluent	ui	partial	src/gpu/GpuKernels.cpp:331; src/io/GmshReader.cpp:417
Fluent-TG	Chapter 2: Parametric Analysis in ANSYS Workbench Using ANSYS Fluent	2.4.8. Postprocessing the New Design Points in CFD-Post	postprocessing	present	src/gpu/GpuKernels.cpp:331; src/core/TaskGraph.hpp:14; src/io/GmshReader.cpp:417
Fluent-TG	Chapter 2: Parametric Analysis in ANSYS Workbench Using ANSYS Fluent	Parametric Analysis in ANSYS Workbench Using ANSYS Fluent	ui	partial	src/gpu/GpuKernels.cpp:331; src/io/GmshReader.cpp:417
Fluent-TG	Chapter 2: Parametric Analysis in ANSYS Workbench Using ANSYS Fluent	Parametric Analysis in ANSYS Workbench Using ANSYS Fluent	ui	partial	src/gpu/GpuKernels.cpp:331; src/io/GmshReader.cpp:417
Fluent-TG	Chapter 2: Parametric Analysis in ANSYS Workbench Using ANSYS Fluent	Parametric Analysis in ANSYS Workbench Using ANSYS Fluent	ui	partial	src/gpu/GpuKernels.cpp:331; src/io/GmshReader.cpp:417
Fluent-TG	Chapter 2: Parametric Analysis in ANSYS Workbench Using ANSYS Fluent	2.4.9. Summary	ui	n/a	
Fluent-TG	Chapter 3: Introduction to Using ANSYS Fluent: Fluid Flow and Heat Transfer in a Mixing Elbow	Chapter 3: Introduction to Using ANSYS Fluent: Fluid Flow and Heat Transfer in a Mixing Elbow	turbulence	partial	src/combustion/EddyDissipationConcept.cpp:71; src/cad/IgesReader.cpp:45
Fluent-TG	Chapter 3: Introduction to Using ANSYS Fluent: Fluid Flow and Heat Transfer in a Mixing Elbow	Transfer in a Mixing Elbow	turbulence	partial	src/combustion/EddyDissipationConcept.cpp:71; src/cad/IgesReader.cpp:45
Fluent-TG	Chapter 3: Introduction to Using ANSYS Fluent: Fluid Flow and Heat Transfer in a Mixing Elbow	3.1. Introduction	turbulence	n/a	
Fluent-TG	Chapter 3: Introduction to Using ANSYS Fluent: Fluid Flow and Heat Transfer in a Mixing Elbow	3.2. Prerequisites	turbulence	n/a	
Fluent-TG	Chapter 3: Introduction to Using ANSYS Fluent: Fluid Flow and Heat Transfer in a Mixing Elbow	3.3. Problem Description	turbulence	n/a	
Fluent-TG	Chapter 3: Introduction to Using ANSYS Fluent: Fluid Flow and Heat Transfer in a Mixing Elbow	3.4. Setup and Solution in Serial	turbulence	present	src/combustion/EddyDissipationConcept.cpp:71; src/gpu/CgGpu.hpp:35; src/cad/IgesReader.cpp:45
Fluent-TG	Chapter 3: Introduction to Using ANSYS Fluent: Fluid Flow and Heat Transfer in a Mixing Elbow	3.5. Setup and Solution in Parallel	turbulence	partial	src/combustion/EddyDissipationConcept.cpp:71; src/cad/IgesReader.cpp:45
Fluent-TG	Chapter 3: Introduction to Using ANSYS Fluent: Fluid Flow and Heat Transfer in a Mixing Elbow	3.6. Summary	turbulence	n/a	
Fluent-TG	Chapter 3: Introduction to Using ANSYS Fluent: Fluid Flow and Heat Transfer in a Mixing Elbow	3.1. Introduction	turbulence	n/a	
Fluent-TG	Chapter 3: Introduction to Using ANSYS Fluent: Fluid Flow and Heat Transfer in a Mixing Elbow	3.2. Prerequisites	turbulence	n/a	
Fluent-TG	Chapter 3: Introduction to Using ANSYS Fluent: Fluid Flow and Heat Transfer in a Mixing Elbow	3.3. Problem Description	turbulence	n/a	
Fluent-TG	Chapter 3: Introduction to Using ANSYS Fluent: Fluid Flow and Heat Transfer in a Mixing Elbow	3.4. Setup and Solution in Serial	turbulence	present	src/combustion/EddyDissipationConcept.cpp:71; src/gpu/CgGpu.hpp:35; src/cad/IgesReader.cpp:45
Fluent-TG	Chapter 3: Introduction to Using ANSYS Fluent: Fluid Flow and Heat Transfer in a Mixing Elbow	3.4.1. Preparation	turbulence	n/a	
Fluent-TG	Chapter 3: Introduction to Using ANSYS Fluent: Fluid Flow and Heat Transfer in a Mixing Elbow	3.4.2. Launching ANSYS Fluent	turbulence	n/a	
Fluent-TG	Chapter 3: Introduction to Using ANSYS Fluent: Fluid Flow and Heat Transfer in a Mixing Elbow	3.4.3. Reading the Mesh	mesh	present	src/io/MeshFormats.hpp:7; src/combustion/EddyDissipationConcept.cpp:71; src/cad/IgesReader.cpp:45
Fluent-TG	Chapter 3: Introduction to Using ANSYS Fluent: Fluid Flow and Heat Transfer in a Mixing Elbow	3.4.4. Setting Up Domain	turbulence	present	src/core/Command.hpp:7; src/combustion/EddyDissipationConcept.cpp:71; src/cad/IgesReader.cpp:45
Fluent-TG	Chapter 3: Introduction to Using ANSYS Fluent: Fluid Flow and Heat Transfer in a Mixing Elbow	3.4.5. Setting Up Physics	turbulence	present	src/core/Command.hpp:7; src/combustion/EddyDissipationConcept.cpp:71; src/combustion/LaminarFiniteRate.cpp:110
Fluent-TG	Chapter 3: Introduction to Using ANSYS Fluent: Fluid Flow and Heat Transfer in a Mixing Elbow	3.4.6. Solving	turbulence	present	src/gui/MainWindow.cpp:193; src/combustion/EddyDissipationConcept.cpp:71; src/cad/IgesReader.cpp:45
Fluent-TG	Chapter 3: Introduction to Using ANSYS Fluent: Fluid Flow and Heat Transfer in a Mixing Elbow	3.4.7. Displaying the Preliminary Solution	turbulence	n/a	
Fluent-TG	Chapter 3: Introduction to Using ANSYS Fluent: Fluid Flow and Heat Transfer in a Mixing Elbow	3.4.8. Using the Coupled Solver	turbulence	present	src/combustion/EddyDissipationConcept.cpp:71; src/gui/DiagnosticsPanel.cpp:59; src/cad/IgesReader.cpp:45
Fluent-TG	Chapter 3: Introduction to Using ANSYS Fluent: Fluid Flow and Heat Transfer in a Mixing Elbow	3.4.9. Adapting the Mesh	mesh	present	src/turbulence/Wale.hpp:4; src/combustion/EddyDissipationConcept.cpp:71; src/cad/IgesReader.cpp:45
Fluent-TG	Chapter 3: Introduction to Using ANSYS Fluent: Fluid Flow and Heat Transfer in a Mixing Elbow	3.4.1. Preparation	turbulence	n/a	
Fluent-TG	Chapter 3: Introduction to Using ANSYS Fluent: Fluid Flow and Heat Transfer in a Mixing Elbow	3.4.2. Launching ANSYS Fluent	turbulence	n/a	
Fluent-TG	Chapter 3: Introduction to Using ANSYS Fluent: Fluid Flow and Heat Transfer in a Mixing Elbow	Setup and Solution in Serial	turbulence	present	src/combustion/EddyDissipationConcept.cpp:71; src/gpu/CgGpu.hpp:35; src/cad/IgesReader.cpp:45
Fluent-TG	Chapter 3: Introduction to Using ANSYS Fluent: Fluid Flow and Heat Transfer in a Mixing Elbow	Alternatively, you can click the browse button (	turbulence	present	src/visualization/OrientationGizmo.cpp:43; src/gui/ConsolePanel.hpp:6; src/combustion/EddyDissipationConcept.cpp:71
Fluent-TG	Chapter 3: Introduction to Using ANSYS Fluent: Fluid Flow and Heat Transfer in a Mixing Elbow	3.4.3. Reading the Mesh	mesh	present	src/io/MeshFormats.hpp:7; src/combustion/EddyDissipationConcept.cpp:71; src/cad/IgesReader.cpp:45
Fluent-TG	Chapter 3: Introduction to Using ANSYS Fluent: Fluid Flow and Heat Transfer in a Mixing Elbow	Extra	turbulence	present	src/combustion/LaminarFiniteRate.hpp:14; src/combustion/EddyDissipationConcept.cpp:71; src/cad/IgesReader.cpp:45
Fluent-TG	Chapter 3: Introduction to Using ANSYS Fluent: Fluid Flow and Heat Transfer in a Mixing Elbow	Alternatively, you can click the probe button (	turbulence	present	src/visualization/VisualizationTypes.hpp:153; src/visualization/OrientationGizmo.cpp:43; src/gui/ConsolePanel.hpp:6
Fluent-TG	Chapter 3: Introduction to Using ANSYS Fluent: Fluid Flow and Heat Transfer in a Mixing Elbow	Extra	turbulence	present	src/combustion/LaminarFiniteRate.hpp:14; src/combustion/EddyDissipationConcept.cpp:71; src/cad/IgesReader.cpp:45
Fluent-TG	Chapter 3: Introduction to Using ANSYS Fluent: Fluid Flow and Heat Transfer in a Mixing Elbow	3.4.4. Setting Up Domain	turbulence	present	src/core/Command.hpp:7; src/combustion/EddyDissipationConcept.cpp:71; src/cad/IgesReader.cpp:45
Fluent-TG	Chapter 3: Introduction to Using ANSYS Fluent: Fluid Flow and Heat Transfer in a Mixing Elbow	3.4.5. Setting Up Physics	turbulence	present	src/core/Command.hpp:7; src/combustion/EddyDissipationConcept.cpp:71; src/combustion/LaminarFiniteRate.cpp:110
Fluent-TG	Chapter 3: Introduction to Using ANSYS Fluent: Fluid Flow and Heat Transfer in a Mixing Elbow	Extra	turbulence	present	src/combustion/LaminarFiniteRate.hpp:14; src/combustion/EddyDissipationConcept.cpp:71; src/cad/IgesReader.cpp:45
Fluent-TG	Chapter 3: Introduction to Using ANSYS Fluent: Fluid Flow and Heat Transfer in a Mixing Elbow	Properties group box in the Create/Edit Materials dialog box and click	turbulence	present	src/gui/Dialogs.hpp:5; src/visualization/OrientationGizmo.cpp:43; src/cad/PersistentIdManager.hpp:11
Fluent-TG	Chapter 3: Introduction to Using ANSYS Fluent: Fluid Flow and Heat Transfer in a Mixing Elbow	3.4.6. Solving	turbulence	present	src/gui/MainWindow.cpp:193; src/combustion/EddyDissipationConcept.cpp:71; src/cad/IgesReader.cpp:45
Fluent-TG	Chapter 3: Introduction to Using ANSYS Fluent: Fluid Flow and Heat Transfer in a Mixing Elbow	Setup and Solution in Serial	turbulence	present	src/combustion/EddyDissipationConcept.cpp:71; src/gpu/CgGpu.hpp:35; src/cad/IgesReader.cpp:45
Fluent-TG	Chapter 3: Introduction to Using ANSYS Fluent: Fluid Flow and Heat Transfer in a Mixing Elbow	Setup and Solution in Serial	turbulence	present	src/combustion/EddyDissipationConcept.cpp:71; src/gpu/CgGpu.hpp:35; src/cad/IgesReader.cpp:45
Fluent-TG	Chapter 3: Introduction to Using ANSYS Fluent: Fluid Flow and Heat Transfer in a Mixing Elbow	Setup and Solution in Serial	turbulence	present	src/combustion/EddyDissipationConcept.cpp:71; src/gpu/CgGpu.hpp:35; src/cad/IgesReader.cpp:45
Fluent-TG	Chapter 3: Introduction to Using ANSYS Fluent: Fluid Flow and Heat Transfer in a Mixing Elbow	3.4.7. Displaying the Preliminary Solution	turbulence	n/a	
Fluent-TG	Chapter 3: Introduction to Using ANSYS Fluent: Fluid Flow and Heat Transfer in a Mixing Elbow	Extra	turbulence	present	src/combustion/LaminarFiniteRate.hpp:14; src/combustion/EddyDissipationConcept.cpp:71; src/cad/IgesReader.cpp:45
Fluent-TG	Chapter 3: Introduction to Using ANSYS Fluent: Fluid Flow and Heat Transfer in a Mixing Elbow	Setup and Solution in Serial	turbulence	present	src/combustion/EddyDissipationConcept.cpp:71; src/gpu/CgGpu.hpp:35; src/cad/IgesReader.cpp:45
Fluent-TG	Chapter 3: Introduction to Using ANSYS Fluent: Fluid Flow and Heat Transfer in a Mixing Elbow	Setup and Solution in Serial	turbulence	present	src/combustion/EddyDissipationConcept.cpp:71; src/gpu/CgGpu.hpp:35; src/cad/IgesReader.cpp:45
Fluent-TG	Chapter 3: Introduction to Using ANSYS Fluent: Fluid Flow and Heat Transfer in a Mixing Elbow	Setup and Solution in Serial	turbulence	present	src/combustion/EddyDissipationConcept.cpp:71; src/gpu/CgGpu.hpp:35; src/cad/IgesReader.cpp:45
Fluent-TG	Chapter 3: Introduction to Using ANSYS Fluent: Fluid Flow and Heat Transfer in a Mixing Elbow	3.4.8. Using the Coupled Solver	turbulence	present	src/combustion/EddyDissipationConcept.cpp:71; src/gui/DiagnosticsPanel.cpp:59; src/cad/IgesReader.cpp:45
Fluent-TG	Chapter 3: Introduction to Using ANSYS Fluent: Fluid Flow and Heat Transfer in a Mixing Elbow	3.4.9. Adapting the Mesh	mesh	present	src/turbulence/Wale.hpp:4; src/combustion/EddyDissipationConcept.cpp:71; src/cad/IgesReader.cpp:45
Fluent-TG	Chapter 3: Introduction to Using ANSYS Fluent: Fluid Flow and Heat Transfer in a Mixing Elbow	Setup and Solution in Serial	turbulence	present	src/combustion/EddyDissipationConcept.cpp:71; src/gpu/CgGpu.hpp:35; src/cad/IgesReader.cpp:45
Fluent-TG	Chapter 3: Introduction to Using ANSYS Fluent: Fluid Flow and Heat Transfer in a Mixing Elbow	Setup and Solution in Serial	turbulence	present	src/combustion/EddyDissipationConcept.cpp:71; src/gpu/CgGpu.hpp:35; src/cad/IgesReader.cpp:45
Fluent-TG	Chapter 3: Introduction to Using ANSYS Fluent: Fluid Flow and Heat Transfer in a Mixing Elbow	Setup and Solution in Serial	turbulence	present	src/combustion/EddyDissipationConcept.cpp:71; src/gpu/CgGpu.hpp:35; src/cad/IgesReader.cpp:45
Fluent-TG	Chapter 3: Introduction to Using ANSYS Fluent: Fluid Flow and Heat Transfer in a Mixing Elbow	Setup and Solution in Serial	turbulence	present	src/combustion/EddyDissipationConcept.cpp:71; src/gpu/CgGpu.hpp:35; src/cad/IgesReader.cpp:45
Fluent-TG	Chapter 3: Introduction to Using ANSYS Fluent: Fluid Flow and Heat Transfer in a Mixing Elbow	Extra	turbulence	present	src/combustion/LaminarFiniteRate.hpp:14; src/combustion/EddyDissipationConcept.cpp:71; src/cad/IgesReader.cpp:45
Fluent-TG	Chapter 3: Introduction to Using ANSYS Fluent: Fluid Flow and Heat Transfer in a Mixing Elbow	3.5. Setup and Solution in Parallel	turbulence	partial	src/combustion/EddyDissipationConcept.cpp:71; src/cad/IgesReader.cpp:45
Fluent-TG	Chapter 3: Introduction to Using ANSYS Fluent: Fluid Flow and Heat Transfer in a Mixing Elbow	3.5.1. Starting the Parallel Version of ANSYS Fluent	turbulence	present	src/combustion/ChemkinParser.cpp:55; src/combustion/EddyDissipationConcept.cpp:71; src/cad/IgesReader.cpp:45
Fluent-TG	Chapter 3: Introduction to Using ANSYS Fluent: Fluid Flow and Heat Transfer in a Mixing Elbow	3.5.1.1. Multiprocessor Machine	turbulence	present	src/io/GmshReader.cpp:8; src/combustion/EddyDissipationConcept.cpp:71; src/cad/IgesReader.cpp:45
Fluent-TG	Chapter 3: Introduction to Using ANSYS Fluent: Fluid Flow and Heat Transfer in a Mixing Elbow	3.5.1.2. Network of Computers	turbulence	n/a	
Fluent-TG	Chapter 3: Introduction to Using ANSYS Fluent: Fluid Flow and Heat Transfer in a Mixing Elbow	Vendor	turbulence	partial	src/combustion/EddyDissipationConcept.cpp:71; src/cad/IgesReader.cpp:45
Fluent-TG	Chapter 3: Introduction to Using ANSYS Fluent: Fluid Flow and Heat Transfer in a Mixing Elbow	3.5.2. Reading and Partitioning the Mesh	mesh	present	src/io/MeshFormats.hpp:7; src/meshing/PartitionerMetis.cpp:57; src/combustion/EddyDissipationConcept.cpp:71
Fluent-TG	Chapter 3: Introduction to Using ANSYS Fluent: Fluid Flow and Heat Transfer in a Mixing Elbow	Setup and Solution in Parallel	turbulence	partial	src/combustion/EddyDissipationConcept.cpp:71; src/cad/IgesReader.cpp:45
Fluent-TG	Chapter 3: Introduction to Using ANSYS Fluent: Fluid Flow and Heat Transfer in a Mixing Elbow	P	turbulence	partial	src/combustion/EddyDissipationConcept.cpp:71; src/cad/IgesReader.cpp:45
Fluent-TG	Chapter 3: Introduction to Using ANSYS Fluent: Fluid Flow and Heat Transfer in a Mixing Elbow	Total	turbulence	partial	src/combustion/EddyDissipationConcept.cpp:71; src/cad/IgesReader.cpp:45
Fluent-TG	Chapter 3: Introduction to Using ANSYS Fluent: Fluid Flow and Heat Transfer in a Mixing Elbow	Face count	turbulence	partial	src/combustion/EddyDissipationConcept.cpp:71; src/cad/IgesReader.cpp:45
Fluent-TG	Chapter 3: Introduction to Using ANSYS Fluent: Fluid Flow and Heat Transfer in a Mixing Elbow	Mean face count deviation	turbulence	present	src/cad/FeatureEdges.cpp:137; src/combustion/EddyDissipationConcept.cpp:71; src/cad/IgesReader.cpp:45
Fluent-TG	Chapter 3: Introduction to Using ANSYS Fluent: Fluid Flow and Heat Transfer in a Mixing Elbow	Partition boundary face count	turbulence	present	src/combustion/EddyDissipationConcept.cpp:71; src/amr/AdaptiveRefinement.cpp:100; src/cad/IgesReader.cpp:45
Fluent-TG	Chapter 3: Introduction to Using ANSYS Fluent: Fluid Flow and Heat Transfer in a Mixing Elbow	Metis	turbulence	present	src/gui/Dialogs.cpp:178; src/combustion/EddyDissipationConcept.cpp:71; src/cad/IgesReader.cpp:45
Fluent-TG	Chapter 3: Introduction to Using ANSYS Fluent: Fluid Flow and Heat Transfer in a Mixing Elbow	3.5.3. Solution	turbulence	partial	src/combustion/EddyDissipationConcept.cpp:71; src/cad/IgesReader.cpp:45
Fluent-TG	Chapter 3: Introduction to Using ANSYS Fluent: Fluid Flow and Heat Transfer in a Mixing Elbow	3.5.4. Checking Parallel Performance	turbulence	present	src/gpu/GpuKernels.cpp:258; src/combustion/EddyDissipationConcept.cpp:71; src/cad/IgesReader.cpp:45
Fluent-TG	Chapter 3: Introduction to Using ANSYS Fluent: Fluid Flow and Heat Transfer in a Mixing Elbow	Ideally you would want to have the Total wall-clock time with CPUs be	turbulence	present	src/parallel/LoadBalancer.hpp:6; src/core/RotatingFileSink.hpp:41; src/parallel/NumaPinning.cpp:71
Fluent-TG	Chapter 3: Introduction to Using ANSYS Fluent: Fluid Flow and Heat Transfer in a Mixing Elbow	3.5.5. Postprocessing	turbulence	n/a	
Fluent-TG	Chapter 3: Introduction to Using ANSYS Fluent: Fluid Flow and Heat Transfer in a Mixing Elbow	Setup and Solution in Parallel	turbulence	partial	src/combustion/EddyDissipationConcept.cpp:71; src/cad/IgesReader.cpp:45
Fluent-TG	Chapter 3: Introduction to Using ANSYS Fluent: Fluid Flow and Heat Transfer in a Mixing Elbow	Summary	turbulence	n/a	
Fluent-TG	Chapter 3: Introduction to Using ANSYS Fluent: Fluid Flow and Heat Transfer in a Mixing Elbow	3.6. Summary	turbulence	n/a	
Fluent-TG	Chapter 4: Modeling Periodic Flow and Heat Transfer	Chapter 4: Modeling Periodic Flow and Heat Transfer	bc	partial	src/core/BoundaryConditionRegistry.hpp:10; src/cad/IgesReader.cpp:45
Fluent-TG	Chapter 4: Modeling Periodic Flow and Heat Transfer	4.1. Introduction	bc	n/a	
Fluent-TG	Chapter 4: Modeling Periodic Flow and Heat Transfer	4.2. Prerequisites	bc	n/a	
Fluent-TG	Chapter 4: Modeling Periodic Flow and Heat Transfer	4.3. Problem Description	bc	n/a	
Fluent-TG	Chapter 4: Modeling Periodic Flow and Heat Transfer	4.4. Setup and Solution	bc	partial	src/core/BoundaryConditionRegistry.hpp:10; src/cad/IgesReader.cpp:45
Fluent-TG	Chapter 4: Modeling Periodic Flow and Heat Transfer	4.5. Summary	bc	n/a	
Fluent-TG	Chapter 4: Modeling Periodic Flow and Heat Transfer	4.6. Further Improvements	bc	n/a	
Fluent-TG	Chapter 4: Modeling Periodic Flow and Heat Transfer	4.1. Introduction	bc	n/a	
Fluent-TG	Chapter 4: Modeling Periodic Flow and Heat Transfer	4.2. Prerequisites	bc	n/a	
Fluent-TG	Chapter 4: Modeling Periodic Flow and Heat Transfer	4.3. Problem Description	bc	n/a	
Fluent-TG	Chapter 4: Modeling Periodic Flow and Heat Transfer	4.4. Setup and Solution	bc	partial	src/core/BoundaryConditionRegistry.hpp:10; src/cad/IgesReader.cpp:45
Fluent-TG	Chapter 4: Modeling Periodic Flow and Heat Transfer	4.4.1. Preparation	bc	n/a	
Fluent-TG	Chapter 4: Modeling Periodic Flow and Heat Transfer	4.4.2. Mesh	mesh	n/a	
Fluent-TG	Chapter 4: Modeling Periodic Flow and Heat Transfer	4.4.3. General Settings	bc	partial	src/core/BoundaryConditionRegistry.hpp:10; src/cad/IgesReader.cpp:45
Fluent-TG	Chapter 4: Modeling Periodic Flow and Heat Transfer	4.4.4. Models	bc	partial	src/core/BoundaryConditionRegistry.hpp:10; src/cad/IgesReader.cpp:45
Fluent-TG	Chapter 4: Modeling Periodic Flow and Heat Transfer	4.4.5. Materials	bc	n/a	
Fluent-TG	Chapter 4: Modeling Periodic Flow and Heat Transfer	4.4.6. Cell Zone Conditions	bc	present	src/core/BoundaryConditionRegistry.hpp:10; src/core/BoundaryConditionRegistry.hpp:9; src/cad/IgesReader.cpp:45
Fluent-TG	Chapter 4: Modeling Periodic Flow and Heat Transfer	4.4.7. Periodic Conditions	bc	present	src/core/BoundaryConditionRegistry.hpp:10; src/core/BoundaryConditionRegistry.hpp:9; src/cad/IgesReader.cpp:45
Fluent-TG	Chapter 4: Modeling Periodic Flow and Heat Transfer	4.4.8. Boundary Conditions	bc	present	src/core/BoundaryConditionRegistry.hpp:10; src/core/BoundaryConditionRegistry.hpp:9; src/cad/IgesReader.cpp:45
Fluent-TG	Chapter 4: Modeling Periodic Flow and Heat Transfer	4.4.9. Solution	bc	partial	src/core/BoundaryConditionRegistry.hpp:10; src/cad/IgesReader.cpp:45
Fluent-TG	Chapter 4: Modeling Periodic Flow and Heat Transfer	4.4.10. Postprocessing	bc	n/a	
Fluent-TG	Chapter 4: Modeling Periodic Flow and Heat Transfer	4.4.1. Preparation	bc	n/a	
Fluent-TG	Chapter 4: Modeling Periodic Flow and Heat Transfer	4.4.2. Mesh	mesh	n/a	
Fluent-TG	Chapter 4: Modeling Periodic Flow and Heat Transfer	Modeling Periodic Flow and Heat Transfer	bc	partial	src/core/BoundaryConditionRegistry.hpp:10; src/cad/IgesReader.cpp:45
Fluent-TG	Chapter 4: Modeling Periodic Flow and Heat Transfer	4.4.3. General Settings	bc	partial	src/core/BoundaryConditionRegistry.hpp:10; src/cad/IgesReader.cpp:45
Fluent-TG	Chapter 4: Modeling Periodic Flow and Heat Transfer	4.4.4. Models	bc	partial	src/core/BoundaryConditionRegistry.hpp:10; src/cad/IgesReader.cpp:45
Fluent-TG	Chapter 4: Modeling Periodic Flow and Heat Transfer	4.4.5. Materials	bc	n/a	
Fluent-TG	Chapter 4: Modeling Periodic Flow and Heat Transfer	4.4.6. Cell Zone Conditions	bc	present	src/core/BoundaryConditionRegistry.hpp:10; src/core/BoundaryConditionRegistry.hpp:9; src/cad/IgesReader.cpp:45
Fluent-TG	Chapter 4: Modeling Periodic Flow and Heat Transfer	4.4.7. Periodic Conditions	bc	present	src/core/BoundaryConditionRegistry.hpp:10; src/core/BoundaryConditionRegistry.hpp:9; src/cad/IgesReader.cpp:45
Fluent-TG	Chapter 4: Modeling Periodic Flow and Heat Transfer	4.4.8. Boundary Conditions	bc	present	src/core/BoundaryConditionRegistry.hpp:10; src/core/BoundaryConditionRegistry.hpp:9; src/cad/IgesReader.cpp:45
Fluent-TG	Chapter 4: Modeling Periodic Flow and Heat Transfer	4.4.9. Solution	bc	partial	src/core/BoundaryConditionRegistry.hpp:10; src/cad/IgesReader.cpp:45
Fluent-TG	Chapter 4: Modeling Periodic Flow and Heat Transfer	4.4.10. Postprocessing	bc	n/a	
Fluent-TG	Chapter 4: Modeling Periodic Flow and Heat Transfer	Modeling Periodic Flow and Heat Transfer	bc	partial	src/core/BoundaryConditionRegistry.hpp:10; src/cad/IgesReader.cpp:45
Fluent-TG	Chapter 4: Modeling Periodic Flow and Heat Transfer	Modeling Periodic Flow and Heat Transfer	bc	partial	src/core/BoundaryConditionRegistry.hpp:10; src/cad/IgesReader.cpp:45
Fluent-TG	Chapter 4: Modeling Periodic Flow and Heat Transfer	Modeling Periodic Flow and Heat Transfer	bc	partial	src/core/BoundaryConditionRegistry.hpp:10; src/cad/IgesReader.cpp:45
Fluent-TG	Chapter 4: Modeling Periodic Flow and Heat Transfer	4.5. Summary	bc	n/a	
Fluent-TG	Chapter 4: Modeling Periodic Flow and Heat Transfer	4.6. Further Improvements	bc	n/a	
Fluent-TG	Chapter 5: Modeling External Compressible Flow	Chapter 5: Modeling External Compressible Flow	other	partial	src/io/ForcesReport.hpp:16; src/combustion/FgmFlamelet.hpp:46
Fluent-TG	Chapter 5: Modeling External Compressible Flow	5.1. Introduction	other	n/a	
Fluent-TG	Chapter 5: Modeling External Compressible Flow	5.2. Prerequisites	other	n/a	
Fluent-TG	Chapter 5: Modeling External Compressible Flow	5.3. Problem Description	other	n/a	
Fluent-TG	Chapter 5: Modeling External Compressible Flow	5.4. Setup and Solution	other	partial	src/io/ForcesReport.hpp:16; src/combustion/FgmFlamelet.hpp:46
Fluent-TG	Chapter 5: Modeling External Compressible Flow	5.5. Summary	other	n/a	
Fluent-TG	Chapter 5: Modeling External Compressible Flow	5.6. Further Improvements	other	n/a	
Fluent-TG	Chapter 5: Modeling External Compressible Flow	5.1. Introduction	other	n/a	
Fluent-TG	Chapter 5: Modeling External Compressible Flow	5.2. Prerequisites	other	n/a	
Fluent-TG	Chapter 5: Modeling External Compressible Flow	5.3. Problem Description	other	n/a	
Fluent-TG	Chapter 5: Modeling External Compressible Flow	The problem considers the flow around an airfoil at an angle of attack	other	present	src/acoustics/CurleAcoustics.hpp:8; src/io/ForcesReport.hpp:16; src/combustion/FgmFlamelet.hpp:46
Fluent-TG	Chapter 5: Modeling External Compressible Flow	(	other	partial	src/io/ForcesReport.hpp:16; src/combustion/FgmFlamelet.hpp:46
Fluent-TG	Chapter 5: Modeling External Compressible Flow	(	other	partial	src/io/ForcesReport.hpp:16; src/combustion/FgmFlamelet.hpp:46
Fluent-TG	Chapter 5: Modeling External Compressible Flow	5.4. Setup and Solution	other	partial	src/io/ForcesReport.hpp:16; src/combustion/FgmFlamelet.hpp:46
Fluent-TG	Chapter 5: Modeling External Compressible Flow	5.4.1. Preparation	other	n/a	
Fluent-TG	Chapter 5: Modeling External Compressible Flow	5.4.2. Mesh	mesh	n/a	
Fluent-TG	Chapter 5: Modeling External Compressible Flow	5.4.3. Solver	solver	partial	src/io/ForcesReport.hpp:16; src/combustion/FgmFlamelet.hpp:46
Fluent-TG	Chapter 5: Modeling External Compressible Flow	5.4.4. Models	other	partial	src/io/ForcesReport.hpp:16; src/combustion/FgmFlamelet.hpp:46
Fluent-TG	Chapter 5: Modeling External Compressible Flow	5.4.5. Materials	materials	n/a	
Fluent-TG	Chapter 5: Modeling External Compressible Flow	5.4.6. Boundary Conditions	bc	present	src/io/ForcesReport.hpp:16; src/combustion/FgmFlamelet.hpp:46; src/core/BoundaryConditionRegistry.hpp:9
Fluent-TG	Chapter 5: Modeling External Compressible Flow	5.4.7. Operating Conditions	other	present	src/gpu/GpuKernels.hpp:6; src/io/ForcesReport.hpp:16; src/combustion/FgmFlamelet.hpp:46
Fluent-TG	Chapter 5: Modeling External Compressible Flow	5.4.8. Solution	other	partial	src/io/ForcesReport.hpp:16; src/combustion/FgmFlamelet.hpp:46
Fluent-TG	Chapter 5: Modeling External Compressible Flow	5.4.9. Postprocessing	postprocessing	n/a	
Fluent-TG	Chapter 5: Modeling External Compressible Flow	5.4.1. Preparation	other	n/a	
Fluent-TG	Chapter 5: Modeling External Compressible Flow	5.4.2. Mesh	mesh	n/a	
Fluent-TG	Chapter 5: Modeling External Compressible Flow	Modeling External Compressible Flow	other	partial	src/io/ForcesReport.hpp:16; src/combustion/FgmFlamelet.hpp:46
Fluent-TG	Chapter 5: Modeling External Compressible Flow	Extra	other	present	src/combustion/LaminarFiniteRate.hpp:14; src/io/ForcesReport.hpp:16; src/combustion/FgmFlamelet.hpp:46
Fluent-TG	Chapter 5: Modeling External Compressible Flow	5.4.3. Solver	solver	partial	src/io/ForcesReport.hpp:16; src/combustion/FgmFlamelet.hpp:46
Fluent-TG	Chapter 5: Modeling External Compressible Flow	Modeling External Compressible Flow	other	partial	src/io/ForcesReport.hpp:16; src/combustion/FgmFlamelet.hpp:46
Fluent-TG	Chapter 5: Modeling External Compressible Flow	5.4.4. Models	other	partial	src/io/ForcesReport.hpp:16; src/combustion/FgmFlamelet.hpp:46
Fluent-TG	Chapter 5: Modeling External Compressible Flow	5.4.5. Materials	materials	n/a	
Fluent-TG	Chapter 5: Modeling External Compressible Flow	5.4.6. Boundary Conditions	bc	present	src/io/ForcesReport.hpp:16; src/combustion/FgmFlamelet.hpp:46; src/core/BoundaryConditionRegistry.hpp:9
Fluent-TG	Chapter 5: Modeling External Compressible Flow	Modeling External Compressible Flow	other	partial	src/io/ForcesReport.hpp:16; src/combustion/FgmFlamelet.hpp:46
Fluent-TG	Chapter 5: Modeling External Compressible Flow	5.4.7. Operating Conditions	other	present	src/gpu/GpuKernels.hpp:6; src/io/ForcesReport.hpp:16; src/combustion/FgmFlamelet.hpp:46
Fluent-TG	Chapter 5: Modeling External Compressible Flow	5.4.8. Solution	other	partial	src/io/ForcesReport.hpp:16; src/combustion/FgmFlamelet.hpp:46
Fluent-TG	Chapter 5: Modeling External Compressible Flow	Modeling External Compressible Flow	other	partial	src/io/ForcesReport.hpp:16; src/combustion/FgmFlamelet.hpp:46
Fluent-TG	Chapter 5: Modeling External Compressible Flow	Modeling External Compressible Flow	other	partial	src/io/ForcesReport.hpp:16; src/combustion/FgmFlamelet.hpp:46
Fluent-TG	Chapter 5: Modeling External Compressible Flow	Modeling External Compressible Flow	other	partial	src/io/ForcesReport.hpp:16; src/combustion/FgmFlamelet.hpp:46
Fluent-TG	Chapter 5: Modeling External Compressible Flow	Modeling External Compressible Flow	other	partial	src/io/ForcesReport.hpp:16; src/combustion/FgmFlamelet.hpp:46
Fluent-TG	Chapter 5: Modeling External Compressible Flow	Modeling External Compressible Flow	other	partial	src/io/ForcesReport.hpp:16; src/combustion/FgmFlamelet.hpp:46
Fluent-TG	Chapter 5: Modeling External Compressible Flow	Modeling External Compressible Flow	other	partial	src/io/ForcesReport.hpp:16; src/combustion/FgmFlamelet.hpp:46
Fluent-TG	Chapter 5: Modeling External Compressible Flow	5.4.9. Postprocessing	postprocessing	n/a	
Fluent-TG	Chapter 5: Modeling External Compressible Flow	Modeling External Compressible Flow	other	partial	src/io/ForcesReport.hpp:16; src/combustion/FgmFlamelet.hpp:46
Fluent-TG	Chapter 5: Modeling External Compressible Flow	Modeling External Compressible Flow	other	partial	src/io/ForcesReport.hpp:16; src/combustion/FgmFlamelet.hpp:46
Fluent-TG	Chapter 5: Modeling External Compressible Flow	Modeling External Compressible Flow	other	partial	src/io/ForcesReport.hpp:16; src/combustion/FgmFlamelet.hpp:46
Fluent-TG	Chapter 5: Modeling External Compressible Flow	Further Improvements	other	n/a	
Fluent-TG	Chapter 5: Modeling External Compressible Flow	5.5. Summary	other	n/a	
Fluent-TG	Chapter 5: Modeling External Compressible Flow	5.6. Further Improvements	other	n/a	
Fluent-TG	Chapter 6: Modeling Transient Compressible Flow	Chapter 6: Modeling Transient Compressible Flow	turbulence	partial	src/io/ForcesReport.hpp:16; src/gui/Dialogs.cpp:394
Fluent-TG	Chapter 6: Modeling Transient Compressible Flow	6.1. Introduction	turbulence	n/a	
Fluent-TG	Chapter 6: Modeling Transient Compressible Flow	6.2. Prerequisites	turbulence	n/a	
Fluent-TG	Chapter 6: Modeling Transient Compressible Flow	6.3. Problem Description	turbulence	n/a	
Fluent-TG	Chapter 6: Modeling Transient Compressible Flow	6.4. Setup and Solution	turbulence	partial	src/io/ForcesReport.hpp:16; src/gui/Dialogs.cpp:394
Fluent-TG	Chapter 6: Modeling Transient Compressible Flow	6.5. Summary	turbulence	n/a	
Fluent-TG	Chapter 6: Modeling Transient Compressible Flow	6.6. Further Improvements	turbulence	n/a	
Fluent-TG	Chapter 6: Modeling Transient Compressible Flow	6.1. Introduction	turbulence	n/a	
Fluent-TG	Chapter 6: Modeling Transient Compressible Flow	6.2. Prerequisites	turbulence	n/a	
Fluent-TG	Chapter 6: Modeling Transient Compressible Flow	6.3. Problem Description	turbulence	n/a	
Fluent-TG	Chapter 6: Modeling Transient Compressible Flow	6.4. Setup and Solution	turbulence	partial	src/io/ForcesReport.hpp:16; src/gui/Dialogs.cpp:394
Fluent-TG	Chapter 6: Modeling Transient Compressible Flow	6.4.1. Preparation	turbulence	n/a	
Fluent-TG	Chapter 6: Modeling Transient Compressible Flow	6.4.2. Reading and Checking the Mesh	mesh	present	src/io/MeshFormats.hpp:7; src/io/ForcesReport.hpp:16; src/gui/Dialogs.cpp:394
Fluent-TG	Chapter 6: Modeling Transient Compressible Flow	6.4.3. Solver and Analysis Type	turbulence	present	src/gpu/GpuKernels.cpp:331; src/io/ForcesReport.hpp:16; src/gui/Dialogs.cpp:394
Fluent-TG	Chapter 6: Modeling Transient Compressible Flow	6.4.4. Models	turbulence	partial	src/io/ForcesReport.hpp:16; src/gui/Dialogs.cpp:394
Fluent-TG	Chapter 6: Modeling Transient Compressible Flow	6.4.5. Materials	turbulence	n/a	
Fluent-TG	Chapter 6: Modeling Transient Compressible Flow	6.4.6. Operating Conditions	turbulence	present	src/gpu/GpuKernels.hpp:6; src/io/ForcesReport.hpp:16; src/gui/Dialogs.cpp:394
Fluent-TG	Chapter 6: Modeling Transient Compressible Flow	6.4.7. Boundary Conditions	bc	present	src/io/ForcesReport.hpp:16; src/gui/Dialogs.cpp:394; src/core/BoundaryConditionRegistry.hpp:9
Fluent-TG	Chapter 6: Modeling Transient Compressible Flow	6.4.8. Solution: Steady Flow	turbulence	present	src/io/ForcesReport.hpp:16; src/gui/Dialogs.cpp:394; src/adjoint/DiscreteAdjoint.hpp:6
Fluent-TG	Chapter 6: Modeling Transient Compressible Flow	6.4.9. Enabling Time Dependence and Setting Transient Conditions	turbulence	present	src/core/Command.hpp:7; src/io/ForcesReport.hpp:16; src/gui/Dialogs.cpp:394
Fluent-TG	Chapter 6: Modeling Transient Compressible Flow	6.4.10. Specifying Solution Parameters for Transient Flow and Solving	turbulence	present	src/gui/MainWindow.cpp:193; src/io/ForcesReport.hpp:16; src/gui/Dialogs.cpp:394
Fluent-TG	Chapter 6: Modeling Transient Compressible Flow	6.4.11. Saving and Postprocessing Time-Dependent Data Sets	turbulence	present	src/core/TaskGraph.hpp:14; src/io/CgnsWriter.cpp:14; src/io/ForcesReport.hpp:16
Fluent-TG	Chapter 6: Modeling Transient Compressible Flow	6.4.1. Preparation	turbulence	n/a	
Fluent-TG	Chapter 6: Modeling Transient Compressible Flow	6.4.2. Reading and Checking the Mesh	mesh	present	src/io/MeshFormats.hpp:7; src/io/ForcesReport.hpp:16; src/gui/Dialogs.cpp:394
Fluent-TG	Chapter 6: Modeling Transient Compressible Flow	6.4.3. Solver and Analysis Type	turbulence	present	src/gpu/GpuKernels.cpp:331; src/io/ForcesReport.hpp:16; src/gui/Dialogs.cpp:394
Fluent-TG	Chapter 6: Modeling Transient Compressible Flow	Modeling Transient Compressible Flow	turbulence	partial	src/io/ForcesReport.hpp:16; src/gui/Dialogs.cpp:394
Fluent-TG	Chapter 6: Modeling Transient Compressible Flow	6.4.4. Models	turbulence	partial	src/io/ForcesReport.hpp:16; src/gui/Dialogs.cpp:394
Fluent-TG	Chapter 6: Modeling Transient Compressible Flow	6.4.5. Materials	turbulence	n/a	
Fluent-TG	Chapter 6: Modeling Transient Compressible Flow	6.4.6. Operating Conditions	turbulence	present	src/gpu/GpuKernels.hpp:6; src/io/ForcesReport.hpp:16; src/gui/Dialogs.cpp:394
Fluent-TG	Chapter 6: Modeling Transient Compressible Flow	6.4.7. Boundary Conditions	bc	present	src/io/ForcesReport.hpp:16; src/gui/Dialogs.cpp:394; src/core/BoundaryConditionRegistry.hpp:9
Fluent-TG	Chapter 6: Modeling Transient Compressible Flow	6.4.8. Solution: Steady Flow	turbulence	present	src/io/ForcesReport.hpp:16; src/gui/Dialogs.cpp:394; src/adjoint/DiscreteAdjoint.hpp:6
Fluent-TG	Chapter 6: Modeling Transient Compressible Flow	Modeling Transient Compressible Flow	turbulence	partial	src/io/ForcesReport.hpp:16; src/gui/Dialogs.cpp:394
Fluent-TG	Chapter 6: Modeling Transient Compressible Flow	Modeling Transient Compressible Flow	turbulence	partial	src/io/ForcesReport.hpp:16; src/gui/Dialogs.cpp:394
Fluent-TG	Chapter 6: Modeling Transient Compressible Flow	Modeling Transient Compressible Flow	turbulence	partial	src/io/ForcesReport.hpp:16; src/gui/Dialogs.cpp:394
Fluent-TG	Chapter 6: Modeling Transient Compressible Flow	Modeling Transient Compressible Flow	turbulence	partial	src/io/ForcesReport.hpp:16; src/gui/Dialogs.cpp:394
Fluent-TG	Chapter 6: Modeling Transient Compressible Flow	6.4.9. Enabling Time Dependence and Setting Transient Conditions	turbulence	present	src/core/Command.hpp:7; src/io/ForcesReport.hpp:16; src/gui/Dialogs.cpp:394
Fluent-TG	Chapter 6: Modeling Transient Compressible Flow	Modeling Transient Compressible Flow	turbulence	partial	src/io/ForcesReport.hpp:16; src/gui/Dialogs.cpp:394
Fluent-TG	Chapter 6: Modeling Transient Compressible Flow	Modeling Transient Compressible Flow	turbulence	partial	src/io/ForcesReport.hpp:16; src/gui/Dialogs.cpp:394
Fluent-TG	Chapter 6: Modeling Transient Compressible Flow	6.4.10. Specifying Solution Parameters for Transient Flow and Solving	turbulence	present	src/gui/MainWindow.cpp:193; src/io/ForcesReport.hpp:16; src/gui/Dialogs.cpp:394
Fluent-TG	Chapter 6: Modeling Transient Compressible Flow	Modeling Transient Compressible Flow	turbulence	partial	src/io/ForcesReport.hpp:16; src/gui/Dialogs.cpp:394
Fluent-TG	Chapter 6: Modeling Transient Compressible Flow	6.4.11. Saving and Postprocessing Time-Dependent Data Sets	turbulence	present	src/core/TaskGraph.hpp:14; src/io/CgnsWriter.cpp:14; src/io/ForcesReport.hpp:16
Fluent-TG	Chapter 6: Modeling Transient Compressible Flow	Examples of pressure contours at	turbulence	present	src/io/SolutionMonitors.cpp:100; src/gui/RibbonContent.cpp:97; src/io/ForcesReport.hpp:16
Fluent-TG	Chapter 6: Modeling Transient Compressible Flow	Modeling Transient Compressible Flow	turbulence	partial	src/io/ForcesReport.hpp:16; src/gui/Dialogs.cpp:394
Fluent-TG	Chapter 6: Modeling Transient Compressible Flow	Modeling Transient Compressible Flow	turbulence	partial	src/io/ForcesReport.hpp:16; src/gui/Dialogs.cpp:394
Fluent-TG	Chapter 6: Modeling Transient Compressible Flow	Modeling Transient Compressible Flow	turbulence	partial	src/io/ForcesReport.hpp:16; src/gui/Dialogs.cpp:394
Fluent-TG	Chapter 6: Modeling Transient Compressible Flow	6.5. Summary	turbulence	n/a	
Fluent-TG	Chapter 6: Modeling Transient Compressible Flow	6.6. Further Improvements	turbulence	n/a	
Fluent-TG	Chapter 6: Modeling Transient Compressible Flow	Further Improvements	turbulence	n/a	
Fluent-TG	Chapter 7: Modeling Radiation and Natural Convection	Chapter 7: Modeling Radiation and Natural Convection	other	partial	src/core/ThreadPool.cpp:57; src/combustion/TransportedPdf.hpp:10
Fluent-TG	Chapter 7: Modeling Radiation and Natural Convection	7.1. Introduction	other	n/a	
Fluent-TG	Chapter 7: Modeling Radiation and Natural Convection	7.2. Prerequisites	other	n/a	
Fluent-TG	Chapter 7: Modeling Radiation and Natural Convection	7.3. Problem Description	other	n/a	
Fluent-TG	Chapter 7: Modeling Radiation and Natural Convection	7.4. Setup and Solution	other	partial	src/core/ThreadPool.cpp:57; src/combustion/TransportedPdf.hpp:10
Fluent-TG	Chapter 7: Modeling Radiation and Natural Convection	7.5. Summary	other	n/a	
Fluent-TG	Chapter 7: Modeling Radiation and Natural Convection	7.6. Further Improvements	other	n/a	
Fluent-TG	Chapter 7: Modeling Radiation and Natural Convection	7.1. Introduction	other	n/a	
Fluent-TG	Chapter 7: Modeling Radiation and Natural Convection	7.2. Prerequisites	other	n/a	
Fluent-TG	Chapter 7: Modeling Radiation and Natural Convection	7.3. Problem Description	other	n/a	
Fluent-TG	Chapter 7: Modeling Radiation and Natural Convection	A three-dimensional box	other	present	src/solver/NscbcBoundary.cpp:5; src/core/ThreadPool.cpp:57; src/combustion/TransportedPdf.hpp:10
Fluent-TG	Chapter 7: Modeling Radiation and Natural Convection	Modeling Radiation and Natural Convection	other	partial	src/core/ThreadPool.cpp:57; src/combustion/TransportedPdf.hpp:10
Fluent-TG	Chapter 7: Modeling Radiation and Natural Convection	7.4. Setup and Solution	other	partial	src/core/ThreadPool.cpp:57; src/combustion/TransportedPdf.hpp:10
Fluent-TG	Chapter 7: Modeling Radiation and Natural Convection	7.4.1. Preparation	other	n/a	
Fluent-TG	Chapter 7: Modeling Radiation and Natural Convection	7.4.2. Reading and Checking the Mesh	mesh	present	src/io/MeshFormats.hpp:7; src/core/ThreadPool.cpp:57; src/combustion/TransportedPdf.hpp:10
Fluent-TG	Chapter 7: Modeling Radiation and Natural Convection	7.4.3. Solver and Analysis Type	solver	present	src/gpu/GpuKernels.cpp:331; src/core/ThreadPool.cpp:57; src/combustion/TransportedPdf.hpp:10
Fluent-TG	Chapter 7: Modeling Radiation and Natural Convection	7.4.4. Models	other	partial	src/core/ThreadPool.cpp:57; src/combustion/TransportedPdf.hpp:10
Fluent-TG	Chapter 7: Modeling Radiation and Natural Convection	7.4.5. Defining the Materials	materials	partial	src/core/ThreadPool.cpp:57; src/combustion/TransportedPdf.hpp:10
Fluent-TG	Chapter 7: Modeling Radiation and Natural Convection	7.4.6. Operating Conditions	other	present	src/gpu/GpuKernels.hpp:6; src/core/ThreadPool.cpp:57; src/combustion/TransportedPdf.hpp:10
Fluent-TG	Chapter 7: Modeling Radiation and Natural Convection	7.4.7. Boundary Conditions	bc	present	src/core/ThreadPool.cpp:57; src/combustion/TransportedPdf.hpp:10; src/core/BoundaryConditionRegistry.hpp:9
Fluent-TG	Chapter 7: Modeling Radiation and Natural Convection	7.4.8. Obtaining the Solution	other	n/a	
Fluent-TG	Chapter 7: Modeling Radiation and Natural Convection	7.4.9. Postprocessing	postprocessing	n/a	
Fluent-TG	Chapter 7: Modeling Radiation and Natural Convection	7.4.10. Comparing the Contour Plots after Varying Radiating Surfaces	postprocessing	present	src/visualization/ContourFilter.hpp:8; src/scripting/UdfHost.hpp:11; src/core/ThreadPool.cpp:57
Fluent-TG	Chapter 7: Modeling Radiation and Natural Convection	7.4.11. S2S Definition, Solution, and Postprocessing with Partial Enclosure	postprocessing	present	src/radiation/SurfaceToSurface.cpp:127; src/core/ThreadPool.cpp:57; src/core/TaskGraph.hpp:14
Fluent-TG	Chapter 7: Modeling Radiation and Natural Convection	7.4.1. Preparation	other	n/a	
Fluent-TG	Chapter 7: Modeling Radiation and Natural Convection	7.4.2. Reading and Checking the Mesh	mesh	present	src/io/MeshFormats.hpp:7; src/core/ThreadPool.cpp:57; src/combustion/TransportedPdf.hpp:10
Fluent-TG	Chapter 7: Modeling Radiation and Natural Convection	Modeling Radiation and Natural Convection	other	partial	src/core/ThreadPool.cpp:57; src/combustion/TransportedPdf.hpp:10
Fluent-TG	Chapter 7: Modeling Radiation and Natural Convection	7.4.3. Solver and Analysis Type	solver	present	src/gpu/GpuKernels.cpp:331; src/core/ThreadPool.cpp:57; src/combustion/TransportedPdf.hpp:10
Fluent-TG	Chapter 7: Modeling Radiation and Natural Convection	7.4.4. Models	other	partial	src/core/ThreadPool.cpp:57; src/combustion/TransportedPdf.hpp:10
Fluent-TG	Chapter 7: Modeling Radiation and Natural Convection	Modeling Radiation and Natural Convection	other	partial	src/core/ThreadPool.cpp:57; src/combustion/TransportedPdf.hpp:10
Fluent-TG	Chapter 7: Modeling Radiation and Natural Convection	7.4.5. Defining the Materials	materials	partial	src/core/ThreadPool.cpp:57; src/combustion/TransportedPdf.hpp:10
Fluent-TG	Chapter 7: Modeling Radiation and Natural Convection	7.4.6. Operating Conditions	other	present	src/gpu/GpuKernels.hpp:6; src/core/ThreadPool.cpp:57; src/combustion/TransportedPdf.hpp:10
Fluent-TG	Chapter 7: Modeling Radiation and Natural Convection	Modeling Radiation and Natural Convection	other	partial	src/core/ThreadPool.cpp:57; src/combustion/TransportedPdf.hpp:10
Fluent-TG	Chapter 7: Modeling Radiation and Natural Convection	7.4.7. Boundary Conditions	bc	present	src/core/ThreadPool.cpp:57; src/combustion/TransportedPdf.hpp:10; src/core/BoundaryConditionRegistry.hpp:9
Fluent-TG	Chapter 7: Modeling Radiation and Natural Convection	7.4.8. Obtaining the Solution	other	n/a	
Fluent-TG	Chapter 7: Modeling Radiation and Natural Convection	Modeling Radiation and Natural Convection	other	partial	src/core/ThreadPool.cpp:57; src/combustion/TransportedPdf.hpp:10
Fluent-TG	Chapter 7: Modeling Radiation and Natural Convection	7.4.9. Postprocessing	postprocessing	n/a	
Fluent-TG	Chapter 7: Modeling Radiation and Natural Convection	Modeling Radiation and Natural Convection	other	partial	src/core/ThreadPool.cpp:57; src/combustion/TransportedPdf.hpp:10
Fluent-TG	Chapter 7: Modeling Radiation and Natural Convection	Modeling Radiation and Natural Convection	other	partial	src/core/ThreadPool.cpp:57; src/combustion/TransportedPdf.hpp:10
Fluent-TG	Chapter 7: Modeling Radiation and Natural Convection	Modeling Radiation and Natural Convection	other	partial	src/core/ThreadPool.cpp:57; src/combustion/TransportedPdf.hpp:10
Fluent-TG	Chapter 7: Modeling Radiation and Natural Convection	Modeling Radiation and Natural Convection	other	partial	src/core/ThreadPool.cpp:57; src/combustion/TransportedPdf.hpp:10
Fluent-TG	Chapter 7: Modeling Radiation and Natural Convection	Modeling Radiation and Natural Convection	other	partial	src/core/ThreadPool.cpp:57; src/combustion/TransportedPdf.hpp:10
Fluent-TG	Chapter 7: Modeling Radiation and Natural Convection	7.4.10. Comparing the Contour Plots after Varying Radiating Surfaces	postprocessing	present	src/visualization/ContourFilter.hpp:8; src/scripting/UdfHost.hpp:11; src/core/ThreadPool.cpp:57
Fluent-TG	Chapter 7: Modeling Radiation and Natural Convection	Modeling Radiation and Natural Convection	other	partial	src/core/ThreadPool.cpp:57; src/combustion/TransportedPdf.hpp:10
Fluent-TG	Chapter 7: Modeling Radiation and Natural Convection	Modeling Radiation and Natural Convection	other	partial	src/core/ThreadPool.cpp:57; src/combustion/TransportedPdf.hpp:10
Fluent-TG	Chapter 7: Modeling Radiation and Natural Convection	Modeling Radiation and Natural Convection	other	partial	src/core/ThreadPool.cpp:57; src/combustion/TransportedPdf.hpp:10
Fluent-TG	Chapter 7: Modeling Radiation and Natural Convection	7.4.11. S2S Definition, Solution, and Postprocessing with Partial Enclosure	postprocessing	present	src/radiation/SurfaceToSurface.cpp:127; src/core/ThreadPool.cpp:57; src/core/TaskGraph.hpp:14
Fluent-TG	Chapter 7: Modeling Radiation and Natural Convection	Further Improvements	other	n/a	
Fluent-TG	Chapter 7: Modeling Radiation and Natural Convection	7.5. Summary	other	n/a	
Fluent-TG	Chapter 7: Modeling Radiation and Natural Convection	7.6. Further Improvements	other	n/a	
Fluent-TG	Chapter 8: Modeling Flow Through Porous Media	Chapter 8: Modeling Flow Through Porous Media	other	partial	src/emag/AvFormulation.hpp:7; src/gui/Dialogs.cpp:368
Fluent-TG	Chapter 8: Modeling Flow Through Porous Media	8.1. Introduction	other	n/a	
Fluent-TG	Chapter 8: Modeling Flow Through Porous Media	8.2. Prerequisites	other	n/a	
Fluent-TG	Chapter 8: Modeling Flow Through Porous Media	8.3. Problem Description	other	n/a	
Fluent-TG	Chapter 8: Modeling Flow Through Porous Media	8.4. Setup and Solution	other	partial	src/emag/AvFormulation.hpp:7; src/gui/Dialogs.cpp:368
Fluent-TG	Chapter 8: Modeling Flow Through Porous Media	8.5. Summary	other	n/a	
Fluent-TG	Chapter 8: Modeling Flow Through Porous Media	8.6. Further Improvements	other	n/a	
Fluent-TG	Chapter 8: Modeling Flow Through Porous Media	8.1. Introduction	other	n/a	
Fluent-TG	Chapter 8: Modeling Flow Through Porous Media	8.2. Prerequisites	other	n/a	
Fluent-TG	Chapter 8: Modeling Flow Through Porous Media	8.3. Problem Description	other	n/a	
Fluent-TG	Chapter 8: Modeling Flow Through Porous Media	8.4. Setup and Solution	other	partial	src/emag/AvFormulation.hpp:7; src/gui/Dialogs.cpp:368
Fluent-TG	Chapter 8: Modeling Flow Through Porous Media	8.4.1. Preparation	other	n/a	
Fluent-TG	Chapter 8: Modeling Flow Through Porous Media	8.4.2. Mesh	mesh	n/a	
Fluent-TG	Chapter 8: Modeling Flow Through Porous Media	8.4.3. General Settings	other	partial	src/emag/AvFormulation.hpp:7; src/gui/Dialogs.cpp:368
Fluent-TG	Chapter 8: Modeling Flow Through Porous Media	8.4.4. Models	other	partial	src/emag/AvFormulation.hpp:7; src/gui/Dialogs.cpp:368
Fluent-TG	Chapter 8: Modeling Flow Through Porous Media	8.4.5. Materials	materials	n/a	
Fluent-TG	Chapter 8: Modeling Flow Through Porous Media	8.4.6. Cell Zone Conditions	other	present	src/emag/AvFormulation.hpp:7; src/gui/Dialogs.cpp:368; src/core/BoundaryConditionRegistry.hpp:9
Fluent-TG	Chapter 8: Modeling Flow Through Porous Media	8.4.7. Boundary Conditions	bc	present	src/emag/AvFormulation.hpp:7; src/gui/Dialogs.cpp:368; src/core/BoundaryConditionRegistry.hpp:9
Fluent-TG	Chapter 8: Modeling Flow Through Porous Media	8.4.8. Solution	other	partial	src/emag/AvFormulation.hpp:7; src/gui/Dialogs.cpp:368
Fluent-TG	Chapter 8: Modeling Flow Through Porous Media	8.4.9. Postprocessing	postprocessing	n/a	
Fluent-TG	Chapter 8: Modeling Flow Through Porous Media	8.4.1. Preparation	other	n/a	
Fluent-TG	Chapter 8: Modeling Flow Through Porous Media	8.4.2. Mesh	mesh	n/a	
Fluent-TG	Chapter 8: Modeling Flow Through Porous Media	Modeling Flow Through Porous Media	other	partial	src/emag/AvFormulation.hpp:7; src/gui/Dialogs.cpp:368
Fluent-TG	Chapter 8: Modeling Flow Through Porous Media	8.4.3. General Settings	other	partial	src/emag/AvFormulation.hpp:7; src/gui/Dialogs.cpp:368
Fluent-TG	Chapter 8: Modeling Flow Through Porous Media	8.4.4. Models	other	partial	src/emag/AvFormulation.hpp:7; src/gui/Dialogs.cpp:368
Fluent-TG	Chapter 8: Modeling Flow Through Porous Media	8.4.5. Materials	materials	n/a	
Fluent-TG	Chapter 8: Modeling Flow Through Porous Media	Modeling Flow Through Porous Media	other	partial	src/emag/AvFormulation.hpp:7; src/gui/Dialogs.cpp:368
Fluent-TG	Chapter 8: Modeling Flow Through Porous Media	8.4.6. Cell Zone Conditions	other	present	src/emag/AvFormulation.hpp:7; src/gui/Dialogs.cpp:368; src/core/BoundaryConditionRegistry.hpp:9
Fluent-TG	Chapter 8: Modeling Flow Through Porous Media	Modeling Flow Through Porous Media	other	partial	src/emag/AvFormulation.hpp:7; src/gui/Dialogs.cpp:368
Fluent-TG	Chapter 8: Modeling Flow Through Porous Media	8.4.7. Boundary Conditions	bc	present	src/emag/AvFormulation.hpp:7; src/gui/Dialogs.cpp:368; src/core/BoundaryConditionRegistry.hpp:9
Fluent-TG	Chapter 8: Modeling Flow Through Porous Media	8.4.8. Solution	other	partial	src/emag/AvFormulation.hpp:7; src/gui/Dialogs.cpp:368
Fluent-TG	Chapter 8: Modeling Flow Through Porous Media	Modeling Flow Through Porous Media	other	partial	src/emag/AvFormulation.hpp:7; src/gui/Dialogs.cpp:368
Fluent-TG	Chapter 8: Modeling Flow Through Porous Media	8.4.9. Postprocessing	postprocessing	n/a	
Fluent-TG	Chapter 8: Modeling Flow Through Porous Media	Modeling Flow Through Porous Media	other	partial	src/emag/AvFormulation.hpp:7; src/gui/Dialogs.cpp:368
Fluent-TG	Chapter 8: Modeling Flow Through Porous Media	Modeling Flow Through Porous Media	other	partial	src/emag/AvFormulation.hpp:7; src/gui/Dialogs.cpp:368
Fluent-TG	Chapter 8: Modeling Flow Through Porous Media	Modeling Flow Through Porous Media	other	partial	src/emag/AvFormulation.hpp:7; src/gui/Dialogs.cpp:368
Fluent-TG	Chapter 8: Modeling Flow Through Porous Media	Modeling Flow Through Porous Media	other	partial	src/emag/AvFormulation.hpp:7; src/gui/Dialogs.cpp:368
Fluent-TG	Chapter 8: Modeling Flow Through Porous Media	(m/s)	other	partial	src/emag/AvFormulation.hpp:7; src/gui/Dialogs.cpp:368
Fluent-TG	Chapter 8: Modeling Flow Through Porous Media	(m/s)	other	partial	src/emag/AvFormulation.hpp:7; src/gui/Dialogs.cpp:368
Fluent-TG	Chapter 8: Modeling Flow Through Porous Media	(m/s)	other	partial	src/emag/AvFormulation.hpp:7; src/gui/Dialogs.cpp:368
Fluent-TG	Chapter 8: Modeling Flow Through Porous Media	8.5. Summary	other	n/a	
Fluent-TG	Chapter 8: Modeling Flow Through Porous Media	8.6. Further Improvements	other	n/a	
Fluent-TG	Chapter 9: Using a Single Rotating Reference Frame	Chapter 9: Using a Single Rotating Reference Frame	dynamic	partial	src/core/RotatingFileSink.hpp:6
Fluent-TG	Chapter 9: Using a Single Rotating Reference Frame	9.1. Introduction	dynamic	n/a	
Fluent-TG	Chapter 9: Using a Single Rotating Reference Frame	9.2. Prerequisites	dynamic	n/a	
Fluent-TG	Chapter 9: Using a Single Rotating Reference Frame	9.3. Problem Description	dynamic	n/a	
Fluent-TG	Chapter 9: Using a Single Rotating Reference Frame	9.4. Setup and Solution	dynamic	partial	src/core/RotatingFileSink.hpp:6
Fluent-TG	Chapter 9: Using a Single Rotating Reference Frame	9.5. Summary	dynamic	n/a	
Fluent-TG	Chapter 9: Using a Single Rotating Reference Frame	9.6. Further Improvements	dynamic	n/a	
Fluent-TG	Chapter 9: Using a Single Rotating Reference Frame	9.7. References	dynamic	n/a	
Fluent-TG	Chapter 9: Using a Single Rotating Reference Frame	9.1. Introduction	dynamic	n/a	
Fluent-TG	Chapter 9: Using a Single Rotating Reference Frame	9.2. Prerequisites	dynamic	n/a	
Fluent-TG	Chapter 9: Using a Single Rotating Reference Frame	9.3. Problem Description	dynamic	n/a	
Fluent-TG	Chapter 9: Using a Single Rotating Reference Frame	9.4. Setup and Solution	dynamic	partial	src/core/RotatingFileSink.hpp:6
Fluent-TG	Chapter 9: Using a Single Rotating Reference Frame	9.4.1. Preparation	dynamic	n/a	
Fluent-TG	Chapter 9: Using a Single Rotating Reference Frame	9.4.2. Mesh	mesh	n/a	
Fluent-TG	Chapter 9: Using a Single Rotating Reference Frame	9.4.3. General Settings	dynamic	partial	src/core/RotatingFileSink.hpp:6
Fluent-TG	Chapter 9: Using a Single Rotating Reference Frame	9.4.4. Models	dynamic	partial	src/core/RotatingFileSink.hpp:6
Fluent-TG	Chapter 9: Using a Single Rotating Reference Frame	9.4.5. Materials	dynamic	n/a	
Fluent-TG	Chapter 9: Using a Single Rotating Reference Frame	9.4.6. Cell Zone Conditions	dynamic	partial	src/core/RotatingFileSink.hpp:6; src/core/BoundaryConditionRegistry.hpp:9
Fluent-TG	Chapter 9: Using a Single Rotating Reference Frame	9.4.7. Boundary Conditions	bc	partial	src/core/RotatingFileSink.hpp:6; src/core/BoundaryConditionRegistry.hpp:9
Fluent-TG	Chapter 9: Using a Single Rotating Reference Frame	9.4.8. Solution Using the Standard k- ε Model	dynamic	partial	src/core/RotatingFileSink.hpp:6; src/acoustics/CurleAcoustics.cpp:29
Fluent-TG	Chapter 9: Using a Single Rotating Reference Frame	9.4.9. Postprocessing for the Standard k- ε Solution	dynamic	present	src/core/TaskGraph.hpp:14; src/core/RotatingFileSink.hpp:6; src/acoustics/CurleAcoustics.cpp:29
Fluent-TG	Chapter 9: Using a Single Rotating Reference Frame	9.4.10. Solution Using the RNG k- ε Model	dynamic	partial	src/core/RotatingFileSink.hpp:6
Fluent-TG	Chapter 9: Using a Single Rotating Reference Frame	9.4.11. Postprocessing for the RNG k- ε Solution	dynamic	partial	src/core/TaskGraph.hpp:14; src/core/RotatingFileSink.hpp:6
Fluent-TG	Chapter 9: Using a Single Rotating Reference Frame	9.4.1. Preparation	dynamic	n/a	
Fluent-TG	Chapter 9: Using a Single Rotating Reference Frame	9.4.2. Mesh	mesh	n/a	
Fluent-TG	Chapter 9: Using a Single Rotating Reference Frame	9.4.3. General Settings	dynamic	partial	src/core/RotatingFileSink.hpp:6
Fluent-TG	Chapter 9: Using a Single Rotating Reference Frame	Extra	dynamic	partial	src/combustion/LaminarFiniteRate.hpp:14; src/core/RotatingFileSink.hpp:6
Fluent-TG	Chapter 9: Using a Single Rotating Reference Frame	9.4.4. Models	dynamic	partial	src/core/RotatingFileSink.hpp:6
Fluent-TG	Chapter 9: Using a Single Rotating Reference Frame	9.4.5. Materials	dynamic	n/a	
Fluent-TG	Chapter 9: Using a Single Rotating Reference Frame	Extra	dynamic	partial	src/combustion/LaminarFiniteRate.hpp:14; src/core/RotatingFileSink.hpp:6
Fluent-TG	Chapter 9: Using a Single Rotating Reference Frame	9.4.6. Cell Zone Conditions	dynamic	partial	src/core/RotatingFileSink.hpp:6; src/core/BoundaryConditionRegistry.hpp:9
Fluent-TG	Chapter 9: Using a Single Rotating Reference Frame	9.4.7. Boundary Conditions	bc	partial	src/core/RotatingFileSink.hpp:6; src/core/BoundaryConditionRegistry.hpp:9
Fluent-TG	Chapter 9: Using a Single Rotating Reference Frame	9.4.8. Solution Using the Standard k- ε Model	dynamic	partial	src/core/RotatingFileSink.hpp:6; src/acoustics/CurleAcoustics.cpp:29
Fluent-TG	Chapter 9: Using a Single Rotating Reference Frame	Using a Single Rotating Reference Frame	dynamic	partial	src/core/RotatingFileSink.hpp:6
Fluent-TG	Chapter 9: Using a Single Rotating Reference Frame	Extra	dynamic	partial	src/combustion/LaminarFiniteRate.hpp:14; src/core/RotatingFileSink.hpp:6
Fluent-TG	Chapter 9: Using a Single Rotating Reference Frame	9.4.9. Postprocessing for the Standard k- ε Solution	dynamic	present	src/core/TaskGraph.hpp:14; src/core/RotatingFileSink.hpp:6; src/acoustics/CurleAcoustics.cpp:29
Fluent-TG	Chapter 9: Using a Single Rotating Reference Frame	Using a Single Rotating Reference Frame	dynamic	partial	src/core/RotatingFileSink.hpp:6
Fluent-TG	Chapter 9: Using a Single Rotating Reference Frame	Using a Single Rotating Reference Frame	dynamic	partial	src/core/RotatingFileSink.hpp:6
Fluent-TG	Chapter 9: Using a Single Rotating Reference Frame	9.4.10. Solution Using the RNG k- ε Model	dynamic	partial	src/core/RotatingFileSink.hpp:6
Fluent-TG	Chapter 9: Using a Single Rotating Reference Frame	9.4.11. Postprocessing for the RNG k- ε Solution	dynamic	partial	src/core/TaskGraph.hpp:14; src/core/RotatingFileSink.hpp:6
Fluent-TG	Chapter 9: Using a Single Rotating Reference Frame	Using a Single Rotating Reference Frame	dynamic	partial	src/core/RotatingFileSink.hpp:6
Fluent-TG	Chapter 9: Using a Single Rotating Reference Frame	Further Improvements	dynamic	n/a	
Fluent-TG	Chapter 9: Using a Single Rotating Reference Frame	9.5. Summary	dynamic	n/a	
Fluent-TG	Chapter 9: Using a Single Rotating Reference Frame	9.6. Further Improvements	dynamic	n/a	
Fluent-TG	Chapter 9: Using a Single Rotating Reference Frame	9.7. References	dynamic	n/a	
Fluent-TG	Chapter 10: Using Multiple Reference Frames	Chapter 10: Using Multiple Reference Frames	other	partial	src/gpu/HostDeviceMirror.hpp:34; src/core/CrashHandler.cpp:107
Fluent-TG	Chapter 10: Using Multiple Reference Frames	10.1. Introduction	other	n/a	
Fluent-TG	Chapter 10: Using Multiple Reference Frames	10.2. Prerequisites	other	n/a	
Fluent-TG	Chapter 10: Using Multiple Reference Frames	10.3. Problem Description	other	n/a	
Fluent-TG	Chapter 10: Using Multiple Reference Frames	10.4. Setup and Solution	other	partial	src/gpu/HostDeviceMirror.hpp:34; src/core/CrashHandler.cpp:107
Fluent-TG	Chapter 10: Using Multiple Reference Frames	10.5. Summary	other	n/a	
Fluent-TG	Chapter 10: Using Multiple Reference Frames	10.6. Further Improvements	other	n/a	
Fluent-TG	Chapter 10: Using Multiple Reference Frames	10.1. Introduction	other	n/a	
Fluent-TG	Chapter 10: Using Multiple Reference Frames	10.2. Prerequisites	other	n/a	
Fluent-TG	Chapter 10: Using Multiple Reference Frames	10.3. Problem Description	other	n/a	
Fluent-TG	Chapter 10: Using Multiple Reference Frames	10.4. Setup and Solution	other	partial	src/gpu/HostDeviceMirror.hpp:34; src/core/CrashHandler.cpp:107
Fluent-TG	Chapter 10: Using Multiple Reference Frames	10.4.1. Preparation	other	n/a	
Fluent-TG	Chapter 10: Using Multiple Reference Frames	10.4.2. Reading and Checking the Mesh and Setting the Units	mesh	present	src/io/MeshFormats.hpp:7; src/core/Command.hpp:7; src/gpu/HostDeviceMirror.hpp:34
Fluent-TG	Chapter 10: Using Multiple Reference Frames	10.4.3. Specifying Solver and Analysis Type	solver	present	src/gpu/GpuKernels.cpp:331; src/gpu/HostDeviceMirror.hpp:34; src/core/CrashHandler.cpp:107
Fluent-TG	Chapter 10: Using Multiple Reference Frames	10.4.4. Specifying the Models	other	partial	src/gpu/HostDeviceMirror.hpp:34; src/core/CrashHandler.cpp:107
Fluent-TG	Chapter 10: Using Multiple Reference Frames	10.4.5. Specifying Materials	materials	partial	src/gpu/HostDeviceMirror.hpp:34; src/core/CrashHandler.cpp:107
Fluent-TG	Chapter 10: Using Multiple Reference Frames	10.4.6. Specifying Cell Zone Conditions	other	present	src/gpu/HostDeviceMirror.hpp:34; src/core/CrashHandler.cpp:107; src/core/BoundaryConditionRegistry.hpp:9
Fluent-TG	Chapter 10: Using Multiple Reference Frames	10.4.7. Setting Boundary Conditions	bc	present	src/core/Command.hpp:7; src/gpu/HostDeviceMirror.hpp:34; src/core/CrashHandler.cpp:107
Fluent-TG	Chapter 10: Using Multiple Reference Frames	10.4.8. Defining Mesh Interfaces	mesh	present	src/gui/Dialogs.cpp:232; src/gpu/HostDeviceMirror.hpp:34; src/core/CrashHandler.cpp:107
Fluent-TG	Chapter 10: Using Multiple Reference Frames	10.4.9. Obtaining the Solution	other	n/a	
Fluent-TG	Chapter 10: Using Multiple Reference Frames	10.4.10. Step 9: Postprocessing	postprocessing	n/a	
Fluent-TG	Chapter 10: Using Multiple Reference Frames	10.4.1. Preparation	other	n/a	
Fluent-TG	Chapter 10: Using Multiple Reference Frames	Using Multiple Reference Frames	other	partial	src/gpu/HostDeviceMirror.hpp:34; src/core/CrashHandler.cpp:107
Fluent-TG	Chapter 10: Using Multiple Reference Frames	10.4.2. Reading and Checking the Mesh and Setting the Units	mesh	present	src/io/MeshFormats.hpp:7; src/core/Command.hpp:7; src/gpu/HostDeviceMirror.hpp:34
Fluent-TG	Chapter 10: Using Multiple Reference Frames	Using Multiple Reference Frames	other	partial	src/gpu/HostDeviceMirror.hpp:34; src/core/CrashHandler.cpp:107
Fluent-TG	Chapter 10: Using Multiple Reference Frames	10.4.3. Specifying Solver and Analysis Type	solver	present	src/gpu/GpuKernels.cpp:331; src/gpu/HostDeviceMirror.hpp:34; src/core/CrashHandler.cpp:107
Fluent-TG	Chapter 10: Using Multiple Reference Frames	10.4.4. Specifying the Models	other	partial	src/gpu/HostDeviceMirror.hpp:34; src/core/CrashHandler.cpp:107
Fluent-TG	Chapter 10: Using Multiple Reference Frames	10.4.5. Specifying Materials	materials	partial	src/gpu/HostDeviceMirror.hpp:34; src/core/CrashHandler.cpp:107
Fluent-TG	Chapter 10: Using Multiple Reference Frames	10.4.6. Specifying Cell Zone Conditions	other	present	src/gpu/HostDeviceMirror.hpp:34; src/core/CrashHandler.cpp:107; src/core/BoundaryConditionRegistry.hpp:9
Fluent-TG	Chapter 10: Using Multiple Reference Frames	10.4.7. Setting Boundary Conditions	bc	present	src/core/Command.hpp:7; src/gpu/HostDeviceMirror.hpp:34; src/core/CrashHandler.cpp:107
Fluent-TG	Chapter 10: Using Multiple Reference Frames	10.4.8. Defining Mesh Interfaces	mesh	present	src/gui/Dialogs.cpp:232; src/gpu/HostDeviceMirror.hpp:34; src/core/CrashHandler.cpp:107
Fluent-TG	Chapter 10: Using Multiple Reference Frames	10.4.9. Obtaining the Solution	other	n/a	
Fluent-TG	Chapter 10: Using Multiple Reference Frames	Using Multiple Reference Frames	other	partial	src/gpu/HostDeviceMirror.hpp:34; src/core/CrashHandler.cpp:107
Fluent-TG	Chapter 10: Using Multiple Reference Frames	10.4.10. Step 9: Postprocessing	postprocessing	n/a	
Fluent-TG	Chapter 10: Using Multiple Reference Frames	Using Multiple Reference Frames	other	partial	src/gpu/HostDeviceMirror.hpp:34; src/core/CrashHandler.cpp:107
Fluent-TG	Chapter 10: Using Multiple Reference Frames	Using Multiple Reference Frames	other	partial	src/gpu/HostDeviceMirror.hpp:34; src/core/CrashHandler.cpp:107
Fluent-TG	Chapter 10: Using Multiple Reference Frames	Using Multiple Reference Frames	other	partial	src/gpu/HostDeviceMirror.hpp:34; src/core/CrashHandler.cpp:107
Fluent-TG	Chapter 10: Using Multiple Reference Frames	10.5. Summary	other	n/a	
Fluent-TG	Chapter 10: Using Multiple Reference Frames	Using Multiple Reference Frames	other	partial	src/gpu/HostDeviceMirror.hpp:34; src/core/CrashHandler.cpp:107
Fluent-TG	Chapter 10: Using Multiple Reference Frames	10.6. Further Improvements	other	n/a	
Fluent-TG	Chapter 11: Using Sliding Meshes	Chapter 11: Using Sliding Meshes	mesh	partial	src/dynamics/SixDof.hpp:17; src/core/IWallDistanceService.hpp:31
Fluent-TG	Chapter 11: Using Sliding Meshes	11.1. Introduction	mesh	n/a	
Fluent-TG	Chapter 11: Using Sliding Meshes	11.2. Prerequisites	mesh	n/a	
Fluent-TG	Chapter 11: Using Sliding Meshes	11.3. Problem Description	mesh	n/a	
Fluent-TG	Chapter 11: Using Sliding Meshes	11.4. Setup and Solution	mesh	partial	src/dynamics/SixDof.hpp:17; src/core/IWallDistanceService.hpp:31
Fluent-TG	Chapter 11: Using Sliding Meshes	11.5. Summary	mesh	n/a	
Fluent-TG	Chapter 11: Using Sliding Meshes	11.6. Further Improvements	mesh	n/a	
Fluent-TG	Chapter 11: Using Sliding Meshes	11.1. Introduction	mesh	n/a	
Fluent-TG	Chapter 11: Using Sliding Meshes	11.2. Prerequisites	mesh	n/a	
Fluent-TG	Chapter 11: Using Sliding Meshes	11.3. Problem Description	mesh	n/a	
Fluent-TG	Chapter 11: Using Sliding Meshes	Using Sliding Meshes	mesh	partial	src/dynamics/SixDof.hpp:17; src/core/IWallDistanceService.hpp:31
Fluent-TG	Chapter 11: Using Sliding Meshes	11.4. Setup and Solution	mesh	partial	src/dynamics/SixDof.hpp:17; src/core/IWallDistanceService.hpp:31
Fluent-TG	Chapter 11: Using Sliding Meshes	11.4.1. Preparation	mesh	n/a	
Fluent-TG	Chapter 11: Using Sliding Meshes	11.4.2. Mesh	mesh	n/a	
Fluent-TG	Chapter 11: Using Sliding Meshes	11.4.3. General Settings	mesh	partial	src/dynamics/SixDof.hpp:17; src/core/IWallDistanceService.hpp:31
Fluent-TG	Chapter 11: Using Sliding Meshes	11.4.4. Models	mesh	partial	src/dynamics/SixDof.hpp:17; src/core/IWallDistanceService.hpp:31
Fluent-TG	Chapter 11: Using Sliding Meshes	11.4.5. Materials	mesh	n/a	
Fluent-TG	Chapter 11: Using Sliding Meshes	11.4.6. Cell Zone Conditions	mesh	present	src/dynamics/SixDof.hpp:17; src/core/IWallDistanceService.hpp:31; src/core/BoundaryConditionRegistry.hpp:9
Fluent-TG	Chapter 11: Using Sliding Meshes	11.4.7. Boundary Conditions	mesh	present	src/dynamics/SixDof.hpp:17; src/core/IWallDistanceService.hpp:31; src/core/BoundaryConditionRegistry.hpp:9
Fluent-TG	Chapter 11: Using Sliding Meshes	11.4.8. Operating Conditions	mesh	present	src/gpu/GpuKernels.hpp:6; src/dynamics/SixDof.hpp:17; src/core/IWallDistanceService.hpp:31
Fluent-TG	Chapter 11: Using Sliding Meshes	11.4.9. Mesh Interfaces	mesh	present	src/gui/Dialogs.cpp:232; src/dynamics/SixDof.hpp:17; src/core/IWallDistanceService.hpp:31
Fluent-TG	Chapter 11: Using Sliding Meshes	11.4.10. Solution	mesh	partial	src/dynamics/SixDof.hpp:17; src/core/IWallDistanceService.hpp:31
Fluent-TG	Chapter 11: Using Sliding Meshes	11.4.11. Postprocessing	mesh	n/a	
Fluent-TG	Chapter 11: Using Sliding Meshes	11.4.1. Preparation	mesh	n/a	
Fluent-TG	Chapter 11: Using Sliding Meshes	11.4.2. Mesh	mesh	n/a	
Fluent-TG	Chapter 11: Using Sliding Meshes	11.4.3. General Settings	mesh	partial	src/dynamics/SixDof.hpp:17; src/core/IWallDistanceService.hpp:31
Fluent-TG	Chapter 11: Using Sliding Meshes	Using Sliding Meshes	mesh	partial	src/dynamics/SixDof.hpp:17; src/core/IWallDistanceService.hpp:31
Fluent-TG	Chapter 11: Using Sliding Meshes	11.4.4. Models	mesh	partial	src/dynamics/SixDof.hpp:17; src/core/IWallDistanceService.hpp:31
Fluent-TG	Chapter 11: Using Sliding Meshes	11.4.5. Materials	mesh	n/a	
Fluent-TG	Chapter 11: Using Sliding Meshes	11.4.6. Cell Zone Conditions	mesh	present	src/dynamics/SixDof.hpp:17; src/core/IWallDistanceService.hpp:31; src/core/BoundaryConditionRegistry.hpp:9
Fluent-TG	Chapter 11: Using Sliding Meshes	11.4.7. Boundary Conditions	mesh	present	src/dynamics/SixDof.hpp:17; src/core/IWallDistanceService.hpp:31; src/core/BoundaryConditionRegistry.hpp:9
Fluent-TG	Chapter 11: Using Sliding Meshes	Using Sliding Meshes	mesh	partial	src/dynamics/SixDof.hpp:17; src/core/IWallDistanceService.hpp:31
Fluent-TG	Chapter 11: Using Sliding Meshes	11.4.8. Operating Conditions	mesh	present	src/gpu/GpuKernels.hpp:6; src/dynamics/SixDof.hpp:17; src/core/IWallDistanceService.hpp:31
Fluent-TG	Chapter 11: Using Sliding Meshes	11.4.9. Mesh Interfaces	mesh	present	src/gui/Dialogs.cpp:232; src/dynamics/SixDof.hpp:17; src/core/IWallDistanceService.hpp:31
Fluent-TG	Chapter 11: Using Sliding Meshes	11.4.10. Solution	mesh	partial	src/dynamics/SixDof.hpp:17; src/core/IWallDistanceService.hpp:31
Fluent-TG	Chapter 11: Using Sliding Meshes	Using Sliding Meshes	mesh	partial	src/dynamics/SixDof.hpp:17; src/core/IWallDistanceService.hpp:31
Fluent-TG	Chapter 11: Using Sliding Meshes	Using Sliding Meshes	mesh	partial	src/dynamics/SixDof.hpp:17; src/core/IWallDistanceService.hpp:31
Fluent-TG	Chapter 11: Using Sliding Meshes	Using Sliding Meshes	mesh	partial	src/dynamics/SixDof.hpp:17; src/core/IWallDistanceService.hpp:31
Fluent-TG	Chapter 11: Using Sliding Meshes	Using Sliding Meshes	mesh	partial	src/dynamics/SixDof.hpp:17; src/core/IWallDistanceService.hpp:31
Fluent-TG	Chapter 11: Using Sliding Meshes	11.4.11. Postprocessing	mesh	n/a	
Fluent-TG	Chapter 11: Using Sliding Meshes	Using Sliding Meshes	mesh	partial	src/dynamics/SixDof.hpp:17; src/core/IWallDistanceService.hpp:31
Fluent-TG	Chapter 11: Using Sliding Meshes	Using Sliding Meshes	mesh	partial	src/dynamics/SixDof.hpp:17; src/core/IWallDistanceService.hpp:31
Fluent-TG	Chapter 11: Using Sliding Meshes	11.5. Summary	mesh	n/a	
Fluent-TG	Chapter 11: Using Sliding Meshes	11.6. Further Improvements	mesh	n/a	
Fluent-TG	Chapter 12: Using Dynamic Meshes	Chapter 12: Using Dynamic Meshes	mesh	partial	src/adjoint/ContinuousAdjoint.hpp:42; src/core/IWallDistanceService.hpp:31
Fluent-TG	Chapter 12: Using Dynamic Meshes	12.1. Introduction	mesh	n/a	
Fluent-TG	Chapter 12: Using Dynamic Meshes	12.2. Prerequisites	mesh	n/a	
Fluent-TG	Chapter 12: Using Dynamic Meshes	12.3. Problem Description	mesh	n/a	
Fluent-TG	Chapter 12: Using Dynamic Meshes	12.4. Setup and Solution	mesh	partial	src/adjoint/ContinuousAdjoint.hpp:42; src/core/IWallDistanceService.hpp:31
Fluent-TG	Chapter 12: Using Dynamic Meshes	12.5. Summary	mesh	n/a	
Fluent-TG	Chapter 12: Using Dynamic Meshes	12.6. Further Improvements	mesh	n/a	
Fluent-TG	Chapter 12: Using Dynamic Meshes	12.1. Introduction	mesh	n/a	
Fluent-TG	Chapter 12: Using Dynamic Meshes	12.2. Prerequisites	mesh	n/a	
Fluent-TG	Chapter 12: Using Dynamic Meshes	12.3. Problem Description	mesh	n/a	
Fluent-TG	Chapter 12: Using Dynamic Meshes	12.4. Setup and Solution	mesh	partial	src/adjoint/ContinuousAdjoint.hpp:42; src/core/IWallDistanceService.hpp:31
Fluent-TG	Chapter 12: Using Dynamic Meshes	12.4.1. Preparation	mesh	n/a	
Fluent-TG	Chapter 12: Using Dynamic Meshes	12.4.2. Mesh	mesh	n/a	
Fluent-TG	Chapter 12: Using Dynamic Meshes	12.4.3. General Settings	mesh	partial	src/adjoint/ContinuousAdjoint.hpp:42; src/core/IWallDistanceService.hpp:31
Fluent-TG	Chapter 12: Using Dynamic Meshes	12.4.4. Models	mesh	partial	src/adjoint/ContinuousAdjoint.hpp:42; src/core/IWallDistanceService.hpp:31
Fluent-TG	Chapter 12: Using Dynamic Meshes	12.4.5. Materials	mesh	n/a	
Fluent-TG	Chapter 12: Using Dynamic Meshes	12.4.6. Boundary Conditions	mesh	present	src/adjoint/ContinuousAdjoint.hpp:42; src/core/IWallDistanceService.hpp:31; src/core/BoundaryConditionRegistry.hpp:9
Fluent-TG	Chapter 12: Using Dynamic Meshes	12.4.7. Solution: Steady Flow	mesh	present	src/adjoint/ContinuousAdjoint.hpp:42; src/adjoint/DiscreteAdjoint.hpp:6; src/core/IWallDistanceService.hpp:31
Fluent-TG	Chapter 12: Using Dynamic Meshes	12.4.9. Mesh Motion	mesh	present	src/acoustics/FwhSurface.cpp:116; src/adjoint/ContinuousAdjoint.hpp:42; src/core/IWallDistanceService.hpp:31
Fluent-TG	Chapter 12: Using Dynamic Meshes	12.4.11. Postprocessing	mesh	n/a	
Fluent-TG	Chapter 12: Using Dynamic Meshes	12.4.1. Preparation	mesh	n/a	
Fluent-TG	Chapter 12: Using Dynamic Meshes	12.4.2. Mesh	mesh	n/a	
Fluent-TG	Chapter 12: Using Dynamic Meshes	12.4.3. General Settings	mesh	partial	src/adjoint/ContinuousAdjoint.hpp:42; src/core/IWallDistanceService.hpp:31
Fluent-TG	Chapter 12: Using Dynamic Meshes	Using Dynamic Meshes	mesh	partial	src/adjoint/ContinuousAdjoint.hpp:42; src/core/IWallDistanceService.hpp:31
Fluent-TG	Chapter 12: Using Dynamic Meshes	12.4.4. Models	mesh	partial	src/adjoint/ContinuousAdjoint.hpp:42; src/core/IWallDistanceService.hpp:31
Fluent-TG	Chapter 12: Using Dynamic Meshes	12.4.5. Materials	mesh	n/a	
Fluent-TG	Chapter 12: Using Dynamic Meshes	12.4.6. Boundary Conditions	mesh	present	src/adjoint/ContinuousAdjoint.hpp:42; src/core/IWallDistanceService.hpp:31; src/core/BoundaryConditionRegistry.hpp:9
Fluent-TG	Chapter 12: Using Dynamic Meshes	12.4.7. Solution: Steady Flow	mesh	present	src/adjoint/ContinuousAdjoint.hpp:42; src/adjoint/DiscreteAdjoint.hpp:6; src/core/IWallDistanceService.hpp:31
Fluent-TG	Chapter 12: Using Dynamic Meshes	Using Dynamic Meshes	mesh	partial	src/adjoint/ContinuousAdjoint.hpp:42; src/core/IWallDistanceService.hpp:31
Fluent-TG	Chapter 12: Using Dynamic Meshes	12.4.8. Time-Dependent Solution Setup	mesh	present	src/io/CgnsWriter.cpp:14; src/adjoint/ContinuousAdjoint.hpp:42; src/core/IWallDistanceService.hpp:31
Fluent-TG	Chapter 12: Using Dynamic Meshes	12.4.9. Mesh Motion	mesh	present	src/acoustics/FwhSurface.cpp:116; src/adjoint/ContinuousAdjoint.hpp:42; src/core/IWallDistanceService.hpp:31
Fluent-TG	Chapter 12: Using Dynamic Meshes	Using Dynamic Meshes	mesh	partial	src/adjoint/ContinuousAdjoint.hpp:42; src/core/IWallDistanceService.hpp:31
Fluent-TG	Chapter 12: Using Dynamic Meshes	Using Dynamic Meshes	mesh	partial	src/adjoint/ContinuousAdjoint.hpp:42; src/core/IWallDistanceService.hpp:31
Fluent-TG	Chapter 12: Using Dynamic Meshes	Using Dynamic Meshes	mesh	partial	src/adjoint/ContinuousAdjoint.hpp:42; src/core/IWallDistanceService.hpp:31
Fluent-TG	Chapter 12: Using Dynamic Meshes	12.4.10. Time-Dependent Solution	mesh	present	src/io/CgnsWriter.cpp:14; src/adjoint/ContinuousAdjoint.hpp:42; src/core/IWallDistanceService.hpp:31
Fluent-TG	Chapter 12: Using Dynamic Meshes	Using Dynamic Meshes	mesh	partial	src/adjoint/ContinuousAdjoint.hpp:42; src/core/IWallDistanceService.hpp:31
Fluent-TG	Chapter 12: Using Dynamic Meshes	12.4.11. Postprocessing	mesh	n/a	
Fluent-TG	Chapter 12: Using Dynamic Meshes	12.5. Summary	mesh	n/a	
Fluent-TG	Chapter 12: Using Dynamic Meshes	12.6. Further Improvements	mesh	n/a	
Fluent-TG	Chapter 13: Modeling Species Transport and Gaseous Combustion	Chapter 13: Modeling Species Transport and Gaseous Combustion	turbulence	partial	src/combustion/CanteraParser.hpp:10
Fluent-TG	Chapter 13: Modeling Species Transport and Gaseous Combustion	13.1. Introduction	turbulence	n/a	
Fluent-TG	Chapter 13: Modeling Species Transport and Gaseous Combustion	13.2. Prerequisites	turbulence	n/a	
Fluent-TG	Chapter 13: Modeling Species Transport and Gaseous Combustion	13.3. Problem Description	turbulence	n/a	
Fluent-TG	Chapter 13: Modeling Species Transport and Gaseous Combustion	13.4. Background	turbulence	partial	src/amr/RefinementApplier.hpp:6; src/combustion/CanteraParser.hpp:10
Fluent-TG	Chapter 13: Modeling Species Transport and Gaseous Combustion	13.5. Setup and Solution	turbulence	partial	src/combustion/CanteraParser.hpp:10
Fluent-TG	Chapter 13: Modeling Species Transport and Gaseous Combustion	13.6. Summary	turbulence	n/a	
Fluent-TG	Chapter 13: Modeling Species Transport and Gaseous Combustion	13.7. Further Improvements	turbulence	n/a	
Fluent-TG	Chapter 13: Modeling Species Transport and Gaseous Combustion	13.1. Introduction	turbulence	n/a	
Fluent-TG	Chapter 13: Modeling Species Transport and Gaseous Combustion	13.2. Prerequisites	turbulence	n/a	
Fluent-TG	Chapter 13: Modeling Species Transport and Gaseous Combustion	13.3. Problem Description	turbulence	n/a	
Fluent-TG	Chapter 13: Modeling Species Transport and Gaseous Combustion	13.4. Background	turbulence	partial	src/amr/RefinementApplier.hpp:6; src/combustion/CanteraParser.hpp:10
Fluent-TG	Chapter 13: Modeling Species Transport and Gaseous Combustion	13.5. Setup and Solution	turbulence	partial	src/combustion/CanteraParser.hpp:10
Fluent-TG	Chapter 13: Modeling Species Transport and Gaseous Combustion	13.5.1. Preparation	turbulence	n/a	
Fluent-TG	Chapter 13: Modeling Species Transport and Gaseous Combustion	13.5.2. Mesh	mesh	n/a	
Fluent-TG	Chapter 13: Modeling Species Transport and Gaseous Combustion	13.5.3. General Settings	turbulence	partial	src/combustion/CanteraParser.hpp:10
Fluent-TG	Chapter 13: Modeling Species Transport and Gaseous Combustion	13.5.4. Models	turbulence	partial	src/combustion/CanteraParser.hpp:10
Fluent-TG	Chapter 13: Modeling Species Transport and Gaseous Combustion	13.5.5. Materials	turbulence	n/a	
Fluent-TG	Chapter 13: Modeling Species Transport and Gaseous Combustion	13.5.6. Boundary Conditions	bc	partial	src/combustion/CanteraParser.hpp:10; src/core/BoundaryConditionRegistry.hpp:9
Fluent-TG	Chapter 13: Modeling Species Transport and Gaseous Combustion	13.5.7. Initial Reaction Solution	turbulence	present	src/core/ThreadPool.cpp:57; src/combustion/CanteraParser.hpp:11; src/combustion/CanteraParser.hpp:10
Fluent-TG	Chapter 13: Modeling Species Transport and Gaseous Combustion	13.5.8. Postprocessing	turbulence	n/a	
Fluent-TG	Chapter 13: Modeling Species Transport and Gaseous Combustion	13.5.9. NOx Prediction	turbulence	partial	src/combustion/CanteraParser.hpp:10
Fluent-TG	Chapter 13: Modeling Species Transport and Gaseous Combustion	13.5.1. Preparation	turbulence	n/a	
Fluent-TG	Chapter 13: Modeling Species Transport and Gaseous Combustion	13.5.2. Mesh	mesh	n/a	
Fluent-TG	Chapter 13: Modeling Species Transport and Gaseous Combustion	13.5.3. General Settings	turbulence	partial	src/combustion/CanteraParser.hpp:10
Fluent-TG	Chapter 13: Modeling Species Transport and Gaseous Combustion	Modeling Species Transport and Gaseous Combustion	turbulence	partial	src/combustion/CanteraParser.hpp:10
Fluent-TG	Chapter 13: Modeling Species Transport and Gaseous Combustion	Extra	turbulence	partial	src/combustion/LaminarFiniteRate.hpp:14; src/combustion/CanteraParser.hpp:10
Fluent-TG	Chapter 13: Modeling Species Transport and Gaseous Combustion	13.5.4. Models	turbulence	partial	src/combustion/CanteraParser.hpp:10
Fluent-TG	Chapter 13: Modeling Species Transport and Gaseous Combustion	13.5.5. Materials	turbulence	n/a	
Fluent-TG	Chapter 13: Modeling Species Transport and Gaseous Combustion	13.5.6. Boundary Conditions	bc	partial	src/combustion/CanteraParser.hpp:10; src/core/BoundaryConditionRegistry.hpp:9
Fluent-TG	Chapter 13: Modeling Species Transport and Gaseous Combustion	Modeling Species Transport and Gaseous Combustion	turbulence	partial	src/combustion/CanteraParser.hpp:10
Fluent-TG	Chapter 13: Modeling Species Transport and Gaseous Combustion	13.5.7. Initial Reaction Solution	turbulence	present	src/core/ThreadPool.cpp:57; src/combustion/CanteraParser.hpp:11; src/combustion/CanteraParser.hpp:10
Fluent-TG	Chapter 13: Modeling Species Transport and Gaseous Combustion	Modeling Species Transport and Gaseous Combustion	turbulence	partial	src/combustion/CanteraParser.hpp:10
Fluent-TG	Chapter 13: Modeling Species Transport and Gaseous Combustion	13.5.8. Postprocessing	turbulence	n/a	
Fluent-TG	Chapter 13: Modeling Species Transport and Gaseous Combustion	Modeling Species Transport and Gaseous Combustion	turbulence	partial	src/combustion/CanteraParser.hpp:10
Fluent-TG	Chapter 13: Modeling Species Transport and Gaseous Combustion	Modeling Species Transport and Gaseous Combustion	turbulence	partial	src/combustion/CanteraParser.hpp:10
Fluent-TG	Chapter 13: Modeling Species Transport and Gaseous Combustion	13.5.9. NOx Prediction	turbulence	partial	src/combustion/CanteraParser.hpp:10
Fluent-TG	Chapter 13: Modeling Species Transport and Gaseous Combustion	Modeling Species Transport and Gaseous Combustion	turbulence	partial	src/combustion/CanteraParser.hpp:10
Fluent-TG	Chapter 13: Modeling Species Transport and Gaseous Combustion	Modeling Species Transport and Gaseous Combustion	turbulence	partial	src/combustion/CanteraParser.hpp:10
Fluent-TG	Chapter 13: Modeling Species Transport and Gaseous Combustion	Further Improvements	turbulence	n/a	
Fluent-TG	Chapter 13: Modeling Species Transport and Gaseous Combustion	13.6. Summary	turbulence	n/a	
Fluent-TG	Chapter 13: Modeling Species Transport and Gaseous Combustion	13.7. Further Improvements	turbulence	n/a	
Fluent-TG	Chapter 13: Modeling Species Transport and Gaseous Combustion	Modeling Species Transport and Gaseous Combustion	turbulence	partial	src/combustion/CanteraParser.hpp:10
Fluent-TG	Chapter 14: Using the Non-Premixed Combustion Model	Chapter 14: Using the Non-Premixed Combustion Model	combustion	partial	src/combustion/Combustion.hpp:13
Fluent-TG	Chapter 14: Using the Non-Premixed Combustion Model	14.1. Introduction	combustion	n/a	
Fluent-TG	Chapter 14: Using the Non-Premixed Combustion Model	14.2. Prerequisites	combustion	n/a	
Fluent-TG	Chapter 14: Using the Non-Premixed Combustion Model	14.3. Problem Description	combustion	n/a	
Fluent-TG	Chapter 14: Using the Non-Premixed Combustion Model	14.4. Setup and Solution	combustion	partial	src/combustion/Combustion.hpp:13
Fluent-TG	Chapter 14: Using the Non-Premixed Combustion Model	14.5. Summary	combustion	n/a	
Fluent-TG	Chapter 14: Using the Non-Premixed Combustion Model	14.6. References	combustion	n/a	
Fluent-TG	Chapter 14: Using the Non-Premixed Combustion Model	14.7. Further Improvements	combustion	n/a	
Fluent-TG	Chapter 14: Using the Non-Premixed Combustion Model	14.1. Introduction	combustion	n/a	
Fluent-TG	Chapter 14: Using the Non-Premixed Combustion Model	14.2. Prerequisites	combustion	n/a	
Fluent-TG	Chapter 14: Using the Non-Premixed Combustion Model	14.3. Problem Description	combustion	n/a	
Fluent-TG	Chapter 14: Using the Non-Premixed Combustion Model	14.4. Setup and Solution	combustion	partial	src/combustion/Combustion.hpp:13
Fluent-TG	Chapter 14: Using the Non-Premixed Combustion Model	14.4.1. Preparation	combustion	n/a	
Fluent-TG	Chapter 14: Using the Non-Premixed Combustion Model	14.4.2. Reading and Checking the Mesh	mesh	partial	src/io/MeshFormats.hpp:7; src/combustion/Combustion.hpp:13
Fluent-TG	Chapter 14: Using the Non-Premixed Combustion Model	14.4.3. Specifying Solver and Analysis Type	combustion	partial	src/gpu/GpuKernels.cpp:331; src/combustion/Combustion.hpp:13
Fluent-TG	Chapter 14: Using the Non-Premixed Combustion Model	14.4.4. Specifying the Models	combustion	partial	src/combustion/Combustion.hpp:13
Fluent-TG	Chapter 14: Using the Non-Premixed Combustion Model	14.4.5. Defining Materials and Properties	combustion	partial	src/combustion/Combustion.hpp:13; src/cad/CMakeLists.txt:42
Fluent-TG	Chapter 14: Using the Non-Premixed Combustion Model	14.4.6. Specifying Boundary Conditions	bc	partial	src/combustion/Combustion.hpp:13; src/core/BoundaryConditionRegistry.hpp:9
Fluent-TG	Chapter 14: Using the Non-Premixed Combustion Model	14.4.7. Specifying Operating Conditions	combustion	present	src/gpu/GpuKernels.hpp:6; src/combustion/Combustion.hpp:13; src/core/BoundaryConditionRegistry.hpp:9
Fluent-TG	Chapter 14: Using the Non-Premixed Combustion Model	14.4.8. Obtaining Solution	combustion	partial	src/combustion/Combustion.hpp:13
Fluent-TG	Chapter 14: Using the Non-Premixed Combustion Model	14.4.9. Postprocessing	combustion	n/a	
Fluent-TG	Chapter 14: Using the Non-Premixed Combustion Model	14.4.10. Energy Balances Reporting	combustion	present	src/gpu/BicgstabGpu.hpp:7; src/cad/Tessellator.hpp:16; src/combustion/Combustion.hpp:13
Fluent-TG	Chapter 14: Using the Non-Premixed Combustion Model	14.4.1. Preparation	combustion	n/a	
Fluent-TG	Chapter 14: Using the Non-Premixed Combustion Model	14.4.2. Reading and Checking the Mesh	mesh	partial	src/io/MeshFormats.hpp:7; src/combustion/Combustion.hpp:13
Fluent-TG	Chapter 14: Using the Non-Premixed Combustion Model	Using the Non-Premixed Combustion Model	combustion	partial	src/combustion/Combustion.hpp:13
Fluent-TG	Chapter 14: Using the Non-Premixed Combustion Model	Extra	combustion	partial	src/combustion/Combustion.hpp:13; src/combustion/LaminarFiniteRate.hpp:14
Fluent-TG	Chapter 14: Using the Non-Premixed Combustion Model	14.4.3. Specifying Solver and Analysis Type	combustion	partial	src/gpu/GpuKernels.cpp:331; src/combustion/Combustion.hpp:13
Fluent-TG	Chapter 14: Using the Non-Premixed Combustion Model	14.4.4. Specifying the Models	combustion	partial	src/combustion/Combustion.hpp:13
Fluent-TG	Chapter 14: Using the Non-Premixed Combustion Model	Using the Non-Premixed Combustion Model	combustion	partial	src/combustion/Combustion.hpp:13
Fluent-TG	Chapter 14: Using the Non-Premixed Combustion Model	Using the Non-Premixed Combustion Model	combustion	partial	src/combustion/Combustion.hpp:13
Fluent-TG	Chapter 14: Using the Non-Premixed Combustion Model	14.4.5. Defining Materials and Properties	combustion	partial	src/combustion/Combustion.hpp:13; src/cad/CMakeLists.txt:42
Fluent-TG	Chapter 14: Using the Non-Premixed Combustion Model	Using the Non-Premixed Combustion Model	combustion	partial	src/combustion/Combustion.hpp:13
Fluent-TG	Chapter 14: Using the Non-Premixed Combustion Model	14.4.6. Specifying Boundary Conditions	bc	partial	src/combustion/Combustion.hpp:13; src/core/BoundaryConditionRegistry.hpp:9
Fluent-TG	Chapter 14: Using the Non-Premixed Combustion Model	Using the Non-Premixed Combustion Model	combustion	partial	src/combustion/Combustion.hpp:13
Fluent-TG	Chapter 14: Using the Non-Premixed Combustion Model	Using the Non-Premixed Combustion Model	combustion	partial	src/combustion/Combustion.hpp:13
Fluent-TG	Chapter 14: Using the Non-Premixed Combustion Model	14.4.7. Specifying Operating Conditions	combustion	present	src/gpu/GpuKernels.hpp:6; src/combustion/Combustion.hpp:13; src/core/BoundaryConditionRegistry.hpp:9
Fluent-TG	Chapter 14: Using the Non-Premixed Combustion Model	14.4.8. Obtaining Solution	combustion	partial	src/combustion/Combustion.hpp:13
Fluent-TG	Chapter 14: Using the Non-Premixed Combustion Model	Using the Non-Premixed Combustion Model	combustion	partial	src/combustion/Combustion.hpp:13
Fluent-TG	Chapter 14: Using the Non-Premixed Combustion Model	14.4.9. Postprocessing	combustion	n/a	
Fluent-TG	Chapter 14: Using the Non-Premixed Combustion Model	Using the Non-Premixed Combustion Model	combustion	partial	src/combustion/Combustion.hpp:13
Fluent-TG	Chapter 14: Using the Non-Premixed Combustion Model	14.4.10. Energy Balances Reporting	combustion	present	src/gpu/BicgstabGpu.hpp:7; src/cad/Tessellator.hpp:16; src/combustion/Combustion.hpp:13
Fluent-TG	Chapter 14: Using the Non-Premixed Combustion Model	14.5. Summary	combustion	n/a	
Fluent-TG	Chapter 14: Using the Non-Premixed Combustion Model	14.6. References	combustion	n/a	
Fluent-TG	Chapter 14: Using the Non-Premixed Combustion Model	14.7. Further Improvements	combustion	n/a	
Fluent-TG	Chapter 15: Modeling Surface Chemistry	Chapter 15: Modeling Surface Chemistry	combustion	partial	src/combustion/CanteraParser.hpp:6
Fluent-TG	Chapter 15: Modeling Surface Chemistry	15.1. Introduction	combustion	n/a	
Fluent-TG	Chapter 15: Modeling Surface Chemistry	15.2. Prerequisites	combustion	n/a	
Fluent-TG	Chapter 15: Modeling Surface Chemistry	15.3. Problem Description	combustion	n/a	
Fluent-TG	Chapter 15: Modeling Surface Chemistry	15.4. Setup and Solution	combustion	partial	src/combustion/CanteraParser.hpp:6
Fluent-TG	Chapter 15: Modeling Surface Chemistry	15.5. Summary	combustion	n/a	
Fluent-TG	Chapter 15: Modeling Surface Chemistry	15.6. Further Improvements	combustion	n/a	
Fluent-TG	Chapter 15: Modeling Surface Chemistry	15.1. Introduction	combustion	n/a	
Fluent-TG	Chapter 15: Modeling Surface Chemistry	15.2. Prerequisites	combustion	n/a	
Fluent-TG	Chapter 15: Modeling Surface Chemistry	Modeling Surface Chemistry	combustion	partial	src/combustion/CanteraParser.hpp:6
Fluent-TG	Chapter 15: Modeling Surface Chemistry	15.3. Problem Description	combustion	n/a	
Fluent-TG	Chapter 15: Modeling Surface Chemistry	15.4. Setup and Solution	combustion	partial	src/combustion/CanteraParser.hpp:6
Fluent-TG	Chapter 15: Modeling Surface Chemistry	15.4.1. Preparation	combustion	n/a	
Fluent-TG	Chapter 15: Modeling Surface Chemistry	15.4.2. Reading and Checking the Mesh	mesh	partial	src/io/MeshFormats.hpp:7; src/combustion/CanteraParser.hpp:6
Fluent-TG	Chapter 15: Modeling Surface Chemistry	15.4.3. Solver and Analysis Type	combustion	partial	src/gpu/GpuKernels.cpp:331; src/combustion/CanteraParser.hpp:6
Fluent-TG	Chapter 15: Modeling Surface Chemistry	15.4.4. Specifying the Models	combustion	partial	src/combustion/CanteraParser.hpp:6
Fluent-TG	Chapter 15: Modeling Surface Chemistry	15.4.5. Defining Materials and Properties	combustion	partial	src/combustion/CanteraParser.hpp:6; src/cad/CMakeLists.txt:42
Fluent-TG	Chapter 15: Modeling Surface Chemistry	15.4.6. Specifying Boundary Conditions	bc	partial	src/combustion/CanteraParser.hpp:6; src/core/BoundaryConditionRegistry.hpp:9
Fluent-TG	Chapter 15: Modeling Surface Chemistry	15.4.7. Setting the Operating Conditions	combustion	present	src/core/Command.hpp:7; src/gpu/GpuKernels.hpp:6; src/combustion/CanteraParser.hpp:6
Fluent-TG	Chapter 15: Modeling Surface Chemistry	15.4.8. Simulating Non-Reacting Flow	combustion	partial	src/combustion/CanteraParser.hpp:6
Fluent-TG	Chapter 15: Modeling Surface Chemistry	15.4.9. Simulating Reacting Flow	combustion	partial	src/combustion/CanteraParser.hpp:6
Fluent-TG	Chapter 15: Modeling Surface Chemistry	15.4.10. Postprocessing the Solution Results	combustion	partial	src/core/TaskGraph.hpp:14; src/combustion/CanteraParser.hpp:6
Fluent-TG	Chapter 15: Modeling Surface Chemistry	15.4.1. Preparation	combustion	n/a	
Fluent-TG	Chapter 15: Modeling Surface Chemistry	Modeling Surface Chemistry	combustion	partial	src/combustion/CanteraParser.hpp:6
Fluent-TG	Chapter 15: Modeling Surface Chemistry	15.4.2. Reading and Checking the Mesh	mesh	partial	src/io/MeshFormats.hpp:7; src/combustion/CanteraParser.hpp:6
Fluent-TG	Chapter 15: Modeling Surface Chemistry	Modeling Surface Chemistry	combustion	partial	src/combustion/CanteraParser.hpp:6
Fluent-TG	Chapter 15: Modeling Surface Chemistry	Extra	combustion	partial	src/combustion/LaminarFiniteRate.hpp:14; src/combustion/CanteraParser.hpp:6
Fluent-TG	Chapter 15: Modeling Surface Chemistry	15.4.3. Solver and Analysis Type	combustion	partial	src/gpu/GpuKernels.cpp:331; src/combustion/CanteraParser.hpp:6
Fluent-TG	Chapter 15: Modeling Surface Chemistry	15.4.4. Specifying the Models	combustion	partial	src/combustion/CanteraParser.hpp:6
Fluent-TG	Chapter 15: Modeling Surface Chemistry	Modeling Surface Chemistry	combustion	partial	src/combustion/CanteraParser.hpp:6
Fluent-TG	Chapter 15: Modeling Surface Chemistry	15.4.5. Defining Materials and Properties	combustion	partial	src/combustion/CanteraParser.hpp:6; src/cad/CMakeLists.txt:42
Fluent-TG	Chapter 15: Modeling Surface Chemistry	Extra	combustion	partial	src/combustion/LaminarFiniteRate.hpp:14; src/combustion/CanteraParser.hpp:6
Fluent-TG	Chapter 15: Modeling Surface Chemistry	Modeling Surface Chemistry	combustion	partial	src/combustion/CanteraParser.hpp:6
Fluent-TG	Chapter 15: Modeling Surface Chemistry	15.4.6. Specifying Boundary Conditions	bc	partial	src/combustion/CanteraParser.hpp:6; src/core/BoundaryConditionRegistry.hpp:9
Fluent-TG	Chapter 15: Modeling Surface Chemistry	Modeling Surface Chemistry	combustion	partial	src/combustion/CanteraParser.hpp:6
Fluent-TG	Chapter 15: Modeling Surface Chemistry	15.4.7. Setting the Operating Conditions	combustion	present	src/core/Command.hpp:7; src/gpu/GpuKernels.hpp:6; src/combustion/CanteraParser.hpp:6
Fluent-TG	Chapter 15: Modeling Surface Chemistry	15.4.8. Simulating Non-Reacting Flow	combustion	partial	src/combustion/CanteraParser.hpp:6
Fluent-TG	Chapter 15: Modeling Surface Chemistry	15.4.9. Simulating Reacting Flow	combustion	partial	src/combustion/CanteraParser.hpp:6
Fluent-TG	Chapter 15: Modeling Surface Chemistry	Modeling Surface Chemistry	combustion	partial	src/combustion/CanteraParser.hpp:6
Fluent-TG	Chapter 15: Modeling Surface Chemistry	15.4.10. Postprocessing the Solution Results	combustion	partial	src/core/TaskGraph.hpp:14; src/combustion/CanteraParser.hpp:6
Fluent-TG	Chapter 15: Modeling Surface Chemistry	Modeling Surface Chemistry	combustion	partial	src/combustion/CanteraParser.hpp:6
Fluent-TG	Chapter 15: Modeling Surface Chemistry	Modeling Surface Chemistry	combustion	partial	src/combustion/CanteraParser.hpp:6
Fluent-TG	Chapter 15: Modeling Surface Chemistry	Summary	combustion	n/a	
Fluent-TG	Chapter 15: Modeling Surface Chemistry	Extra	combustion	partial	src/combustion/LaminarFiniteRate.hpp:14; src/combustion/CanteraParser.hpp:6
Fluent-TG	Chapter 15: Modeling Surface Chemistry	15.5. Summary	combustion	n/a	
Fluent-TG	Chapter 15: Modeling Surface Chemistry	Modeling Surface Chemistry	combustion	partial	src/combustion/CanteraParser.hpp:6
Fluent-TG	Chapter 15: Modeling Surface Chemistry	15.6. Further Improvements	combustion	n/a	
Fluent-TG	Chapter 16: Modeling Evaporating Liquid Spray	Chapter 16: Modeling Evaporating Liquid Spray	other	partial	src/multiphase/Multiphase.hpp:5; src/emag/Mhd.hpp:5
Fluent-TG	Chapter 16: Modeling Evaporating Liquid Spray	16.1. Introduction	other	n/a	
Fluent-TG	Chapter 16: Modeling Evaporating Liquid Spray	16.2. Prerequisites	other	n/a	
Fluent-TG	Chapter 16: Modeling Evaporating Liquid Spray	16.3. Problem Description	other	n/a	
Fluent-TG	Chapter 16: Modeling Evaporating Liquid Spray	16.4. Setup and Solution	other	partial	src/multiphase/Multiphase.hpp:5; src/emag/Mhd.hpp:5
Fluent-TG	Chapter 16: Modeling Evaporating Liquid Spray	16.5. Summary	other	n/a	
Fluent-TG	Chapter 16: Modeling Evaporating Liquid Spray	16.6. Further Improvements	other	n/a	
Fluent-TG	Chapter 16: Modeling Evaporating Liquid Spray	16.1. Introduction	other	n/a	
Fluent-TG	Chapter 16: Modeling Evaporating Liquid Spray	16.2. Prerequisites	other	n/a	
Fluent-TG	Chapter 16: Modeling Evaporating Liquid Spray	16.3. Problem Description	other	n/a	
Fluent-TG	Chapter 16: Modeling Evaporating Liquid Spray	Methanol is cooled to	other	partial	src/multiphase/Multiphase.hpp:5; src/emag/Mhd.hpp:5
Fluent-TG	Chapter 16: Modeling Evaporating Liquid Spray	Modeling Evaporating Liquid Spray	other	partial	src/multiphase/Multiphase.hpp:5; src/emag/Mhd.hpp:5
Fluent-TG	Chapter 16: Modeling Evaporating Liquid Spray	16.4. Setup and Solution	other	partial	src/multiphase/Multiphase.hpp:5; src/emag/Mhd.hpp:5
Fluent-TG	Chapter 16: Modeling Evaporating Liquid Spray	16.4.1. Preparation	other	n/a	
Fluent-TG	Chapter 16: Modeling Evaporating Liquid Spray	16.4.2. Mesh	mesh	n/a	
Fluent-TG	Chapter 16: Modeling Evaporating Liquid Spray	16.4.3. Solver	solver	partial	src/multiphase/Multiphase.hpp:5; src/emag/Mhd.hpp:5
Fluent-TG	Chapter 16: Modeling Evaporating Liquid Spray	16.4.4. Models	other	partial	src/multiphase/Multiphase.hpp:5; src/emag/Mhd.hpp:5
Fluent-TG	Chapter 16: Modeling Evaporating Liquid Spray	16.4.5. Materials	materials	n/a	
Fluent-TG	Chapter 16: Modeling Evaporating Liquid Spray	16.4.6. Boundary Conditions	bc	present	src/multiphase/Multiphase.hpp:5; src/emag/Mhd.hpp:5; src/core/BoundaryConditionRegistry.hpp:9
Fluent-TG	Chapter 16: Modeling Evaporating Liquid Spray	16.4.7. Initial Solution Without Droplets	other	present	src/multiphase/Multiphase.hpp:5; src/multiphase/DriftFlux.hpp:5; src/core/ThreadPool.cpp:57
Fluent-TG	Chapter 16: Modeling Evaporating Liquid Spray	16.4.8. Creating a Spray Injection	other	present	src/multiphase/Multiphase.hpp:5; src/core/ServiceLocator.hpp:12; src/emag/Mhd.hpp:5
Fluent-TG	Chapter 16: Modeling Evaporating Liquid Spray	16.4.9. Solution	other	partial	src/multiphase/Multiphase.hpp:5; src/emag/Mhd.hpp:5
Fluent-TG	Chapter 16: Modeling Evaporating Liquid Spray	16.4.10. Postprocessing	postprocessing	n/a	
Fluent-TG	Chapter 16: Modeling Evaporating Liquid Spray	16.4.1. Preparation	other	n/a	
Fluent-TG	Chapter 16: Modeling Evaporating Liquid Spray	16.4.2. Mesh	mesh	n/a	
Fluent-TG	Chapter 16: Modeling Evaporating Liquid Spray	Modeling Evaporating Liquid Spray	other	partial	src/multiphase/Multiphase.hpp:5; src/emag/Mhd.hpp:5
Fluent-TG	Chapter 16: Modeling Evaporating Liquid Spray	16.4.3. Solver	solver	partial	src/multiphase/Multiphase.hpp:5; src/emag/Mhd.hpp:5
Fluent-TG	Chapter 16: Modeling Evaporating Liquid Spray	16.4.4. Models	other	partial	src/multiphase/Multiphase.hpp:5; src/emag/Mhd.hpp:5
Fluent-TG	Chapter 16: Modeling Evaporating Liquid Spray	16.4.5. Materials	materials	n/a	
Fluent-TG	Chapter 16: Modeling Evaporating Liquid Spray	Modeling Evaporating Liquid Spray	other	partial	src/multiphase/Multiphase.hpp:5; src/emag/Mhd.hpp:5
Fluent-TG	Chapter 16: Modeling Evaporating Liquid Spray	16.4.6. Boundary Conditions	bc	present	src/multiphase/Multiphase.hpp:5; src/emag/Mhd.hpp:5; src/core/BoundaryConditionRegistry.hpp:9
Fluent-TG	Chapter 16: Modeling Evaporating Liquid Spray	16.4.7. Initial Solution Without Droplets	other	present	src/multiphase/Multiphase.hpp:5; src/multiphase/DriftFlux.hpp:5; src/core/ThreadPool.cpp:57
Fluent-TG	Chapter 16: Modeling Evaporating Liquid Spray	Modeling Evaporating Liquid Spray	other	partial	src/multiphase/Multiphase.hpp:5; src/emag/Mhd.hpp:5
Fluent-TG	Chapter 16: Modeling Evaporating Liquid Spray	Modeling Evaporating Liquid Spray	other	partial	src/multiphase/Multiphase.hpp:5; src/emag/Mhd.hpp:5
Fluent-TG	Chapter 16: Modeling Evaporating Liquid Spray	16.4.8. Creating a Spray Injection	other	present	src/multiphase/Multiphase.hpp:5; src/core/ServiceLocator.hpp:12; src/emag/Mhd.hpp:5
Fluent-TG	Chapter 16: Modeling Evaporating Liquid Spray	For this problem, the injection should begin at	other	present	src/multiphase/Multiphase.hpp:5; src/core/ServiceLocator.hpp:12; src/emag/Mhd.hpp:5
Fluent-TG	Chapter 16: Modeling Evaporating Liquid Spray	Modeling Evaporating Liquid Spray	other	partial	src/multiphase/Multiphase.hpp:5; src/emag/Mhd.hpp:5
Fluent-TG	Chapter 16: Modeling Evaporating Liquid Spray	16.4.9. Solution	other	partial	src/multiphase/Multiphase.hpp:5; src/emag/Mhd.hpp:5
Fluent-TG	Chapter 16: Modeling Evaporating Liquid Spray	Modeling Evaporating Liquid Spray	other	partial	src/multiphase/Multiphase.hpp:5; src/emag/Mhd.hpp:5
Fluent-TG	Chapter 16: Modeling Evaporating Liquid Spray	Modeling Evaporating Liquid Spray	other	partial	src/multiphase/Multiphase.hpp:5; src/emag/Mhd.hpp:5
Fluent-TG	Chapter 16: Modeling Evaporating Liquid Spray	Modeling Evaporating Liquid Spray	other	partial	src/multiphase/Multiphase.hpp:5; src/emag/Mhd.hpp:5
Fluent-TG	Chapter 16: Modeling Evaporating Liquid Spray	16.4.10. Postprocessing	postprocessing	n/a	
Fluent-TG	Chapter 16: Modeling Evaporating Liquid Spray	Modeling Evaporating Liquid Spray	other	partial	src/multiphase/Multiphase.hpp:5; src/emag/Mhd.hpp:5
Fluent-TG	Chapter 16: Modeling Evaporating Liquid Spray	Modeling Evaporating Liquid Spray	other	partial	src/multiphase/Multiphase.hpp:5; src/emag/Mhd.hpp:5
Fluent-TG	Chapter 16: Modeling Evaporating Liquid Spray	Modeling Evaporating Liquid Spray	other	partial	src/multiphase/Multiphase.hpp:5; src/emag/Mhd.hpp:5
Fluent-TG	Chapter 16: Modeling Evaporating Liquid Spray	Modeling Evaporating Liquid Spray	other	partial	src/multiphase/Multiphase.hpp:5; src/emag/Mhd.hpp:5
Fluent-TG	Chapter 16: Modeling Evaporating Liquid Spray	16.5. Summary	other	n/a	
Fluent-TG	Chapter 16: Modeling Evaporating Liquid Spray	16.6. Further Improvements	other	n/a	
Fluent-TG	Chapter 17: Using the VOF Model	Chapter 17: Using the VOF Model	multiphase	n/a	
Fluent-TG	Chapter 17: Using the VOF Model	17.1. Introduction	multiphase	n/a	
Fluent-TG	Chapter 17: Using the VOF Model	17.2. Prerequisites	multiphase	n/a	
Fluent-TG	Chapter 17: Using the VOF Model	17.3. Problem Description	multiphase	n/a	
Fluent-TG	Chapter 17: Using the VOF Model	17.4. Setup and Solution	multiphase	n/a	
Fluent-TG	Chapter 17: Using the VOF Model	17.5. Summary	multiphase	n/a	
Fluent-TG	Chapter 17: Using the VOF Model	17.6. Further Improvements	multiphase	n/a	
Fluent-TG	Chapter 17: Using the VOF Model	17.1. Introduction	multiphase	n/a	
Fluent-TG	Chapter 17: Using the VOF Model	17.2. Prerequisites	multiphase	n/a	
Fluent-TG	Chapter 17: Using the VOF Model	17.3. Problem Description	multiphase	n/a	
Fluent-TG	Chapter 17: Using the VOF Model	17.4. Setup and Solution	multiphase	n/a	
Fluent-TG	Chapter 17: Using the VOF Model	17.4.1. Preparation	multiphase	n/a	
Fluent-TG	Chapter 17: Using the VOF Model	17.4.2. Reading and Manipulating the Mesh	mesh	partial	src/io/MeshFormats.hpp:7
Fluent-TG	Chapter 17: Using the VOF Model	17.4.3. General Settings	multiphase	n/a	
Fluent-TG	Chapter 17: Using the VOF Model	17.4.4. Models	multiphase	n/a	
Fluent-TG	Chapter 17: Using the VOF Model	17.4.5. Materials	multiphase	n/a	
Fluent-TG	Chapter 17: Using the VOF Model	17.4.6. Phases	multiphase	partial	src/combustion/CanteraParser.cpp:143
Fluent-TG	Chapter 17: Using the VOF Model	17.4.7. Operating Conditions	multiphase	partial	src/gpu/GpuKernels.hpp:6; src/core/BoundaryConditionRegistry.hpp:9
Fluent-TG	Chapter 17: Using the VOF Model	17.4.8. User-Defined Function (UDF)	multiphase	absent	
Fluent-TG	Chapter 17: Using the VOF Model	17.4.9. Boundary Conditions	bc	partial	src/core/BoundaryConditionRegistry.hpp:9
Fluent-TG	Chapter 17: Using the VOF Model	17.4.10. Solution	multiphase	n/a	
Fluent-TG	Chapter 17: Using the VOF Model	17.4.11. Postprocessing	multiphase	n/a	
Fluent-TG	Chapter 17: Using the VOF Model	17.4.1. Preparation	multiphase	n/a	
Fluent-TG	Chapter 17: Using the VOF Model	17.4.2. Reading and Manipulating the Mesh	mesh	partial	src/io/MeshFormats.hpp:7
Fluent-TG	Chapter 17: Using the VOF Model	Using the VOF Model	multiphase	n/a	
Fluent-TG	Chapter 17: Using the VOF Model	17.4.3. General Settings	multiphase	n/a	
Fluent-TG	Chapter 17: Using the VOF Model	17.4.4. Models	multiphase	n/a	
Fluent-TG	Chapter 17: Using the VOF Model	17.4.5. Materials	multiphase	n/a	
Fluent-TG	Chapter 17: Using the VOF Model	Using the VOF Model	multiphase	n/a	
Fluent-TG	Chapter 17: Using the VOF Model	17.4.6. Phases	multiphase	partial	src/combustion/CanteraParser.cpp:143
Fluent-TG	Chapter 17: Using the VOF Model	17.4.7. Operating Conditions	multiphase	partial	src/gpu/GpuKernels.hpp:6; src/core/BoundaryConditionRegistry.hpp:9
Fluent-TG	Chapter 17: Using the VOF Model	17.4.8. User-Defined Function (UDF)	multiphase	absent	
Fluent-TG	Chapter 17: Using the VOF Model	Using the VOF Model	multiphase	n/a	
Fluent-TG	Chapter 17: Using the VOF Model	17.4.9. Boundary Conditions	bc	partial	src/core/BoundaryConditionRegistry.hpp:9
Fluent-TG	Chapter 17: Using the VOF Model	17.4.10. Solution	multiphase	n/a	
Fluent-TG	Chapter 17: Using the VOF Model	Using the VOF Model	multiphase	n/a	
Fluent-TG	Chapter 17: Using the VOF Model	17.4.11. Postprocessing	multiphase	n/a	
Fluent-TG	Chapter 17: Using the VOF Model	Using the VOF Model	multiphase	n/a	
Fluent-TG	Chapter 17: Using the VOF Model	Using the VOF Model	multiphase	n/a	
Fluent-TG	Chapter 17: Using the VOF Model	17.5. Summary	multiphase	n/a	
Fluent-TG	Chapter 17: Using the VOF Model	17.6. Further Improvements	multiphase	n/a	
Fluent-TG	Chapter 18: Modeling Cavitation	Chapter 18: Modeling Cavitation	multiphase	partial	src/multiphase/CavitationKunz.cpp:16
Fluent-TG	Chapter 18: Modeling Cavitation	18.1. Introduction	multiphase	n/a	
Fluent-TG	Chapter 18: Modeling Cavitation	18.2. Prerequisites	multiphase	n/a	
Fluent-TG	Chapter 18: Modeling Cavitation	18.3. Problem Description	multiphase	n/a	
Fluent-TG	Chapter 18: Modeling Cavitation	18.4. Setup and Solution	multiphase	partial	src/multiphase/CavitationKunz.cpp:16
Fluent-TG	Chapter 18: Modeling Cavitation	18.5. Summary	multiphase	n/a	
Fluent-TG	Chapter 18: Modeling Cavitation	18.6. Further Improvements	multiphase	n/a	
Fluent-TG	Chapter 18: Modeling Cavitation	18.1. Introduction	multiphase	n/a	
Fluent-TG	Chapter 18: Modeling Cavitation	18.2. Prerequisites	multiphase	n/a	
Fluent-TG	Chapter 18: Modeling Cavitation	18.3. Problem Description	multiphase	n/a	
Fluent-TG	Chapter 18: Modeling Cavitation	18.4. Setup and Solution	multiphase	partial	src/multiphase/CavitationKunz.cpp:16
Fluent-TG	Chapter 18: Modeling Cavitation	18.4.1. Preparation	multiphase	n/a	
Fluent-TG	Chapter 18: Modeling Cavitation	18.4.2. Reading and Checking the Mesh	mesh	partial	src/io/MeshFormats.hpp:7; src/multiphase/CavitationKunz.cpp:16
Fluent-TG	Chapter 18: Modeling Cavitation	18.4.3. Solver Settings	multiphase	partial	src/multiphase/CavitationKunz.cpp:16
Fluent-TG	Chapter 18: Modeling Cavitation	18.4.4. Models	multiphase	partial	src/multiphase/CavitationKunz.cpp:16
Fluent-TG	Chapter 18: Modeling Cavitation	18.4.5. Materials	multiphase	n/a	
Fluent-TG	Chapter 18: Modeling Cavitation	18.4.6. Phases	multiphase	partial	src/multiphase/CavitationKunz.cpp:16; src/combustion/CanteraParser.cpp:143
Fluent-TG	Chapter 18: Modeling Cavitation	18.4.7. Boundary Conditions	bc	partial	src/multiphase/CavitationKunz.cpp:16; src/core/BoundaryConditionRegistry.hpp:9
Fluent-TG	Chapter 18: Modeling Cavitation	18.4.8. Operating Conditions	multiphase	present	src/gpu/GpuKernels.hpp:6; src/multiphase/CavitationKunz.cpp:16; src/core/BoundaryConditionRegistry.hpp:9
Fluent-TG	Chapter 18: Modeling Cavitation	18.4.9. Solution	multiphase	partial	src/multiphase/CavitationKunz.cpp:16
Fluent-TG	Chapter 18: Modeling Cavitation	18.4.10. Postprocessing	multiphase	n/a	
Fluent-TG	Chapter 18: Modeling Cavitation	18.4.1. Preparation	multiphase	n/a	
Fluent-TG	Chapter 18: Modeling Cavitation	18.4.2. Reading and Checking the Mesh	mesh	partial	src/io/MeshFormats.hpp:7; src/multiphase/CavitationKunz.cpp:16
Fluent-TG	Chapter 18: Modeling Cavitation	18.4.3. Solver Settings	multiphase	partial	src/multiphase/CavitationKunz.cpp:16
Fluent-TG	Chapter 18: Modeling Cavitation	18.4.4. Models	multiphase	partial	src/multiphase/CavitationKunz.cpp:16
Fluent-TG	Chapter 18: Modeling Cavitation	18.4.5. Materials	multiphase	n/a	
Fluent-TG	Chapter 18: Modeling Cavitation	18.4.6. Phases	multiphase	partial	src/multiphase/CavitationKunz.cpp:16; src/combustion/CanteraParser.cpp:143
Fluent-TG	Chapter 18: Modeling Cavitation	18.4.7. Boundary Conditions	bc	partial	src/multiphase/CavitationKunz.cpp:16; src/core/BoundaryConditionRegistry.hpp:9
Fluent-TG	Chapter 18: Modeling Cavitation	18.4.8. Operating Conditions	multiphase	present	src/gpu/GpuKernels.hpp:6; src/multiphase/CavitationKunz.cpp:16; src/core/BoundaryConditionRegistry.hpp:9
Fluent-TG	Chapter 18: Modeling Cavitation	18.4.9. Solution	multiphase	partial	src/multiphase/CavitationKunz.cpp:16
Fluent-TG	Chapter 18: Modeling Cavitation	Modeling Cavitation	multiphase	partial	src/multiphase/CavitationKunz.cpp:16
Fluent-TG	Chapter 18: Modeling Cavitation	Modeling Cavitation	multiphase	partial	src/multiphase/CavitationKunz.cpp:16
Fluent-TG	Chapter 18: Modeling Cavitation	18.4.10. Postprocessing	multiphase	n/a	
Fluent-TG	Chapter 18: Modeling Cavitation	Modeling Cavitation	multiphase	partial	src/multiphase/CavitationKunz.cpp:16
Fluent-TG	Chapter 18: Modeling Cavitation	Summary	multiphase	n/a	
Fluent-TG	Chapter 18: Modeling Cavitation	18.5. Summary	multiphase	n/a	
Fluent-TG	Chapter 18: Modeling Cavitation	18.6. Further Improvements	multiphase	n/a	
Fluent-TG	Chapter 19: Using the Mixture and Eulerian Multiphase Models	Chapter 19: Using the Mixture and Eulerian Multiphase Models	multiphase	partial	src/ibm/DirectForcingIbm.hpp:9; src/combustion/FgmFlamelet.hpp:7
Fluent-TG	Chapter 19: Using the Mixture and Eulerian Multiphase Models	19.1. Introduction	multiphase	n/a	
Fluent-TG	Chapter 19: Using the Mixture and Eulerian Multiphase Models	19.2. Prerequisites	multiphase	n/a	
Fluent-TG	Chapter 19: Using the Mixture and Eulerian Multiphase Models	19.3. Problem Description	multiphase	n/a	
Fluent-TG	Chapter 19: Using the Mixture and Eulerian Multiphase Models	19.4. Setup and Solution	multiphase	partial	src/ibm/DirectForcingIbm.hpp:9; src/combustion/FgmFlamelet.hpp:7
Fluent-TG	Chapter 19: Using the Mixture and Eulerian Multiphase Models	19.5. Summary	multiphase	n/a	
Fluent-TG	Chapter 19: Using the Mixture and Eulerian Multiphase Models	19.6. Further Improvements	multiphase	n/a	
Fluent-TG	Chapter 19: Using the Mixture and Eulerian Multiphase Models	19.1. Introduction	multiphase	n/a	
Fluent-TG	Chapter 19: Using the Mixture and Eulerian Multiphase Models	19.2. Prerequisites	multiphase	n/a	
Fluent-TG	Chapter 19: Using the Mixture and Eulerian Multiphase Models	19.3. Problem Description	multiphase	n/a	
Fluent-TG	Chapter 19: Using the Mixture and Eulerian Multiphase Models	19.4. Setup and Solution	multiphase	partial	src/ibm/DirectForcingIbm.hpp:9; src/combustion/FgmFlamelet.hpp:7
Fluent-TG	Chapter 19: Using the Mixture and Eulerian Multiphase Models	19.4.1. Preparation	multiphase	n/a	
Fluent-TG	Chapter 19: Using the Mixture and Eulerian Multiphase Models	19.4.2. Mesh	mesh	n/a	
Fluent-TG	Chapter 19: Using the Mixture and Eulerian Multiphase Models	19.4.3. General Settings	multiphase	partial	src/ibm/DirectForcingIbm.hpp:9; src/combustion/FgmFlamelet.hpp:7
Fluent-TG	Chapter 19: Using the Mixture and Eulerian Multiphase Models	19.4.4. Models	multiphase	partial	src/ibm/DirectForcingIbm.hpp:9; src/combustion/FgmFlamelet.hpp:7
Fluent-TG	Chapter 19: Using the Mixture and Eulerian Multiphase Models	19.4.5. Materials	multiphase	n/a	
Fluent-TG	Chapter 19: Using the Mixture and Eulerian Multiphase Models	19.4.6. Phases	multiphase	present	src/ibm/DirectForcingIbm.hpp:9; src/combustion/CanteraParser.cpp:143; src/combustion/FgmFlamelet.hpp:7
Fluent-TG	Chapter 19: Using the Mixture and Eulerian Multiphase Models	19.4.7. Boundary Conditions	bc	present	src/ibm/DirectForcingIbm.hpp:9; src/combustion/FgmFlamelet.hpp:7; src/core/BoundaryConditionRegistry.hpp:9
Fluent-TG	Chapter 19: Using the Mixture and Eulerian Multiphase Models	19.4.8. Operating Conditions	multiphase	present	src/gpu/GpuKernels.hpp:6; src/ibm/DirectForcingIbm.hpp:9; src/combustion/FgmFlamelet.hpp:7
Fluent-TG	Chapter 19: Using the Mixture and Eulerian Multiphase Models	19.4.9. Solution Using the Mixture Model	multiphase	partial	src/ibm/DirectForcingIbm.hpp:9; src/combustion/FgmFlamelet.hpp:7
Fluent-TG	Chapter 19: Using the Mixture and Eulerian Multiphase Models	19.4.10. Postprocessing for the Mixture Solution	multiphase	present	src/core/TaskGraph.hpp:14; src/ibm/DirectForcingIbm.hpp:9; src/combustion/FgmFlamelet.hpp:7
Fluent-TG	Chapter 19: Using the Mixture and Eulerian Multiphase Models	19.4.11. Higher Order Solution using the Mixture Model	multiphase	present	src/amr/AmrApplier.cpp:42; src/ibm/DirectForcingIbm.hpp:9; src/combustion/FgmFlamelet.hpp:7
Fluent-TG	Chapter 19: Using the Mixture and Eulerian Multiphase Models	19.4.12. Setup and Solution for the Eulerian Model	multiphase	partial	src/ibm/DirectForcingIbm.hpp:9; src/combustion/FgmFlamelet.hpp:7
Fluent-TG	Chapter 19: Using the Mixture and Eulerian Multiphase Models	19.4.13. Postprocessing for the Eulerian Model	multiphase	present	src/core/TaskGraph.hpp:14; src/ibm/DirectForcingIbm.hpp:9; src/combustion/FgmFlamelet.hpp:7
Fluent-TG	Chapter 19: Using the Mixture and Eulerian Multiphase Models	19.4.1. Preparation	multiphase	n/a	
Fluent-TG	Chapter 19: Using the Mixture and Eulerian Multiphase Models	19.4.2. Mesh	mesh	n/a	
Fluent-TG	Chapter 19: Using the Mixture and Eulerian Multiphase Models	Using the Mixture and Eulerian Multiphase Models	multiphase	partial	src/ibm/DirectForcingIbm.hpp:9; src/combustion/FgmFlamelet.hpp:7
Fluent-TG	Chapter 19: Using the Mixture and Eulerian Multiphase Models	19.4.3. General Settings	multiphase	partial	src/ibm/DirectForcingIbm.hpp:9; src/combustion/FgmFlamelet.hpp:7
Fluent-TG	Chapter 19: Using the Mixture and Eulerian Multiphase Models	Extra	multiphase	present	src/ibm/DirectForcingIbm.hpp:9; src/combustion/LaminarFiniteRate.hpp:14; src/combustion/FgmFlamelet.hpp:7
Fluent-TG	Chapter 19: Using the Mixture and Eulerian Multiphase Models	19.4.4. Models	multiphase	partial	src/ibm/DirectForcingIbm.hpp:9; src/combustion/FgmFlamelet.hpp:7
Fluent-TG	Chapter 19: Using the Mixture and Eulerian Multiphase Models	19.4.5. Materials	multiphase	n/a	
Fluent-TG	Chapter 19: Using the Mixture and Eulerian Multiphase Models	19.4.6. Phases	multiphase	present	src/ibm/DirectForcingIbm.hpp:9; src/combustion/CanteraParser.cpp:143; src/combustion/FgmFlamelet.hpp:7
Fluent-TG	Chapter 19: Using the Mixture and Eulerian Multiphase Models	19.4.7. Boundary Conditions	bc	present	src/ibm/DirectForcingIbm.hpp:9; src/combustion/FgmFlamelet.hpp:7; src/core/BoundaryConditionRegistry.hpp:9
Fluent-TG	Chapter 19: Using the Mixture and Eulerian Multiphase Models	19.4.8. Operating Conditions	multiphase	present	src/gpu/GpuKernels.hpp:6; src/ibm/DirectForcingIbm.hpp:9; src/combustion/FgmFlamelet.hpp:7
Fluent-TG	Chapter 19: Using the Mixture and Eulerian Multiphase Models	19.4.9. Solution Using the Mixture Model	multiphase	partial	src/ibm/DirectForcingIbm.hpp:9; src/combustion/FgmFlamelet.hpp:7
Fluent-TG	Chapter 19: Using the Mixture and Eulerian Multiphase Models	Using the Mixture and Eulerian Multiphase Models	multiphase	partial	src/ibm/DirectForcingIbm.hpp:9; src/combustion/FgmFlamelet.hpp:7
Fluent-TG	Chapter 19: Using the Mixture and Eulerian Multiphase Models	Using the Mixture and Eulerian Multiphase Models	multiphase	partial	src/ibm/DirectForcingIbm.hpp:9; src/combustion/FgmFlamelet.hpp:7
Fluent-TG	Chapter 19: Using the Mixture and Eulerian Multiphase Models	19.4.10. Postprocessing for the Mixture Solution	multiphase	present	src/core/TaskGraph.hpp:14; src/ibm/DirectForcingIbm.hpp:9; src/combustion/FgmFlamelet.hpp:7
Fluent-TG	Chapter 19: Using the Mixture and Eulerian Multiphase Models	Using the Mixture and Eulerian Multiphase Models	multiphase	partial	src/ibm/DirectForcingIbm.hpp:9; src/combustion/FgmFlamelet.hpp:7
Fluent-TG	Chapter 19: Using the Mixture and Eulerian Multiphase Models	Using the Mixture and Eulerian Multiphase Models	multiphase	partial	src/ibm/DirectForcingIbm.hpp:9; src/combustion/FgmFlamelet.hpp:7
Fluent-TG	Chapter 19: Using the Mixture and Eulerian Multiphase Models	19.4.11. Higher Order Solution using the Mixture Model	multiphase	present	src/amr/AmrApplier.cpp:42; src/ibm/DirectForcingIbm.hpp:9; src/combustion/FgmFlamelet.hpp:7
Fluent-TG	Chapter 19: Using the Mixture and Eulerian Multiphase Models	19.4.12. Setup and Solution for the Eulerian Model	multiphase	partial	src/ibm/DirectForcingIbm.hpp:9; src/combustion/FgmFlamelet.hpp:7
Fluent-TG	Chapter 19: Using the Mixture and Eulerian Multiphase Models	Using the Mixture and Eulerian Multiphase Models	multiphase	partial	src/ibm/DirectForcingIbm.hpp:9; src/combustion/FgmFlamelet.hpp:7
Fluent-TG	Chapter 19: Using the Mixture and Eulerian Multiphase Models	19.4.13. Postprocessing for the Eulerian Model	multiphase	present	src/core/TaskGraph.hpp:14; src/ibm/DirectForcingIbm.hpp:9; src/combustion/FgmFlamelet.hpp:7
Fluent-TG	Chapter 19: Using the Mixture and Eulerian Multiphase Models	Using the Mixture and Eulerian Multiphase Models	multiphase	partial	src/ibm/DirectForcingIbm.hpp:9; src/combustion/FgmFlamelet.hpp:7
Fluent-TG	Chapter 19: Using the Mixture and Eulerian Multiphase Models	19.5. Summary	multiphase	n/a	
Fluent-TG	Chapter 19: Using the Mixture and Eulerian Multiphase Models	19.6. Further Improvements	multiphase	n/a	
Fluent-TG	Chapter 20: Modeling Solidification	Chapter 20: Modeling Solidification	other	partial	src/heat_transfer/CMakeLists.txt:2
Fluent-TG	Chapter 20: Modeling Solidification	20.1. Introduction	other	n/a	
Fluent-TG	Chapter 20: Modeling Solidification	20.2. Prerequisites	other	n/a	
Fluent-TG	Chapter 20: Modeling Solidification	20.3. Problem Description	other	n/a	
Fluent-TG	Chapter 20: Modeling Solidification	20.4. Setup and Solution	other	partial	src/heat_transfer/CMakeLists.txt:2
Fluent-TG	Chapter 20: Modeling Solidification	20.5. Summary	other	n/a	
Fluent-TG	Chapter 20: Modeling Solidification	20.6. Further Improvements	other	n/a	
Fluent-TG	Chapter 20: Modeling Solidification	20.1. Introduction	other	n/a	
Fluent-TG	Chapter 20: Modeling Solidification	20.2. Prerequisites	other	n/a	
Fluent-TG	Chapter 20: Modeling Solidification	20.3. Problem Description	other	n/a	
Fluent-TG	Chapter 20: Modeling Solidification	Modeling Solidification	other	partial	src/heat_transfer/CMakeLists.txt:2
Fluent-TG	Chapter 20: Modeling Solidification	20.4. Setup and Solution	other	partial	src/heat_transfer/CMakeLists.txt:2
Fluent-TG	Chapter 20: Modeling Solidification	20.4.1. Preparation	other	n/a	
Fluent-TG	Chapter 20: Modeling Solidification	20.4.2. Reading and Checking the Mesh	mesh	partial	src/io/MeshFormats.hpp:7; src/heat_transfer/CMakeLists.txt:2
Fluent-TG	Chapter 20: Modeling Solidification	20.4.3. Specifying Solver and Analysis Type	solver	partial	src/gpu/GpuKernels.cpp:331; src/heat_transfer/CMakeLists.txt:2
Fluent-TG	Chapter 20: Modeling Solidification	20.4.4. Specifying the Models	other	partial	src/heat_transfer/CMakeLists.txt:2
Fluent-TG	Chapter 20: Modeling Solidification	20.4.5. Defining Materials	materials	partial	src/heat_transfer/CMakeLists.txt:2
Fluent-TG	Chapter 20: Modeling Solidification	20.4.6. Setting the Cell Zone Conditions	other	present	src/core/Command.hpp:7; src/heat_transfer/CMakeLists.txt:2; src/core/BoundaryConditionRegistry.hpp:9
Fluent-TG	Chapter 20: Modeling Solidification	20.4.7. Setting the Boundary Conditions	bc	present	src/core/Command.hpp:7; src/heat_transfer/CMakeLists.txt:2; src/core/BoundaryConditionRegistry.hpp:9
Fluent-TG	Chapter 20: Modeling Solidification	20.4.8. Solution: Steady Conduction	other	present	src/emag/AvFormulation.hpp:48; src/heat_transfer/CMakeLists.txt:2; src/adjoint/DiscreteAdjoint.hpp:6
Fluent-TG	Chapter 20: Modeling Solidification	20.4.9. Solution: Transient Flow and Heat Transfer	turbulence	present	src/heat_transfer/CMakeLists.txt:2; src/gui/Dialogs.cpp:394; src/cad/IgesReader.cpp:45
Fluent-TG	Chapter 20: Modeling Solidification	20.4.1. Preparation	other	n/a	
Fluent-TG	Chapter 20: Modeling Solidification	20.4.2. Reading and Checking the Mesh	mesh	partial	src/io/MeshFormats.hpp:7; src/heat_transfer/CMakeLists.txt:2
Fluent-TG	Chapter 20: Modeling Solidification	Modeling Solidification	other	partial	src/heat_transfer/CMakeLists.txt:2
Fluent-TG	Chapter 20: Modeling Solidification	20.4.3. Specifying Solver and Analysis Type	solver	partial	src/gpu/GpuKernels.cpp:331; src/heat_transfer/CMakeLists.txt:2
Fluent-TG	Chapter 20: Modeling Solidification	20.4.4. Specifying the Models	other	partial	src/heat_transfer/CMakeLists.txt:2
Fluent-TG	Chapter 20: Modeling Solidification	20.4.5. Defining Materials	materials	partial	src/heat_transfer/CMakeLists.txt:2
Fluent-TG	Chapter 20: Modeling Solidification	20.4.6. Setting the Cell Zone Conditions	other	present	src/core/Command.hpp:7; src/heat_transfer/CMakeLists.txt:2; src/core/BoundaryConditionRegistry.hpp:9
Fluent-TG	Chapter 20: Modeling Solidification	20.4.7. Setting the Boundary Conditions	bc	present	src/core/Command.hpp:7; src/heat_transfer/CMakeLists.txt:2; src/core/BoundaryConditionRegistry.hpp:9
Fluent-TG	Chapter 20: Modeling Solidification	Modeling Solidification	other	partial	src/heat_transfer/CMakeLists.txt:2
Fluent-TG	Chapter 20: Modeling Solidification	20.4.8. Solution: Steady Conduction	other	present	src/emag/AvFormulation.hpp:48; src/heat_transfer/CMakeLists.txt:2; src/adjoint/DiscreteAdjoint.hpp:6
Fluent-TG	Chapter 20: Modeling Solidification	Modeling Solidification	other	partial	src/heat_transfer/CMakeLists.txt:2
Fluent-TG	Chapter 20: Modeling Solidification	Modeling Solidification	other	partial	src/heat_transfer/CMakeLists.txt:2
Fluent-TG	Chapter 20: Modeling Solidification	20.4.9. Solution: Transient Flow and Heat Transfer	turbulence	present	src/heat_transfer/CMakeLists.txt:2; src/gui/Dialogs.cpp:394; src/cad/IgesReader.cpp:45
Fluent-TG	Chapter 20: Modeling Solidification	Modeling Solidification	other	partial	src/heat_transfer/CMakeLists.txt:2
Fluent-TG	Chapter 20: Modeling Solidification	Modeling Solidification	other	partial	src/heat_transfer/CMakeLists.txt:2
Fluent-TG	Chapter 20: Modeling Solidification	Modeling Solidification	other	partial	src/heat_transfer/CMakeLists.txt:2
Fluent-TG	Chapter 20: Modeling Solidification	20.5. Summary	other	n/a	
Fluent-TG	Chapter 20: Modeling Solidification	20.6. Further Improvements	other	n/a	
Fluent-TG	Chapter 21: Using the Eulerian Granular Multiphase Model with Heat Transfer	Chapter 21: Using the Eulerian Granular Multiphase Model with Heat Transfer	turbulence	partial	src/ibm/DirectForcingIbm.hpp:9; src/cad/IgesReader.cpp:45
Fluent-TG	Chapter 21: Using the Eulerian Granular Multiphase Model with Heat Transfer	Heat Transfer	turbulence	partial	src/ibm/DirectForcingIbm.hpp:9; src/cad/IgesReader.cpp:45
Fluent-TG	Chapter 21: Using the Eulerian Granular Multiphase Model with Heat Transfer	21.1. Introduction	turbulence	n/a	
Fluent-TG	Chapter 21: Using the Eulerian Granular Multiphase Model with Heat Transfer	21.2. Prerequisites	turbulence	n/a	
Fluent-TG	Chapter 21: Using the Eulerian Granular Multiphase Model with Heat Transfer	21.3. Problem Description	turbulence	n/a	
Fluent-TG	Chapter 21: Using the Eulerian Granular Multiphase Model with Heat Transfer	21.4. Setup and Solution	turbulence	partial	src/ibm/DirectForcingIbm.hpp:9; src/cad/IgesReader.cpp:45
Fluent-TG	Chapter 21: Using the Eulerian Granular Multiphase Model with Heat Transfer	21.5. Summary	turbulence	n/a	
Fluent-TG	Chapter 21: Using the Eulerian Granular Multiphase Model with Heat Transfer	21.6. Further Improvements	turbulence	n/a	
Fluent-TG	Chapter 21: Using the Eulerian Granular Multiphase Model with Heat Transfer	21.7. References	turbulence	n/a	
Fluent-TG	Chapter 21: Using the Eulerian Granular Multiphase Model with Heat Transfer	21.1. Introduction	turbulence	n/a	
Fluent-TG	Chapter 21: Using the Eulerian Granular Multiphase Model with Heat Transfer	21.2. Prerequisites	turbulence	n/a	
Fluent-TG	Chapter 21: Using the Eulerian Granular Multiphase Model with Heat Transfer	21.3. Problem Description	turbulence	n/a	
Fluent-TG	Chapter 21: Using the Eulerian Granular Multiphase Model with Heat Transfer	21.4. Setup and Solution	turbulence	partial	src/ibm/DirectForcingIbm.hpp:9; src/cad/IgesReader.cpp:45
Fluent-TG	Chapter 21: Using the Eulerian Granular Multiphase Model with Heat Transfer	21.4.1. Preparation	turbulence	n/a	
Fluent-TG	Chapter 21: Using the Eulerian Granular Multiphase Model with Heat Transfer	21.4.2. Mesh	mesh	n/a	
Fluent-TG	Chapter 21: Using the Eulerian Granular Multiphase Model with Heat Transfer	21.4.3. Solver Settings	turbulence	partial	src/ibm/DirectForcingIbm.hpp:9; src/cad/IgesReader.cpp:45
Fluent-TG	Chapter 21: Using the Eulerian Granular Multiphase Model with Heat Transfer	21.4.4. Models	turbulence	partial	src/ibm/DirectForcingIbm.hpp:9; src/cad/IgesReader.cpp:45
Fluent-TG	Chapter 21: Using the Eulerian Granular Multiphase Model with Heat Transfer	21.4.5. UDF	turbulence	partial	src/ibm/DirectForcingIbm.hpp:9; src/cad/IgesReader.cpp:45
Fluent-TG	Chapter 21: Using the Eulerian Granular Multiphase Model with Heat Transfer	21.4.6. Materials	turbulence	n/a	
Fluent-TG	Chapter 21: Using the Eulerian Granular Multiphase Model with Heat Transfer	21.4.7. Phases	turbulence	present	src/ibm/DirectForcingIbm.hpp:9; src/combustion/CanteraParser.cpp:143; src/cad/IgesReader.cpp:45
Fluent-TG	Chapter 21: Using the Eulerian Granular Multiphase Model with Heat Transfer	21.4.8. Boundary Conditions	bc	present	src/ibm/DirectForcingIbm.hpp:9; src/core/BoundaryConditionRegistry.hpp:9; src/cad/IgesReader.cpp:45
Fluent-TG	Chapter 21: Using the Eulerian Granular Multiphase Model with Heat Transfer	21.4.9. Solution	turbulence	partial	src/ibm/DirectForcingIbm.hpp:9; src/cad/IgesReader.cpp:45
Fluent-TG	Chapter 21: Using the Eulerian Granular Multiphase Model with Heat Transfer	21.4.10. Postprocessing	turbulence	n/a	
Fluent-TG	Chapter 21: Using the Eulerian Granular Multiphase Model with Heat Transfer	21.4.1. Preparation	turbulence	n/a	
Fluent-TG	Chapter 21: Using the Eulerian Granular Multiphase Model with Heat Transfer	21.4.2. Mesh	mesh	n/a	
Fluent-TG	Chapter 21: Using the Eulerian Granular Multiphase Model with Heat Transfer	Extra	turbulence	present	src/ibm/DirectForcingIbm.hpp:9; src/combustion/LaminarFiniteRate.hpp:14; src/cad/IgesReader.cpp:45
Fluent-TG	Chapter 21: Using the Eulerian Granular Multiphase Model with Heat Transfer	21.4.3. Solver Settings	turbulence	partial	src/ibm/DirectForcingIbm.hpp:9; src/cad/IgesReader.cpp:45
Fluent-TG	Chapter 21: Using the Eulerian Granular Multiphase Model with Heat Transfer	21.4.4. Models	turbulence	partial	src/ibm/DirectForcingIbm.hpp:9; src/cad/IgesReader.cpp:45
Fluent-TG	Chapter 21: Using the Eulerian Granular Multiphase Model with Heat Transfer	Using the Eulerian Granular Multiphase Model with Heat Transfer	turbulence	partial	src/ibm/DirectForcingIbm.hpp:9; src/cad/IgesReader.cpp:45
Fluent-TG	Chapter 21: Using the Eulerian Granular Multiphase Model with Heat Transfer	21.4.5. UDF	turbulence	partial	src/ibm/DirectForcingIbm.hpp:9; src/cad/IgesReader.cpp:45
Fluent-TG	Chapter 21: Using the Eulerian Granular Multiphase Model with Heat Transfer	Extra	turbulence	present	src/ibm/DirectForcingIbm.hpp:9; src/combustion/LaminarFiniteRate.hpp:14; src/cad/IgesReader.cpp:45
Fluent-TG	Chapter 21: Using the Eulerian Granular Multiphase Model with Heat Transfer	21.4.6. Materials	turbulence	n/a	
Fluent-TG	Chapter 21: Using the Eulerian Granular Multiphase Model with Heat Transfer	21.4.7. Phases	turbulence	present	src/ibm/DirectForcingIbm.hpp:9; src/combustion/CanteraParser.cpp:143; src/cad/IgesReader.cpp:45
Fluent-TG	Chapter 21: Using the Eulerian Granular Multiphase Model with Heat Transfer	21.4.8. Boundary Conditions	bc	present	src/ibm/DirectForcingIbm.hpp:9; src/core/BoundaryConditionRegistry.hpp:9; src/cad/IgesReader.cpp:45
Fluent-TG	Chapter 21: Using the Eulerian Granular Multiphase Model with Heat Transfer	Using the Eulerian Granular Multiphase Model with Heat Transfer	turbulence	partial	src/ibm/DirectForcingIbm.hpp:9; src/cad/IgesReader.cpp:45
Fluent-TG	Chapter 21: Using the Eulerian Granular Multiphase Model with Heat Transfer	Using the Eulerian Granular Multiphase Model with Heat Transfer	turbulence	partial	src/ibm/DirectForcingIbm.hpp:9; src/cad/IgesReader.cpp:45
Fluent-TG	Chapter 21: Using the Eulerian Granular Multiphase Model with Heat Transfer	21.4.9. Solution	turbulence	partial	src/ibm/DirectForcingIbm.hpp:9; src/cad/IgesReader.cpp:45
Fluent-TG	Chapter 21: Using the Eulerian Granular Multiphase Model with Heat Transfer	Using the Eulerian Granular Multiphase Model with Heat Transfer	turbulence	partial	src/ibm/DirectForcingIbm.hpp:9; src/cad/IgesReader.cpp:45
Fluent-TG	Chapter 21: Using the Eulerian Granular Multiphase Model with Heat Transfer	Using the Eulerian Granular Multiphase Model with Heat Transfer	turbulence	partial	src/ibm/DirectForcingIbm.hpp:9; src/cad/IgesReader.cpp:45
Fluent-TG	Chapter 21: Using the Eulerian Granular Multiphase Model with Heat Transfer	21.4.10. Postprocessing	turbulence	n/a	
Fluent-TG	Chapter 21: Using the Eulerian Granular Multiphase Model with Heat Transfer	Using the Eulerian Granular Multiphase Model with Heat Transfer	turbulence	partial	src/ibm/DirectForcingIbm.hpp:9; src/cad/IgesReader.cpp:45
Fluent-TG	Chapter 21: Using the Eulerian Granular Multiphase Model with Heat Transfer	References	turbulence	n/a	
Fluent-TG	Chapter 21: Using the Eulerian Granular Multiphase Model with Heat Transfer	21.5. Summary	turbulence	n/a	
Fluent-TG	Chapter 21: Using the Eulerian Granular Multiphase Model with Heat Transfer	21.6. Further Improvements	turbulence	n/a	
Fluent-TG	Chapter 21: Using the Eulerian Granular Multiphase Model with Heat Transfer	21.7. References	turbulence	n/a	
Fluent-TG	Chapter 22: Postprocessing	Chapter 22: Postprocessing	postprocessing	partial	src/core/TaskGraph.hpp:14
Fluent-TG	Chapter 22: Postprocessing	22.1. Introduction	postprocessing	n/a	
Fluent-TG	Chapter 22: Postprocessing	22.2. Prerequisites	postprocessing	n/a	
Fluent-TG	Chapter 22: Postprocessing	22.3. Problem Description	postprocessing	n/a	
Fluent-TG	Chapter 22: Postprocessing	22.4. Setup and Solution	postprocessing	partial	src/core/TaskGraph.hpp:14
Fluent-TG	Chapter 22: Postprocessing	22.5. Summary	postprocessing	n/a	
Fluent-TG	Chapter 22: Postprocessing	22.1. Introduction	postprocessing	n/a	
Fluent-TG	Chapter 22: Postprocessing	22.2. Prerequisites	postprocessing	n/a	
Fluent-TG	Chapter 22: Postprocessing	22.3. Problem Description	postprocessing	n/a	
Fluent-TG	Chapter 22: Postprocessing	22.4. Setup and Solution	postprocessing	partial	src/core/TaskGraph.hpp:14
Fluent-TG	Chapter 22: Postprocessing	22.4.1. Preparation	postprocessing	n/a	
Fluent-TG	Chapter 22: Postprocessing	22.4.2. Reading the Mesh	mesh	partial	src/io/MeshFormats.hpp:7; src/core/TaskGraph.hpp:14
Fluent-TG	Chapter 22: Postprocessing	22.4.3. Manipulating the Mesh in the Viewer	mesh	partial	src/gui/ResidualPlot.hpp:6; src/core/TaskGraph.hpp:14
Fluent-TG	Chapter 22: Postprocessing	22.4.4. Adding Lights	postprocessing	partial	src/core/TaskGraph.hpp:14
Fluent-TG	Chapter 22: Postprocessing	22.4.5. Creating Isosurfaces	postprocessing	partial	src/core/TaskGraph.hpp:14
Fluent-TG	Chapter 22: Postprocessing	22.4.6. Generating Contours	postprocessing	partial	src/gui/RibbonContent.cpp:97; src/core/TaskGraph.hpp:14
Fluent-TG	Chapter 22: Postprocessing	22.4.7. Generating Velocity Vectors	postprocessing	partial	src/core/TaskGraph.hpp:14; src/gpu/BicgstabGpu.hpp:68
Fluent-TG	Chapter 22: Postprocessing	22.4.8. Creating an Animation	postprocessing	partial	src/gui/RibbonContent.cpp:104; src/core/TaskGraph.hpp:14
Fluent-TG	Chapter 22: Postprocessing	22.4.9. Displaying Pathlines	postprocessing	partial	src/core/TaskGraph.hpp:14
Fluent-TG	Chapter 22: Postprocessing	22.4.10. Creating a Scene With Vectors and Contours	postprocessing	present	src/gui/RibbonContent.cpp:97; src/core/TaskGraph.hpp:14; src/visualization/ActorRegistry.hpp:4
Fluent-TG	Chapter 22: Postprocessing	22.4.11. Advanced Overlay of Pathlines on a Scene	postprocessing	present	src/core/TaskGraph.hpp:14; src/core/ConfigStore.cpp:300; src/visualization/ActorRegistry.hpp:4
Fluent-TG	Chapter 22: Postprocessing	22.4.12. Creating Exploded Views	postprocessing	partial	src/core/TaskGraph.hpp:14; src/gpu/GpuKernels.cpp:45
Fluent-TG	Chapter 22: Postprocessing	22.4.13. Animating the Display of Results in Successive Streamwise Planes	postprocessing	present	src/cad/Tessellator.hpp:13; src/core/TaskGraph.hpp:14; src/io/GambitReader.cpp:166
Fluent-TG	Chapter 22: Postprocessing	22.4.14. Generating XY Plots	postprocessing	partial	src/gui/ResidualPlot.hpp:7; src/core/TaskGraph.hpp:14
Fluent-TG	Chapter 22: Postprocessing	22.4.15. Creating Annotation	postprocessing	partial	src/core/TaskGraph.hpp:14; src/visualization/Annotation.cpp:3
Fluent-TG	Chapter 22: Postprocessing	22.4.16. Saving Picture Files	postprocessing	partial	src/core/TaskGraph.hpp:14
Fluent-TG	Chapter 22: Postprocessing	22.4.17. Generating Volume Integral Reports	postprocessing	present	src/core/TaskGraph.hpp:14; src/cad/Defeaturing.cpp:11; src/acoustics/CurleAcoustics.cpp:29
Fluent-TG	Chapter 22: Postprocessing	22.4.1. Preparation	postprocessing	n/a	
Fluent-TG	Chapter 22: Postprocessing	22.4.2. Reading the Mesh	mesh	partial	src/io/MeshFormats.hpp:7; src/core/TaskGraph.hpp:14
Fluent-TG	Chapter 22: Postprocessing	22.4.3. Manipulating the Mesh in the Viewer	mesh	partial	src/gui/ResidualPlot.hpp:6; src/core/TaskGraph.hpp:14
Fluent-TG	Chapter 22: Postprocessing	Click	postprocessing	partial	src/visualization/OrientationGizmo.cpp:43; src/core/TaskGraph.hpp:14
Fluent-TG	Chapter 22: Postprocessing	Extra	postprocessing	partial	src/core/TaskGraph.hpp:14; src/combustion/LaminarFiniteRate.hpp:14
Fluent-TG	Chapter 22: Postprocessing	22.4.4. Adding Lights	postprocessing	partial	src/core/TaskGraph.hpp:14
Fluent-TG	Chapter 22: Postprocessing	Postprocessing	postprocessing	n/a	
Fluent-TG	Chapter 22: Postprocessing	Extra	postprocessing	partial	src/core/TaskGraph.hpp:14; src/combustion/LaminarFiniteRate.hpp:14
Fluent-TG	Chapter 22: Postprocessing	22.4.5. Creating Isosurfaces	postprocessing	partial	src/core/TaskGraph.hpp:14
Fluent-TG	Chapter 22: Postprocessing	Postprocessing	postprocessing	n/a	
Fluent-TG	Chapter 22: Postprocessing	22.4.6. Generating Contours	postprocessing	partial	src/gui/RibbonContent.cpp:97; src/core/TaskGraph.hpp:14
Fluent-TG	Chapter 22: Postprocessing	Camera Parameters dialog box, where you could select orthographic from the	postprocessing	present	src/gui/Dialogs.hpp:5; src/core/TaskGraph.hpp:14; src/visualization/Annotation.cpp:69
Fluent-TG	Chapter 22: Postprocessing	Postprocessing	postprocessing	n/a	
Fluent-TG	Chapter 22: Postprocessing	22.4.7. Generating Velocity Vectors	postprocessing	partial	src/core/TaskGraph.hpp:14; src/gpu/BicgstabGpu.hpp:68
Fluent-TG	Chapter 22: Postprocessing	Extra	postprocessing	partial	src/core/TaskGraph.hpp:14; src/combustion/LaminarFiniteRate.hpp:14
Fluent-TG	Chapter 22: Postprocessing	Postprocessing	postprocessing	n/a	
Fluent-TG	Chapter 22: Postprocessing	Postprocessing	postprocessing	n/a	
Fluent-TG	Chapter 22: Postprocessing	Postprocessing	postprocessing	n/a	
Fluent-TG	Chapter 22: Postprocessing	22.4.8. Creating an Animation	postprocessing	partial	src/gui/RibbonContent.cpp:104; src/core/TaskGraph.hpp:14
Fluent-TG	Chapter 22: Postprocessing	Postprocessing	postprocessing	n/a	
Fluent-TG	Chapter 22: Postprocessing	Postprocessing	postprocessing	n/a	
Fluent-TG	Chapter 22: Postprocessing	22.4.9. Displaying Pathlines	postprocessing	partial	src/core/TaskGraph.hpp:14
Fluent-TG	Chapter 22: Postprocessing	22.4.10. Creating a Scene With Vectors and Contours	postprocessing	present	src/gui/RibbonContent.cpp:97; src/core/TaskGraph.hpp:14; src/visualization/ActorRegistry.hpp:4
Fluent-TG	Chapter 22: Postprocessing	22.4.11. Advanced Overlay of Pathlines on a Scene	postprocessing	present	src/core/TaskGraph.hpp:14; src/core/ConfigStore.cpp:300; src/visualization/ActorRegistry.hpp:4
Fluent-TG	Chapter 22: Postprocessing	Postprocessing	postprocessing	n/a	
Fluent-TG	Chapter 22: Postprocessing	22.4.12. Creating Exploded Views	postprocessing	partial	src/core/TaskGraph.hpp:14; src/gpu/GpuKernels.cpp:45
Fluent-TG	Chapter 22: Postprocessing	Postprocessing	postprocessing	n/a	
Fluent-TG	Chapter 22: Postprocessing	Click the Close Tab button (	postprocessing	present	src/visualization/OrientationGizmo.cpp:43; src/core/TaskGraph.hpp:14; src/gui/ConsolePanel.hpp:6
Fluent-TG	Chapter 22: Postprocessing	Postprocessing	postprocessing	n/a	
Fluent-TG	Chapter 22: Postprocessing	22.4.13. Animating the Display of Results in Successive Streamwise Planes	postprocessing	present	src/cad/Tessellator.hpp:13; src/core/TaskGraph.hpp:14; src/io/GambitReader.cpp:166
Fluent-TG	Chapter 22: Postprocessing	Click the Close Tab button (	postprocessing	present	src/visualization/OrientationGizmo.cpp:43; src/core/TaskGraph.hpp:14; src/gui/ConsolePanel.hpp:6
Fluent-TG	Chapter 22: Postprocessing	22.4.14. Generating XY Plots	postprocessing	partial	src/gui/ResidualPlot.hpp:7; src/core/TaskGraph.hpp:14
Fluent-TG	Chapter 22: Postprocessing	Postprocessing	postprocessing	n/a	
Fluent-TG	Chapter 22: Postprocessing	22.4.15. Creating Annotation	postprocessing	partial	src/core/TaskGraph.hpp:14; src/visualization/Annotation.cpp:3
Fluent-TG	Chapter 22: Postprocessing	Extra	postprocessing	partial	src/core/TaskGraph.hpp:14; src/combustion/LaminarFiniteRate.hpp:14
Fluent-TG	Chapter 22: Postprocessing	22.4.16. Saving Picture Files	postprocessing	partial	src/core/TaskGraph.hpp:14
Fluent-TG	Chapter 22: Postprocessing	22.4.17. Generating Volume Integral Reports	postprocessing	present	src/core/TaskGraph.hpp:14; src/cad/Defeaturing.cpp:11; src/acoustics/CurleAcoustics.cpp:29
Fluent-TG	Chapter 22: Postprocessing	22.5. Summary	postprocessing	n/a	
Fluent-TG	Chapter 23: Using the Adjoint Solver – 2D Laminar Flow Past a Cylinder	Chapter 23: Using the Adjoint Solver – 2D Laminar Flow Past a Cylinder	solver	present	src/io/VtuReader.cpp:590; src/acoustics/CurleAcoustics.hpp:8; src/combustion/EddyDissipationConcept.hpp:15
Fluent-TG	Chapter 23: Using the Adjoint Solver – 2D Laminar Flow Past a Cylinder	Cylinder	solver	present	src/io/VtuReader.cpp:590; src/acoustics/CurleAcoustics.hpp:8; src/combustion/EddyDissipationConcept.hpp:15
Fluent-TG	Chapter 23: Using the Adjoint Solver – 2D Laminar Flow Past a Cylinder	23.1. Introduction	solver	n/a	
Fluent-TG	Chapter 23: Using the Adjoint Solver – 2D Laminar Flow Past a Cylinder	23.2. Prerequisites	solver	n/a	
Fluent-TG	Chapter 23: Using the Adjoint Solver – 2D Laminar Flow Past a Cylinder	23.3. Problem Description	solver	n/a	
Fluent-TG	Chapter 23: Using the Adjoint Solver – 2D Laminar Flow Past a Cylinder	23.4. Setup and Solution	solver	present	src/io/VtuReader.cpp:590; src/acoustics/CurleAcoustics.hpp:8; src/combustion/EddyDissipationConcept.hpp:15
Fluent-TG	Chapter 23: Using the Adjoint Solver – 2D Laminar Flow Past a Cylinder	23.5. Summary	solver	n/a	
Fluent-TG	Chapter 23: Using the Adjoint Solver – 2D Laminar Flow Past a Cylinder	23.1. Introduction	solver	n/a	
Fluent-TG	Chapter 23: Using the Adjoint Solver – 2D Laminar Flow Past a Cylinder	23.2. Prerequisites	solver	n/a	
Fluent-TG	Chapter 23: Using the Adjoint Solver – 2D Laminar Flow Past a Cylinder	23.3. Problem Description	solver	n/a	
Fluent-TG	Chapter 23: Using the Adjoint Solver – 2D Laminar Flow Past a Cylinder	23.4. Setup and Solution	solver	present	src/io/VtuReader.cpp:590; src/acoustics/CurleAcoustics.hpp:8; src/combustion/EddyDissipationConcept.hpp:15
Fluent-TG	Chapter 23: Using the Adjoint Solver – 2D Laminar Flow Past a Cylinder	23.4.1. Preparation	solver	n/a	
Fluent-TG	Chapter 23: Using the Adjoint Solver – 2D Laminar Flow Past a Cylinder	23.4.2. Step 1: Load the Adjoint Solver Add-on	solver	n/a	
Fluent-TG	Chapter 23: Using the Adjoint Solver – 2D Laminar Flow Past a Cylinder	23.4.3. Step 2: Define Observables	solver	n/a	
Fluent-TG	Chapter 23: Using the Adjoint Solver – 2D Laminar Flow Past a Cylinder	23.4.4. Step 3: Compute the Drag Sensitivity	solver	n/a	
Fluent-TG	Chapter 23: Using the Adjoint Solver – 2D Laminar Flow Past a Cylinder	23.4.5. Step 4: Postprocess and Export Drag Sensitivity	postprocessing	n/a	
Fluent-TG	Chapter 23: Using the Adjoint Solver – 2D Laminar Flow Past a Cylinder	23.4.6. Step 5: Compute Lift Sensitivity	solver	n/a	
Fluent-TG	Chapter 23: Using the Adjoint Solver – 2D Laminar Flow Past a Cylinder	23.4.7. Step 6: Modify the Shape	solver	n/a	
Fluent-TG	Chapter 23: Using the Adjoint Solver – 2D Laminar Flow Past a Cylinder	23.4.1. Preparation	solver	n/a	
Fluent-TG	Chapter 23: Using the Adjoint Solver – 2D Laminar Flow Past a Cylinder	23.4.2. Step 1: Load the Adjoint Solver Add-on	solver	n/a	
Fluent-TG	Chapter 23: Using the Adjoint Solver – 2D Laminar Flow Past a Cylinder	23.4.3. Step 2: Define Observables	solver	n/a	
Fluent-TG	Chapter 23: Using the Adjoint Solver – 2D Laminar Flow Past a Cylinder	23.4.4. Step 3: Compute the Drag Sensitivity	solver	n/a	
Fluent-TG	Chapter 23: Using the Adjoint Solver – 2D Laminar Flow Past a Cylinder	23.4.5. Step 4: Postprocess and Export Drag Sensitivity	postprocessing	n/a	
Fluent-TG	Chapter 23: Using the Adjoint Solver – 2D Laminar Flow Past a Cylinder	23.4.5.1. Boundary Condition Sensitivity	bc	present	src/io/VtuReader.cpp:590; src/acoustics/CurleAcoustics.hpp:8; src/adjoint/ContinuousAdjoint.cpp:20
Fluent-TG	Chapter 23: Using the Adjoint Solver – 2D Laminar Flow Past a Cylinder	23.4.5.2. Momentum Source Sensitivity	solver	present	src/io/VtuReader.cpp:590; src/acoustics/CurleAcoustics.hpp:8; src/adjoint/ContinuousAdjoint.cpp:20
Fluent-TG	Chapter 23: Using the Adjoint Solver – 2D Laminar Flow Past a Cylinder	23.4.5.3. Shape Sensitivity	solver	present	src/io/VtuReader.cpp:590; src/acoustics/CurleAcoustics.hpp:8; src/adjoint/ContinuousAdjoint.cpp:20
Fluent-TG	Chapter 23: Using the Adjoint Solver – 2D Laminar Flow Past a Cylinder	23.4.5.4. Exporting Drag Sensitivity Data	solver	present	src/io/VtuReader.cpp:590; src/acoustics/CurleAcoustics.hpp:8; src/adjoint/ContinuousAdjoint.cpp:20
Fluent-TG	Chapter 23: Using the Adjoint Solver – 2D Laminar Flow Past a Cylinder	23.4.6. Step 5: Compute Lift Sensitivity	solver	n/a	
Fluent-TG	Chapter 23: Using the Adjoint Solver – 2D Laminar Flow Past a Cylinder	23.4.7. Step 6: Modify the Shape	solver	n/a	
Fluent-TG	Chapter 23: Using the Adjoint Solver – 2D Laminar Flow Past a Cylinder	Summary	solver	n/a	
Fluent-TG	Chapter 23: Using the Adjoint Solver – 2D Laminar Flow Past a Cylinder	23.5. Summary	solver	n/a	
Fluent-TG	Chapter 24: Simulating a Single Battery Cell Using the MSMD Battery Model	Chapter 24: Simulating a Single Battery Cell Using the MSMD Battery Model	other	absent	
Fluent-TG	Chapter 24: Simulating a Single Battery Cell Using the MSMD Battery Model	Model	other	n/a	
Fluent-TG	Chapter 24: Simulating a Single Battery Cell Using the MSMD Battery Model	24.1. Introduction	other	n/a	
Fluent-TG	Chapter 24: Simulating a Single Battery Cell Using the MSMD Battery Model	24.2. Prerequisites	other	n/a	
Fluent-TG	Chapter 24: Simulating a Single Battery Cell Using the MSMD Battery Model	24.3. Problem Description	other	n/a	
Fluent-TG	Chapter 24: Simulating a Single Battery Cell Using the MSMD Battery Model	24.4. Setup and Solution	other	absent	
Fluent-TG	Chapter 24: Simulating a Single Battery Cell Using the MSMD Battery Model	24.5. Summary	other	n/a	
Fluent-TG	Chapter 24: Simulating a Single Battery Cell Using the MSMD Battery Model	24.6. Appendix	other	n/a	
Fluent-TG	Chapter 24: Simulating a Single Battery Cell Using the MSMD Battery Model	24.7. References	other	n/a	
Fluent-TG	Chapter 24: Simulating a Single Battery Cell Using the MSMD Battery Model	24.1. Introduction	other	n/a	
Fluent-TG	Chapter 24: Simulating a Single Battery Cell Using the MSMD Battery Model	24.2. Prerequisites	other	n/a	
Fluent-TG	Chapter 24: Simulating a Single Battery Cell Using the MSMD Battery Model	24.3. Problem Description	other	n/a	
Fluent-TG	Chapter 24: Simulating a Single Battery Cell Using the MSMD Battery Model	24.4. Setup and Solution	other	absent	
Fluent-TG	Chapter 24: Simulating a Single Battery Cell Using the MSMD Battery Model	24.4.1. Preparation	other	n/a	
Fluent-TG	Chapter 24: Simulating a Single Battery Cell Using the MSMD Battery Model	24.4.2. Reading and Scaling the Mesh	mesh	partial	src/io/MeshFormats.hpp:7; src/combustion/EddyDissipationConcept.hpp:39
Fluent-TG	Chapter 24: Simulating a Single Battery Cell Using the MSMD Battery Model	24.4.3. Loading the MSMD battery Add-on	other	partial	src/acoustics/FwhSurface.cpp:147
Fluent-TG	Chapter 24: Simulating a Single Battery Cell Using the MSMD Battery Model	24.4.4. NTGK Battery Model Setup	other	absent	
Fluent-TG	Chapter 24: Simulating a Single Battery Cell Using the MSMD Battery Model	24.4.5. Postprocessing	postprocessing	n/a	
Fluent-TG	Chapter 24: Simulating a Single Battery Cell Using the MSMD Battery Model	24.4.6. Simulating the Battery Pulse Discharge Using the ECM Model	other	partial	src/particles/BlobInjector.hpp:11
Fluent-TG	Chapter 24: Simulating a Single Battery Cell Using the MSMD Battery Model	24.4.7. Using the Reduced Order Method (ROM)	other	partial	src/rom/EcswHyperReduction.hpp:21
Fluent-TG	Chapter 24: Simulating a Single Battery Cell Using the MSMD Battery Model	24.4.8. External and Internal Short-Circuit Treatment	other	present	src/multiphase/VolumeOfFluid.hpp:10; src/combustion/FgmFlamelet.hpp:46; src/gpu/DeviceMemoryPool.hpp:7
Fluent-TG	Chapter 24: Simulating a Single Battery Cell Using the MSMD Battery Model	24.4.1. Preparation	other	n/a	
Fluent-TG	Chapter 24: Simulating a Single Battery Cell Using the MSMD Battery Model	24.4.2. Reading and Scaling the Mesh	mesh	partial	src/io/MeshFormats.hpp:7; src/combustion/EddyDissipationConcept.hpp:39
Fluent-TG	Chapter 24: Simulating a Single Battery Cell Using the MSMD Battery Model	24.4.3. Loading the MSMD battery Add-on	other	partial	src/acoustics/FwhSurface.cpp:147
Fluent-TG	Chapter 24: Simulating a Single Battery Cell Using the MSMD Battery Model	Simulating a Single Battery Cell Using the MSMD Battery Model	other	absent	
Fluent-TG	Chapter 24: Simulating a Single Battery Cell Using the MSMD Battery Model	24.4.4. NTGK Battery Model Setup	other	absent	
Fluent-TG	Chapter 24: Simulating a Single Battery Cell Using the MSMD Battery Model	24.4.4.1. Specifying Solver and Models	solver	absent	
Fluent-TG	Chapter 24: Simulating a Single Battery Cell Using the MSMD Battery Model	24.4.4.2. Defining New Materials for Cell and Tabs	materials	absent	
Fluent-TG	Chapter 24: Simulating a Single Battery Cell Using the MSMD Battery Model	24.4.4.3. Defining Cell Zone Conditions	other	partial	src/core/BoundaryConditionRegistry.hpp:9
Fluent-TG	Chapter 24: Simulating a Single Battery Cell Using the MSMD Battery Model	24.4.4.4. Defining Boundary Conditions	bc	partial	src/core/BoundaryConditionRegistry.hpp:9
Fluent-TG	Chapter 24: Simulating a Single Battery Cell Using the MSMD Battery Model	24.4.4.5. Specifying Solution Settings	other	absent	
Fluent-TG	Chapter 24: Simulating a Single Battery Cell Using the MSMD Battery Model	24.4.4.6. Obtaining Solution	other	absent	
Fluent-TG	Chapter 24: Simulating a Single Battery Cell Using the MSMD Battery Model	24.4.4.1. Specifying Solver and Models	solver	absent	
Fluent-TG	Chapter 24: Simulating a Single Battery Cell Using the MSMD Battery Model	Simulating a Single Battery Cell Using the MSMD Battery Model	other	absent	
Fluent-TG	Chapter 24: Simulating a Single Battery Cell Using the MSMD Battery Model	Simulating a Single Battery Cell Using the MSMD Battery Model	other	absent	
Fluent-TG	Chapter 24: Simulating a Single Battery Cell Using the MSMD Battery Model	24.4.4.2. Defining New Materials for Cell and Tabs	materials	absent	
Fluent-TG	Chapter 24: Simulating a Single Battery Cell Using the MSMD Battery Model	24.4.4.3. Defining Cell Zone Conditions	other	partial	src/core/BoundaryConditionRegistry.hpp:9
Fluent-TG	Chapter 24: Simulating a Single Battery Cell Using the MSMD Battery Model	24.4.4.4. Defining Boundary Conditions	bc	partial	src/core/BoundaryConditionRegistry.hpp:9
Fluent-TG	Chapter 24: Simulating a Single Battery Cell Using the MSMD Battery Model	24.4.4.5. Specifying Solution Settings	other	absent	
Fluent-TG	Chapter 24: Simulating a Single Battery Cell Using the MSMD Battery Model	Simulating a Single Battery Cell Using the MSMD Battery Model	other	absent	
Fluent-TG	Chapter 24: Simulating a Single Battery Cell Using the MSMD Battery Model	Simulating a Single Battery Cell Using the MSMD Battery Model	other	absent	
Fluent-TG	Chapter 24: Simulating a Single Battery Cell Using the MSMD Battery Model	24.4.4.6. Obtaining Solution	other	absent	
Fluent-TG	Chapter 24: Simulating a Single Battery Cell Using the MSMD Battery Model	Simulating a Single Battery Cell Using the MSMD Battery Model	other	absent	
Fluent-TG	Chapter 24: Simulating a Single Battery Cell Using the MSMD Battery Model	24.4.5. Postprocessing	postprocessing	n/a	
Fluent-TG	Chapter 24: Simulating a Single Battery Cell Using the MSMD Battery Model	Simulating a Single Battery Cell Using the MSMD Battery Model	other	absent	
Fluent-TG	Chapter 24: Simulating a Single Battery Cell Using the MSMD Battery Model	Simulating a Single Battery Cell Using the MSMD Battery Model	other	absent	
Fluent-TG	Chapter 24: Simulating a Single Battery Cell Using the MSMD Battery Model	Simulating a Single Battery Cell Using the MSMD Battery Model	other	absent	
Fluent-TG	Chapter 24: Simulating a Single Battery Cell Using the MSMD Battery Model	Simulating a Single Battery Cell Using the MSMD Battery Model	other	absent	
Fluent-TG	Chapter 24: Simulating a Single Battery Cell Using the MSMD Battery Model	Simulating a Single Battery Cell Using the MSMD Battery Model	other	absent	
Fluent-TG	Chapter 24: Simulating a Single Battery Cell Using the MSMD Battery Model	24.4.6. Simulating the Battery Pulse Discharge Using the ECM Model	other	partial	src/particles/BlobInjector.hpp:11
Fluent-TG	Chapter 24: Simulating a Single Battery Cell Using the MSMD Battery Model	24.4.7. Using the Reduced Order Method (ROM)	other	partial	src/rom/EcswHyperReduction.hpp:21
Fluent-TG	Chapter 24: Simulating a Single Battery Cell Using the MSMD Battery Model	24.4.8. External and Internal Short-Circuit Treatment	other	present	src/multiphase/VolumeOfFluid.hpp:10; src/combustion/FgmFlamelet.hpp:46; src/gpu/DeviceMemoryPool.hpp:7
Fluent-TG	Chapter 24: Simulating a Single Battery Cell Using the MSMD Battery Model	24.4.8.1. Setting up and Solving a Short-Circuit Problem	other	present	src/gui/MainWindow.cpp:193; src/core/Command.hpp:7; src/gpu/DeviceMemoryPool.hpp:7
Fluent-TG	Chapter 24: Simulating a Single Battery Cell Using the MSMD Battery Model	Simulating a Single Battery Cell Using the MSMD Battery Model	other	absent	
Fluent-TG	Chapter 24: Simulating a Single Battery Cell Using the MSMD Battery Model	Extra	other	partial	src/combustion/LaminarFiniteRate.hpp:14
Fluent-TG	Chapter 24: Simulating a Single Battery Cell Using the MSMD Battery Model	24.4.8.2. Postprocessing	postprocessing	n/a	
Fluent-TG	Chapter 24: Simulating a Single Battery Cell Using the MSMD Battery Model	Simulating a Single Battery Cell Using the MSMD Battery Model	other	absent	
Fluent-TG	Chapter 24: Simulating a Single Battery Cell Using the MSMD Battery Model	Simulating a Single Battery Cell Using the MSMD Battery Model	other	absent	
Fluent-TG	Chapter 24: Simulating a Single Battery Cell Using the MSMD Battery Model	24.5. Summary	other	n/a	
Fluent-TG	Chapter 24: Simulating a Single Battery Cell Using the MSMD Battery Model	24.6. Appendix	other	n/a	
Fluent-TG	Chapter 24: Simulating a Single Battery Cell Using the MSMD Battery Model	24.7. References	other	n/a	
Fluent-TG	Chapter 25: Simulating a 1P3S Battery Pack Using the MSMD Battery Model	Chapter 25: Simulating a 1P3S Battery Pack Using the MSMD Battery Model	other	partial	src/meshing/BlockMeshDict.cpp:404
Fluent-TG	Chapter 25: Simulating a 1P3S Battery Pack Using the MSMD Battery Model	Model	other	n/a	
Fluent-TG	Chapter 25: Simulating a 1P3S Battery Pack Using the MSMD Battery Model	25.1. Introduction	other	n/a	
Fluent-TG	Chapter 25: Simulating a 1P3S Battery Pack Using the MSMD Battery Model	25.2. Prerequisites	other	n/a	
Fluent-TG	Chapter 25: Simulating a 1P3S Battery Pack Using the MSMD Battery Model	25.3. Problem Description	other	n/a	
Fluent-TG	Chapter 25: Simulating a 1P3S Battery Pack Using the MSMD Battery Model	25.4. Setup and Solution	other	partial	src/meshing/BlockMeshDict.cpp:404
Fluent-TG	Chapter 25: Simulating a 1P3S Battery Pack Using the MSMD Battery Model	25.5. Summary	other	n/a	
Fluent-TG	Chapter 25: Simulating a 1P3S Battery Pack Using the MSMD Battery Model	25.1. Introduction	other	n/a	
Fluent-TG	Chapter 25: Simulating a 1P3S Battery Pack Using the MSMD Battery Model	25.2. Prerequisites	other	n/a	
Fluent-TG	Chapter 25: Simulating a 1P3S Battery Pack Using the MSMD Battery Model	25.3. Problem Description	other	n/a	
Fluent-TG	Chapter 25: Simulating a 1P3S Battery Pack Using the MSMD Battery Model	25.4. Setup and Solution	other	partial	src/meshing/BlockMeshDict.cpp:404
Fluent-TG	Chapter 25: Simulating a 1P3S Battery Pack Using the MSMD Battery Model	25.4.1. Preparation	other	n/a	
Fluent-TG	Chapter 25: Simulating a 1P3S Battery Pack Using the MSMD Battery Model	25.4.2. Reading and Scaling the Mesh	mesh	present	src/io/MeshFormats.hpp:7; src/meshing/BlockMeshDict.cpp:404; src/combustion/EddyDissipationConcept.hpp:39
Fluent-TG	Chapter 25: Simulating a 1P3S Battery Pack Using the MSMD Battery Model	25.4.3. Loading the MSMD battery Add-on	other	partial	src/meshing/BlockMeshDict.cpp:404; src/acoustics/FwhSurface.cpp:147
Fluent-TG	Chapter 25: Simulating a 1P3S Battery Pack Using the MSMD Battery Model	25.4.4. Battery Model Setup	other	partial	src/meshing/BlockMeshDict.cpp:404
Fluent-TG	Chapter 25: Simulating a 1P3S Battery Pack Using the MSMD Battery Model	25.4.5. Postprocessing	postprocessing	n/a	
Fluent-TG	Chapter 25: Simulating a 1P3S Battery Pack Using the MSMD Battery Model	25.4.1. Preparation	other	n/a	
Fluent-TG	Chapter 25: Simulating a 1P3S Battery Pack Using the MSMD Battery Model	25.4.2. Reading and Scaling the Mesh	mesh	present	src/io/MeshFormats.hpp:7; src/meshing/BlockMeshDict.cpp:404; src/combustion/EddyDissipationConcept.hpp:39
Fluent-TG	Chapter 25: Simulating a 1P3S Battery Pack Using the MSMD Battery Model	25.4.3. Loading the MSMD battery Add-on	other	partial	src/meshing/BlockMeshDict.cpp:404; src/acoustics/FwhSurface.cpp:147
Fluent-TG	Chapter 25: Simulating a 1P3S Battery Pack Using the MSMD Battery Model	25.4.4. Battery Model Setup	other	partial	src/meshing/BlockMeshDict.cpp:404
Fluent-TG	Chapter 25: Simulating a 1P3S Battery Pack Using the MSMD Battery Model	25.4.4.1. Specifying Solver and Models	solver	partial	src/meshing/BlockMeshDict.cpp:404
Fluent-TG	Chapter 25: Simulating a 1P3S Battery Pack Using the MSMD Battery Model	25.4.4.2. Defining New Materials	materials	partial	src/meshing/BlockMeshDict.cpp:404
Fluent-TG	Chapter 25: Simulating a 1P3S Battery Pack Using the MSMD Battery Model	25.4.4.3. Defining Cell Zone Conditions	other	partial	src/meshing/BlockMeshDict.cpp:404; src/core/BoundaryConditionRegistry.hpp:9
Fluent-TG	Chapter 25: Simulating a 1P3S Battery Pack Using the MSMD Battery Model	25.4.4.4. Defining Boundary Conditions	bc	partial	src/meshing/BlockMeshDict.cpp:404; src/core/BoundaryConditionRegistry.hpp:9
Fluent-TG	Chapter 25: Simulating a 1P3S Battery Pack Using the MSMD Battery Model	25.4.4.5. Specifying Solution Settings	other	partial	src/meshing/BlockMeshDict.cpp:404
Fluent-TG	Chapter 25: Simulating a 1P3S Battery Pack Using the MSMD Battery Model	25.4.4.6. Obtaining Solution	other	partial	src/meshing/BlockMeshDict.cpp:404
Fluent-TG	Chapter 25: Simulating a 1P3S Battery Pack Using the MSMD Battery Model	25.4.4.1. Specifying Solver and Models	solver	partial	src/meshing/BlockMeshDict.cpp:404
Fluent-TG	Chapter 25: Simulating a 1P3S Battery Pack Using the MSMD Battery Model	25.4.4.2. Defining New Materials	materials	partial	src/meshing/BlockMeshDict.cpp:404
Fluent-TG	Chapter 25: Simulating a 1P3S Battery Pack Using the MSMD Battery Model	25.4.4.3. Defining Cell Zone Conditions	other	partial	src/meshing/BlockMeshDict.cpp:404; src/core/BoundaryConditionRegistry.hpp:9
Fluent-TG	Chapter 25: Simulating a 1P3S Battery Pack Using the MSMD Battery Model	25.4.4.4. Defining Boundary Conditions	bc	partial	src/meshing/BlockMeshDict.cpp:404; src/core/BoundaryConditionRegistry.hpp:9
Fluent-TG	Chapter 25: Simulating a 1P3S Battery Pack Using the MSMD Battery Model	25.4.4.5. Specifying Solution Settings	other	partial	src/meshing/BlockMeshDict.cpp:404
Fluent-TG	Chapter 25: Simulating a 1P3S Battery Pack Using the MSMD Battery Model	25.4.4.6. Obtaining Solution	other	partial	src/meshing/BlockMeshDict.cpp:404
Fluent-TG	Chapter 25: Simulating a 1P3S Battery Pack Using the MSMD Battery Model	25.4.5. Postprocessing	postprocessing	n/a	
Fluent-TG	Chapter 25: Simulating a 1P3S Battery Pack Using the MSMD Battery Model	Summary	other	n/a	
Fluent-TG	Chapter 25: Simulating a 1P3S Battery Pack Using the MSMD Battery Model	25.5. Summary	other	n/a	
CMP-UG	COMSOL Multiphysics User's Guide	COMSOL Multiphysics User's Guide	other	n/a	
CMP-UG	Contents	Contents	other	n/a	
CMP-UG	Chapter 1: Introduction	Chapter 1: Introduction	other	n/a	
CMP-UG	Chapter 1: Introduction	About COMSOL Multiphysics	other	n/a	
CMP-UG	Chapter 1: Introduction	About Comsol Multiphysics	other	n/a	
CMP-UG	Chapter 1: Introduction	The COMSOL Modules	other	partial	src/cad/CadKernel.cpp:7
CMP-UG	Chapter 1: Introduction	The Comsol Modules	other	partial	src/cad/CadKernel.cpp:7
CMP-UG	Chapter 1: Introduction	AC/DC Module	other	partial	src/acoustics/CurleAcoustics.hpp:19
CMP-UG	Chapter 1: Introduction	The Comsol Modules	other	partial	src/cad/CadKernel.cpp:7
CMP-UG	Chapter 1: Introduction	Typical application areas for the Acoustics Module include:	other	present	src/meshing/CartesianMesher.hpp:7; src/cad/PersistentIdManager.cpp:21; src/acoustics/CMakeLists.txt:1
CMP-UG	Chapter 1: Introduction	Chemical Reaction Engineering Module	combustion	present	src/io/ForcesReport.hpp:7; src/combustion/CanteraParser.hpp:11; src/acoustics/CurleAcoustics.hpp:19
CMP-UG	Chapter 1: Introduction	The Comsol Modules	other	partial	src/cad/CadKernel.cpp:7
CMP-UG	Chapter 1: Introduction	Heat Transfer Module	turbulence	partial	src/acoustics/CurleAcoustics.hpp:19; src/cad/IgesReader.cpp:45
CMP-UG	Chapter 1: Introduction	The Comsol Modules	other	partial	src/cad/CadKernel.cpp:7
CMP-UG	Chapter 1: Introduction	The Comsol Modules	other	partial	src/cad/CadKernel.cpp:7
CMP-UG	Chapter 1: Introduction	The Comsol Modules	other	partial	src/cad/CadKernel.cpp:7
CMP-UG	Chapter 1: Introduction	The Comsol Modules	other	partial	src/cad/CadKernel.cpp:7
CMP-UG	Chapter 1: Introduction	The Comsol Modules	other	partial	src/cad/CadKernel.cpp:7
CMP-UG	Chapter 1: Introduction	The Comsol Modules	other	partial	src/cad/CadKernel.cpp:7
CMP-UG	Chapter 1: Introduction	Overview of the User’s Guide	other	n/a	
CMP-UG	Chapter 1: Introduction	Ta B L E O F C O N T E N T S , G L O S S A R Y, A N D I N D E X	other	n/a	
CMP-UG	Chapter 1: Introduction	FLUID FLOW	other	n/a	
CMP-UG	Chapter 1: Introduction	DEFORMED MESHES	mesh	partial	src/morphing/FfdBox.hpp:19; src/core/IWallDistanceService.hpp:31
CMP-UG	Chapter 1: Introduction	The COMSOL Documentation Set	other	absent	
CMP-UG	Chapter 1: Introduction	Where Do I Access the Documentation and Model Library?	other	partial	src/gpu/HostDeviceMirror.hpp:33; src/core/PluginLoader.hpp:10
CMP-UG	Chapter 1: Introduction	The Documentation	other	absent	
CMP-UG	Chapter 1: Introduction	To open the Model Library, select View>Model Library (	other	partial	src/core/ConfigStore.hpp:100; src/core/PluginLoader.hpp:10
CMP-UG	Chapter 1: Introduction	CONVENTION	other	n/a	
CMP-UG	Chapter 1: Introduction	The Comsol Documentation Set	other	absent	
CMP-UG	Chapter 1: Introduction	ICON	other	partial	src/visualization/OrientationGizmo.hpp:36
CMP-UG	Chapter 2: The COMSOL Modeling Environment	Chapter 2: The COMSOL Modeling Environment	other	partial	src/gpu/CudaContext.hpp:77
CMP-UG	Chapter 2: The COMSOL Modeling Environment	T he C O M S O L D eskt op E n v i ron m en t	other	partial	src/gpu/CudaContext.hpp:77
CMP-UG	Chapter 2: The COMSOL Modeling Environment	SETTING THE LAYOUT TO WIDESCREEN OR REGULAR SCREEN	other	present	src/core/Command.hpp:7; src/gpu/CudaContext.hpp:77; src/meshing/TetrahedralMesher.cpp:18
CMP-UG	Chapter 2: The COMSOL Modeling Environment	Printing from the COMSOL Desktop	other	partial	src/gpu/CudaContext.hpp:77; src/gui_core/PanelRegistry.hpp:11
CMP-UG	Chapter 2: The COMSOL Modeling Environment	Button	other	partial	src/gpu/CudaContext.hpp:77; src/gui/ConsolePanel.hpp:6
CMP-UG	Chapter 2: The COMSOL Modeling Environment	Introduction to the Model Wizard	workflow	partial	src/gpu/CudaContext.hpp:77
CMP-UG	Chapter 2: The COMSOL Modeling Environment	THE SELECT SPACE DIMENSION PAGE	other	present	src/gpu/CudaContext.hpp:77; src/adjoint/DiscreteAdjoint.hpp:37; src/combustion/SlfmFlamelet.hpp:6
CMP-UG	Chapter 2: The COMSOL Modeling Environment	Basic Steps to Build a Model	other	partial	src/rom/PodDmd.cpp:192; src/gpu/CudaContext.hpp:77
CMP-UG	Chapter 2: The COMSOL Modeling Environment	Introduction To The Model Wizard And The Model Builder	workflow	partial	src/gpu/CudaContext.hpp:77; src/cad/BrepIo.cpp:23
CMP-UG	Chapter 2: The COMSOL Modeling Environment	Model Nodes by Space Dimension	turbulence	present	src/gpu/CudaContext.hpp:77; src/adjoint/DiscreteAdjoint.hpp:37; src/combustion/SlfmFlamelet.hpp:6
CMP-UG	Chapter 2: The COMSOL Modeling Environment	B R A N C H E S I N T H E M O D E L TRE E	other	partial	src/gpu/CudaContext.hpp:77
CMP-UG	Chapter 2: The COMSOL Modeling Environment	The main branches include:	other	present	src/gpu/CudaContext.hpp:77; src/gpu/StreamScheduler.hpp:29; src/gpu/CudaContext.hpp:32
CMP-UG	Chapter 2: The COMSOL Modeling Environment	Domain level settings for	other	partial	src/gpu/CudaContext.hpp:77
CMP-UG	Chapter 2: The COMSOL Modeling Environment	Moving Nodes in the Model Tree	turbulence	present	src/gpu/CudaContext.hpp:77; src/dynamics/SixDof.hpp:18; src/adjoint/DiscreteAdjoint.hpp:19
CMP-UG	Chapter 2: The COMSOL Modeling Environment	Introduction To The Model Wizard And The Model Builder	workflow	partial	src/gpu/CudaContext.hpp:77; src/cad/BrepIo.cpp:23
CMP-UG	Chapter 2: The COMSOL Modeling Environment	Going to the Source Node	other	partial	src/cad/ObjReader.cpp:172; src/gpu/CudaContext.hpp:77
CMP-UG	Chapter 2: The COMSOL Modeling Environment	Duplicating Nodes	other	partial	src/cad/ShapeHandleInternal.hpp:11; src/gpu/CudaContext.hpp:77
CMP-UG	Chapter 2: The COMSOL Modeling Environment	Expanding and Collapsing All Nodes	other	partial	src/gpu/CudaContext.hpp:77
CMP-UG	Chapter 2: The COMSOL Modeling Environment	Organizing Nodes By Space Dimension	turbulence	present	src/gpu/CudaContext.hpp:77; src/adjoint/DiscreteAdjoint.hpp:37; src/combustion/SlfmFlamelet.hpp:6
CMP-UG	Chapter 2: The COMSOL Modeling Environment	When No Sorting (	other	partial	src/gpu/CudaContext.hpp:77
CMP-UG	Chapter 2: The COMSOL Modeling Environment	O R G A N I Z I N G N O D E S B Y TY P E	other	partial	src/gpu/CudaContext.hpp:77
CMP-UG	Chapter 2: The COMSOL Modeling Environment	Introduction to the COMSOL Windows	ui	partial	src/gpu/CudaContext.hpp:77; src/core/CrashHandler.cpp:17
CMP-UG	Chapter 2: The COMSOL Modeling Environment	Build Selected button (	other	present	src/gpu/CudaContext.hpp:77; src/gpu/CudaContext.cpp:45; src/gui/ConsolePanel.hpp:6
CMP-UG	Chapter 2: The COMSOL Modeling Environment	The Help Window	ui	partial	src/gpu/CudaContext.hpp:77; src/gui/MainWindow.hpp:4
CMP-UG	Chapter 2: The COMSOL Modeling Environment	Specify the search scope by expanding the Scope section, where you can	other	present	src/gpu/CudaContext.hpp:77; src/io/FaceBasedMeshReader.hpp:40; src/gpu/GpuKernels.cpp:311
CMP-UG	Chapter 2: The COMSOL Modeling Environment	Introduction To The Comsol Windows	ui	partial	src/gpu/CudaContext.hpp:77; src/core/CrashHandler.cpp:17
CMP-UG	Chapter 2: The COMSOL Modeling Environment	The Help Documentation Window	ui	partial	src/gpu/CudaContext.hpp:77; src/gui/MainWindow.hpp:4
CMP-UG	Chapter 2: The COMSOL Modeling Environment	Link with Contents. You can also narrow the Scope of the topics searched. See	other	present	src/gpu/CudaContext.hpp:77; src/io/FaceBasedMeshReader.hpp:40; src/cad/CMakeLists.txt:35
CMP-UG	Chapter 2: The COMSOL Modeling Environment	Search	other	partial	src/gpu/CudaContext.hpp:77; src/gpu/GpuKernels.cpp:311
CMP-UG	Chapter 2: The COMSOL Modeling Environment	You can load a model to the COMSOL Desktop from the Model Library in three	other	present	src/gui_core/PanelRegistry.hpp:11; src/gpu/CudaContext.hpp:77; src/core/PluginLoader.hpp:10
CMP-UG	Chapter 2: The COMSOL Modeling Environment	In the COMSOL Multiphysics Reference Guide:	other	partial	src/gpu/CudaContext.hpp:77
CMP-UG	Chapter 2: The COMSOL Modeling Environment	The About COMSOL Multiphysics Box	other	partial	src/gpu/CudaContext.hpp:77
CMP-UG	Chapter 2: The COMSOL Modeling Environment	Keyboard Shortcuts	other	partial	src/gpu/CudaContext.hpp:77
CMP-UG	Chapter 2: The COMSOL Modeling Environment	Ke y t o t he N od es an d Tool b ar	other	partial	src/gpu/CudaContext.hpp:77
CMP-UG	Chapter 2: The COMSOL Modeling Environment	Study Steps Analysis	other	partial	src/gpu/CudaContext.hpp:77; src/gpu/GpuKernels.cpp:331
CMP-UG	Chapter 3: Global and Local Definitions	Chapter 3: Global and Local Definitions	other	partial	src/porous/PorousMedia.hpp:47; src/core/RotatingFileSink.hpp:39
CMP-UG	Chapter 3: Global and Local Definitions	About Global and Local Definitions	other	partial	src/porous/PorousMedia.hpp:47; src/core/RotatingFileSink.hpp:39
CMP-UG	Chapter 3: Global and Local Definitions	Local Definitions	other	partial	src/porous/PorousMedia.hpp:47; src/core/RotatingFileSink.hpp:39
CMP-UG	Chapter 3: Global and Local Definitions	Operators, Functions, and Variables	other	present	src/porous/PorousMedia.hpp:47; src/multiphase/PlicReconstruction.hpp:24; src/adjoint/DiscreteAdjoint.hpp:15
CMP-UG	Chapter 3: Global and Local Definitions	Unary and Binary Operators	other	present	src/porous/PorousMedia.hpp:47; src/multiphase/PlicReconstruction.hpp:24; src/core/RotatingFileSink.hpp:39
CMP-UG	Chapter 3: Global and Local Definitions	T H E TE S T O P E R A T O R	other	partial	src/porous/PorousMedia.hpp:47; src/core/RotatingFileSink.hpp:39
CMP-UG	Chapter 3: Global and Local Definitions	THE ISLINEAR OPERATOR	other	partial	src/porous/PorousMedia.hpp:47; src/core/RotatingFileSink.hpp:39
CMP-UG	Chapter 3: Global and Local Definitions	THE TIMEINT OPERATOR	other	partial	src/porous/PorousMedia.hpp:47; src/core/RotatingFileSink.hpp:39
CMP-UG	Chapter 3: Global and Local Definitions	THE LINPOINT OPERATOR	other	partial	src/porous/PorousMedia.hpp:47; src/core/RotatingFileSink.hpp:39
CMP-UG	Chapter 3: Global and Local Definitions	The Reacf Operator	other	partial	src/porous/PorousMedia.hpp:47; src/core/RotatingFileSink.hpp:39
CMP-UG	Chapter 3: Global and Local Definitions	The Shapeorder Operator	other	partial	src/porous/PorousMedia.hpp:47; src/core/RotatingFileSink.hpp:39
CMP-UG	Chapter 3: Global and Local Definitions	Mathematical Functions	other	present	src/turbulence/KEpsilonRealizable.hpp:6; src/porous/PorousMedia.hpp:47; src/core/RotatingFileSink.hpp:39
CMP-UG	Chapter 3: Global and Local Definitions	Global Parameters	scripting	partial	src/porous/PorousMedia.hpp:47; src/core/RotatingFileSink.hpp:39
CMP-UG	Chapter 3: Global and Local Definitions	V a r i a ble s	other	partial	src/porous/PorousMedia.hpp:47; src/core/RotatingFileSink.hpp:39
CMP-UG	Chapter 3: Global and Local Definitions	COMSOL LiveLink for MATLAB). See Operators, Functions, and Variables	other	present	src/porous/PorousMedia.hpp:47; src/multiphase/PlicReconstruction.hpp:24; src/adjoint/DiscreteAdjoint.hpp:15
CMP-UG	Chapter 3: Global and Local Definitions	These variable naming conventions mean that the syntax becomes shorter when	other	present	src/porous/PorousMedia.hpp:47; src/meshing/MedialAxisDecomposition.cpp:117; src/core/ConfigStore.cpp:56
CMP-UG	Chapter 3: Global and Local Definitions	Geometric Variables	other	present	src/porous/PorousMedia.hpp:47; src/adjoint/DiscreteAdjoint.hpp:15; src/meshing/BlockMeshDict.hpp:45
CMP-UG	Chapter 3: Global and Local Definitions	The variables dvol, h, qual, reldetjac, and reldetjacmin are based on the mesh	mesh	present	src/porous/PorousMedia.hpp:47; src/adjoint/DiscreteAdjoint.hpp:15; src/core/RotatingFileSink.hpp:39
CMP-UG	Chapter 3: Global and Local Definitions	Normal Variables	other	present	src/porous/PorousMedia.hpp:47; src/adjoint/DiscreteAdjoint.hpp:15; src/core/RotatingFileSink.hpp:39
CMP-UG	Chapter 3: Global and Local Definitions	A N E X A M P L E O F L A G R A N G E E L E M E N T VA R I A BL E S	other	partial	src/porous/PorousMedia.hpp:47; src/core/RotatingFileSink.hpp:39
CMP-UG	Chapter 3: Global and Local Definitions	Tan G En Tial Der Ivative Var Ia Bl Es	other	partial	src/porous/PorousMedia.hpp:47; src/core/RotatingFileSink.hpp:39
CMP-UG	Chapter 3: Global and Local Definitions	LA GR AN GE MULT IPL IER VAR IA BL ES	other	partial	src/porous/PorousMedia.hpp:47; src/core/RotatingFileSink.hpp:39
CMP-UG	Chapter 3: Global and Local Definitions	Variables	other	present	src/porous/PorousMedia.hpp:47; src/adjoint/DiscreteAdjoint.hpp:15; src/core/RotatingFileSink.hpp:39
CMP-UG	Chapter 3: Global and Local Definitions	Solver Variables	solver	present	src/porous/PorousMedia.hpp:47; src/adjoint/DiscreteAdjoint.hpp:15; src/core/RotatingFileSink.hpp:39
CMP-UG	Chapter 3: Global and Local Definitions	Examples Using The Range Function	other	present	src/io/SolutionMonitors.cpp:100; src/porous/PorousMedia.hpp:47; src/core/RotatingFileSink.hpp:39
CMP-UG	Chapter 3: Global and Local Definitions	Variables	other	present	src/porous/PorousMedia.hpp:47; src/adjoint/DiscreteAdjoint.hpp:15; src/core/RotatingFileSink.hpp:39
CMP-UG	Chapter 3: Global and Local Definitions	Global and Local Functions	other	partial	src/porous/PorousMedia.hpp:47; src/core/RotatingFileSink.hpp:39
CMP-UG	Chapter 3: Global and Local Definitions	OTHER FUNCTION CHARACTERISTICS	other	partial	src/porous/PorousMedia.hpp:47; src/core/RotatingFileSink.hpp:39
CMP-UG	Chapter 3: Global and Local Definitions	AVAILABLE GLOBAL AND LOCAL FUNCTIONS	other	present	src/porous/PorousMedia.hpp:47; src/amr/AdaptiveRefinement.hpp:11; src/core/RotatingFileSink.hpp:39
CMP-UG	Chapter 3: Global and Local Definitions	An External function (	other	present	src/porous/PorousMedia.hpp:47; src/combustion/FgmFlamelet.hpp:46; src/core/RotatingFileSink.hpp:39
CMP-UG	Chapter 3: Global and Local Definitions	Click the Plot button (	other	present	src/porous/PorousMedia.hpp:47; src/visualization/OrientationGizmo.cpp:43; src/gui/MainWindow.cpp:267
CMP-UG	Chapter 3: Global and Local Definitions	Columns containing x, y (optional), and z (optional), or any	other	present	src/porous/PorousMedia.hpp:47; src/combustion/ThermoNasaParser.hpp:22; src/combustion/ThermoNasaParser.cpp:119
CMP-UG	Chapter 3: Global and Local Definitions	Global And Local Functions	other	partial	src/porous/PorousMedia.hpp:47; src/core/RotatingFileSink.hpp:39
CMP-UG	Chapter 3: Global and Local Definitions	EXAMPLE OF IMPORTING A FILE DATA SOURCE INTO A PARAMETER	scripting	present	src/materials/RealGasEos.hpp:45; src/porous/PorousMedia.hpp:47; src/core/RotatingFileSink.hpp:39
CMP-UG	Chapter 3: Global and Local Definitions	MATLAB Functions (Global Only)	other	partial	src/porous/PorousMedia.hpp:47; src/core/RotatingFileSink.hpp:39
CMP-UG	Chapter 3: Global and Local Definitions	Random Functions	other	present	src/porous/PorousMedia.hpp:47; src/combustion/TransportedPdf.cpp:54; src/core/RotatingFileSink.hpp:39
CMP-UG	Chapter 3: Global and Local Definitions	Model Couplings	other	present	src/porous/PorousMedia.hpp:47; src/multiphase/EulerianMultifluid.hpp:72; src/core/RotatingFileSink.hpp:39
CMP-UG	Chapter 3: Global and Local Definitions	Model Couplings	other	present	src/porous/PorousMedia.hpp:47; src/multiphase/EulerianMultifluid.hpp:72; src/core/RotatingFileSink.hpp:39
CMP-UG	Chapter 3: Global and Local Definitions	About Coupling Operators	other	present	src/porous/PorousMedia.hpp:47; src/multiphase/PlicReconstruction.hpp:24; src/core/RotatingFileSink.hpp:39
CMP-UG	Chapter 3: Global and Local Definitions	ABOUT BOUNDARY SIMILARITY COUPLING OPERATORS	other	present	src/porous/PorousMedia.hpp:47; src/materials/AnisotropicConductivity.hpp:42; src/multiphase/PlicReconstruction.hpp:24
CMP-UG	Chapter 3: Global and Local Definitions	ABOUT SOURCE AND DESTINATION MAPPINGS	other	present	src/combustion/CanteraParser.hpp:17; src/porous/PorousMedia.hpp:47; src/core/CrashHandler.hpp:9
CMP-UG	Chapter 3: Global and Local Definitions	EXAMPLES OF EXTRUSION MODEL COUPLING	other	present	src/io/SolutionMonitors.cpp:100; src/porous/PorousMedia.hpp:47; src/meshing/HexSweepMesher.hpp:10
CMP-UG	Chapter 3: Global and Local Definitions	Examples Of Projection Couplings	other	present	src/io/SolutionMonitors.cpp:100; src/porous/PorousMedia.hpp:47; src/multiphase/EulerianMultifluid.hpp:72
CMP-UG	Chapter 3: Global and Local Definitions	Projection Coupling Operators—Example 1	other	present	src/materials/RealGasEos.hpp:45; src/porous/PorousMedia.hpp:47; src/multiphase/PlicReconstruction.hpp:24
CMP-UG	Chapter 3: Global and Local Definitions	Projection Coupling Operators—Example 2	other	present	src/materials/RealGasEos.hpp:45; src/porous/PorousMedia.hpp:47; src/multiphase/PlicReconstruction.hpp:24
CMP-UG	Chapter 3: Global and Local Definitions	ABOUT AVERAGE MODEL COUPLINGS	other	present	src/porous/PorousMedia.hpp:47; src/multiphase/EulerianMultifluid.hpp:72; src/cad/StepReader.cpp:32
CMP-UG	Chapter 3: Global and Local Definitions	Model Couplings	other	present	src/porous/PorousMedia.hpp:47; src/multiphase/EulerianMultifluid.hpp:72; src/core/RotatingFileSink.hpp:39
CMP-UG	Chapter 3: Global and Local Definitions	Defining a General Extrusion Model Coupling	other	present	src/porous/PorousMedia.hpp:47; src/meshing/HexSweepMesher.hpp:10; src/core/RotatingFileSink.hpp:39
CMP-UG	Chapter 3: Global and Local Definitions	Model Couplings	other	present	src/porous/PorousMedia.hpp:47; src/multiphase/EulerianMultifluid.hpp:72; src/core/RotatingFileSink.hpp:39
CMP-UG	Chapter 3: Global and Local Definitions	Defining a Linear Extrusion Model Coupling	other	present	src/porous/PorousMedia.hpp:47; src/meshing/HexSweepMesher.hpp:10; src/core/RotatingFileSink.hpp:39
CMP-UG	Chapter 3: Global and Local Definitions	Model Couplings	other	present	src/porous/PorousMedia.hpp:47; src/multiphase/EulerianMultifluid.hpp:72; src/core/RotatingFileSink.hpp:39
CMP-UG	Chapter 3: Global and Local Definitions	Model Couplings	other	present	src/porous/PorousMedia.hpp:47; src/multiphase/EulerianMultifluid.hpp:72; src/core/RotatingFileSink.hpp:39
CMP-UG	Chapter 3: Global and Local Definitions	ONE-POINT MAPS	other	present	src/porous/PorousMedia.hpp:47; src/cad/StepReader.cpp:32; src/core/RotatingFileSink.hpp:39
CMP-UG	Chapter 3: Global and Local Definitions	Model Couplings	other	present	src/porous/PorousMedia.hpp:47; src/multiphase/EulerianMultifluid.hpp:72; src/core/RotatingFileSink.hpp:39
CMP-UG	Chapter 3: Global and Local Definitions	Defining a Linear Projection Model Coupling	other	present	src/porous/PorousMedia.hpp:47; src/acoustics/CurleAcoustics.cpp:29; src/core/RotatingFileSink.hpp:39
CMP-UG	Chapter 3: Global and Local Definitions	Model Couplings	other	present	src/porous/PorousMedia.hpp:47; src/multiphase/EulerianMultifluid.hpp:72; src/core/RotatingFileSink.hpp:39
CMP-UG	Chapter 3: Global and Local Definitions	Coordinate Systems	other	present	src/porous/PorousMedia.hpp:47; src/io/FaceBasedMeshReader.cpp:214; src/core/RotatingFileSink.hpp:39
CMP-UG	Chapter 3: Global and Local Definitions	About Base Vector Coordinate Systems	other	present	src/porous/PorousMedia.hpp:47; src/io/FaceBasedMeshReader.cpp:214; src/core/RotatingFileSink.hpp:39
CMP-UG	Chapter 3: Global and Local Definitions	Defining a Base Vector System	other	partial	src/porous/PorousMedia.hpp:47; src/core/RotatingFileSink.hpp:39
CMP-UG	Chapter 3: Global and Local Definitions	About Boundary Coordinate Systems	other	present	src/porous/PorousMedia.hpp:47; src/io/FaceBasedMeshReader.cpp:214; src/core/RotatingFileSink.hpp:39
CMP-UG	Chapter 3: Global and Local Definitions	Coordinate Systems	other	present	src/porous/PorousMedia.hpp:47; src/io/FaceBasedMeshReader.cpp:214; src/core/RotatingFileSink.hpp:39
CMP-UG	Chapter 3: Global and Local Definitions	About Mapped Coordinate Systems	other	present	src/porous/PorousMedia.hpp:47; src/io/GambitReader.hpp:43; src/io/FaceBasedMeshReader.cpp:214
CMP-UG	Chapter 3: Global and Local Definitions	Coordinate Systems	other	present	src/porous/PorousMedia.hpp:47; src/io/FaceBasedMeshReader.cpp:214; src/core/RotatingFileSink.hpp:39
CMP-UG	Chapter 3: Global and Local Definitions	About Rotated Coordinate Systems	other	present	src/porous/PorousMedia.hpp:47; src/core/RotatingFileSink.hpp:7; src/io/FaceBasedMeshReader.cpp:214
CMP-UG	Chapter 3: Global and Local Definitions	Defining a Rotated System	other	present	src/porous/PorousMedia.hpp:47; src/core/RotatingFileSink.hpp:7; src/core/RotatingFileSink.hpp:39
CMP-UG	Chapter 3: Global and Local Definitions	This is a mapped normalized system using the following transform in global	turbulence	present	src/porous/PorousMedia.hpp:47; src/io/GambitReader.hpp:43; src/meshing/OctreeMesher.cpp:181
CMP-UG	Chapter 3: Global and Local Definitions	About Scaling Coordinate Systems	parallel	present	src/porous/PorousMedia.hpp:47; src/io/FaceBasedMeshReader.cpp:214; src/combustion/EddyDissipationConcept.hpp:39
CMP-UG	Chapter 3: Global and Local Definitions	Coordinate Systems	other	present	src/porous/PorousMedia.hpp:47; src/io/FaceBasedMeshReader.cpp:214; src/core/RotatingFileSink.hpp:39
CMP-UG	Chapter 3: Global and Local Definitions	Defining a Scaling System	parallel	present	src/porous/PorousMedia.hpp:47; src/combustion/EddyDissipationConcept.hpp:39; src/core/RotatingFileSink.hpp:39
CMP-UG	Chapter 3: Global and Local Definitions	NOTE ON AVAILABILITY	other	present	src/gpu/CudaContext.hpp:47; src/porous/PorousMedia.hpp:47; src/gpu/GpuKernels.cpp:242
CMP-UG	Chapter 3: Global and Local Definitions	Identity and Contact Pairs	other	present	src/porous/PorousMedia.hpp:47; src/multiphase/SurfaceTensionCsf.cpp:54; src/core/UnitSystem.cpp:33
CMP-UG	Chapter 3: Global and Local Definitions	Identity And Contact Pairs	other	present	src/porous/PorousMedia.hpp:47; src/multiphase/SurfaceTensionCsf.cpp:54; src/core/UnitSystem.cpp:33
CMP-UG	Chapter 3: Global and Local Definitions	Identity And Contact Pairs	other	present	src/porous/PorousMedia.hpp:47; src/multiphase/SurfaceTensionCsf.cpp:54; src/core/UnitSystem.cpp:33
CMP-UG	Chapter 3: Global and Local Definitions	Probes	postprocessing	present	src/porous/PorousMedia.hpp:47; src/cad/PersistentIdManager.hpp:8; src/core/RotatingFileSink.hpp:39
CMP-UG	Chapter 3: Global and Local Definitions	Global Variable Probes	postprocessing	present	src/porous/PorousMedia.hpp:47; src/cad/PersistentIdManager.hpp:8; src/core/RotatingFileSink.hpp:39
CMP-UG	Chapter 4: Visualization and Selection Tools	Chapter 4: Visualization and Selection Tools	other	partial	src/io/EnSightGoldWriter.hpp:8
CMP-UG	Chapter 4: Visualization and Selection Tools	Working with Geometry	geometry	partial	src/io/EnSightGoldWriter.hpp:8; src/core/ResourceMonitor.hpp:7
CMP-UG	Chapter 4: Visualization and Selection Tools	About Selecting Geometric Entities	other	present	src/io/EnSightGoldWriter.hpp:8; src/meshing/BlockMeshDict.hpp:45; src/cad/IgesReader.cpp:27
CMP-UG	Chapter 4: Visualization and Selection Tools	Wo R K I N G W I T H G E O M E T R Y	other	partial	src/io/EnSightGoldWriter.hpp:8
CMP-UG	Chapter 4: Visualization and Selection Tools	Zooming In and Out in the Graphics Window	ui	present	src/gpu/RenderingBridge.hpp:15; src/io/EnSightGoldWriter.hpp:8; src/gui/MainWindow.hpp:4
CMP-UG	Chapter 4: Visualization and Selection Tools	Moving Around and Rotating 3D Geometry in the Graphics Window	geometry	present	src/gpu/RenderingBridge.hpp:15; src/io/EnSightGoldWriter.hpp:8; src/dynamics/SixDof.hpp:18
CMP-UG	Chapter 4: Visualization and Selection Tools	TASK	other	partial	src/io/EnSightGoldWriter.hpp:8
CMP-UG	Chapter 4: Visualization and Selection Tools	Scene Light ON and Transparency OFF	turbulence	present	src/io/EnSightGoldWriter.hpp:8; src/gui/Dialogs.cpp:139; src/visualization/ActorRegistry.hpp:4
CMP-UG	Chapter 4: Visualization and Selection Tools	C H A P T E R 4 : V I S U A L I Z A T I O N A N D S E L E C T I O N To O L S	other	partial	src/io/EnSightGoldWriter.hpp:8
CMP-UG	Chapter 4: Visualization and Selection Tools	U s e r - De f i ne d Sel ect i on s	other	partial	src/io/EnSightGoldWriter.hpp:8
CMP-UG	Chapter 4: Visualization and Selection Tools	For 1D models, there are no edges or points, and the related selection	other	present	src/combustion/EddyDissipationConcept.hpp:4; src/io/EnSightGoldWriter.hpp:8; src/cad/Defeaturing.cpp:57
CMP-UG	Chapter 4: Visualization and Selection Tools	C H A P T E R 4 : V I S U A L I Z A T I O N A N D S E L E C T I O N To O L S	other	partial	src/io/EnSightGoldWriter.hpp:8
CMP-UG	Chapter 4: Visualization and Selection Tools	Defining a Boolean Selection Node	geometry	partial	src/cad/Booleans.hpp:4; src/io/EnSightGoldWriter.hpp:8
CMP-UG	Chapter 4: Visualization and Selection Tools	C H A P T E R 4 : V I S U A L I Z A T I O N A N D S E L E C T I O N To O L S	other	partial	src/io/EnSightGoldWriter.hpp:8
CMP-UG	Chapter 4: Visualization and Selection Tools	U S E R- D E F I N E D S E L E C T I O N S	other	partial	src/io/EnSightGoldWriter.hpp:8
CMP-UG	Chapter 4: Visualization and Selection Tools	C H A P T E R 4 : V I S U A L I Z A T I O N A N D S E L E C T I O N To O L S	other	partial	src/io/EnSightGoldWriter.hpp:8
CMP-UG	Chapter 4: Visualization and Selection Tools	Also create an explicit Object Selection node (	other	partial	src/io/EnSightGoldWriter.hpp:8; src/core/ConfigStore.hpp:14
CMP-UG	Chapter 4: Visualization and Selection Tools	User-Defined Views	other	partial	src/io/EnSightGoldWriter.hpp:8; src/gpu/GpuKernels.cpp:45
CMP-UG	Chapter 4: Visualization and Selection Tools	U S E R- D E F I N E D V I E W S	other	partial	src/io/EnSightGoldWriter.hpp:8
CMP-UG	Chapter 4: Visualization and Selection Tools	C H A P T E R 4 : V I S U A L I Z A T I O N A N D S E L E C T I O N To O L S	other	partial	src/io/EnSightGoldWriter.hpp:8
CMP-UG	Chapter 4: Visualization and Selection Tools	Wireframe	other	partial	src/cad/Healing.hpp:8; src/io/EnSightGoldWriter.hpp:8
CMP-UG	Chapter 4: Visualization and Selection Tools	U S E R- D E F I N E D V I E W S	other	partial	src/io/EnSightGoldWriter.hpp:8
CMP-UG	Chapter 4: Visualization and Selection Tools	LIGHT ATTRIBUTES	other	present	src/io/EnSightGoldWriter.hpp:8; src/gui/Dialogs.cpp:139; src/cad/FeatureEdges.hpp:9
CMP-UG	Chapter 4: Visualization and Selection Tools	LIGHT SOURCES	other	partial	src/io/EnSightGoldWriter.hpp:8; src/gui/Dialogs.cpp:139
CMP-UG	Chapter 4: Visualization and Selection Tools	Specular Intensity	other	partial	src/io/EnSightGoldWriter.hpp:8; src/radiation/DiscreteOrdinates.cpp:121
CMP-UG	Chapter 4: Visualization and Selection Tools	C H A P T E R 4 : V I S U A L I Z A T I O N A N D S E L E C T I O N To O L S	other	partial	src/io/EnSightGoldWriter.hpp:8
CMP-UG	Chapter 4: Visualization and Selection Tools	Capturing and Copying Screenshots	other	partial	src/io/EnSightGoldWriter.hpp:8
CMP-UG	Chapter 5: Geometry Modeling and CAD Tools	Chapter 5: Geometry Modeling and CAD Tools	geometry	partial	src/io/EnSightGoldWriter.hpp:8
CMP-UG	Chapter 5: Geometry Modeling and CAD Tools	Creating a Geometry for Successful	geometry	partial	src/gui_core/PropertyDescriptor.hpp:109; src/io/EnSightGoldWriter.hpp:8
CMP-UG	Chapter 5: Geometry Modeling and CAD Tools	Avoiding Excessively Small Details, Holes, And Gaps	geometry	present	src/cad/Healing.hpp:8; src/cad/Defeaturing.cpp:140; src/io/EnSightGoldWriter.hpp:8
CMP-UG	Chapter 5: Geometry Modeling and CAD Tools	Working with the Geometry Sequence	geometry	present	src/io/EnSightGoldWriter.hpp:8; src/core/ResourceMonitor.hpp:7; src/core/Command.hpp:86
CMP-UG	Chapter 5: Geometry Modeling and CAD Tools	Wo R K I N G W I T H T H E G E O M E T R Y S E Q U E N C E	geometry	partial	src/io/EnSightGoldWriter.hpp:8
CMP-UG	Chapter 5: Geometry Modeling and CAD Tools	ADDIN G A N O DE AT AN AR BITRA R Y PO SITION	geometry	partial	src/io/EnSightGoldWriter.hpp:8
CMP-UG	Chapter 5: Geometry Modeling and CAD Tools	The COMSOL Multiphysics Geometry	geometry	partial	src/io/EnSightGoldWriter.hpp:8
CMP-UG	Chapter 5: Geometry Modeling and CAD Tools	C H A P T E R 5 : G E O M E T R Y M O D E L I N G A N D C A D To O L S	geometry	partial	src/io/EnSightGoldWriter.hpp:8
CMP-UG	Chapter 5: Geometry Modeling and CAD Tools	Geometry Object Transforms	geometry	present	src/io/EnSightGoldWriter.hpp:8; src/meshing/MeshOps.cpp:66; src/core/ConfigStore.hpp:14
CMP-UG	Chapter 5: Geometry Modeling and CAD Tools	Selecting the Space Dimension for the Model Geometry	geometry	present	src/io/EnSightGoldWriter.hpp:8; src/adjoint/DiscreteAdjoint.hpp:37; src/combustion/SlfmFlamelet.hpp:6
CMP-UG	Chapter 5: Geometry Modeling and CAD Tools	1D Problems	geometry	partial	src/io/EnSightGoldWriter.hpp:8; src/adjoint/ContinuousAdjoint.hpp:6
CMP-UG	Chapter 5: Geometry Modeling and CAD Tools	C H A P T E R 5 : G E O M E T R Y M O D E L I N G A N D C A D To O L S	geometry	partial	src/io/EnSightGoldWriter.hpp:8
CMP-UG	Chapter 5: Geometry Modeling and CAD Tools	Selecting the Coordinate System and Space Dimension	geometry	present	src/io/EnSightGoldWriter.hpp:8; src/io/FaceBasedMeshReader.cpp:214; src/adjoint/DiscreteAdjoint.hpp:37
CMP-UG	Chapter 5: Geometry Modeling and CAD Tools	The Comsol Multiphysics Geometr Y And C Ad Environment	geometry	partial	src/gpu/CudaContext.hpp:77; src/io/EnSightGoldWriter.hpp:8
CMP-UG	Chapter 5: Geometry Modeling and CAD Tools	Scale	geometry	partial	src/io/EnSightGoldWriter.hpp:8
CMP-UG	Chapter 5: Geometry Modeling and CAD Tools	Method 1	geometry	partial	src/io/EnSightGoldWriter.hpp:8
CMP-UG	Chapter 5: Geometry Modeling and CAD Tools	Method 2	geometry	partial	src/io/EnSightGoldWriter.hpp:8
CMP-UG	Chapter 5: Geometry Modeling and CAD Tools	C H A P T E R 5 : G E O M E T R Y M O D E L I N G A N D C A D To O L S	geometry	partial	src/io/EnSightGoldWriter.hpp:8
CMP-UG	Chapter 5: Geometry Modeling and CAD Tools	The Comsol Multiphysics Geometr Y And C Ad Environment	geometry	partial	src/gpu/CudaContext.hpp:77; src/io/EnSightGoldWriter.hpp:8
CMP-UG	Chapter 5: Geometry Modeling and CAD Tools	Deleting Objects, Entities, and Sequences	geometry	present	src/combustion/CanteraParser.hpp:18; src/io/EnSightGoldWriter.hpp:8; src/core/ConfigStore.cpp:55
CMP-UG	Chapter 5: Geometry Modeling and CAD Tools	Deleting A Geometry Sequence	geometry	partial	src/io/EnSightGoldWriter.hpp:8; src/core/Command.hpp:86
CMP-UG	Chapter 5: Geometry Modeling and CAD Tools	The Comsol Multiphysics Geometr Y And C Ad Environment	geometry	partial	src/gpu/CudaContext.hpp:77; src/io/EnSightGoldWriter.hpp:8
CMP-UG	Chapter 5: Geometry Modeling and CAD Tools	C H A P T E R 5 : G E O M E T R Y M O D E L I N G A N D C A D To O L S	geometry	partial	src/io/EnSightGoldWriter.hpp:8
CMP-UG	Chapter 5: Geometry Modeling and CAD Tools	The Comsol Multiphysics Geometr Y And C Ad Environment	geometry	partial	src/gpu/CudaContext.hpp:77; src/io/EnSightGoldWriter.hpp:8
CMP-UG	Chapter 5: Geometry Modeling and CAD Tools	Finalizing the Geometry	geometry	partial	src/io/EnSightGoldWriter.hpp:8
CMP-UG	Chapter 5: Geometry Modeling and CAD Tools	C H A P T E R 5 : G E O M E T R Y M O D E L I N G A N D C A D To O L S	geometry	partial	src/io/EnSightGoldWriter.hpp:8
CMP-UG	Chapter 5: Geometry Modeling and CAD Tools	Removing Interior Boundaries	geometry	present	src/io/EnSightGoldWriter.hpp:8; src/io/FluentMshReader.cpp:123; src/core/IWallDistanceService.hpp:27
CMP-UG	Chapter 5: Geometry Modeling and CAD Tools	The Comsol Multiphysics Geometr Y And C Ad Environment	geometry	partial	src/gpu/CudaContext.hpp:77; src/io/EnSightGoldWriter.hpp:8
CMP-UG	Chapter 5: Geometry Modeling and CAD Tools	Creating a 1D Geometry Model	geometry	partial	src/io/EnSightGoldWriter.hpp:8
CMP-UG	Chapter 5: Geometry Modeling and CAD Tools	Creating a 2D Geometry Model	geometry	partial	src/io/EnSightGoldWriter.hpp:8
CMP-UG	Chapter 5: Geometry Modeling and CAD Tools	Creating A 2D Geometry Model	geometry	partial	src/io/EnSightGoldWriter.hpp:8
CMP-UG	Chapter 5: Geometry Modeling and CAD Tools	CREATING PARAMETERS FOR GEOMETRY PARAMETERIZATION	geometry	partial	src/io/EnSightGoldWriter.hpp:8
CMP-UG	Chapter 5: Geometry Modeling and CAD Tools	ADDING ROTATE OPERATIONS TO CREATE FIVE FLANGES	geometry	present	src/io/EnSightGoldWriter.hpp:8; src/io/FaceBasedMeshReader.cpp:6; src/cad/Booleans.hpp:4
CMP-UG	Chapter 5: Geometry Modeling and CAD Tools	Adding Three More Rotations to the Model	geometry	present	src/optimization/CmaEs.cpp:16; src/io/EnSightGoldWriter.hpp:8; src/cad/Booleans.hpp:6
CMP-UG	Chapter 5: Geometry Modeling and CAD Tools	REMOVING INTERIOR BOUNDARIES IN UNION OPERATIONS	geometry	present	src/io/EnSightGoldWriter.hpp:8; src/io/ForcesReport.hpp:52; src/cad/Booleans.hpp:4
CMP-UG	Chapter 5: Geometry Modeling and CAD Tools	Creating a 3D Geometry Model	geometry	partial	src/io/EnSightGoldWriter.hpp:8
CMP-UG	Chapter 5: Geometry Modeling and CAD Tools	Creating A 3D Geometry Model	geometry	partial	src/io/EnSightGoldWriter.hpp:8
CMP-UG	Chapter 5: Geometry Modeling and CAD Tools	CREATING PARAMETERS FOR GEOMETRY PARAMETERIZATION	geometry	partial	src/io/EnSightGoldWriter.hpp:8
CMP-UG	Chapter 5: Geometry Modeling and CAD Tools	Adding An Extrusion And Union	geometry	present	src/io/EnSightGoldWriter.hpp:8; src/meshing/HexSweepMesher.hpp:10; src/io/ForcesReport.hpp:52
CMP-UG	Chapter 5: Geometry Modeling and CAD Tools	CREATING UNION 2	geometry	partial	src/io/EnSightGoldWriter.hpp:8; src/io/ForcesReport.hpp:52
CMP-UG	Chapter 5: Geometry Modeling and CAD Tools	ADDING EXTRUDE 2 AND COMBINING OBJECTS TO COMPLETE THE BASE	geometry	present	src/io/EnSightGoldWriter.hpp:8; src/meshing/Mesher.cpp:62; src/core/ConfigStore.cpp:55
CMP-UG	Chapter 5: Geometry Modeling and CAD Tools	DRAWING THE UPPER PART OF THE HEAT SINK	geometry	present	src/io/EnSightGoldWriter.hpp:8; src/combustion/ChemkinParser.cpp:28; src/cad/PersistentIdManager.cpp:21
CMP-UG	Chapter 5: Geometry Modeling and CAD Tools	Using Virtual Geometry Operations	geometry	partial	src/io/EnSightGoldWriter.hpp:8; src/cad/Booleans.hpp:4
CMP-UG	Chapter 5: Geometry Modeling and CAD Tools	Model Wizard	geometry	partial	src/io/EnSightGoldWriter.hpp:8
CMP-UG	Chapter 5: Geometry Modeling and CAD Tools	GEOMETRY 1	geometry	partial	src/io/EnSightGoldWriter.hpp:8
CMP-UG	Chapter 5: Geometry Modeling and CAD Tools	C H A P T E R 5 : G E O M E T R Y M O D E L I N G A N D C A D To O L S	geometry	partial	src/io/EnSightGoldWriter.hpp:8
CMP-UG	Chapter 5: Geometry Modeling and CAD Tools	GEOMETRY 1	geometry	partial	src/io/EnSightGoldWriter.hpp:8
CMP-UG	Chapter 5: Geometry Modeling and CAD Tools	Size	geometry	partial	src/io/EnSightGoldWriter.hpp:8
CMP-UG	Chapter 5: Geometry Modeling and CAD Tools	Using Virtual Geometry Operations	geometry	partial	src/io/EnSightGoldWriter.hpp:8; src/cad/Booleans.hpp:4
CMP-UG	Chapter 5: Geometry Modeling and CAD Tools	MESH 1	geometry	partial	src/io/EnSightGoldWriter.hpp:8
CMP-UG	Chapter 5: Geometry Modeling and CAD Tools	Collapse Edges 1	geometry	present	src/amr/RefinementApplier.hpp:10; src/io/EnSightGoldWriter.hpp:8; src/cad/Defeaturing.cpp:57
CMP-UG	Chapter 5: Geometry Modeling and CAD Tools	C H A P T E R 5 : G E O M E T R Y M O D E L I N G A N D C A D To O L S	geometry	partial	src/io/EnSightGoldWriter.hpp:8
CMP-UG	Chapter 5: Geometry Modeling and CAD Tools	Merge Vertices 1	geometry	partial	src/io/EnSightGoldWriter.hpp:8; src/core/ConfigStore.hpp:80
CMP-UG	Chapter 6: Materials	Chapter 6: Materials	materials	absent	
CMP-UG	Chapter 6: Materials	Materials Overview	materials	absent	
CMP-UG	Chapter 6: Materials	RECENT MATERIALS	materials	partial	src/core/IWallDistanceService.hpp:58
CMP-UG	Chapter 6: Materials	PIEZOELECTRIC	materials	absent	
CMP-UG	Chapter 6: Materials	Using The Materials In The Physics Settings	materials	partial	src/combustion/LaminarFiniteRate.cpp:110
CMP-UG	Chapter 6: Materials	Materials page displays a stop icon (	materials	partial	src/visualization/OrientationGizmo.hpp:36; src/gpu/CgGpu.hpp:54
CMP-UG	Chapter 6: Materials	Materials Overview	materials	absent	
CMP-UG	Chapter 6: Materials	About the Material Browser	materials	partial	src/gui/Dialogs.cpp:298; src/cad/FeatureEdges.hpp:9
CMP-UG	Chapter 6: Materials	The Material Browser Window	materials	present	src/gui/Dialogs.cpp:298; src/gui/MainWindow.hpp:4; src/cad/FeatureEdges.hpp:9
CMP-UG	Chapter 6: Materials	PROPERTIES	materials	partial	src/cad/CMakeLists.txt:42
CMP-UG	Chapter 6: Materials	Material Properties	materials	partial	src/cad/CMakeLists.txt:42; src/cad/FeatureEdges.hpp:9
CMP-UG	Chapter 6: Materials	A Note about Adding Basic Material Properties	materials	present	src/rom/PodDmd.cpp:192; src/gpu/GpuKernels.cpp:242; src/cad/CMakeLists.txt:42
CMP-UG	Chapter 6: Materials	About The Material Browser	materials	partial	src/gui/Dialogs.cpp:298; src/cad/FeatureEdges.hpp:9
CMP-UG	Chapter 6: Materials	Expanded Material node showing missing property	materials	present	src/visualization/ClippingPlane.hpp:26; src/gpu/RenderingBridge.hpp:105; src/cad/FeatureEdges.hpp:9
CMP-UG	Chapter 6: Materials	Expression column, use a syntax with curly braces such as	materials	present	src/core/ConfigStore.cpp:56; src/scripting/Repl.cpp:50; src/core/Command.hpp:104
CMP-UG	Chapter 6: Materials	Adding Predefined Materials	materials	absent	
CMP-UG	Chapter 6: Materials	Opening The Material Browser	materials	present	src/gui/Dialogs.cpp:298; src/io/FaceBasedMeshReader.cpp:171; src/cad/FeatureEdges.hpp:9
CMP-UG	Chapter 6: Materials	Viewing A Summary Of The Material Properties	materials	partial	src/cad/CMakeLists.txt:42; src/cad/FeatureEdges.hpp:9
CMP-UG	Chapter 6: Materials	ASSIGNING GEOMETRIC SCOPE TO A MATERIAL	materials	present	src/io/FaceBasedMeshReader.hpp:40; src/meshing/BlockMeshDict.hpp:45; src/cad/FeatureEdges.hpp:9
CMP-UG	Chapter 6: Materials	Adding Predefined Materials	materials	absent	
CMP-UG	Chapter 6: Materials	To delete a property group, right-click the property group node (in the	materials	partial	src/visualization/OrientationGizmo.cpp:43; src/gpu/RenderingBridge.hpp:105
CMP-UG	Chapter 6: Materials	Adding Predefined Materials	materials	absent	
CMP-UG	Chapter 6: Materials	Adding Predefined Materials	materials	absent	
CMP-UG	Chapter 6: Materials	Working on the Property Group Page	materials	partial	src/core/ResourceMonitor.hpp:7; src/gpu/RenderingBridge.hpp:105
CMP-UG	Chapter 6: Materials	Adding Model Inputs To Predefined Materials	materials	absent	
CMP-UG	Chapter 6: Materials	User-Defined Materials and Libraries	materials	partial	src/core/PluginLoader.hpp:6
CMP-UG	Chapter 6: Materials	Adding an External Material Library	materials	present	src/core/PluginLoader.hpp:10; src/combustion/FgmFlamelet.hpp:46; src/cad/FeatureEdges.hpp:9
CMP-UG	Chapter 6: Materials	ADDING A PREDEFINED MATERIAL TO THE USER-DEFINED LIBRARY	materials	partial	src/core/PluginLoader.hpp:10; src/cad/FeatureEdges.hpp:9
CMP-UG	Chapter 6: Materials	Material Properties Reference	materials	partial	src/cad/CMakeLists.txt:42; src/cad/FeatureEdges.hpp:9
CMP-UG	Chapter 6: Materials	Material Properties Reference	materials	partial	src/cad/CMakeLists.txt:42; src/cad/FeatureEdges.hpp:9
CMP-UG	Chapter 6: Materials	GAS MODELS	materials	absent	
CMP-UG	Chapter 6: Materials	PIEZOELECTRIC MODELS	materials	absent	
CMP-UG	Chapter 6: Materials	DEFAULT	materials	absent	
CMP-UG	Chapter 6: Materials	DEFAULT	materials	absent	
CMP-UG	Chapter 6: Materials	Using Functions	materials	absent	
CMP-UG	Chapter 6: Materials	Example of Defining an Analytic Function	materials	partial	src/materials/RealGasEos.hpp:45; src/cad/FeatureEdges.cpp:13
CMP-UG	Chapter 7: Building a COMSOL Model	Chapter 7: Building a COMSOL Model	other	partial	src/meshing/SnappyHexMesher.hpp:7
CMP-UG	Chapter 7: Building a COMSOL Model	The Model Wizard and Model Builder	workflow	partial	src/meshing/SnappyHexMesher.hpp:7; src/cad/BrepIo.cpp:23
CMP-UG	Chapter 7: Building a COMSOL Model	Geometry Shape Order	geometry	partial	src/meshing/SnappyHexMesher.hpp:7
CMP-UG	Chapter 7: Building a COMSOL Model	Some nodes under a physics branch can override other nodes higher up in the	turbulence	present	src/meshing/SnappyHexMesher.hpp:7; src/amr/AmrApplier.cpp:42; src/io/GmshReader.cpp:10
CMP-UG	Chapter 7: Building a COMSOL Model	Model Administration	other	partial	src/meshing/SnappyHexMesher.hpp:7
CMP-UG	Chapter 7: Building a COMSOL Model	COMSOL MPH-FILES	other	partial	src/meshing/SnappyHexMesher.hpp:7
CMP-UG	Chapter 7: Building a COMSOL Model	Also edit the files in a text editor to include additional COMSOL Multiphysics	other	present	src/meshing/SnappyHexMesher.hpp:7; src/turbulence/GammaReThetaTransition.hpp:5; src/cad/PersistentIdManager.hpp:11
CMP-UG	Chapter 7: Building a COMSOL Model	Saving As A Comsol Mph-File	other	partial	src/meshing/SnappyHexMesher.hpp:7
CMP-UG	Chapter 7: Building a COMSOL Model	EXPOR TING MODELS TO A SERVER	other	partial	src/meshing/SnappyHexMesher.hpp:7; src/visualization/CMakeLists.txt:14
CMP-UG	Chapter 7: Building a COMSOL Model	EDITING A MODEL IDENTIFIER FOR US E WITH VA RIABLES	other	partial	src/meshing/SnappyHexMesher.hpp:7; src/core/BoundaryConditionRegistry.hpp:50
CMP-UG	Chapter 7: Building a COMSOL Model	Renaming A Node	other	partial	src/meshing/SnappyHexMesher.hpp:7
CMP-UG	Chapter 7: Building a COMSOL Model	Model Administration	other	partial	src/meshing/SnappyHexMesher.hpp:7
CMP-UG	Chapter 7: Building a COMSOL Model	Updating the Model Library Using Model Library Update	other	partial	src/meshing/SnappyHexMesher.hpp:7; src/core/PluginLoader.hpp:10
CMP-UG	Chapter 7: Building a COMSOL Model	After downloading new and updated models, click the Refresh button (	other	present	src/meshing/SnappyHexMesher.hpp:7; src/visualization/OrientationGizmo.cpp:43; src/gui/MainWindow.cpp:286
CMP-UG	Chapter 7: Building a COMSOL Model	Model Administration	other	partial	src/meshing/SnappyHexMesher.hpp:7
CMP-UG	Chapter 7: Building a COMSOL Model	General	other	partial	src/meshing/SnappyHexMesher.hpp:7
CMP-UG	Chapter 7: Building a COMSOL Model	SHOW	other	partial	src/meshing/SnappyHexMesher.hpp:7
CMP-UG	Chapter 7: Building a COMSOL Model	Expand Sections	other	partial	src/meshing/SnappyHexMesher.hpp:7; src/cad/CadKernel.cpp:50
CMP-UG	Chapter 7: Building a COMSOL Model	Model Builder	other	partial	src/meshing/SnappyHexMesher.hpp:7; src/cad/BrepIo.cpp:23
CMP-UG	Chapter 7: Building a COMSOL Model	CLUSTER COMPUTING	parallel	partial	src/meshing/SnappyHexMesher.hpp:7; src/combustion/SootMossBrookes.hpp:43
CMP-UG	Chapter 7: Building a COMSOL Model	GEOMETRY	geometry	n/a	
CMP-UG	Chapter 7: Building a COMSOL Model	Graphics	other	partial	src/meshing/SnappyHexMesher.hpp:7; src/gpu/RenderingBridge.hpp:15
CMP-UG	Chapter 7: Building a COMSOL Model	Visualization	other	partial	src/meshing/SnappyHexMesher.hpp:7
CMP-UG	Chapter 7: Building a COMSOL Model	Model Administration	other	partial	src/meshing/SnappyHexMesher.hpp:7
CMP-UG	Chapter 7: Building a COMSOL Model	Font	other	partial	src/meshing/SnappyHexMesher.hpp:7; src/gui/ConsolePanel.cpp:53
CMP-UG	Chapter 7: Building a COMSOL Model	Results	other	n/a	
CMP-UG	Chapter 7: Building a COMSOL Model	Table	other	partial	src/meshing/SnappyHexMesher.hpp:7
CMP-UG	Chapter 7: Building a COMSOL Model	UPDATES	other	partial	src/meshing/SnappyHexMesher.hpp:7; src/dynamics/SixDof.hpp:7
CMP-UG	Chapter 7: Building a COMSOL Model	Showing and Expanding Advanced	other	present	src/visualization/ClippingPlane.hpp:26; src/meshing/SnappyHexMesher.hpp:7; src/combustion/TransportedPdf.hpp:8
CMP-UG	Chapter 7: Building a COMSOL Model	Showing And Expanding Advanced Physics Sections	other	present	src/visualization/ClippingPlane.hpp:26; src/meshing/SnappyHexMesher.hpp:7; src/combustion/TransportedPdf.hpp:8
CMP-UG	Chapter 7: Building a COMSOL Model	See Expanding the Equation Sections, Show Equation Sections, Show Override and	other	partial	src/meshing/SnappyHexMesher.hpp:7
CMP-UG	Chapter 7: Building a COMSOL Model	Show Equation View	other	partial	src/meshing/SnappyHexMesher.hpp:7; src/core/ConfigStore.hpp:100
CMP-UG	Chapter 7: Building a COMSOL Model	Showing And Expanding Advanced Physics Sections	other	present	src/visualization/ClippingPlane.hpp:26; src/meshing/SnappyHexMesher.hpp:7; src/combustion/TransportedPdf.hpp:8
CMP-UG	Chapter 7: Building a COMSOL Model	DISCRETIZATION	solver	partial	src/solver/Solver.hpp:26; src/meshing/SnappyHexMesher.hpp:7
CMP-UG	Chapter 7: Building a COMSOL Model	Showing And Expanding Advanced Physics Sections	other	present	src/visualization/ClippingPlane.hpp:26; src/meshing/SnappyHexMesher.hpp:7; src/combustion/TransportedPdf.hpp:8
CMP-UG	Chapter 7: Building a COMSOL Model	From the More menu add these nodes:	ui	partial	src/core/PluginRegistry.hpp:8; src/meshing/SnappyHexMesher.hpp:7
CMP-UG	Chapter 7: Building a COMSOL Model	Show Advanced Study Options	other	partial	src/meshing/SnappyHexMesher.hpp:7; src/combustion/TransportedPdf.hpp:8
CMP-UG	Chapter 7: Building a COMSOL Model	Showing And Expanding Advanced Physics Sections	other	present	src/visualization/ClippingPlane.hpp:26; src/meshing/SnappyHexMesher.hpp:7; src/combustion/TransportedPdf.hpp:8
CMP-UG	Chapter 7: Building a COMSOL Model	The Physics Feature Nodes	other	present	src/meshing/SnappyHexMesher.hpp:7; src/cad/FeatureEdges.cpp:148; src/combustion/LaminarFiniteRate.cpp:110
CMP-UG	Chapter 7: Building a COMSOL Model	The context help menu when	ui	present	src/core/PluginRegistry.hpp:8; src/meshing/SnappyHexMesher.hpp:7; src/core/CrashHandler.cpp:99
CMP-UG	Chapter 7: Building a COMSOL Model	Exclusive Nodes	other	partial	src/meshing/SnappyHexMesher.hpp:7
CMP-UG	Chapter 7: Building a COMSOL Model	The Physics Feature Nodes	other	present	src/meshing/SnappyHexMesher.hpp:7; src/cad/FeatureEdges.cpp:148; src/combustion/LaminarFiniteRate.cpp:110
CMP-UG	Chapter 7: Building a COMSOL Model	The Physics Feature Nodes	other	present	src/meshing/SnappyHexMesher.hpp:7; src/cad/FeatureEdges.cpp:148; src/combustion/LaminarFiniteRate.cpp:110
CMP-UG	Chapter 7: Building a COMSOL Model	Constraints	other	partial	src/meshing/SnappyHexMesher.hpp:7; src/amr/AdaptiveRefinement.hpp:9
CMP-UG	Chapter 7: Building a COMSOL Model	Specifying Model Equation Settings	other	partial	src/meshing/SnappyHexMesher.hpp:7
CMP-UG	Chapter 7: Building a COMSOL Model	Specifying Model Equation Settings	other	partial	src/meshing/SnappyHexMesher.hpp:7
CMP-UG	Chapter 7: Building a COMSOL Model	Periodic Boundary Conditions	bc	present	src/meshing/SnappyHexMesher.hpp:7; src/core/BoundaryConditionRegistry.hpp:10; src/core/BoundaryConditionRegistry.hpp:9
CMP-UG	Chapter 7: Building a COMSOL Model	Model Definition	other	partial	src/meshing/SnappyHexMesher.hpp:7
CMP-UG	Chapter 7: Building a COMSOL Model	MODELING INSTRUCTIONS	other	partial	src/meshing/SnappyHexMesher.hpp:7
CMP-UG	Chapter 7: Building a COMSOL Model	Calculating Accurate Fluxes	other	present	src/meshing/SnappyHexMesher.hpp:7; src/solver/DualTimeStepping.hpp:9; src/heat_transfer/ConjugateHeatTransfer.hpp:50
CMP-UG	Chapter 7: Building a COMSOL Model	Model Wizard	workflow	partial	src/meshing/SnappyHexMesher.hpp:7
CMP-UG	Chapter 7: Building a COMSOL Model	H E A T TR A N S F E R	other	partial	src/meshing/SnappyHexMesher.hpp:7
CMP-UG	Chapter 7: Building a COMSOL Model	Using Load Cases	other	partial	src/meshing/SnappyHexMesher.hpp:7; src/combustion/CanteraParser.cpp:296
CMP-UG	Chapter 7: Building a COMSOL Model	Using Units	other	partial	src/meshing/SnappyHexMesher.hpp:7; src/cad/ShapeHandleInternal.hpp:7
CMP-UG	Chapter 7: Building a COMSOL Model	Standard Unit Prefixes	other	partial	src/meshing/SnappyHexMesher.hpp:7; src/acoustics/CurleAcoustics.cpp:29
CMP-UG	Chapter 7: Building a COMSOL Model	Decla Ring Un It S Fo R Pa Rameters, Var Ia Bl Es , An D Fun Ction S	other	partial	src/meshing/SnappyHexMesher.hpp:7; src/gui/ConsolePanel.hpp:7
CMP-UG	Chapter 7: Building a COMSOL Model	The ESU unit system includes the following derived units that differ from the	turbulence	present	src/meshing/SnappyHexMesher.hpp:7; src/combustion/ThermoNasaParser.hpp:57; src/emag/AvFormulation.hpp:18
CMP-UG	Chapter 7: Building a COMSOL Model	Special IPS Units	other	present	src/meshing/StlImporter.hpp:14; src/meshing/SnappyHexMesher.hpp:7; src/cad/ShapeHandleInternal.hpp:7
CMP-UG	Chapter 7: Building a COMSOL Model	The following derived units differ from the corresponding SI units:	other	present	src/meshing/SnappyHexMesher.hpp:7; src/io/TetgenReader.hpp:41; src/emag/AvFormulation.hpp:18
CMP-UG	Chapter 7: Building a COMSOL Model	Using Units	other	partial	src/meshing/SnappyHexMesher.hpp:7; src/cad/ShapeHandleInternal.hpp:7
CMP-UG	Chapter 7: Building a COMSOL Model	Units and Space Dimensions	other	present	src/meshing/SnappyHexMesher.hpp:7; src/gui/RibbonBar.hpp:7; src/combustion/SlfmFlamelet.hpp:6
CMP-UG	Chapter 8: Overview of the Physics Interfaces	Chapter 8: Overview of the Physics Interfaces	ui	partial	src/gui/Dialogs.cpp:232; src/combustion/LaminarFiniteRate.cpp:110
CMP-UG	Chapter 8: Overview of the Physics Interfaces	The COMSOL Multiphysics Physics	ui	partial	src/gui/Dialogs.cpp:232; src/combustion/LaminarFiniteRate.cpp:110
CMP-UG	Chapter 8: Overview of the Physics Interfaces	PHYSICS	ui	n/a	
CMP-UG	Chapter 8: Overview of the Physics Interfaces	PHYSICS	ui	n/a	
CMP-UG	Chapter 8: Overview of the Physics Interfaces	PHYSICS	ui	n/a	
CMP-UG	Chapter 8: Overview of the Physics Interfaces	PHYSICS	ui	n/a	
CMP-UG	Chapter 8: Overview of the Physics Interfaces	The Comsol Multiphysics Physics Interfaces	ui	partial	src/gui/Dialogs.cpp:232; src/combustion/LaminarFiniteRate.cpp:110
CMP-UG	Chapter 8: Overview of the Physics Interfaces	Section	ui	partial	src/gui/Dialogs.cpp:232; src/combustion/LaminarFiniteRate.cpp:110
CMP-UG	Chapter 8: Overview of the Physics Interfaces	SECTION	ui	partial	src/gui/Dialogs.cpp:232; src/combustion/LaminarFiniteRate.cpp:110
CMP-UG	Chapter 8: Overview of the Physics Interfaces	Modeling Guidelines	ui	partial	src/gui/Dialogs.cpp:232; src/combustion/LaminarFiniteRate.cpp:110
CMP-UG	Chapter 8: Overview of the Physics Interfaces	You can monitor the memory use in the bottom-right corner of the COSMOL	postprocessing	present	src/gui/Dialogs.cpp:232; src/core/ResourceMonitor.hpp:13; src/meshing/BlockMeshDict.cpp:438
CMP-UG	Chapter 8: Overview of the Physics Interfaces	Modeling Guidelines	ui	partial	src/gui/Dialogs.cpp:232; src/combustion/LaminarFiniteRate.cpp:110
CMP-UG	Chapter 8: Overview of the Physics Interfaces	Equations for the Physics Interfaces	ui	present	src/gui/Dialogs.cpp:232; src/combustion/LaminarFiniteRate.cpp:110; src/adjoint/ContinuousAdjoint.hpp:11
CMP-UG	Chapter 8: Overview of the Physics Interfaces	Mode Analysis Frequency	ui	present	src/gpu/GpuKernels.cpp:331; src/gui/Dialogs.cpp:232; src/emag/AvFormulation.hpp:7
CMP-UG	Chapter 9: The AC/DC Branch	Chapter 9: The AC/DC Branch	other	partial	src/io/GmshReader.cpp:10
CMP-UG	Chapter 9: The AC/DC Branch	T he E le c t r o m a gn et i c s In t erfac es	other	partial	src/io/GmshReader.cpp:10
CMP-UG	Chapter 9: The AC/DC Branch	Fundamentals of Electromagnetics	other	partial	src/core/BoundaryConditionRegistry.hpp:14; src/io/GmshReader.cpp:10
CMP-UG	Chapter 9: The AC/DC Branch	Potentials	other	partial	src/io/GmshReader.cpp:10
CMP-UG	Chapter 9: The AC/DC Branch	Theory of Electric Fields	theory	present	src/combustion/TfcModel.hpp:23; src/emag/AvFormulation.hpp:6; src/io/GmshReader.cpp:10
CMP-UG	Chapter 9: The AC/DC Branch	----+J = 0	other	partial	src/io/GmshReader.cpp:10
CMP-UG	Chapter 9: The AC/DC Branch	J = E + J	other	partial	src/io/GmshReader.cpp:10
CMP-UG	Chapter 9: The AC/DC Branch	Theory for the Electrostatics	theory	partial	src/combustion/TfcModel.hpp:23; src/io/GmshReader.cpp:10
CMP-UG	Chapter 9: The AC/DC Branch	Theory for the Electric Currents	theory	present	src/emag/AvFormulation.hpp:7; src/combustion/TfcModel.hpp:23; src/emag/AvFormulation.hpp:6
CMP-UG	Chapter 9: The AC/DC Branch	Theory of Magnetic and Electric	theory	present	src/combustion/TfcModel.hpp:23; src/emag/AvFormulation.hpp:6; src/emag/AvFormulation.hpp:6
CMP-UG	Chapter 9: The AC/DC Branch	Selecting a Particular Gauge	other	present	src/meshing/MeshOps.hpp:202; src/acoustics/FwhSurface.hpp:86; src/io/GmshReader.cpp:10
CMP-UG	Chapter 9: The AC/DC Branch	Theory for the Magnetic Fields	theory	present	src/combustion/TfcModel.hpp:23; src/emag/AvFormulation.hpp:6; src/io/GmshReader.cpp:10
CMP-UG	Chapter 9: The AC/DC Branch	Frequency Domain Equation	other	partial	src/emag/AvFormulation.hpp:7; src/io/GmshReader.cpp:10
CMP-UG	Chapter 9: The AC/DC Branch	The Electrostatics Interface	ui	partial	src/io/GmshReader.cpp:10
CMP-UG	Chapter 9: The AC/DC Branch	THICKNESS	other	partial	src/acoustics/FwhSurface.cpp:142; src/io/GmshReader.cpp:10
CMP-UG	Chapter 9: The AC/DC Branch	About the Boundary Conditions	bc	partial	src/io/GmshReader.cpp:10; src/core/BoundaryConditionRegistry.hpp:9
CMP-UG	Chapter 9: The AC/DC Branch	Charge Conservation	theory	present	src/emag/Mhd.hpp:11; src/multiphase/EulerianMultifluid.hpp:10; src/io/GmshReader.cpp:10
CMP-UG	Chapter 9: The AC/DC Branch	B O U N D A R Y, E D G E , O R P O I N T S E L E C T I O N	other	partial	src/io/GmshReader.cpp:10
CMP-UG	Chapter 9: The AC/DC Branch	Constraint Settings	other	partial	src/meshing/AmrAdaptor.hpp:8; src/io/GmshReader.cpp:10
CMP-UG	Chapter 9: The AC/DC Branch	PAIR SELECTION	other	partial	src/io/GmshReader.cpp:10
CMP-UG	Chapter 9: The AC/DC Branch	Electric Displacement Field	other	present	src/morphing/RbfMorpher.hpp:7; src/emag/AvFormulation.hpp:6; src/io/GmshReader.cpp:10
CMP-UG	Chapter 9: The AC/DC Branch	Boundary Selection	other	partial	src/io/GmshReader.cpp:10
CMP-UG	Chapter 9: The AC/DC Branch	PERIODIC CO ND ITIO N	bc	partial	src/io/GmshReader.cpp:10; src/core/BoundaryConditionRegistry.hpp:10
CMP-UG	Chapter 9: The AC/DC Branch	LINE CHARGE	other	partial	src/emag/Mhd.hpp:11; src/io/GmshReader.cpp:10
CMP-UG	Chapter 9: The AC/DC Branch	Point Selection	other	partial	src/io/GmshReader.cpp:10
CMP-UG	Chapter 9: The AC/DC Branch	PO IN T CH ARGE	other	partial	src/io/GmshReader.cpp:10
CMP-UG	Chapter 9: The AC/DC Branch	The Electrostatics Interface	ui	partial	src/io/GmshReader.cpp:10
CMP-UG	Chapter 9: The AC/DC Branch	Change Cross-Section	other	partial	src/io/GmshReader.cpp:10; src/combustion/GEquation.hpp:47
CMP-UG	Chapter 9: The AC/DC Branch	DOMAIN OR BOUNDARY SELECTION	other	partial	src/io/GmshReader.cpp:10
CMP-UG	Chapter 9: The AC/DC Branch	The Electric Currents Interface	ui	present	src/emag/AvFormulation.hpp:7; src/emag/AvFormulation.hpp:6; src/io/GmshReader.cpp:10
CMP-UG	Chapter 9: The AC/DC Branch	THICKNESS (1D)/ OUT-OF-PLANE THICKNESS (2D)	other	partial	src/acoustics/FwhSurface.cpp:142; src/io/GmshReader.cpp:10
CMP-UG	Chapter 9: The AC/DC Branch	Domain, Boundary, Edge, Point, and Pair Features for the Electric	other	present	src/cad/Defeaturing.hpp:6; src/emag/AvFormulation.hpp:6; src/io/GmshReader.cpp:10
CMP-UG	Chapter 9: The AC/DC Branch	Current Conservation	theory	partial	src/multiphase/EulerianMultifluid.hpp:10; src/io/GmshReader.cpp:10
CMP-UG	Chapter 9: The AC/DC Branch	 = ----------------------------------------------0  1 +   T – T0  	other	partial	src/io/GmshReader.cpp:10
CMP-UG	Chapter 9: The AC/DC Branch	Electric Field	other	partial	src/emag/AvFormulation.hpp:6; src/io/GmshReader.cpp:10
CMP-UG	Chapter 9: The AC/DC Branch	Boundary Selection	other	partial	src/io/GmshReader.cpp:10
CMP-UG	Chapter 9: The AC/DC Branch	PAIR SELECTION	other	partial	src/io/GmshReader.cpp:10
CMP-UG	Chapter 9: The AC/DC Branch	Domain Selection	other	partial	src/io/GmshReader.cpp:10
CMP-UG	Chapter 9: The AC/DC Branch	Current Source	other	partial	src/io/GmshReader.cpp:10
CMP-UG	Chapter 9: The AC/DC Branch	BOUNDARY CURRENT SOURCE	other	partial	src/io/GmshReader.cpp:10
CMP-UG	Chapter 9: The AC/DC Branch	Distributed Impedance	other	partial	src/particles/BlobInjector.hpp:16; src/io/GmshReader.cpp:10
CMP-UG	Chapter 9: The AC/DC Branch	Boundary Selection	other	partial	src/io/GmshReader.cpp:10
CMP-UG	Chapter 9: The AC/DC Branch	Pair Selection	other	partial	src/io/GmshReader.cpp:10
CMP-UG	Chapter 9: The AC/DC Branch	Boundary Selection	other	partial	src/io/GmshReader.cpp:10
CMP-UG	Chapter 9: The AC/DC Branch	Sector Symmetry	bc	partial	src/io/GmshReader.cpp:10; src/core/BoundaryConditionRegistry.hpp:10
CMP-UG	Chapter 9: The AC/DC Branch	Pair Selection	other	partial	src/io/GmshReader.cpp:10
CMP-UG	Chapter 9: The AC/DC Branch	Line Current Source	other	partial	src/io/GmshReader.cpp:10
CMP-UG	Chapter 9: The AC/DC Branch	The Electric Currents Interface	ui	present	src/emag/AvFormulation.hpp:7; src/emag/AvFormulation.hpp:6; src/io/GmshReader.cpp:10
CMP-UG	Chapter 9: The AC/DC Branch	BOUNDARY SELECTION	other	partial	src/io/GmshReader.cpp:10
CMP-UG	Chapter 9: The AC/DC Branch	Point Current Source (on Axis)	bc	partial	src/io/GmshReader.cpp:10
CMP-UG	Chapter 9: The AC/DC Branch	The Electric Currents Interface	ui	present	src/emag/AvFormulation.hpp:7; src/emag/AvFormulation.hpp:6; src/io/GmshReader.cpp:10
CMP-UG	Chapter 9: The AC/DC Branch	The Magnetic Fields Interface	ui	partial	src/emag/AvFormulation.hpp:6; src/io/GmshReader.cpp:10
CMP-UG	Chapter 9: The AC/DC Branch	COMPONENTS	other	partial	src/io/MeshFormats.hpp:115; src/io/GmshReader.cpp:10
CMP-UG	Chapter 9: The AC/DC Branch	Thickness	other	partial	src/acoustics/FwhSurface.cpp:142; src/io/GmshReader.cpp:10
CMP-UG	Chapter 9: The AC/DC Branch	DISCRETIZATION	solver	partial	src/solver/Solver.hpp:26; src/io/GmshReader.cpp:10
CMP-UG	Chapter 9: The AC/DC Branch	Ampère’s Law	other	partial	src/io/GmshReader.cpp:10
CMP-UG	Chapter 9: The AC/DC Branch	The Magnetic Fields Interface	ui	partial	src/emag/AvFormulation.hpp:6; src/io/GmshReader.cpp:10
CMP-UG	Chapter 9: The AC/DC Branch	Velocity (Lorentz Term)	other	present	src/emag/Mhd.cpp:12; src/io/GmshReader.cpp:10; src/acoustics/FwhSurface.cpp:142
CMP-UG	Chapter 9: The AC/DC Branch	Coordinate System Selection	other	partial	src/io/FaceBasedMeshReader.cpp:214; src/io/GmshReader.cpp:10
CMP-UG	Chapter 9: The AC/DC Branch	VE L O C I T Y ( L O R E N T Z TE R M )	other	partial	src/io/GmshReader.cpp:10
CMP-UG	Chapter 9: The AC/DC Branch	Boundary Selection	other	partial	src/io/GmshReader.cpp:10
CMP-UG	Chapter 9: The AC/DC Branch	Boundary Selection	other	partial	src/io/GmshReader.cpp:10
CMP-UG	Chapter 9: The AC/DC Branch	Constraint Settings	other	partial	src/meshing/AmrAdaptor.hpp:8; src/io/GmshReader.cpp:10
CMP-UG	Chapter 9: The AC/DC Branch	BOUNDARY SELECTION	other	partial	src/io/GmshReader.cpp:10
CMP-UG	Chapter 9: The AC/DC Branch	COORDINATE SYSTEM SELECTION	other	partial	src/io/FaceBasedMeshReader.cpp:214; src/io/GmshReader.cpp:10
CMP-UG	Chapter 10: The Acoustics Branch	Chapter 10: The Acoustics Branch	other	partial	src/io/GmshReader.cpp:10; src/acoustics/CMakeLists.txt:1
CMP-UG	Chapter 10: The Acoustics Branch	Fundamentals of Acoustics	other	partial	src/io/GmshReader.cpp:10; src/acoustics/CMakeLists.txt:1
CMP-UG	Chapter 10: The Acoustics Branch	Examples of Standard Acoustics Problems	other	present	src/io/SolutionMonitors.cpp:100; src/adjoint/ContinuousAdjoint.hpp:6; src/io/GmshReader.cpp:10
CMP-UG	Chapter 10: The Acoustics Branch	Mathematical Models for Acoustic Analysis	other	present	src/turbulence/KEpsilonRealizable.hpp:6; src/gpu/GpuKernels.cpp:331; src/acoustics/CurleAcoustics.hpp:6
CMP-UG	Chapter 10: The Acoustics Branch	Theory for the Pressure Acoustics,	theory	present	src/combustion/TfcModel.hpp:23; src/io/GmshReader.cpp:10; src/acoustics/CMakeLists.txt:1
CMP-UG	Chapter 10: The Acoustics Branch	The Pressure Acoustics, Frequency	other	present	src/emag/AvFormulation.hpp:7; src/io/GmshReader.cpp:10; src/acoustics/CMakeLists.txt:1
CMP-UG	Chapter 10: The Acoustics Branch	Domain, Boundary, Edge, Point, and Pair Features for the Pressure	other	present	src/cad/Defeaturing.hpp:6; src/io/GmshReader.cpp:10; src/acoustics/CMakeLists.txt:1
CMP-UG	Chapter 10: The Acoustics Branch	Domain Selection	other	partial	src/io/GmshReader.cpp:10; src/acoustics/CMakeLists.txt:1
CMP-UG	Chapter 10: The Acoustics Branch	MONOPOLE SOURCE	other	present	src/acoustics/CurleAcoustics.hpp:23; src/io/GmshReader.cpp:10; src/acoustics/CMakeLists.txt:1
CMP-UG	Chapter 10: The Acoustics Branch	CONSTRAINT SETTINGS	other	present	src/meshing/AmrAdaptor.hpp:8; src/io/GmshReader.cpp:10; src/acoustics/CMakeLists.txt:1
CMP-UG	Chapter 10: The Acoustics Branch	Boundary Selection	other	partial	src/io/GmshReader.cpp:10; src/acoustics/CMakeLists.txt:1
CMP-UG	Chapter 10: The Acoustics Branch	SPHERICAL WAVE RADIATION	other	present	src/multiphase/EulerianMultifluid.cpp:186; src/particles/SprayBreakup.cpp:45; src/io/GmshReader.cpp:10
CMP-UG	Chapter 10: The Acoustics Branch	Periodicity Settings	bc	present	src/solver/PeriodicPairing.hpp:5; src/io/GmshReader.cpp:10; src/acoustics/CMakeLists.txt:1
CMP-UG	Chapter 10: The Acoustics Branch	Interior Sound Hard Boundary (Wall)	bc	present	src/acoustics/FwhSurface.hpp:25; src/amr/AdaptiveRefinement.hpp:8; src/io/GmshReader.cpp:10
CMP-UG	Chapter 10: The Acoustics Branch	Continuity	other	present	src/io/GmshReader.cpp:10; src/acoustics/CMakeLists.txt:1; src/cad/Defeaturing.cpp:11
CMP-UG	Chapter 10: The Acoustics Branch	Constraint Settings	other	present	src/meshing/AmrAdaptor.hpp:8; src/io/GmshReader.cpp:10; src/acoustics/CMakeLists.txt:1
CMP-UG	Chapter 11: The Chemical Species Transport Branch	Chapter 11: The Chemical Species Transport Branch	turbulence	partial	src/io/GmshReader.cpp:10; src/combustion/CanteraParser.hpp:10
CMP-UG	Chapter 11: The Chemical Species Transport Branch	Theory for the Transport of Diluted	turbulence	present	src/combustion/TfcModel.hpp:23; src/io/GmshReader.cpp:10; src/combustion/CanteraParser.hpp:10
CMP-UG	Chapter 11: The Chemical Species Transport Branch	T H E O R Y F O R T H E Tr A N S P O R T O F D I L U T E D S P E C I E S I N T E R F A C E	turbulence	partial	src/io/GmshReader.cpp:10; src/combustion/CanteraParser.hpp:10
CMP-UG	Chapter 11: The Chemical Species Transport Branch	C H A P T E R 1 1 : T H E C H E M I C A L S P E C I E S Tr A N S P O R T B R A N C H	turbulence	partial	src/io/GmshReader.cpp:10; src/combustion/CanteraParser.hpp:10
CMP-UG	Chapter 11: The Chemical Species Transport Branch	The Transport of Diluted Species	turbulence	partial	src/io/GmshReader.cpp:10; src/combustion/CanteraParser.hpp:10
CMP-UG	Chapter 11: The Chemical Species Transport Branch	T H E Tr A N S P O R T O F D I L U T E D S P E C I E S I N T E R F A C E	turbulence	partial	src/io/GmshReader.cpp:10; src/combustion/CanteraParser.hpp:10
CMP-UG	Chapter 11: The Chemical Species Transport Branch	Tr A N S P O R T M E C H A N I S M S	turbulence	partial	src/io/GmshReader.cpp:10; src/combustion/CanteraParser.hpp:10
CMP-UG	Chapter 11: The Chemical Species Transport Branch	DEPENDENT VA RIA BLES	turbulence	present	src/io/CgnsWriter.cpp:14; src/io/GmshReader.cpp:10; src/combustion/CanteraParser.hpp:10
CMP-UG	Chapter 11: The Chemical Species Transport Branch	Discretization	turbulence	present	src/solver/Solver.hpp:26; src/io/GmshReader.cpp:10; src/combustion/CanteraParser.hpp:10
CMP-UG	Chapter 11: The Chemical Species Transport Branch	Domain Selection	turbulence	partial	src/io/GmshReader.cpp:10; src/combustion/CanteraParser.hpp:10
CMP-UG	Chapter 11: The Chemical Species Transport Branch	T H E Tr A N S P O R T O F D I L U T E D S P E C I E S I N T E R F A C E	turbulence	partial	src/io/GmshReader.cpp:10; src/combustion/CanteraParser.hpp:10
CMP-UG	Chapter 11: The Chemical Species Transport Branch	MODEL INPUTS	turbulence	partial	src/io/GmshReader.cpp:10; src/combustion/CanteraParser.hpp:10
CMP-UG	Chapter 11: The Chemical Species Transport Branch	DOMAIN SELECTION	turbulence	partial	src/io/GmshReader.cpp:10; src/combustion/CanteraParser.hpp:10
CMP-UG	Chapter 11: The Chemical Species Transport Branch	Reactions	turbulence	partial	src/io/GmshReader.cpp:10; src/combustion/CanteraParser.hpp:10
CMP-UG	Chapter 11: The Chemical Species Transport Branch	In It Ia L Va Lues	turbulence	partial	src/io/GmshReader.cpp:10; src/combustion/CanteraParser.hpp:10
CMP-UG	Chapter 11: The Chemical Species Transport Branch	BOUNDARY SELECTION	turbulence	partial	src/io/GmshReader.cpp:10; src/combustion/CanteraParser.hpp:10
CMP-UG	Chapter 11: The Chemical Species Transport Branch	BOUNDARY SELECTION	turbulence	partial	src/io/GmshReader.cpp:10; src/combustion/CanteraParser.hpp:10
CMP-UG	Chapter 11: The Chemical Species Transport Branch	Boundary Selection	turbulence	partial	src/io/GmshReader.cpp:10; src/combustion/CanteraParser.hpp:10
CMP-UG	Chapter 11: The Chemical Species Transport Branch	BOUNDARY SELECTION	turbulence	partial	src/io/GmshReader.cpp:10; src/combustion/CanteraParser.hpp:10
CMP-UG	Chapter 11: The Chemical Species Transport Branch	Boundary Selection	turbulence	partial	src/io/GmshReader.cpp:10; src/combustion/CanteraParser.hpp:10
CMP-UG	Chapter 11: The Chemical Species Transport Branch	Flux Discontinuity	turbulence	partial	src/io/GmshReader.cpp:10; src/combustion/CanteraParser.hpp:10
CMP-UG	Chapter 11: The Chemical Species Transport Branch	T H E Tr A N S P O R T O F D I L U T E D S P E C I E S I N T E R F A C E	turbulence	partial	src/io/GmshReader.cpp:10; src/combustion/CanteraParser.hpp:10
CMP-UG	Chapter 11: The Chemical Species Transport Branch	Boundary Selection	turbulence	partial	src/io/GmshReader.cpp:10; src/combustion/CanteraParser.hpp:10
CMP-UG	Chapter 11: The Chemical Species Transport Branch	Thin Diffusion Barrier	turbulence	present	src/parallel/MpiContext.cpp:145; src/io/GmshReader.cpp:10; src/combustion/SlfmFlamelet.hpp:6
CMP-UG	Chapter 11: The Chemical Species Transport Branch	T H E Tr A N S P O R T O F D I L U T E D S P E C I E S I N T E R F A C E	turbulence	partial	src/io/GmshReader.cpp:10; src/combustion/CanteraParser.hpp:10
CMP-UG	Chapter 12: The Fluid Flow Branch	Chapter 12: The Fluid Flow Branch	other	partial	src/io/GmshReader.cpp:10
CMP-UG	Chapter 12: The Fluid Flow Branch	Theory for the Laminar Flow	theory	present	src/combustion/TfcModel.hpp:23; src/combustion/EddyDissipationConcept.hpp:15; src/io/GmshReader.cpp:10
CMP-UG	Chapter 12: The Fluid Flow Branch	Theory For The Laminar Flow Interface	ui	present	src/combustion/TfcModel.hpp:23; src/combustion/EddyDissipationConcept.hpp:15; src/io/GmshReader.cpp:10
CMP-UG	Chapter 12: The Fluid Flow Branch	Compressible Flow	other	partial	src/io/ForcesReport.hpp:16; src/io/GmshReader.cpp:10
CMP-UG	Chapter 12: The Fluid Flow Branch	This term becomes important already at moderate Mach numbers. The second reason	other	present	src/radiation/MonteCarloRte.hpp:22; src/acoustics/CurleAcoustics.hpp:7; src/core/CrashHandler.cpp:142
CMP-UG	Chapter 12: The Fluid Flow Branch	Streamline Diffusion	postprocessing	present	src/visualization/LicFilter.hpp:7; src/combustion/SlfmFlamelet.hpp:6; src/io/GmshReader.cpp:10
CMP-UG	Chapter 12: The Fluid Flow Branch	Isotropic Diffusion	other	present	src/amr/RefinementApplier.cpp:5; src/io/GmshReader.cpp:10; src/combustion/SlfmFlamelet.hpp:6
CMP-UG	Chapter 12: The Fluid Flow Branch	Pseudo Time Stepping for Laminar Flow Models	solver	present	src/gui/RibbonContent.cpp:78; src/combustion/GEquation.cpp:68; src/combustion/EddyDissipationConcept.hpp:15
CMP-UG	Chapter 12: The Fluid Flow Branch	A pseudo time derivative can be written as	other	present	src/acoustics/CurleAcoustics.hpp:69; src/combustion/GEquation.cpp:68; src/io/GmshReader.cpp:10
CMP-UG	Chapter 12: The Fluid Flow Branch	(12-12)	other	partial	src/io/GmshReader.cpp:10
CMP-UG	Chapter 12: The Fluid Flow Branch	Theory For The Laminar Flow Interface	ui	present	src/combustion/TfcModel.hpp:23; src/combustion/EddyDissipationConcept.hpp:15; src/io/GmshReader.cpp:10
CMP-UG	Chapter 12: The Fluid Flow Branch	Theory for the Slip Wall Boundary Condition	bc	present	src/combustion/TfcModel.hpp:23; src/gui/Dialogs.cpp:323; src/io/GmshReader.cpp:10
CMP-UG	Chapter 12: The Fluid Flow Branch	Theory For The Laminar Flow Interface	ui	present	src/combustion/TfcModel.hpp:23; src/combustion/EddyDissipationConcept.hpp:15; src/io/GmshReader.cpp:10
CMP-UG	Chapter 12: The Fluid Flow Branch	Theory for the Sliding Wall Boundary Condition	bc	present	src/combustion/TfcModel.hpp:23; src/dynamics/SixDof.hpp:17; src/io/GmshReader.cpp:10
CMP-UG	Chapter 12: The Fluid Flow Branch	Theory for the Normal Stress Boundary Condition	bc	present	src/combustion/TfcModel.hpp:23; src/acoustics/CurleAcoustics.hpp:24; src/io/GmshReader.cpp:10
CMP-UG	Chapter 12: The Fluid Flow Branch	157–192, 1992.	other	partial	src/io/GmshReader.cpp:10
CMP-UG	Chapter 12: The Fluid Flow Branch	The Laminar Flow Interface	ui	partial	src/combustion/EddyDissipationConcept.hpp:15; src/io/GmshReader.cpp:10
CMP-UG	Chapter 12: The Fluid Flow Branch	Compressibility	other	partial	src/io/GmshReader.cpp:10
CMP-UG	Chapter 12: The Fluid Flow Branch	The Laminar Flow Interface	ui	partial	src/combustion/EddyDissipationConcept.hpp:15; src/io/GmshReader.cpp:10
CMP-UG	Chapter 12: The Fluid Flow Branch	INITIAL VALUES	other	partial	src/io/GmshReader.cpp:10; src/core/ThreadPool.cpp:57
CMP-UG	Chapter 12: The Fluid Flow Branch	Constraint Settings	other	partial	src/meshing/AmrAdaptor.hpp:8; src/io/GmshReader.cpp:10
CMP-UG	Chapter 12: The Fluid Flow Branch	Boundary Selection	other	partial	src/io/GmshReader.cpp:10
CMP-UG	Chapter 12: The Fluid Flow Branch	Normal Stress	other	partial	src/acoustics/CurleAcoustics.hpp:24; src/io/GmshReader.cpp:10
CMP-UG	Chapter 12: The Fluid Flow Branch	The Laminar Flow Interface	ui	partial	src/combustion/EddyDissipationConcept.hpp:15; src/io/GmshReader.cpp:10
CMP-UG	Chapter 12: The Fluid Flow Branch	Boundary Condition	bc	partial	src/io/GmshReader.cpp:10; src/core/BoundaryConditionRegistry.hpp:13
CMP-UG	Chapter 12: The Fluid Flow Branch	CONSTRAINT SETTINGS	other	partial	src/meshing/AmrAdaptor.hpp:8; src/io/GmshReader.cpp:10
CMP-UG	Chapter 12: The Fluid Flow Branch	Open Boundary	other	partial	src/io/GmshReader.cpp:10
CMP-UG	Chapter 12: The Fluid Flow Branch	Boundary Selection	other	partial	src/io/GmshReader.cpp:10
CMP-UG	Chapter 12: The Fluid Flow Branch	Constraint Settings	other	partial	src/meshing/AmrAdaptor.hpp:8; src/io/GmshReader.cpp:10
CMP-UG	Chapter 12: The Fluid Flow Branch	Constraint Settings	other	partial	src/meshing/AmrAdaptor.hpp:8; src/io/GmshReader.cpp:10
CMP-UG	Chapter 12: The Fluid Flow Branch	The Laminar Flow Interface	ui	partial	src/combustion/EddyDissipationConcept.hpp:15; src/io/GmshReader.cpp:10
CMP-UG	Chapter 12: The Fluid Flow Branch	Point Selection	other	partial	src/io/GmshReader.cpp:10
CMP-UG	Chapter 12: The Fluid Flow Branch	CONSTRAINT SETTINGS	other	partial	src/meshing/AmrAdaptor.hpp:8; src/io/GmshReader.cpp:10
CMP-UG	Chapter 13: The Heat Transfer Branch	Chapter 13: The Heat Transfer Branch	turbulence	partial	src/io/GmshReader.cpp:10; src/cad/IgesReader.cpp:45
CMP-UG	Chapter 13: The Heat Transfer Branch	About the Heat Transfer Interfaces	turbulence	present	src/gui/Dialogs.cpp:232; src/io/GmshReader.cpp:10; src/cad/IgesReader.cpp:45
CMP-UG	Chapter 13: The Heat Transfer Branch	C H A P T E R 1 3 : T H E H E A T Tr A N S F E R B R A N C H	turbulence	partial	src/io/GmshReader.cpp:10; src/cad/IgesReader.cpp:45
CMP-UG	Chapter 13: The Heat Transfer Branch	Theory for the Heat Transfer	turbulence	present	src/combustion/TfcModel.hpp:23; src/io/GmshReader.cpp:10; src/cad/IgesReader.cpp:45
CMP-UG	Chapter 13: The Heat Transfer Branch	T H E O R Y F O R T H E H E A T Tr A N S F E R I N T E R F A C E S	turbulence	partial	src/io/GmshReader.cpp:10; src/cad/IgesReader.cpp:45
CMP-UG	Chapter 13: The Heat Transfer Branch	Heat Flux	turbulence	partial	src/io/GmshReader.cpp:10; src/cad/IgesReader.cpp:45
CMP-UG	Chapter 13: The Heat Transfer Branch	What is the difference between Equation 13-4 and Equation 13-7? As an example,	turbulence	present	src/materials/RealGasEos.hpp:45; src/amr/AmrApplier.hpp:14; src/io/GmshReader.cpp:10
CMP-UG	Chapter 13: The Heat Transfer Branch	T H E O R Y F O R T H E H E A T Tr A N S F E R I N T E R F A C E S	turbulence	partial	src/io/GmshReader.cpp:10; src/cad/IgesReader.cpp:45
CMP-UG	Chapter 13: The Heat Transfer Branch	In 1D:	turbulence	partial	src/io/GmshReader.cpp:10; src/cad/IgesReader.cpp:45
CMP-UG	Chapter 13: The Heat Transfer Branch	Normal Conductive Heat Flux	turbulence	present	src/materials/SolidsCatalog.hpp:4; src/io/GmshReader.cpp:10; src/cad/IgesReader.cpp:45
CMP-UG	Chapter 13: The Heat Transfer Branch	DOMAIN HEAT SOURCES	turbulence	partial	src/io/GmshReader.cpp:10; src/cad/IgesReader.cpp:45
CMP-UG	Chapter 13: The Heat Transfer Branch	Boundary Heat Sources	turbulence	partial	src/io/GmshReader.cpp:10; src/cad/IgesReader.cpp:45
CMP-UG	Chapter 13: The Heat Transfer Branch	About the Boundary Conditions for the Heat Transfer Interfaces	bc	present	src/gui/Dialogs.cpp:232; src/io/GmshReader.cpp:10; src/core/BoundaryConditionRegistry.hpp:9
CMP-UG	Chapter 13: The Heat Transfer Branch	C H A P T E R 1 3 : T H E H E A T Tr A N S F E R B R A N C H	turbulence	partial	src/io/GmshReader.cpp:10; src/cad/IgesReader.cpp:45
CMP-UG	Chapter 13: The Heat Transfer Branch	Example 1	turbulence	present	src/materials/RealGasEos.hpp:45; src/io/GmshReader.cpp:10; src/cad/IgesReader.cpp:45
CMP-UG	Chapter 13: The Heat Transfer Branch	T H E O R Y F O R T H E H E A T Tr A N S F E R I N T E R F A C E S	turbulence	partial	src/io/GmshReader.cpp:10; src/cad/IgesReader.cpp:45
CMP-UG	Chapter 13: The Heat Transfer Branch	DERIVING THE RADIATIVE HEAT FLUX	turbulence	present	src/core/PluginRegistry.hpp:12; src/particles/ParticleHeating.hpp:4; src/io/GmshReader.cpp:10
CMP-UG	Chapter 13: The Heat Transfer Branch	CONSISTENT STABILIZATION	turbulence	present	src/core/Command.hpp:92; src/io/GmshReader.cpp:10; src/cad/IgesReader.cpp:45
CMP-UG	Chapter 13: The Heat Transfer Branch	INCONSISTENT STABILIZATION	turbulence	partial	src/io/GmshReader.cpp:10; src/cad/IgesReader.cpp:45
CMP-UG	Chapter 13: The Heat Transfer Branch	The Heat Transfer Interface	turbulence	partial	src/io/GmshReader.cpp:10; src/cad/IgesReader.cpp:45
CMP-UG	Chapter 13: The Heat Transfer Branch	Domain, Boundary, Edge, Point, and Pair Features for the Heat	turbulence	present	src/cad/Defeaturing.hpp:6; src/io/GmshReader.cpp:10; src/cad/IgesReader.cpp:45
CMP-UG	Chapter 13: The Heat Transfer Branch	To locate and search all the documentation, in COMSOL, select	turbulence	present	src/io/GmshReader.cpp:598; src/gpu/GpuKernels.cpp:311; src/io/GmshReader.cpp:10
CMP-UG	Chapter 13: The Heat Transfer Branch	(13-17)	turbulence	partial	src/io/GmshReader.cpp:10; src/cad/IgesReader.cpp:45
CMP-UG	Chapter 13: The Heat Transfer Branch	HEAT CONDUCTION	turbulence	present	src/emag/AvFormulation.hpp:48; src/io/GmshReader.cpp:10; src/cad/IgesReader.cpp:45
CMP-UG	Chapter 13: The Heat Transfer Branch	Domain Selection	turbulence	partial	src/io/GmshReader.cpp:10; src/cad/IgesReader.cpp:45
CMP-UG	Chapter 13: The Heat Transfer Branch	Tr A N S L A T I O N A L M O T I O N	turbulence	partial	src/io/GmshReader.cpp:10; src/cad/IgesReader.cpp:45
CMP-UG	Chapter 13: The Heat Transfer Branch	THERMODYNAMICS	turbulence	present	src/combustion/CanteraParser.hpp:10; src/io/GmshReader.cpp:10; src/cad/IgesReader.cpp:45
CMP-UG	Chapter 13: The Heat Transfer Branch	C H A P T E R 1 3 : T H E H E A T Tr A N S F E R B R A N C H	turbulence	partial	src/io/GmshReader.cpp:10; src/cad/IgesReader.cpp:45
CMP-UG	Chapter 13: The Heat Transfer Branch	Stabilization Techniques in the COMSOL Multiphysics Reference Guide	turbulence	partial	src/io/GmshReader.cpp:10; src/cad/IgesReader.cpp:45
CMP-UG	Chapter 13: The Heat Transfer Branch	C H A P T E R 1 3 : T H E H E A T Tr A N S F E R B R A N C H	turbulence	partial	src/io/GmshReader.cpp:10; src/cad/IgesReader.cpp:45
CMP-UG	Chapter 13: The Heat Transfer Branch	BOUNDARY SELECTION	turbulence	partial	src/io/GmshReader.cpp:10; src/cad/IgesReader.cpp:45
CMP-UG	Chapter 13: The Heat Transfer Branch	Boundary Selection	turbulence	partial	src/io/GmshReader.cpp:10; src/cad/IgesReader.cpp:45
CMP-UG	Chapter 13: The Heat Transfer Branch	BOUNDARY SELECTION	turbulence	partial	src/io/GmshReader.cpp:10; src/cad/IgesReader.cpp:45
CMP-UG	Chapter 13: The Heat Transfer Branch	BOUNDARY HEAT SOURCE	turbulence	partial	src/io/GmshReader.cpp:10; src/cad/IgesReader.cpp:45
CMP-UG	Chapter 13: The Heat Transfer Branch	BOUNDARY SELECTION	turbulence	partial	src/io/GmshReader.cpp:10; src/cad/IgesReader.cpp:45
CMP-UG	Chapter 13: The Heat Transfer Branch	Line Heat Source	turbulence	partial	src/io/GmshReader.cpp:10; src/cad/IgesReader.cpp:45
CMP-UG	Chapter 13: The Heat Transfer Branch	PO IN T S EL EC TIO N	turbulence	partial	src/io/GmshReader.cpp:10; src/cad/IgesReader.cpp:45
CMP-UG	Chapter 13: The Heat Transfer Branch	The Joule Heating Interface	turbulence	present	src/particles/ParticleHeating.cpp:22; src/io/GmshReader.cpp:10; src/cad/IgesReader.cpp:45
CMP-UG	Chapter 13: The Heat Transfer Branch	INTERFACE IDENTIFIER	turbulence	present	src/core/BoundaryConditionRegistry.hpp:50; src/io/GmshReader.cpp:10; src/cad/IgesReader.cpp:45
CMP-UG	Chapter 13: The Heat Transfer Branch	RADIATION SETTINGS	turbulence	partial	src/io/GmshReader.cpp:10; src/cad/IgesReader.cpp:45
CMP-UG	Chapter 13: The Heat Transfer Branch	Participating Media Settings	turbulence	present	src/radiation/DiscreteOrdinates.hpp:6; src/emag/AvFormulation.hpp:7; src/io/GmshReader.cpp:10
CMP-UG	Chapter 13: The Heat Transfer Branch	Out-Of-Plane Thickness	turbulence	present	src/acoustics/FwhSurface.cpp:142; src/io/GmshReader.cpp:10; src/cad/IgesReader.cpp:45
CMP-UG	Chapter 13: The Heat Transfer Branch	The Joule Heating Interface	turbulence	present	src/particles/ParticleHeating.cpp:22; src/io/GmshReader.cpp:10; src/cad/IgesReader.cpp:45
CMP-UG	Chapter 13: The Heat Transfer Branch	These features are described for the Heat Transfer interface:	turbulence	present	src/zones/FanHexZone.hpp:7; src/cad/Defeaturing.hpp:6; src/io/GmshReader.cpp:10
CMP-UG	Chapter 13: The Heat Transfer Branch	Joule Heating Model	turbulence	present	src/particles/ParticleHeating.cpp:22; src/io/GmshReader.cpp:10; src/cad/IgesReader.cpp:45
CMP-UG	Chapter 13: The Heat Transfer Branch	DOMAIN SELECTION	turbulence	partial	src/io/GmshReader.cpp:10; src/cad/IgesReader.cpp:45
CMP-UG	Chapter 14: The Structural Mechanics Branch	Chapter 14: The Structural Mechanics Branch	other	present	src/gui/Dialogs.cpp:323; src/core/BoundaryConditionRegistry.hpp:15; src/io/GmshReader.cpp:10
CMP-UG	Chapter 14: The Structural Mechanics Branch	Solid Mechanics Geometry and	geometry	present	src/gui/Dialogs.cpp:323; src/core/BoundaryConditionRegistry.hpp:15; src/io/GmshReader.cpp:10
CMP-UG	Chapter 14: The Structural Mechanics Branch	The Solid Mechanics Interface	ui	present	src/gui/Dialogs.cpp:323; src/core/BoundaryConditionRegistry.hpp:15; src/io/GmshReader.cpp:10
CMP-UG	Chapter 14: The Structural Mechanics Branch	Domain Selection	other	present	src/gui/Dialogs.cpp:323; src/core/BoundaryConditionRegistry.hpp:15; src/io/GmshReader.cpp:10
CMP-UG	Chapter 14: The Structural Mechanics Branch	MODEL INPUTS	other	present	src/gui/Dialogs.cpp:323; src/core/BoundaryConditionRegistry.hpp:15; src/io/GmshReader.cpp:10
CMP-UG	Chapter 14: The Structural Mechanics Branch	Domain Selection	other	present	src/gui/Dialogs.cpp:323; src/core/BoundaryConditionRegistry.hpp:15; src/io/GmshReader.cpp:10
CMP-UG	Chapter 14: The Structural Mechanics Branch	Damping	parallel	present	src/gui/Dialogs.cpp:323; src/core/BoundaryConditionRegistry.hpp:15; src/core/IWallDistanceService.hpp:13
CMP-UG	Chapter 14: The Structural Mechanics Branch	The Solid Mechanics Interface	ui	present	src/gui/Dialogs.cpp:323; src/core/BoundaryConditionRegistry.hpp:15; src/io/GmshReader.cpp:10
CMP-UG	Chapter 14: The Structural Mechanics Branch	Initial Values	other	present	src/gui/Dialogs.cpp:323; src/core/BoundaryConditionRegistry.hpp:15; src/io/GmshReader.cpp:10
CMP-UG	Chapter 14: The Structural Mechanics Branch	FORCE	other	present	src/gui/Dialogs.cpp:323; src/core/BoundaryConditionRegistry.hpp:15; src/io/GmshReader.cpp:10
CMP-UG	Chapter 14: The Structural Mechanics Branch	FORCE	other	present	src/gui/Dialogs.cpp:323; src/core/BoundaryConditionRegistry.hpp:15; src/io/GmshReader.cpp:10
CMP-UG	Chapter 14: The Structural Mechanics Branch	Edge Selection	other	present	src/gui/Dialogs.cpp:323; src/core/BoundaryConditionRegistry.hpp:15; src/io/GmshReader.cpp:10
CMP-UG	Chapter 14: The Structural Mechanics Branch	COORDINATE SYSTEM SELECTION	other	present	src/gui/Dialogs.cpp:323; src/io/FaceBasedMeshReader.cpp:214; src/core/BoundaryConditionRegistry.hpp:15
CMP-UG	Chapter 14: The Structural Mechanics Branch	PAIR SELECTION	other	present	src/gui/Dialogs.cpp:323; src/core/BoundaryConditionRegistry.hpp:15; src/io/GmshReader.cpp:10
CMP-UG	Chapter 14: The Structural Mechanics Branch	Pair Selection	other	present	src/gui/Dialogs.cpp:323; src/core/BoundaryConditionRegistry.hpp:15; src/io/GmshReader.cpp:10
CMP-UG	Chapter 14: The Structural Mechanics Branch	BOUNDARY SELECTION	other	present	src/gui/Dialogs.cpp:323; src/core/BoundaryConditionRegistry.hpp:15; src/io/GmshReader.cpp:10
CMP-UG	Chapter 14: The Structural Mechanics Branch	Pair Selection	other	present	src/gui/Dialogs.cpp:323; src/core/BoundaryConditionRegistry.hpp:15; src/io/GmshReader.cpp:10
CMP-UG	Chapter 14: The Structural Mechanics Branch	CONSTRAINT SETTINGS	other	present	src/gui/Dialogs.cpp:323; src/meshing/AmrAdaptor.hpp:8; src/core/BoundaryConditionRegistry.hpp:15
CMP-UG	Chapter 14: The Structural Mechanics Branch	Periodicity Settings	bc	present	src/solver/PeriodicPairing.hpp:5; src/gui/Dialogs.cpp:323; src/core/BoundaryConditionRegistry.hpp:15
CMP-UG	Chapter 14: The Structural Mechanics Branch	Theory for the Solid Mechanics	theory	present	src/combustion/TfcModel.hpp:23; src/gui/Dialogs.cpp:323; src/core/BoundaryConditionRegistry.hpp:15
CMP-UG	Chapter 14: The Structural Mechanics Branch	Plane Strain and Plane Stress Cases	other	present	src/gui/Dialogs.cpp:323; src/core/BoundaryConditionRegistry.hpp:15; src/acoustics/CurleAcoustics.hpp:24
CMP-UG	Chapter 14: The Structural Mechanics Branch	Theory For The Solid Mechanics Interface	ui	present	src/combustion/TfcModel.hpp:23; src/gui/Dialogs.cpp:323; src/core/BoundaryConditionRegistry.hpp:15
CMP-UG	Chapter 14: The Structural Mechanics Branch	DISPLACEMENTS AND AXIAL SYMMETRY ASSUMPTIONS	bc	present	src/meshing/PrismLayerExtruder.hpp:18; src/gui/Dialogs.cpp:323; src/meshing/MedialAxisDecomposition.hpp:13
CMP-UG	Chapter 14: The Structural Mechanics Branch	Loads	other	present	src/gui/Dialogs.cpp:323; src/cad/StlSurfaceReader.hpp:7; src/core/BoundaryConditionRegistry.hpp:15
CMP-UG	Chapter 14: The Structural Mechanics Branch	Theory For The Solid Mechanics Interface	ui	present	src/combustion/TfcModel.hpp:23; src/gui/Dialogs.cpp:323; src/core/BoundaryConditionRegistry.hpp:15
CMP-UG	Chapter 14: The Structural Mechanics Branch	W =	other	present	src/gui/Dialogs.cpp:323; src/core/BoundaryConditionRegistry.hpp:15; src/io/GmshReader.cpp:10
CMP-UG	Chapter 14: The Structural Mechanics Branch	TIME-DEPENDENT STUDIES	other	present	src/morphing/FfdBox.hpp:10; src/gui/Dialogs.cpp:323; src/io/CgnsWriter.cpp:14
CMP-UG	Chapter 14: The Structural Mechanics Branch	Also describe this relationship using complex notation	other	present	src/io/FaceBasedMeshReader.hpp:7; src/gpu/BicgstabGpu.hpp:68; src/gui/Dialogs.cpp:323
CMP-UG	Chapter 14: The Structural Mechanics Branch	Damping Models	parallel	present	src/gui/Dialogs.cpp:323; src/core/BoundaryConditionRegistry.hpp:15; src/core/IWallDistanceService.hpp:13
CMP-UG	Chapter 14: The Structural Mechanics Branch	Choose between these loss damping types:	parallel	present	src/meshing/AdvancingFrontSurface.hpp:11; src/adjoint/DiscreteAdjoint.hpp:8; src/gui/Dialogs.cpp:323
CMP-UG	Chapter 15: Equation-Based Modeling	Chapter 15: Equation-Based Modeling	other	absent	
CMP-UG	Chapter 15: Equation-Based Modeling	The Mathematics Interfaces	ui	partial	src/morphing/FfdBox.hpp:13; src/gui/Dialogs.cpp:232
CMP-UG	Chapter 15: Equation-Based Modeling	Mesh Interface is vital for modeling moving meshes using the ALE (arbitrary	mesh	present	src/dynamics/SixDof.hpp:18; src/core/IWallDistanceService.hpp:31; src/gui/SolverMonitorPanel.hpp:6
CMP-UG	Chapter 15: Equation-Based Modeling	P D E I nte r f a c e s	other	absent	
CMP-UG	Chapter 15: Equation-Based Modeling	+ ----- +	other	absent	
CMP-UG	Chapter 15: Equation-Based Modeling	The Scalar Coefficient Form Equation	other	partial	src/combustion/CanteraParser.cpp:230; src/acoustics/FwhSurface.hpp:8
CMP-UG	Chapter 15: Equation-Based Modeling	CONVECTION COEFFICIENT	other	partial	src/combustion/TransportedPdf.hpp:10; src/combustion/CanteraParser.cpp:230
CMP-UG	Chapter 15: Equation-Based Modeling	BOUNDARY SELECTION	other	absent	
CMP-UG	Chapter 15: Equation-Based Modeling	BOUNDARY SELECTION	other	absent	
CMP-UG	Chapter 15: Equation-Based Modeling	B O U N D A R Y A B S O R P T I O N / I M P E D A N C E TE R M	other	absent	
CMP-UG	Chapter 15: Equation-Based Modeling	Pde Interfaces	ui	partial	src/gui/Dialogs.cpp:232
CMP-UG	Chapter 15: Equation-Based Modeling	The Coefficient Form Equation System	other	partial	src/combustion/CanteraParser.cpp:230; src/acoustics/FwhSurface.hpp:8
CMP-UG	Chapter 15: Equation-Based Modeling	T	other	absent	
CMP-UG	Chapter 15: Equation-Based Modeling	PDE Coefficients and Boundary Conditions with Time Derivatives	bc	present	src/optimization/MmaOptimizer.hpp:23; src/combustion/ThermoNasaParser.cpp:147; src/core/BoundaryConditionRegistry.hpp:9
CMP-UG	Chapter 15: Equation-Based Modeling	Element Types and Discretization	solver	partial	src/solver/Solver.hpp:26
CMP-UG	Chapter 15: Equation-Based Modeling	See Also	other	absent	
CMP-UG	Chapter 15: Equation-Based Modeling	Weak Form Modeling	other	partial	src/acoustics/FwhSurface.hpp:8
CMP-UG	Chapter 15: Equation-Based Modeling	By default, COMSOL Multiphysics converts all models to the weak form before	other	partial	src/combustion/ChemkinParser.hpp:26; src/acoustics/FwhSurface.hpp:8
CMP-UG	Chapter 15: Equation-Based Modeling	Interface Identifier	ui	partial	src/core/BoundaryConditionRegistry.hpp:50
CMP-UG	Chapter 15: Equation-Based Modeling	D O M A I N , B O U N D A R Y, E D G E , O R PO I N T S E L E C T I O N	other	absent	
CMP-UG	Chapter 15: Equation-Based Modeling	VA R I AT I O N A L C A L C U L U S	other	absent	
CMP-UG	Chapter 15: Equation-Based Modeling	D O M A I N , B O U N D A R Y, E D G E , O R P O I N T S E L E C T I O N	other	absent	
CMP-UG	Chapter 15: Equation-Based Modeling	DISCRETIZATION	solver	partial	src/solver/Solver.hpp:26
CMP-UG	Chapter 15: Equation-Based Modeling	Using Weak Constraints	other	partial	src/amr/AdaptiveRefinement.hpp:9
CMP-UG	Chapter 15: Equation-Based Modeling	U S I N G We A K C O N S T R A I N T S	other	absent	
CMP-UG	Chapter 15: Equation-Based Modeling	Lagrange Multiplier	other	partial	src/optimization/SimpTopology.cpp:154; src/multiphase/CavitationSchnerrSauer.hpp:38
CMP-UG	Chapter 15: Equation-Based Modeling	POINTWISE CONSTRAINT	other	partial	src/io/CgnsReader.hpp:9; src/meshing/AmrAdaptor.hpp:8
CMP-UG	Chapter 15: Equation-Based Modeling	Constraint Forces for PDEs	other	partial	src/meshing/AmrAdaptor.hpp:8; src/cad/StepReader.cpp:56
CMP-UG	Chapter 15: Equation-Based Modeling	U S I N G We A K C O N S T R A I N T S	other	absent	
CMP-UG	Chapter 15: Equation-Based Modeling	Solving ODEs and DAEs	turbulence	partial	src/gui/MainWindow.cpp:193
CMP-UG	Chapter 15: Equation-Based Modeling	WE A K CO NT RIB U TI ON	other	absent	
CMP-UG	Chapter 15: Equation-Based Modeling	S O L V I N G O D E S A N D Da E S	other	absent	
CMP-UG	Chapter 15: Equation-Based Modeling	Presenting Results for Global Equations	other	partial	src/adjoint/ContinuousAdjoint.hpp:11; src/core/RotatingFileSink.hpp:39
CMP-UG	Chapter 15: Equation-Based Modeling	Distributed ODE	other	partial	src/particles/BlobInjector.hpp:16
CMP-UG	Chapter 15: Equation-Based Modeling	DOMAIN SELECTION	other	absent	
CMP-UG	Chapter 15: Equation-Based Modeling	INDICATOR VARIA BL ES	other	partial	src/amr/AdaptiveRefinement.cpp:28
CMP-UG	Chapter 15: Equation-Based Modeling	REINITIALIZATION	other	absent	
CMP-UG	Chapter 15: Equation-Based Modeling	The Wall Distance Interface	ui	absent	
CMP-UG	Chapter 15: Equation-Based Modeling	DISCRETIZATION	solver	partial	src/solver/Solver.hpp:26
CMP-UG	Chapter 15: Equation-Based Modeling	Boundary Conditions for the Wall Distance Interface	bc	partial	src/core/BoundaryConditionRegistry.hpp:9
CMP-UG	Chapter 15: Equation-Based Modeling	Theory for the Wall Distance	theory	partial	src/combustion/TfcModel.hpp:23
CMP-UG	Chapter 16: Sensitivity Analysis	Chapter 16: Sensitivity Analysis	other	partial	src/gpu/GpuKernels.cpp:331; src/adjoint/ContinuousAdjoint.cpp:20
CMP-UG	Chapter 16: Sensitivity Analysis	Theory for the Sensitivity Interface	ui	present	src/gpu/GpuKernels.cpp:331; src/combustion/TfcModel.hpp:23; src/adjoint/ContinuousAdjoint.cpp:20
CMP-UG	Chapter 16: Sensitivity Analysis	Sensitivity Problem Formulation	other	present	src/gpu/GpuKernels.cpp:331; src/acoustics/FwhSurface.cpp:116; src/adjoint/ContinuousAdjoint.cpp:20
CMP-UG	Chapter 16: Sensitivity Analysis	Theory For The Sensitivity Interface	ui	present	src/gpu/GpuKernels.cpp:331; src/combustion/TfcModel.hpp:23; src/adjoint/ContinuousAdjoint.cpp:20
CMP-UG	Chapter 16: Sensitivity Analysis	Choosing a Sensitivity Method	other	partial	src/gpu/GpuKernels.cpp:331; src/adjoint/ContinuousAdjoint.cpp:20
CMP-UG	Chapter 16: Sensitivity Analysis	The Effect Of Discretization	solver	present	src/solver/Solver.hpp:26; src/gpu/GpuKernels.cpp:331; src/adjoint/ContinuousAdjoint.cpp:20
CMP-UG	Chapter 16: Sensitivity Analysis	Geometrical Sensitivity	other	partial	src/gpu/GpuKernels.cpp:331; src/adjoint/ContinuousAdjoint.cpp:20
CMP-UG	Chapter 16: Sensitivity Analysis	T H E P R I N C I P L E O F V I R T U A L Wo R K	other	partial	src/gpu/GpuKernels.cpp:331; src/adjoint/ContinuousAdjoint.cpp:20
CMP-UG	Chapter 16: Sensitivity Analysis	The Sensitivity Interface	ui	partial	src/gpu/GpuKernels.cpp:331; src/adjoint/ContinuousAdjoint.cpp:20
CMP-UG	Chapter 16: Sensitivity Analysis	DOMAIN SELECTION	other	partial	src/gpu/GpuKernels.cpp:331; src/adjoint/ContinuousAdjoint.cpp:20
CMP-UG	Chapter 16: Sensitivity Analysis	Global Objective	other	present	src/optimization/MmaOptimizer.cpp:55; src/gpu/GpuKernels.cpp:331; src/adjoint/ContinuousAdjoint.cpp:20
CMP-UG	Chapter 17: Multiphysics Modeling	Chapter 17: Multiphysics Modeling	other	n/a	
CMP-UG	Chapter 17: Multiphysics Modeling	Creating Multiphysics Models	other	n/a	
CMP-UG	Chapter 17: Multiphysics Modeling	Acoustics	other	partial	src/acoustics/CMakeLists.txt:1
CMP-UG	Chapter 17: Multiphysics Modeling	Acoustic-Solid Interaction	other	present	src/acoustics/CurleAcoustics.hpp:6; src/combustion/EddyDissipationConcept.hpp:4; src/acoustics/CurleAcoustics.hpp:8
CMP-UG	Chapter 17: Multiphysics Modeling	AEROACOUSTICS WITH FLOW	other	absent	
CMP-UG	Chapter 17: Multiphysics Modeling	Fluid-Structure Interaction (Fsi)	other	partial	src/combustion/EddyDissipationConcept.hpp:4; src/cad/StepReader.hpp:7
CMP-UG	Chapter 17: Multiphysics Modeling	Heat Transfer	turbulence	partial	src/cad/IgesReader.cpp:45
CMP-UG	Chapter 17: Multiphysics Modeling	Joule Heating	other	partial	src/particles/ParticleHeating.cpp:22
CMP-UG	Chapter 17: Multiphysics Modeling	INDUCTION HEATING	other	partial	src/emag/Mhd.hpp:6; src/particles/ParticleHeating.cpp:22
CMP-UG	Chapter 17: Multiphysics Modeling	Capacitively Coupled Plasma	solver	partial	src/gui/DiagnosticsPanel.cpp:59
CMP-UG	Chapter 17: Multiphysics Modeling	Thermal Stress	other	partial	src/acoustics/CurleAcoustics.hpp:24; src/combustion/NoxThermalPromptFuel.cpp:23
CMP-UG	Chapter 18: The Deformed Geometry and Moving Mesh	Chapter 18: The Deformed Geometry and Moving Mesh	geometry	partial	src/morphing/FfdBox.hpp:19; src/dynamics/SixDof.hpp:18
CMP-UG	Chapter 18: The Deformed Geometry and Moving Mesh	Deformed Mesh Fundamentals	geometry	partial	src/morphing/FfdBox.hpp:19; src/dynamics/SixDof.hpp:18
CMP-UG	Chapter 18: The Deformed Geometry and Moving Mesh	Therefore, the mesh frame coincides with the geometry frame until a new mesh is	geometry	present	src/gpu/GpuKernels.hpp:89; src/morphing/FfdBox.hpp:19; src/cad/Defeaturing.cpp:7
CMP-UG	Chapter 18: The Deformed Geometry and Moving Mesh	Definitions node and use it to couple the deformation from the point to the	geometry	present	src/morphing/FfdBox.hpp:19; src/porous/PorousMedia.hpp:47; src/dynamics/SixDof.hpp:18
CMP-UG	Chapter 18: The Deformed Geometry and Moving Mesh	Adding A Stop Condition	geometry	present	src/morphing/FfdBox.hpp:19; src/dynamics/SixDof.hpp:18; src/core/BoundaryConditionRegistry.hpp:13
CMP-UG	Chapter 18: The Deformed Geometry and Moving Mesh	REMESH THE DEFORMED CONFIGURATION	geometry	partial	src/morphing/FfdBox.hpp:19; src/dynamics/SixDof.hpp:18
CMP-UG	Chapter 18: The Deformed Geometry and Moving Mesh	ALTERNATIVE PROCEDURE USING SEVERAL STUDIES	geometry	present	src/turbulence/KKLOmegaTransition.cpp:194; src/morphing/FfdBox.hpp:10; src/morphing/FfdBox.hpp:19
CMP-UG	Chapter 18: The Deformed Geometry and Moving Mesh	Deformed Mesh Fundamentals	geometry	partial	src/morphing/FfdBox.hpp:19; src/dynamics/SixDof.hpp:18
CMP-UG	Chapter 18: The Deformed Geometry and Moving Mesh	Physics Settings—Moving Mesh	geometry	present	src/morphing/FfdBox.hpp:19; src/dynamics/SixDof.hpp:18; src/combustion/LaminarFiniteRate.cpp:110
CMP-UG	Chapter 18: The Deformed Geometry and Moving Mesh	Deformed Mesh Fundamentals	geometry	partial	src/morphing/FfdBox.hpp:19; src/dynamics/SixDof.hpp:18
CMP-UG	Chapter 18: The Deformed Geometry and Moving Mesh	Computing the Solution	geometry	partial	src/morphing/FfdBox.hpp:19; src/dynamics/SixDof.hpp:18
CMP-UG	Chapter 18: The Deformed Geometry and Moving Mesh	The Moving Mesh Interface	geometry	partial	src/morphing/FfdBox.hpp:19; src/dynamics/SixDof.hpp:18
CMP-UG	Chapter 18: The Deformed Geometry and Moving Mesh	Frame Settings	geometry	partial	src/morphing/FfdBox.hpp:19; src/dynamics/SixDof.hpp:18
CMP-UG	Chapter 18: The Deformed Geometry and Moving Mesh	FREE DEFORMATION SETTINGS	geometry	present	src/morphing/FfdBox.hpp:19; src/dynamics/SixDof.hpp:18; src/dynamics/SixDof.hpp:18
CMP-UG	Chapter 18: The Deformed Geometry and Moving Mesh	Prescribed Deformation	geometry	present	src/morphing/FfdBox.hpp:19; src/morphing/RbfMorpher.hpp:6; src/dynamics/SixDof.hpp:18
CMP-UG	Chapter 18: The Deformed Geometry and Moving Mesh	BOUNDARY SELECTION	geometry	partial	src/morphing/FfdBox.hpp:19; src/dynamics/SixDof.hpp:18
CMP-UG	Chapter 18: The Deformed Geometry and Moving Mesh	The Deformed Geometry Interface	geometry	partial	src/morphing/FfdBox.hpp:19; src/dynamics/SixDof.hpp:18
CMP-UG	Chapter 18: The Deformed Geometry and Moving Mesh	INTERFACE IDENTIFIER	geometry	present	src/morphing/FfdBox.hpp:19; src/core/BoundaryConditionRegistry.hpp:50; src/dynamics/SixDof.hpp:18
CMP-UG	Chapter 18: The Deformed Geometry and Moving Mesh	Free Deformation Settings	geometry	present	src/morphing/FfdBox.hpp:19; src/dynamics/SixDof.hpp:18; src/dynamics/SixDof.hpp:18
CMP-UG	Chapter 18: The Deformed Geometry and Moving Mesh	Free Deformation	geometry	present	src/morphing/FfdBox.hpp:19; src/dynamics/SixDof.hpp:18; src/dynamics/SixDof.hpp:18
CMP-UG	Chapter 18: The Deformed Geometry and Moving Mesh	Prescribed Mesh Displacement	geometry	present	src/morphing/FfdBox.hpp:19; src/morphing/RbfMorpher.hpp:7; src/morphing/RbfMorpher.hpp:6
CMP-UG	Chapter 18: The Deformed Geometry and Moving Mesh	COORDINATE SYSTEM SELECTION	geometry	present	src/morphing/FfdBox.hpp:19; src/io/FaceBasedMeshReader.cpp:214; src/dynamics/SixDof.hpp:18
CMP-UG	Chapter 19: Meshing	Chapter 19: Meshing	mesh	absent	
CMP-UG	Chapter 19: Meshing	C r e a ti ng M e s he s	mesh	absent	
CMP-UG	Chapter 19: Meshing	ELEMENTS FOR 3D GEOMETRIES	mesh	partial	src/solver/WallDistance.hpp:17
CMP-UG	Chapter 19: Meshing	User-Controlled Meshing	mesh	partial	src/meshing/OctreeMesher.hpp:39
CMP-UG	Chapter 19: Meshing	2D Meshing Options	mesh	absent	
CMP-UG	Chapter 19: Meshing	Free Meshing	mesh	absent	
CMP-UG	Chapter 19: Meshing	Quad features to create a meshing sequence that generates the mesh. The model	mesh	present	src/cad/Defeaturing.hpp:6; src/meshing/AdvancingFrontSurface.hpp:6; src/core/Command.hpp:86
CMP-UG	Chapter 19: Meshing	Free Meshing	mesh	absent	
CMP-UG	Chapter 19: Meshing	A D D I N G A F RE E TE T R A H E D R A L F E A T U RE	mesh	absent	
CMP-UG	Chapter 19: Meshing	Specifying The Mesh Size	mesh	absent	
CMP-UG	Chapter 19: Meshing	Extra Coarse	mesh	partial	src/combustion/LaminarFiniteRate.hpp:14; src/amr/RefinementApplier.hpp:12
CMP-UG	Chapter 19: Meshing	Remove Unwanted Geometr Y Details	mesh	partial	src/cad/Defeaturing.cpp:6
CMP-UG	Chapter 19: Meshing	Free Meshing	mesh	absent	
CMP-UG	Chapter 19: Meshing	Structured Meshes	mesh	partial	src/core/Logger.hpp:7; src/core/IWallDistanceService.hpp:31
CMP-UG	Chapter 19: Meshing	About 2D and 3D Boundary Layer Meshes	mesh	partial	src/core/IWallDistanceService.hpp:31
CMP-UG	Chapter 19: Meshing	Swept in the COMSOL Multiphysics Reference Guide	mesh	partial	src/meshing/MedialAxisDecomposition.hpp:14
CMP-UG	Chapter 19: Meshing	Mesh Control Entities	mesh	partial	src/cad/IgesReader.cpp:27; src/adjoint/ContinuousAdjoint.hpp:51
CMP-UG	Chapter 19: Meshing	Clearing Meshes and Deleting	mesh	partial	src/core/IWallDistanceService.hpp:31
CMP-UG	Chapter 19: Meshing	Clearing A Mesh For A Specific Geometry	geometry	partial	src/combustion/ThermoNasaParser.hpp:55
CMP-UG	Chapter 19: Meshing	Di s pla y i ng M e sh E l em en t Q u al i t y an d	mesh	absent	
CMP-UG	Chapter 19: Meshing	Av o i di ng I nv e r t ed Mesh E l emen t s	mesh	absent	
CMP-UG	Chapter 19: Meshing	Using Linear Geometry Shape Order	geometry	absent	
CMP-UG	Chapter 20: Solvers and Study Types	Chapter 20: Solvers and Study Types	solver	partial	src/combustion/CanteraParser.hpp:13
CMP-UG	Chapter 20: Solvers and Study Types	Solver Studies and Study Types	solver	partial	src/morphing/FfdBox.hpp:10; src/combustion/CanteraParser.hpp:13
CMP-UG	Chapter 20: Solvers and Study Types	Study node (	solver	partial	src/combustion/CanteraParser.hpp:13
CMP-UG	Chapter 20: Solvers and Study Types	Available Study Types	solver	partial	src/combustion/CanteraParser.hpp:13; src/amr/AdaptiveRefinement.hpp:11
CMP-UG	Chapter 20: Solvers and Study Types	Harmonic Perturbation, Prestressed Analysis, and Small-Signal Analysis	solver	present	src/gpu/GpuKernels.cpp:331; src/combustion/SootMomMethod.hpp:19; src/core/CrashHandler.cpp:99
CMP-UG	Chapter 20: Solvers and Study Types	S O L V E R S T U D I E S A N D S T U D Y Ty P E S	solver	partial	src/combustion/CanteraParser.hpp:13
CMP-UG	Chapter 20: Solvers and Study Types	Parametric Sweep node to create nested parametric sweeps. In the Study branch,	geometry	present	src/io/FluentMshReader.cpp:6; src/amr/RefinementApplier.cpp:141; src/io/GmshReader.cpp:417
CMP-UG	Chapter 20: Solvers and Study Types	VA L U E S O F D E P E N D E N T VA R I A BL E S	solver	partial	src/combustion/CanteraParser.hpp:13
CMP-UG	Chapter 20: Solvers and Study Types	Clearing All Solutions For All Models	solver	partial	src/combustion/FgmFlamelet.hpp:6; src/combustion/CanteraParser.hpp:13
CMP-UG	Chapter 20: Solvers and Study Types	Linear Solvers vs. Nonlinear Solvers	solver	partial	src/radiation/P1Radiation.hpp:19; src/combustion/CanteraParser.hpp:13
CMP-UG	Chapter 20: Solvers and Study Types	WHICH MODELS ARE NONLINEAR?	solver	partial	src/radiation/P1Radiation.hpp:19; src/combustion/CanteraParser.hpp:13
CMP-UG	Chapter 20: Solvers and Study Types	The consequences of an incorrect Jacobian matrix depend on the solver in use:	solver	present	src/gui_core/PanelRegistry.hpp:9; src/adjoint/DiscreteAdjoint.cpp:130; src/combustion/CanteraParser.hpp:13
CMP-UG	Chapter 20: Solvers and Study Types	C H A P T E R 2 0 : S O L V E R S A N D S T U D Y Ty P E S	solver	partial	src/combustion/CanteraParser.hpp:13
CMP-UG	Chapter 20: Solvers and Study Types	Getting Results While Solving	solver	partial	src/gui/MainWindow.cpp:193; src/combustion/CanteraParser.hpp:13
CMP-UG	Chapter 20: Solvers and Study Types	The Log Window	solver	partial	src/combustion/CanteraParser.hpp:13; src/gui/MainWindow.hpp:4
CMP-UG	Chapter 20: Solvers and Study Types	C H A P T E R 2 0 : S O L V E R S A N D S T U D Y Ty P E S	solver	partial	src/combustion/CanteraParser.hpp:13
CMP-UG	Chapter 20: Solvers and Study Types	The log produced by the optimization solver SNOPT contains the following data:	solver	present	src/combustion/CanteraParser.hpp:13; src/amr/RefinementApplier.hpp:4; src/combustion/ThermoNasaParser.cpp:48
CMP-UG	Chapter 20: Solvers and Study Types	Convergence Information In The Plots	solver	present	src/gui/ResidualPlot.hpp:7; src/cad/ObjReader.hpp:7; src/combustion/CanteraParser.hpp:13
CMP-UG	Chapter 20: Solvers and Study Types	Harmonic Perturbation, Prestressed	solver	partial	src/combustion/SootMomMethod.hpp:19; src/combustion/CanteraParser.hpp:13
CMP-UG	Chapter 20: Solvers and Study Types	C H A P T E R 2 0 : S O L V E R S A N D S T U D Y Ty P E S	solver	partial	src/combustion/CanteraParser.hpp:13
CMP-UG	Chapter 20: Solvers and Study Types	If you have the Acoustics Module and AC/DC Module, see Loudspeaker	solver	present	src/combustion/CanteraParser.hpp:13; src/acoustics/CMakeLists.txt:1; src/acoustics/CurleAcoustics.hpp:19
CMP-UG	Chapter 20: Solvers and Study Types	See Also	solver	partial	src/combustion/CanteraParser.hpp:13
CMP-UG	Chapter 20: Solvers and Study Types	C H A P T E R 2 0 : S O L V E R S A N D S T U D Y Ty P E S	solver	partial	src/combustion/CanteraParser.hpp:13
CMP-UG	Chapter 21: Results Evaluation and Visualization	Chapter 21: Results Evaluation and Visualization	other	partial	src/acoustics/FwhSurface.hpp:19
CMP-UG	Chapter 21: Results Evaluation and Visualization	Processing and Analyzing Results	other	partial	src/acoustics/FwhSurface.hpp:19; src/acoustics/CurleAcoustics.hpp:26
CMP-UG	Chapter 21: Results Evaluation and Visualization	Data Sets	other	partial	src/acoustics/FwhSurface.hpp:19
CMP-UG	Chapter 21: Results Evaluation and Visualization	D E R IVE D VAL U E S A N D TABLE S	other	partial	src/acoustics/FwhSurface.hpp:19
CMP-UG	Chapter 21: Results Evaluation and Visualization	Defining Data Sets	other	partial	src/acoustics/FwhSurface.hpp:19
CMP-UG	Chapter 21: Results Evaluation and Visualization	How To Add A Data Set To The Model Builder	other	partial	src/acoustics/FwhSurface.hpp:19; src/cad/BrepIo.cpp:23
CMP-UG	Chapter 21: Results Evaluation and Visualization	Defining Data Sets	other	partial	src/acoustics/FwhSurface.hpp:19
CMP-UG	Chapter 21: Results Evaluation and Visualization	Defining Data Sets	other	partial	src/acoustics/FwhSurface.hpp:19
CMP-UG	Chapter 21: Results Evaluation and Visualization	Function 1D, 2D, and 3D Data Sets	other	partial	src/acoustics/FwhSurface.hpp:19
CMP-UG	Chapter 21: Results Evaluation and Visualization	Defining Data Sets	other	partial	src/acoustics/FwhSurface.hpp:19
CMP-UG	Chapter 21: Results Evaluation and Visualization	Isosurface Data Sets	postprocessing	partial	src/visualization/CMakeLists.txt:6; src/acoustics/FwhSurface.hpp:19
CMP-UG	Chapter 21: Results Evaluation and Visualization	Defining Data Sets	other	partial	src/acoustics/FwhSurface.hpp:19
CMP-UG	Chapter 21: Results Evaluation and Visualization	Maximum Evaluation and Minimum Evaluation Data Sets	other	present	src/acoustics/FwhSurface.hpp:19; src/gpu/DeviceMemoryPool.hpp:64; src/gpu/DeviceMemoryPool.hpp:66
CMP-UG	Chapter 21: Results Evaluation and Visualization	Mirror 2D and Mirror 3D Data Sets	other	partial	src/acoustics/FwhSurface.hpp:19; src/core/BoundaryConditionRegistry.hpp:27
CMP-UG	Chapter 21: Results Evaluation and Visualization	Defining Data Sets	other	partial	src/acoustics/FwhSurface.hpp:19
CMP-UG	Chapter 21: Results Evaluation and Visualization	Defining Data Sets	other	partial	src/acoustics/FwhSurface.hpp:19
CMP-UG	Chapter 21: Results Evaluation and Visualization	Particle Data Sets	other	partial	src/acoustics/FwhSurface.hpp:19; src/combustion/SootMomMethod.cpp:83
CMP-UG	Chapter 21: Results Evaluation and Visualization	Defining Data Sets	other	partial	src/acoustics/FwhSurface.hpp:19
CMP-UG	Chapter 21: Results Evaluation and Visualization	For 2D models, from the Axis entry method list, select Two points to enter	bc	partial	src/gui/PythonConsolePanel.cpp:74; src/acoustics/FwhSurface.hpp:19
CMP-UG	Chapter 21: Results Evaluation and Visualization	Sector 2D and Sector 3D Data Sets	other	partial	src/acoustics/FwhSurface.hpp:19
CMP-UG	Chapter 21: Results Evaluation and Visualization	Defining Data Sets	other	partial	src/acoustics/FwhSurface.hpp:19
CMP-UG	Chapter 21: Results Evaluation and Visualization	About Plot Groups and Plotting	other	present	src/gui/MainWindow.cpp:267; src/acoustics/FwhSurface.hpp:19; src/gui/DockManager.cpp:84
CMP-UG	Chapter 21: Results Evaluation and Visualization	About Plot Groups And Plotting	other	present	src/gui/MainWindow.cpp:267; src/acoustics/FwhSurface.hpp:19; src/gui/DockManager.cpp:84
CMP-UG	Chapter 21: Results Evaluation and Visualization	Common Plot Settings	other	present	src/gui/MainWindow.cpp:267; src/acoustics/FwhSurface.hpp:19; src/cad/Booleans.cpp:55
CMP-UG	Chapter 21: Results Evaluation and Visualization	Color Coding for Plot Groups and Plot Types	other	present	src/gui/ThemeManager.hpp:11; src/gui/MainWindow.cpp:267; src/acoustics/FwhSurface.hpp:19
CMP-UG	Chapter 21: Results Evaluation and Visualization	Specifying the Window to Plot In	ui	present	src/gui/MainWindow.cpp:267; src/acoustics/FwhSurface.hpp:19; src/gui/MainWindow.hpp:4
CMP-UG	Chapter 21: Results Evaluation and Visualization	GREEK CHARACTERS	other	partial	src/io/VtuReader.cpp:29; src/acoustics/FwhSurface.hpp:19
CMP-UG	Chapter 21: Results Evaluation and Visualization	MATHEMATICAL SYMBOLS	other	present	src/turbulence/KEpsilonRealizable.hpp:6; src/acoustics/FwhSurface.hpp:22; src/acoustics/FwhSurface.hpp:19
CMP-UG	Chapter 21: Results Evaluation and Visualization	Arrow Positioning	other	partial	src/visualization/CameraController.hpp:25; src/acoustics/FwhSurface.hpp:19
CMP-UG	Chapter 21: Results Evaluation and Visualization	Principal Components	other	present	src/cad/Defeaturing.cpp:13; src/acoustics/FwhSurface.hpp:19; src/io/MeshFormats.hpp:115
CMP-UG	Chapter 21: Results Evaluation and Visualization	PO SITION IN G	other	partial	src/acoustics/FwhSurface.hpp:19
CMP-UG	Chapter 21: Results Evaluation and Visualization	COLOR	other	partial	src/acoustics/FwhSurface.hpp:19; src/cad/StepReader.cpp:35
CMP-UG	Chapter 21: Results Evaluation and Visualization	GRID	mesh	partial	src/acoustics/FwhSurface.hpp:19
CMP-UG	Chapter 21: Results Evaluation and Visualization	Line Style	other	partial	src/acoustics/FwhSurface.hpp:19; src/adjoint/DiscreteAdjoint.hpp:19
CMP-UG	Chapter 21: Results Evaluation and Visualization	Plot Along Lines When Animating	other	present	src/gui/MainWindow.cpp:267; src/acoustics/FwhSurface.hpp:19; src/acoustics/FwhSurface.cpp:139
CMP-UG	Chapter 21: Results Evaluation and Visualization	POINT RADIUS	other	partial	src/acoustics/FwhSurface.hpp:19; src/cad/Defeaturing.cpp:11
CMP-UG	Chapter 21: Results Evaluation and Visualization	Radius Scale Factor	other	present	src/acoustics/FwhSurface.hpp:19; src/acoustics/CurleAcoustics.hpp:49; src/cad/Defeaturing.cpp:11
CMP-UG	Chapter 21: Results Evaluation and Visualization	ACCURATE D ERIVATIVE RECOVER Y	other	present	src/solver/DualTimeStepping.hpp:9; src/meshing/BoundaryRecovery.cpp:79; src/acoustics/FwhSurface.hpp:19
CMP-UG	Chapter 21: Results Evaluation and Visualization	EXPRESSION EVALUATED FOR	scripting	present	src/adjoint/DiscreteAdjoint.hpp:50; src/core/Command.hpp:104; src/acoustics/FwhSurface.hpp:19
CMP-UG	Chapter 21: Results Evaluation and Visualization	Common Plot Settings	other	present	src/gui/MainWindow.cpp:267; src/acoustics/FwhSurface.hpp:19; src/cad/Booleans.cpp:55
CMP-UG	Chapter 21: Results Evaluation and Visualization	Peak Value for Total Solution	other	partial	src/meshing/MeshQuality.cpp:170; src/acoustics/FwhSurface.hpp:19
CMP-UG	Chapter 21: Results Evaluation and Visualization	Creating 1D, 2D, 3D, and Polar Plots	other	partial	src/gui/ResidualPlot.hpp:7; src/acoustics/FwhSurface.hpp:19
CMP-UG	Chapter 21: Results Evaluation and Visualization	Interactive	other	partial	src/acoustics/FwhSurface.hpp:19
CMP-UG	Chapter 21: Results Evaluation and Visualization	Polar Plot Groups	other	present	src/gui/MainWindow.cpp:267; src/acoustics/FwhSurface.hpp:19; src/gui/DockManager.cpp:84
CMP-UG	Chapter 21: Results Evaluation and Visualization	C Re A T I N G 1 D, 2 D, 3 D, A N D Po L A R P L O T S	other	partial	src/acoustics/FwhSurface.hpp:19
CMP-UG	Chapter 21: Results Evaluation and Visualization	Add plot window button (	ui	present	src/gui/MainWindow.cpp:267; src/gui/ConsolePanel.hpp:6; src/acoustics/FwhSurface.hpp:19
CMP-UG	Chapter 21: Results Evaluation and Visualization	Common Plot Settings Cross References	other	present	src/gui/MainWindow.cpp:267; src/acoustics/FwhSurface.hpp:19; src/cad/Booleans.cpp:55
CMP-UG	Chapter 21: Results Evaluation and Visualization	COLORING AND STYLE	other	present	src/visualization/IsoSurface.hpp:22; src/acoustics/FwhSurface.hpp:19; src/adjoint/DiscreteAdjoint.hpp:19
CMP-UG	Chapter 21: Results Evaluation and Visualization	C Re A T I N G 1 D, 2 D, 3 D, A N D Po L A R P L O T S	other	partial	src/acoustics/FwhSurface.hpp:19
CMP-UG	Chapter 21: Results Evaluation and Visualization	C Re A T I N G 1 D, 2 D, 3 D, A N D Po L A R P L O T S	other	partial	src/acoustics/FwhSurface.hpp:19
CMP-UG	Chapter 21: Results Evaluation and Visualization	Model	other	n/a	
CMP-UG	Chapter 21: Results Evaluation and Visualization	C Re A T I N G 1 D, 2 D, 3 D, A N D Po L A R P L O T S	other	partial	src/acoustics/FwhSurface.hpp:19
CMP-UG	Chapter 21: Results Evaluation and Visualization	Model	other	n/a	
CMP-UG	Chapter 21: Results Evaluation and Visualization	Right-click a 2D Plot Group (	other	present	src/visualization/OrientationGizmo.cpp:43; src/gui/MainWindow.cpp:267; src/acoustics/FwhSurface.hpp:19
CMP-UG	Chapter 21: Results Evaluation and Visualization	Coloring And Style	other	present	src/visualization/IsoSurface.hpp:22; src/acoustics/FwhSurface.hpp:19; src/adjoint/DiscreteAdjoint.hpp:19
CMP-UG	Chapter 21: Results Evaluation and Visualization	Right-click a 2D Plot Group (	other	present	src/visualization/OrientationGizmo.cpp:43; src/gui/MainWindow.cpp:267; src/acoustics/FwhSurface.hpp:19
CMP-UG	Chapter 21: Results Evaluation and Visualization	Coordinate System	other	partial	src/io/FaceBasedMeshReader.cpp:214; src/acoustics/FwhSurface.hpp:19
CMP-UG	Chapter 21: Results Evaluation and Visualization	EVALUATION	other	partial	src/acoustics/FwhSurface.hpp:19
CMP-UG	Chapter 21: Results Evaluation and Visualization	C Re A T I N G 1 D, 2 D, 3 D, A N D Po L A R P L O T S	other	partial	src/acoustics/FwhSurface.hpp:19
CMP-UG	Chapter 21: Results Evaluation and Visualization	Model	other	n/a	
CMP-UG	Chapter 21: Results Evaluation and Visualization	Evaluation	other	partial	src/acoustics/FwhSurface.hpp:19
CMP-UG	Chapter 21: Results Evaluation and Visualization	Right-click a 3D Plot Group (	other	present	src/visualization/OrientationGizmo.cpp:43; src/gui/MainWindow.cpp:267; src/acoustics/FwhSurface.hpp:19
CMP-UG	Chapter 21: Results Evaluation and Visualization	C Re A T I N G 1 D, 2 D, 3 D, A N D Po L A R P L O T S	other	partial	src/acoustics/FwhSurface.hpp:19
CMP-UG	Chapter 21: Results Evaluation and Visualization	Model	other	n/a	
CMP-UG	Chapter 21: Results Evaluation and Visualization	C Re A T I N G 1 D, 2 D, 3 D, A N D Po L A R P L O T S	other	partial	src/acoustics/FwhSurface.hpp:19
CMP-UG	Chapter 21: Results Evaluation and Visualization	C Re A T I N G 1 D, 2 D, 3 D, A N D Po L A R P L O T S	other	partial	src/acoustics/FwhSurface.hpp:19
CMP-UG	Chapter 21: Results Evaluation and Visualization	Model	other	n/a	
CMP-UG	Chapter 21: Results Evaluation and Visualization	Right-click a 2D Plot Group (	other	present	src/visualization/OrientationGizmo.cpp:43; src/gui/MainWindow.cpp:267; src/acoustics/FwhSurface.hpp:19
CMP-UG	Chapter 21: Results Evaluation and Visualization	Advanced	other	partial	src/combustion/TransportedPdf.hpp:8; src/acoustics/FwhSurface.hpp:19
CMP-UG	Chapter 21: Results Evaluation and Visualization	Links to all the other plots (including the plot attributes) are found in	other	present	src/gui/ResidualPlot.hpp:7; src/core/BoundaryConditionRegistry.hpp:28; src/gui/MainWindow.cpp:267
CMP-UG	Chapter 21: Results Evaluation and Visualization	C Re A T I N G 1 D, 2 D, 3 D, A N D Po L A R P L O T S	other	partial	src/acoustics/FwhSurface.hpp:19
CMP-UG	Chapter 21: Results Evaluation and Visualization	Right-click a 3D Plot Group (	other	present	src/visualization/OrientationGizmo.cpp:43; src/gui/MainWindow.cpp:267; src/acoustics/FwhSurface.hpp:19
CMP-UG	Chapter 21: Results Evaluation and Visualization	Multiplane Data	other	partial	src/acoustics/FwhSurface.hpp:19
CMP-UG	Chapter 21: Results Evaluation and Visualization	C Re A T I N G 1 D, 2 D, 3 D, A N D Po L A R P L O T S	other	partial	src/acoustics/FwhSurface.hpp:19
CMP-UG	Chapter 21: Results Evaluation and Visualization	Pa R T Icl E Po Sition In G	other	partial	src/acoustics/FwhSurface.hpp:19
CMP-UG	Chapter 21: Results Evaluation and Visualization	ADVANCED	other	partial	src/combustion/TransportedPdf.hpp:8; src/acoustics/FwhSurface.hpp:19
CMP-UG	Chapter 21: Results Evaluation and Visualization	C Re A T I N G 1 D, 2 D, 3 D, A N D Po L A R P L O T S	other	partial	src/acoustics/FwhSurface.hpp:19
CMP-UG	Chapter 21: Results Evaluation and Visualization	ODE Solver Settings—Step Size	solver	partial	src/acoustics/FwhSurface.hpp:19
CMP-UG	Chapter 21: Results Evaluation and Visualization	C Re A T I N G 1 D, 2 D, 3 D, A N D Po L A R P L O T S	other	partial	src/acoustics/FwhSurface.hpp:19
CMP-UG	Chapter 21: Results Evaluation and Visualization	Background Information	other	present	src/cad/ObjReader.hpp:7; src/acoustics/FwhSurface.hpp:19; src/amr/RefinementApplier.hpp:6
CMP-UG	Chapter 21: Results Evaluation and Visualization	S E T T I N G S O N T H E Pa R T I C L E Tr A C I N G W I T H M A S S P L O T	other	partial	src/acoustics/FwhSurface.hpp:19
CMP-UG	Chapter 21: Results Evaluation and Visualization	M A S S A N D VE L O C I T Y	other	partial	src/acoustics/FwhSurface.hpp:19
CMP-UG	Chapter 21: Results Evaluation and Visualization	C Re A T I N G 1 D, 2 D, 3 D, A N D Po L A R P L O T S	other	partial	src/acoustics/FwhSurface.hpp:19
CMP-UG	Chapter 21: Results Evaluation and Visualization	Right-click a 2D Plot Group (	other	present	src/visualization/OrientationGizmo.cpp:43; src/gui/MainWindow.cpp:267; src/acoustics/FwhSurface.hpp:19
CMP-UG	Chapter 21: Results Evaluation and Visualization	Model	other	n/a	
CMP-UG	Chapter 21: Results Evaluation and Visualization	C Re A T I N G 1 D, 2 D, 3 D, A N D Po L A R P L O T S	other	partial	src/acoustics/FwhSurface.hpp:19
CMP-UG	Chapter 21: Results Evaluation and Visualization	Poincaré Map Plots	other	partial	src/gui/ResidualPlot.hpp:7; src/acoustics/FwhSurface.hpp:19
CMP-UG	Chapter 21: Results Evaluation and Visualization	C Re A T I N G 1 D, 2 D, 3 D, A N D Po L A R P L O T S	other	partial	src/acoustics/FwhSurface.hpp:19
CMP-UG	Chapter 21: Results Evaluation and Visualization	Model	other	n/a	
CMP-UG	Chapter 21: Results Evaluation and Visualization	C Re A T I N G 1 D, 2 D, 3 D, A N D Po L A R P L O T S	other	partial	src/acoustics/FwhSurface.hpp:19
CMP-UG	Chapter 21: Results Evaluation and Visualization	Model	other	n/a	
CMP-UG	Chapter 21: Results Evaluation and Visualization	Right-click a 2D Plot Group (	other	present	src/visualization/OrientationGizmo.cpp:43; src/gui/MainWindow.cpp:267; src/acoustics/FwhSurface.hpp:19
CMP-UG	Chapter 21: Results Evaluation and Visualization	C Re A T I N G 1 D, 2 D, 3 D, A N D Po L A R P L O T S	other	partial	src/acoustics/FwhSurface.hpp:19
CMP-UG	Chapter 21: Results Evaluation and Visualization	Right-click a 2D Plot Group (	other	present	src/visualization/OrientationGizmo.cpp:43; src/gui/MainWindow.cpp:267; src/acoustics/FwhSurface.hpp:19
CMP-UG	Chapter 21: Results Evaluation and Visualization	Evaluation Points	other	partial	src/acoustics/FwhSurface.hpp:19
CMP-UG	Chapter 21: Results Evaluation and Visualization	C Re A T I N G 1 D, 2 D, 3 D, A N D Po L A R P L O T S	other	partial	src/acoustics/FwhSurface.hpp:19
CMP-UG	Chapter 21: Results Evaluation and Visualization	Model	other	n/a	
CMP-UG	Chapter 21: Results Evaluation and Visualization	C Re A T I N G 1 D, 2 D, 3 D, A N D Po L A R P L O T S	other	partial	src/acoustics/FwhSurface.hpp:19
CMP-UG	Chapter 21: Results Evaluation and Visualization	Model	other	n/a	
CMP-UG	Chapter 21: Results Evaluation and Visualization	Streamline Positioning Section (Continued)	postprocessing	present	src/multiphase/PopulationBalance.cpp:51; src/visualization/LicFilter.hpp:7; src/acoustics/FwhSurface.hpp:19
CMP-UG	Chapter 21: Results Evaluation and Visualization	C Re A T I N G 1 D, 2 D, 3 D, A N D Po L A R P L O T S	other	partial	src/acoustics/FwhSurface.hpp:19
CMP-UG	Chapter 21: Results Evaluation and Visualization	Method 4: Creating Streamlines with Uniform Density	postprocessing	present	src/gui/RibbonContent.cpp:99; src/acoustics/FwhSurface.hpp:19; src/acoustics/FwhSurface.hpp:63
CMP-UG	Chapter 21: Results Evaluation and Visualization	ADVANCED SECTION SETTING EFFECTS	other	present	src/core/Command.hpp:7; src/combustion/TransportedPdf.hpp:8; src/acoustics/FwhSurface.hpp:19
CMP-UG	Chapter 21: Results Evaluation and Visualization	Model	other	n/a	
CMP-UG	Chapter 21: Results Evaluation and Visualization	Links to all the other plots (including the plot attributes) are found in	other	present	src/gui/ResidualPlot.hpp:7; src/core/BoundaryConditionRegistry.hpp:28; src/gui/MainWindow.cpp:267
CMP-UG	Chapter 21: Results Evaluation and Visualization	C Re A T I N G 1 D, 2 D, 3 D, A N D Po L A R P L O T S	other	partial	src/acoustics/FwhSurface.hpp:19
CMP-UG	Chapter 21: Results Evaluation and Visualization	Model	other	n/a	
CMP-UG	Chapter 21: Results Evaluation and Visualization	In the Model Builder, add and define a 2D Plot Group (	other	present	src/gui/MainWindow.cpp:267; src/acoustics/FwhSurface.hpp:19; src/cad/BrepIo.cpp:23
CMP-UG	Chapter 21: Results Evaluation and Visualization	C Re A T I N G 1 D, 2 D, 3 D, A N D Po L A R P L O T S	other	partial	src/acoustics/FwhSurface.hpp:19
CMP-UG	Chapter 21: Results Evaluation and Visualization	Model	other	n/a	
CMP-UG	Chapter 21: Results Evaluation and Visualization	Model	other	n/a	
CMP-UG	Chapter 21: Results Evaluation and Visualization	C Re A T I N G 1 D, 2 D, 3 D, A N D Po L A R P L O T S	other	partial	src/acoustics/FwhSurface.hpp:19
CMP-UG	Chapter 21: Results Evaluation and Visualization	Creating Cross-Section Plots and	other	partial	src/gui/ResidualPlot.hpp:7; src/acoustics/FwhSurface.hpp:19
CMP-UG	Chapter 21: Results Evaluation and Visualization	INTERACTIVE CROSS-SECTION LINE AND SURFACE PLOTS	other	partial	src/gui/ResidualPlot.hpp:7; src/acoustics/FwhSurface.hpp:19
CMP-UG	Chapter 21: Results Evaluation and Visualization	Creating Cross-Section Plots And Combining Plots	other	partial	src/gui/ResidualPlot.hpp:7; src/acoustics/FwhSurface.hpp:19
CMP-UG	Chapter 21: Results Evaluation and Visualization	CREATING INTERACTIVE 3D CROSS-SECTION LINE PLOTS	other	partial	src/gui/ResidualPlot.hpp:7; src/acoustics/FwhSurface.hpp:19
CMP-UG	Chapter 21: Results Evaluation and Visualization	CREATING INTERACTIVE 3D CROSS-SECTION SURFACE PLOTS	other	partial	src/gui/ResidualPlot.hpp:7; src/acoustics/FwhSurface.hpp:19
CMP-UG	Chapter 21: Results Evaluation and Visualization	Defining Derived Values and Tables	other	partial	src/emag/AvFormulation.hpp:18; src/acoustics/FwhSurface.hpp:19
CMP-UG	Chapter 21: Results Evaluation and Visualization	Adding A Derived Value Node	other	partial	src/emag/AvFormulation.hpp:18; src/acoustics/FwhSurface.hpp:19
CMP-UG	Chapter 21: Results Evaluation and Visualization	Derived Values Common Settings	other	present	src/emag/AvFormulation.hpp:18; src/acoustics/FwhSurface.hpp:19; src/cad/Booleans.cpp:55
CMP-UG	Chapter 21: Results Evaluation and Visualization	Selection (Solution Data Sets Only)	other	partial	src/acoustics/FwhSurface.hpp:19
CMP-UG	Chapter 21: Results Evaluation and Visualization	INTEGRATION SETTINGS	other	partial	src/acoustics/FwhSurface.hpp:19; src/acoustics/FwhSurface.hpp:57
CMP-UG	Chapter 21: Results Evaluation and Visualization	D E F I N I N G D E R I V E D V A L U E S A N D Ta B L E S	other	partial	src/acoustics/FwhSurface.hpp:19
CMP-UG	Chapter 21: Results Evaluation and Visualization	Advanced	other	partial	src/combustion/TransportedPdf.hpp:8; src/acoustics/FwhSurface.hpp:19
CMP-UG	Chapter 21: Results Evaluation and Visualization	Global Evaluation Derived Values	other	present	src/emag/AvFormulation.hpp:18; src/acoustics/FwhSurface.hpp:19; src/core/RotatingFileSink.hpp:39
CMP-UG	Chapter 21: Results Evaluation and Visualization	Data Series Operation	other	present	src/acoustics/CurleAcoustics.hpp:21; src/cad/Healing.hpp:12; src/acoustics/FwhSurface.hpp:19
CMP-UG	Chapter 21: Results Evaluation and Visualization	TR A N S F O R M A T I O N	other	partial	src/acoustics/FwhSurface.hpp:19
CMP-UG	Chapter 21: Results Evaluation and Visualization	Use a Particle Evaluation (	other	partial	src/acoustics/FwhSurface.hpp:19; src/combustion/SootMomMethod.cpp:83
CMP-UG	Chapter 21: Results Evaluation and Visualization	Expression	scripting	partial	src/core/Command.hpp:104; src/acoustics/FwhSurface.hpp:19
CMP-UG	Chapter 21: Results Evaluation and Visualization	The Results Table	other	partial	src/acoustics/FwhSurface.hpp:19
CMP-UG	Chapter 21: Results Evaluation and Visualization	Exporting Data and Images	other	partial	src/meshing/HexSweepMesher.hpp:18; src/acoustics/FwhSurface.hpp:19
CMP-UG	Chapter 21: Results Evaluation and Visualization	Exporting Data And Images	other	partial	src/meshing/HexSweepMesher.hpp:18; src/acoustics/FwhSurface.hpp:19
CMP-UG	Chapter 21: Results Evaluation and Visualization	If Stored solutions is selected:	other	present	src/combustion/FgmFlamelet.hpp:6; src/gpu/CudaContext.cpp:45; src/acoustics/FwhSurface.hpp:19
CMP-UG	Chapter 21: Results Evaluation and Visualization	If Dynamic data extension is selected:	other	present	src/gpu/CudaContext.cpp:45; src/acoustics/FwhSurface.hpp:19; src/cad/CadKernel.cpp:9
CMP-UG	Chapter 21: Results Evaluation and Visualization	Exporting Data	other	partial	src/acoustics/FwhSurface.hpp:19
CMP-UG	Chapter 21: Results Evaluation and Visualization	Exporting Data And Images	other	partial	src/meshing/HexSweepMesher.hpp:18; src/acoustics/FwhSurface.hpp:19
CMP-UG	Chapter 21: Results Evaluation and Visualization	Plot 1D, 2D, or 3D Image Export	other	present	src/gui/MainWindow.cpp:267; src/core/PluginLoader.hpp:7; src/acoustics/FwhSurface.hpp:19
CMP-UG	Chapter 21: Results Evaluation and Visualization	Exporting Data And Images	other	partial	src/meshing/HexSweepMesher.hpp:18; src/acoustics/FwhSurface.hpp:19
CMP-UG	Chapter 21: Results Evaluation and Visualization	Exporting Data And Images	other	partial	src/meshing/HexSweepMesher.hpp:18; src/acoustics/FwhSurface.hpp:19
CMP-UG	Chapter 21: Results Evaluation and Visualization	Exporting Data And Images	other	partial	src/meshing/HexSweepMesher.hpp:18; src/acoustics/FwhSurface.hpp:19
CMP-UG	Chapter 21: Results Evaluation and Visualization	If Result parameter is selected:	scripting	partial	src/gpu/CudaContext.cpp:45; src/acoustics/FwhSurface.hpp:19
CMP-UG	Chapter 21: Results Evaluation and Visualization	Creating Reports	other	partial	src/cad/Defeaturing.cpp:11; src/acoustics/FwhSurface.hpp:19
CMP-UG	Chapter 21: Results Evaluation and Visualization	You can use HTML tags to create hyperlinks and format the report output in text	other	present	src/gui/PythonConsolePanel.cpp:126; src/gui/RibbonContent.cpp:44; src/acoustics/FwhSurface.hpp:19
CMP-UG	Chapter 21: Results Evaluation and Visualization	Creating Reports	other	partial	src/cad/Defeaturing.cpp:11; src/acoustics/FwhSurface.hpp:19
CMP-UG	Chapter 21: Results Evaluation and Visualization	Generating a Model Report	other	partial	src/gui/RibbonContent.cpp:44; src/acoustics/FwhSurface.hpp:19
CMP-UG	Chapter 21: Results Evaluation and Visualization	Model Report Components	other	present	src/gui/RibbonContent.cpp:44; src/acoustics/FwhSurface.hpp:19; src/io/MeshFormats.hpp:115
CMP-UG	Chapter 21: Results Evaluation and Visualization	Creating Reports	other	partial	src/cad/Defeaturing.cpp:11; src/acoustics/FwhSurface.hpp:19
CMP-UG	Chapter 22: Running the COMSOL Software	Chapter 22: Running the COMSOL Software	other	partial	src/visualization/SceneGraph.hpp:10; src/acoustics/FwhSurface.hpp:62
CMP-UG	Chapter 22: Running the COMSOL Software	Running COMSOL	other	partial	src/visualization/SceneGraph.hpp:10; src/acoustics/FwhSurface.hpp:62
CMP-UG	Chapter 22: Running the COMSOL Software	Shared Memory Parallel Mode	parallel	present	src/visualization/SceneGraph.hpp:10; src/acoustics/FwhSurface.hpp:62; src/cad/FeatureEdges.hpp:9
CMP-UG	Chapter 22: Running the COMSOL Software	DISTRIBUTED MEMORY PARALLEL MODE	parallel	present	src/visualization/SceneGraph.hpp:10; src/particles/BlobInjector.hpp:16; src/acoustics/FwhSurface.hpp:62
CMP-UG	Chapter 22: Running the COMSOL Software	Basic Cluster Concepts	parallel	present	src/rom/PodDmd.cpp:192; src/visualization/SceneGraph.hpp:10; src/core/BoundaryConditionRegistry.hpp:13
CMP-UG	Chapter 22: Running the COMSOL Software	COMSOL API	other	partial	src/visualization/SceneGraph.hpp:10; src/acoustics/FwhSurface.hpp:62
CMP-UG	Chapter 22: Running the COMSOL Software	COMSOL Client/Server Architecture	other	present	src/visualization/SceneGraph.hpp:10; src/gpu/HostDeviceMirror.hpp:29; src/visualization/CMakeLists.txt:14
CMP-UG	Chapter 22: Running the COMSOL Software	Comsol Client/Server Architecture	other	present	src/visualization/SceneGraph.hpp:10; src/gpu/HostDeviceMirror.hpp:29; src/visualization/CMakeLists.txt:14
CMP-UG	Chapter 22: Running the COMSOL Software	RUNNING COMSOL MULTIPHYSICS CLIENT/SERVER ON THE SAME	other	present	src/visualization/SceneGraph.hpp:10; src/gpu/HostDeviceMirror.hpp:29; src/visualization/CMakeLists.txt:14
CMP-UG	Chapter 22: Running the COMSOL Software	Running COMSOL Client/Server	other	present	src/visualization/SceneGraph.hpp:10; src/visualization/CMakeLists.txt:14; src/gpu/HostDeviceMirror.hpp:29
CMP-UG	Chapter 22: Running the COMSOL Software	Star Ting A Comsol Server	other	present	src/visualization/SceneGraph.hpp:10; src/visualization/CMakeLists.txt:14; src/acoustics/FwhSurface.hpp:62
CMP-UG	Chapter 22: Running the COMSOL Software	C O N N E C T I N G T O A S E R VE R F RO M M AT L A B	other	partial	src/visualization/SceneGraph.hpp:10; src/acoustics/FwhSurface.hpp:62
CMP-UG	Chapter 22: Running the COMSOL Software	Running COMSOL in Parallel	parallel	partial	src/visualization/SceneGraph.hpp:10; src/acoustics/FwhSurface.hpp:62
CMP-UG	Chapter 22: Running the COMSOL Software	You can override the default as explained in the COMSOL Installation and	other	present	src/visualization/SceneGraph.hpp:10; src/core/CrashHandler.hpp:31; src/acoustics/FwhSurface.hpp:62
CMP-UG	Chapter 22: Running the COMSOL Software	Running Comsol In Parallel	parallel	partial	src/visualization/SceneGraph.hpp:10; src/acoustics/FwhSurface.hpp:62
CMP-UG	Chapter 22: Running the COMSOL Software	Running COMSOL in Parallel on Clusters	parallel	present	src/visualization/SceneGraph.hpp:10; src/meshing/PolyhedralAgglomeration.cpp:61; src/acoustics/FwhSurface.hpp:62
CMP-UG	Chapter 22: Running the COMSOL Software	Running Comsol In Parallel	parallel	partial	src/visualization/SceneGraph.hpp:10; src/acoustics/FwhSurface.hpp:62
CMP-UG	Chapter 22: Running the COMSOL Software	RUNNING A CLUSTER JOB ON WINDOWS	parallel	present	src/visualization/SceneGraph.hpp:10; src/acoustics/FwhSurface.hpp:62; src/core/CrashHandler.cpp:17
CMP-UG	Chapter 22: Running the COMSOL Software	Running A Cluster Job On Linux	parallel	present	src/visualization/SceneGraph.hpp:10; src/core/ResourceMonitor.hpp:12; src/acoustics/FwhSurface.hpp:62
CMP-UG	Chapter 22: Running the COMSOL Software	Running Comsol In Parallel	parallel	partial	src/visualization/SceneGraph.hpp:10; src/acoustics/FwhSurface.hpp:62
CMP-UG	Chapter 23: Glossary	Chapter 23: Glossary	other	n/a	
CMP-UG	Chapter 23: Glossary	Glossary of Terms	other	partial	src/combustion/CanteraParser.cpp:99
CMP-UG	Chapter 23: Glossary	COMSOL Multiphysics text file A text data file with the extension .mphtxt that	other	partial	src/cad/CadKernel.cpp:9
CMP-UG	Chapter 23: Glossary	Reynolds particle number 686	other	partial	src/combustion/TfcModel.hpp:24; src/combustion/SootMomMethod.cpp:83
CMP-UG	Chapter 23: Glossary	Z	other	n/a	
CFD-UG	CFD Module User's Guide	CFD Module User's Guide	other	partial	src/acoustics/CurleAcoustics.hpp:19
CFD-UG	Contents	Contents	other	n/a	
CFD-UG	Chapter 1: Introduction	Chapter 1: Introduction	other	n/a	
CFD-UG	Chapter 1: Introduction	About the CFD Module	other	partial	src/acoustics/CurleAcoustics.hpp:19
CFD-UG	Chapter 1: Introduction	Why CFD Is Important for Modeling	other	absent	
CFD-UG	Chapter 1: Introduction	How the CFD Module Helps Improve Your Modeling	other	partial	src/core/TaskGraph.hpp:12; src/acoustics/CurleAcoustics.hpp:19
CFD-UG	Chapter 1: Introduction	Where Do I Access the Documentation and Application Libraries?	other	partial	src/core/PluginLoader.hpp:6; src/gpu/HostDeviceMirror.hpp:33
CFD-UG	Chapter 1: Introduction	The Documentation And Online Help	other	absent	
CFD-UG	Chapter 1: Introduction	The COMSOL Multiphysics Reference Manual describes the core physics interfaces	ui	present	src/io/UnvReader.hpp:37; src/gui/Dialogs.cpp:232; src/combustion/LaminarFiniteRate.cpp:110
CFD-UG	Chapter 1: Introduction	Opening Topic-Based Help	other	partial	src/io/FaceBasedMeshReader.cpp:171
CFD-UG	Chapter 1: Introduction	To open the Help window:	ui	partial	src/gui/MainWindow.hpp:4
CFD-UG	Chapter 1: Introduction	The Application Libraries Window	ui	partial	src/core/PluginLoader.hpp:6; src/gui/MainWindow.hpp:4
CFD-UG	Chapter 1: Introduction	Once the Application Libraries window is opened, you can search by name or browse	ui	present	src/core/PluginLoader.hpp:6; src/gpu/GpuKernels.cpp:311; src/gui/MainWindow.hpp:4
CFD-UG	Chapter 1: Introduction	Contacting Comsol By Email	other	absent	
CFD-UG	Chapter 1: Introduction	Comsol Access And Technical Support	other	partial	src/core/Command.hpp:9; src/gpu/HostDeviceMirror.hpp:33
CFD-UG	Chapter 1: Introduction	To receive technical support from COMSOL for the COMSOL products, please	other	present	src/combustion/CanteraParser.cpp:133; src/core/Command.hpp:9; src/parallel/GhostExchange.hpp:13
CFD-UG	Chapter 1: Introduction	COMSOL website	other	absent	
CFD-UG	Chapter 1: Introduction	Contact COMSOL	other	partial	src/multiphase/SurfaceTensionCsf.cpp:54
CFD-UG	Chapter 1: Introduction	COMSOL Access	other	partial	src/gpu/HostDeviceMirror.hpp:33
CFD-UG	Chapter 1: Introduction	Support Center	other	partial	src/core/Command.hpp:9; src/cad/PersistentIdManager.cpp:91
CFD-UG	Chapter 1: Introduction	Product Download	other	partial	src/adjoint/DiscreteAdjoint.hpp:45
CFD-UG	Chapter 1: Introduction	Product Updates	other	partial	src/adjoint/DiscreteAdjoint.hpp:45; src/dynamics/SixDof.hpp:7
CFD-UG	Chapter 1: Introduction	COMSOL Blog	other	absent	
CFD-UG	Chapter 1: Introduction	Discussion Forum	other	absent	
CFD-UG	Chapter 1: Introduction	Events	other	partial	src/core/Application.cpp:41
CFD-UG	Chapter 1: Introduction	COMSOL Application Gallery	other	absent	
CFD-UG	Chapter 1: Introduction	COMSOL Video Gallery	other	absent	
CFD-UG	Chapter 1: Introduction	Learning Center	other	partial	src/cad/PersistentIdManager.cpp:91
CFD-UG	Chapter 1: Introduction	Support Knowledge Base	other	partial	src/core/Command.hpp:9
CFD-UG	Chapter 1: Introduction	Overview of the User’s Guide	other	n/a	
CFD-UG	Chapter 1: Introduction	Table Of Contents, Glossary, And Index	other	n/a	
CFD-UG	Chapter 1: Introduction	Quick Start Guide	other	partial	src/emag/AvFormulation.hpp:50
CFD-UG	Chapter 1: Introduction	The Physics Interfaces	ui	partial	src/gui/Dialogs.cpp:232; src/combustion/LaminarFiniteRate.cpp:110
CFD-UG	Chapter 1: Introduction	The CFD Module both extends physics interfaces available with COMSOL	ui	present	src/io/ProjectGraph.hpp:6; src/gui/Dialogs.cpp:232; src/amr/AdaptiveRefinement.hpp:11
CFD-UG	Chapter 1: Introduction	Overview Of The User’S Guide	other	n/a	
CFD-UG	Chapter 1: Introduction	Single-Phase Flow	other	absent	
CFD-UG	Chapter 1: Introduction	Multiphase Flow	multiphase	absent	
CFD-UG	Chapter 1: Introduction	Porous Media and Subsurface Flow	other	partial	src/emag/AvFormulation.hpp:7; src/gui/Dialogs.cpp:368
CFD-UG	Chapter 1: Introduction	Heat Transfer and Nonisothermal Flow	turbulence	partial	src/cad/IgesReader.cpp:45
CFD-UG	Chapter 1: Introduction	High Mach Number Flow	other	partial	src/acoustics/CurleAcoustics.hpp:7; src/combustion/TfcModel.hpp:24
CFD-UG	Chapter 1: Introduction	Thin-Film Flow	other	partial	src/particles/ParticleEvaporation.hpp:14; src/cad/CadKernel.cpp:6
CFD-UG	Chapter 1: Introduction	Shallow Water Equations	other	partial	src/materials/FluidsCatalog.cpp:40; src/adjoint/ContinuousAdjoint.hpp:11
CFD-UG	Chapter 1: Introduction	Chemical Species Transport	turbulence	partial	src/combustion/CanteraParser.hpp:10
CFD-UG	Chapter 1: Introduction	The Mathematics Interfaces	ui	partial	src/morphing/FfdBox.hpp:13; src/gui/Dialogs.cpp:232
CFD-UG	Chapter 1: Introduction	Overview Of The User’S Guide	other	n/a	
CFD-UG	Chapter 2: Quick Start Guide	Chapter 2: Quick Start Guide	other	partial	src/emag/AvFormulation.hpp:50
CFD-UG	Chapter 2: Quick Start Guide	Modeling and Simulations of Fluid	other	partial	src/emag/AvFormulation.hpp:50
CFD-UG	Chapter 2: Quick Start Guide	The Physics Interfaces and Building a COMSOL Multiphysics Model in	ui	present	src/meshing/SnappyHexMesher.hpp:7; src/gui/Dialogs.cpp:232; src/emag/AvFormulation.hpp:50
CFD-UG	Chapter 2: Quick Start Guide	Modeling Strategy	other	partial	src/emag/AvFormulation.hpp:50; src/amr/AdaptiveRefinement.hpp:7
CFD-UG	Chapter 2: Quick Start Guide	Geometric Complexities	other	partial	src/emag/AvFormulation.hpp:50; src/meshing/BlockMeshDict.hpp:45
CFD-UG	Chapter 2: Quick Start Guide	Material Properties	materials	present	src/emag/AvFormulation.hpp:50; src/cad/CMakeLists.txt:42; src/cad/FeatureEdges.hpp:9
CFD-UG	Chapter 2: Quick Start Guide	Once the model works with constant properties it can be extended by adding the	other	present	src/combustion/NoxThermalPromptFuel.cpp:60; src/ibm/DirectForcingIbm.hpp:15; src/emag/AvFormulation.hpp:50
CFD-UG	Chapter 2: Quick Start Guide	Defining the Physics Interfaces and Features	ui	present	src/cad/Defeaturing.hpp:6; src/gui/Dialogs.cpp:232; src/emag/AvFormulation.hpp:50
CFD-UG	Chapter 2: Quick Start Guide	Meshing	mesh	partial	src/emag/AvFormulation.hpp:50
CFD-UG	Chapter 2: Quick Start Guide	Unstructured Meshes	mesh	present	src/emag/AvFormulation.hpp:50; src/amr/RefinementApplier.hpp:15; src/core/IWallDistanceService.hpp:31
CFD-UG	Chapter 2: Quick Start Guide	Structured Meshes	mesh	present	src/emag/AvFormulation.hpp:50; src/core/Logger.hpp:7; src/core/IWallDistanceService.hpp:31
CFD-UG	Chapter 2: Quick Start Guide	In many ways, the properties of structured meshes complement those of the	mesh	present	src/emag/AvFormulation.hpp:50; src/core/Logger.hpp:7; src/cad/CMakeLists.txt:42
CFD-UG	Chapter 2: Quick Start Guide	Swept Meshes	mesh	present	src/meshing/MedialAxisDecomposition.hpp:14; src/emag/AvFormulation.hpp:50; src/core/IWallDistanceService.hpp:31
CFD-UG	Chapter 2: Quick Start Guide	Swept meshes are a particular form of structured meshes, sometimes denoted	mesh	present	src/meshing/MeshOps.hpp:202; src/materials/Janaf.cpp:32; src/emag/AvFormulation.hpp:50
CFD-UG	Chapter 2: Quick Start Guide	Boundary Layer Meshes	mesh	partial	src/emag/AvFormulation.hpp:50; src/core/IWallDistanceService.hpp:31
CFD-UG	Chapter 2: Quick Start Guide	Mesh Convergence	mesh	partial	src/emag/AvFormulation.hpp:50; src/gui/Dialogs.cpp:268
CFD-UG	Chapter 2: Quick Start Guide	The Choice of Solver and Solver Settings	solver	partial	src/meshing/MeshOps.cpp:529; src/emag/AvFormulation.hpp:50
CFD-UG	Chapter 2: Quick Start Guide	The CFD Module Physics Interface Guide	ui	present	src/emag/AvFormulation.hpp:50; src/combustion/LaminarFiniteRate.cpp:110; src/acoustics/CurleAcoustics.hpp:19
CFD-UG	Chapter 2: Quick Start Guide	Physics Interface	ui	partial	src/emag/AvFormulation.hpp:50; src/combustion/LaminarFiniteRate.cpp:110
CFD-UG	Chapter 2: Quick Start Guide	Space	other	partial	src/emag/AvFormulation.hpp:50; src/combustion/SlfmFlamelet.hpp:6
CFD-UG	Chapter 2: Quick Start Guide	Dimension	other	partial	src/emag/AvFormulation.hpp:50; src/adjoint/DiscreteAdjoint.hpp:37
CFD-UG	Chapter 2: Quick Start Guide	Available Study Type	other	partial	src/emag/AvFormulation.hpp:50; src/amr/AdaptiveRefinement.hpp:11
CFD-UG	Chapter 2: Quick Start Guide	PHYSICS INTERFACE	ui	partial	src/emag/AvFormulation.hpp:50; src/combustion/LaminarFiniteRate.cpp:110
CFD-UG	Chapter 2: Quick Start Guide	Space	other	partial	src/emag/AvFormulation.hpp:50; src/combustion/SlfmFlamelet.hpp:6
CFD-UG	Chapter 2: Quick Start Guide	Dimension	other	partial	src/emag/AvFormulation.hpp:50; src/adjoint/DiscreteAdjoint.hpp:37
CFD-UG	Chapter 2: Quick Start Guide	Available Study Type	other	partial	src/emag/AvFormulation.hpp:50; src/amr/AdaptiveRefinement.hpp:11
CFD-UG	Chapter 2: Quick Start Guide	Physics Interface	ui	partial	src/emag/AvFormulation.hpp:50; src/combustion/LaminarFiniteRate.cpp:110
CFD-UG	Chapter 2: Quick Start Guide	Space	other	partial	src/emag/AvFormulation.hpp:50; src/combustion/SlfmFlamelet.hpp:6
CFD-UG	Chapter 2: Quick Start Guide	Dimension	other	partial	src/emag/AvFormulation.hpp:50; src/adjoint/DiscreteAdjoint.hpp:37
CFD-UG	Chapter 2: Quick Start Guide	Available Study Type	other	partial	src/emag/AvFormulation.hpp:50; src/amr/AdaptiveRefinement.hpp:11
CFD-UG	Chapter 2: Quick Start Guide	PHYSICS INTERFACE	ui	partial	src/emag/AvFormulation.hpp:50; src/combustion/LaminarFiniteRate.cpp:110
CFD-UG	Chapter 2: Quick Start Guide	Space	other	partial	src/emag/AvFormulation.hpp:50; src/combustion/SlfmFlamelet.hpp:6
CFD-UG	Chapter 2: Quick Start Guide	Dimension	other	partial	src/emag/AvFormulation.hpp:50; src/adjoint/DiscreteAdjoint.hpp:37
CFD-UG	Chapter 2: Quick Start Guide	Available Study Type	other	partial	src/emag/AvFormulation.hpp:50; src/amr/AdaptiveRefinement.hpp:11
CFD-UG	Chapter 2: Quick Start Guide	Les Rbvm(4)	turbulence	partial	src/emag/AvFormulation.hpp:50
CFD-UG	Chapter 2: Quick Start Guide	Les Rbvmwv(4)	turbulence	partial	src/emag/AvFormulation.hpp:50
CFD-UG	Chapter 2: Quick Start Guide	Physics Interface	ui	partial	src/emag/AvFormulation.hpp:50; src/combustion/LaminarFiniteRate.cpp:110
CFD-UG	Chapter 2: Quick Start Guide	Space	other	partial	src/emag/AvFormulation.hpp:50; src/combustion/SlfmFlamelet.hpp:6
CFD-UG	Chapter 2: Quick Start Guide	Dimension	other	partial	src/emag/AvFormulation.hpp:50; src/adjoint/DiscreteAdjoint.hpp:37
CFD-UG	Chapter 2: Quick Start Guide	Available Study Type	other	partial	src/emag/AvFormulation.hpp:50; src/amr/AdaptiveRefinement.hpp:11
CFD-UG	Chapter 2: Quick Start Guide	PHYSICS INTERFACE	ui	partial	src/emag/AvFormulation.hpp:50; src/combustion/LaminarFiniteRate.cpp:110
CFD-UG	Chapter 2: Quick Start Guide	Space	other	partial	src/emag/AvFormulation.hpp:50; src/combustion/SlfmFlamelet.hpp:6
CFD-UG	Chapter 2: Quick Start Guide	Dimension	other	partial	src/emag/AvFormulation.hpp:50; src/adjoint/DiscreteAdjoint.hpp:37
CFD-UG	Chapter 2: Quick Start Guide	Available Study Type	other	partial	src/emag/AvFormulation.hpp:50; src/amr/AdaptiveRefinement.hpp:11
CFD-UG	Chapter 2: Quick Start Guide	Creeping Flow	other	partial	src/emag/AvFormulation.hpp:50
CFD-UG	Chapter 2: Quick Start Guide	Laminar Flow1	other	partial	src/emag/AvFormulation.hpp:50; src/combustion/EddyDissipationConcept.hpp:15
CFD-UG	Chapter 2: Quick Start Guide	Viscoelastic Flow	other	partial	src/emag/AvFormulation.hpp:50
CFD-UG	Chapter 2: Quick Start Guide	Turbulent Flow, L-VEL	turbulence	partial	src/emag/AvFormulation.hpp:50; src/combustion/GEquation.cpp:51
CFD-UG	Chapter 2: Quick Start Guide	Turbulent Flow, k-ε	turbulence	partial	src/emag/AvFormulation.hpp:50; src/combustion/GEquation.cpp:51
CFD-UG	Chapter 2: Quick Start Guide	Turbulent Flow, k-ω	turbulence	partial	src/emag/AvFormulation.hpp:50; src/combustion/GEquation.cpp:51
CFD-UG	Chapter 2: Quick Start Guide	Turbulent Flow, SST	turbulence	partial	src/emag/AvFormulation.hpp:50; src/combustion/GEquation.cpp:51
CFD-UG	Chapter 2: Quick Start Guide	Physics Interface	ui	partial	src/emag/AvFormulation.hpp:50; src/combustion/LaminarFiniteRate.cpp:110
CFD-UG	Chapter 2: Quick Start Guide	Space	other	partial	src/emag/AvFormulation.hpp:50; src/combustion/SlfmFlamelet.hpp:6
CFD-UG	Chapter 2: Quick Start Guide	Dimension	other	partial	src/emag/AvFormulation.hpp:50; src/adjoint/DiscreteAdjoint.hpp:37
CFD-UG	Chapter 2: Quick Start Guide	Available Study Type	other	partial	src/emag/AvFormulation.hpp:50; src/amr/AdaptiveRefinement.hpp:11
CFD-UG	Chapter 2: Quick Start Guide	Turbulent Flow, v2-f	turbulence	partial	src/emag/AvFormulation.hpp:50; src/combustion/GEquation.cpp:51
CFD-UG	Chapter 2: Quick Start Guide	Ssg-Lrr	other	partial	src/emag/AvFormulation.hpp:50
CFD-UG	Chapter 2: Quick Start Guide	Les Rbvm	turbulence	partial	src/emag/AvFormulation.hpp:50
CFD-UG	Chapter 2: Quick Start Guide	Les Rbvmwv	turbulence	partial	src/emag/AvFormulation.hpp:50
CFD-UG	Chapter 2: Quick Start Guide	LES Smagorinsky	turbulence	partial	src/emag/AvFormulation.hpp:50; src/turbulence/CMakeLists.txt:2
CFD-UG	Chapter 2: Quick Start Guide	Des Rbvmwv,	turbulence	partial	src/emag/AvFormulation.hpp:50
CFD-UG	Chapter 2: Quick Start Guide	PHYSICS INTERFACE	ui	partial	src/emag/AvFormulation.hpp:50; src/combustion/LaminarFiniteRate.cpp:110
CFD-UG	Chapter 2: Quick Start Guide	Space	other	partial	src/emag/AvFormulation.hpp:50; src/combustion/SlfmFlamelet.hpp:6
CFD-UG	Chapter 2: Quick Start Guide	Dimension	other	partial	src/emag/AvFormulation.hpp:50; src/adjoint/DiscreteAdjoint.hpp:37
CFD-UG	Chapter 2: Quick Start Guide	Available Study Type	other	partial	src/emag/AvFormulation.hpp:50; src/amr/AdaptiveRefinement.hpp:11
CFD-UG	Chapter 2: Quick Start Guide	Bubbly Flow, Algebraic	other	present	src/multiphase/DriftFlux.hpp:12; src/emag/AvFormulation.hpp:50; src/combustion/NoxThermalPromptFuel.hpp:12
CFD-UG	Chapter 2: Quick Start Guide	Bubbly Flow, L-VEL	other	partial	src/multiphase/DriftFlux.hpp:12; src/emag/AvFormulation.hpp:50
CFD-UG	Chapter 2: Quick Start Guide	Physics Interface	ui	partial	src/emag/AvFormulation.hpp:50; src/combustion/LaminarFiniteRate.cpp:110
CFD-UG	Chapter 2: Quick Start Guide	Space	other	partial	src/emag/AvFormulation.hpp:50; src/combustion/SlfmFlamelet.hpp:6
CFD-UG	Chapter 2: Quick Start Guide	Dimension	other	partial	src/emag/AvFormulation.hpp:50; src/adjoint/DiscreteAdjoint.hpp:37
CFD-UG	Chapter 2: Quick Start Guide	Available Study Type	other	partial	src/emag/AvFormulation.hpp:50; src/amr/AdaptiveRefinement.hpp:11
CFD-UG	Chapter 2: Quick Start Guide	Bubbly Flow, k-ε	other	partial	src/multiphase/DriftFlux.hpp:12; src/emag/AvFormulation.hpp:50
CFD-UG	Chapter 2: Quick Start Guide	Bubbly Flow, Realizable	other	present	src/multiphase/DriftFlux.hpp:12; src/turbulence/KEpsilonRealizable.hpp:4; src/emag/AvFormulation.hpp:50
CFD-UG	Chapter 2: Quick Start Guide	Bubbly Flow, k-ω	other	partial	src/multiphase/DriftFlux.hpp:12; src/emag/AvFormulation.hpp:50
CFD-UG	Chapter 2: Quick Start Guide	Bubbly Flow, SST	turbulence	partial	src/multiphase/DriftFlux.hpp:12; src/emag/AvFormulation.hpp:50
CFD-UG	Chapter 2: Quick Start Guide	Bubbly Flow, Low Re	other	partial	src/multiphase/DriftFlux.hpp:12; src/emag/AvFormulation.hpp:50
CFD-UG	Chapter 2: Quick Start Guide	Bubbly Flow, v2-f	other	partial	src/multiphase/DriftFlux.hpp:12; src/emag/AvFormulation.hpp:50
CFD-UG	Chapter 2: Quick Start Guide	Mixture Model, L-VEL	multiphase	partial	src/emag/AvFormulation.hpp:50; src/combustion/FgmFlamelet.hpp:7
CFD-UG	Chapter 2: Quick Start Guide	PHYSICS INTERFACE	ui	partial	src/emag/AvFormulation.hpp:50; src/combustion/LaminarFiniteRate.cpp:110
CFD-UG	Chapter 2: Quick Start Guide	Space	other	partial	src/emag/AvFormulation.hpp:50; src/combustion/SlfmFlamelet.hpp:6
CFD-UG	Chapter 2: Quick Start Guide	Dimension	other	partial	src/emag/AvFormulation.hpp:50; src/adjoint/DiscreteAdjoint.hpp:37
CFD-UG	Chapter 2: Quick Start Guide	Available Study Type	other	partial	src/emag/AvFormulation.hpp:50; src/amr/AdaptiveRefinement.hpp:11
CFD-UG	Chapter 2: Quick Start Guide	Mixture Model, k-ε	multiphase	partial	src/emag/AvFormulation.hpp:50; src/combustion/FgmFlamelet.hpp:7
CFD-UG	Chapter 2: Quick Start Guide	Mixture Model, k-ω	multiphase	partial	src/emag/AvFormulation.hpp:50; src/combustion/FgmFlamelet.hpp:7
CFD-UG	Chapter 2: Quick Start Guide	Mixture Model, SST	turbulence	partial	src/emag/AvFormulation.hpp:50; src/combustion/FgmFlamelet.hpp:7
CFD-UG	Chapter 2: Quick Start Guide	Mixture Model, v2-f	multiphase	partial	src/emag/AvFormulation.hpp:50; src/combustion/FgmFlamelet.hpp:7
CFD-UG	Chapter 2: Quick Start Guide	Physics Interface	ui	partial	src/emag/AvFormulation.hpp:50; src/combustion/LaminarFiniteRate.cpp:110
CFD-UG	Chapter 2: Quick Start Guide	Space	other	partial	src/emag/AvFormulation.hpp:50; src/combustion/SlfmFlamelet.hpp:6
CFD-UG	Chapter 2: Quick Start Guide	Dimension	other	partial	src/emag/AvFormulation.hpp:50; src/adjoint/DiscreteAdjoint.hpp:37
CFD-UG	Chapter 2: Quick Start Guide	Available Study Type	other	partial	src/emag/AvFormulation.hpp:50; src/amr/AdaptiveRefinement.hpp:11
CFD-UG	Chapter 2: Quick Start Guide	PHYSICS INTERFACE	ui	partial	src/emag/AvFormulation.hpp:50; src/combustion/LaminarFiniteRate.cpp:110
CFD-UG	Chapter 2: Quick Start Guide	Space	other	partial	src/emag/AvFormulation.hpp:50; src/combustion/SlfmFlamelet.hpp:6
CFD-UG	Chapter 2: Quick Start Guide	Dimension	other	partial	src/emag/AvFormulation.hpp:50; src/adjoint/DiscreteAdjoint.hpp:37
CFD-UG	Chapter 2: Quick Start Guide	Available Study Type	other	partial	src/emag/AvFormulation.hpp:50; src/amr/AdaptiveRefinement.hpp:11
CFD-UG	Chapter 2: Quick Start Guide	Physics Interface	ui	partial	src/emag/AvFormulation.hpp:50; src/combustion/LaminarFiniteRate.cpp:110
CFD-UG	Chapter 2: Quick Start Guide	Space	other	partial	src/emag/AvFormulation.hpp:50; src/combustion/SlfmFlamelet.hpp:6
CFD-UG	Chapter 2: Quick Start Guide	Dimension	other	partial	src/emag/AvFormulation.hpp:50; src/adjoint/DiscreteAdjoint.hpp:37
CFD-UG	Chapter 2: Quick Start Guide	Available Study Type	other	partial	src/emag/AvFormulation.hpp:50; src/amr/AdaptiveRefinement.hpp:11
CFD-UG	Chapter 2: Quick Start Guide	PHYSICS INTERFACE	ui	partial	src/emag/AvFormulation.hpp:50; src/combustion/LaminarFiniteRate.cpp:110
CFD-UG	Chapter 2: Quick Start Guide	Space	other	partial	src/emag/AvFormulation.hpp:50; src/combustion/SlfmFlamelet.hpp:6
CFD-UG	Chapter 2: Quick Start Guide	Dimension	other	partial	src/emag/AvFormulation.hpp:50; src/adjoint/DiscreteAdjoint.hpp:37
CFD-UG	Chapter 2: Quick Start Guide	Available Study Type	other	partial	src/emag/AvFormulation.hpp:50; src/amr/AdaptiveRefinement.hpp:11
CFD-UG	Chapter 2: Quick Start Guide	Phase Transport	turbulence	partial	src/emag/AvFormulation.hpp:50; src/combustion/CanteraParser.hpp:10
CFD-UG	Chapter 2: Quick Start Guide	Brinkman Equations	other	partial	src/emag/AvFormulation.hpp:50; src/adjoint/ContinuousAdjoint.hpp:11
CFD-UG	Chapter 2: Quick Start Guide	Darcy’s Law	other	partial	src/emag/AvFormulation.hpp:50; src/heat_transfer/Solidification.cpp:52
CFD-UG	Chapter 2: Quick Start Guide	Physics Interface	ui	partial	src/emag/AvFormulation.hpp:50; src/combustion/LaminarFiniteRate.cpp:110
CFD-UG	Chapter 2: Quick Start Guide	Space	other	partial	src/emag/AvFormulation.hpp:50; src/combustion/SlfmFlamelet.hpp:6
CFD-UG	Chapter 2: Quick Start Guide	Dimension	other	partial	src/emag/AvFormulation.hpp:50; src/adjoint/DiscreteAdjoint.hpp:37
CFD-UG	Chapter 2: Quick Start Guide	Available Study Type	other	partial	src/emag/AvFormulation.hpp:50; src/amr/AdaptiveRefinement.hpp:11
CFD-UG	Chapter 2: Quick Start Guide	Two-Phase Darcy’s Law	other	partial	src/emag/AvFormulation.hpp:50; src/heat_transfer/Solidification.cpp:52
CFD-UG	Chapter 2: Quick Start Guide	L-Vel(2)	other	partial	src/emag/AvFormulation.hpp:50
CFD-UG	Chapter 2: Quick Start Guide	PHYSICS INTERFACE	ui	partial	src/emag/AvFormulation.hpp:50; src/combustion/LaminarFiniteRate.cpp:110
CFD-UG	Chapter 2: Quick Start Guide	Space	other	partial	src/emag/AvFormulation.hpp:50; src/combustion/SlfmFlamelet.hpp:6
CFD-UG	Chapter 2: Quick Start Guide	Dimension	other	partial	src/emag/AvFormulation.hpp:50; src/adjoint/DiscreteAdjoint.hpp:37
CFD-UG	Chapter 2: Quick Start Guide	Available Study Type	other	partial	src/emag/AvFormulation.hpp:50; src/amr/AdaptiveRefinement.hpp:11
CFD-UG	Chapter 2: Quick Start Guide	Physics Interface	ui	partial	src/emag/AvFormulation.hpp:50; src/combustion/LaminarFiniteRate.cpp:110
CFD-UG	Chapter 2: Quick Start Guide	Space	other	partial	src/emag/AvFormulation.hpp:50; src/combustion/SlfmFlamelet.hpp:6
CFD-UG	Chapter 2: Quick Start Guide	Dimension	other	partial	src/emag/AvFormulation.hpp:50; src/adjoint/DiscreteAdjoint.hpp:37
CFD-UG	Chapter 2: Quick Start Guide	Available Study Type	other	partial	src/emag/AvFormulation.hpp:50; src/amr/AdaptiveRefinement.hpp:11
CFD-UG	Chapter 2: Quick Start Guide	Ssg-Lrr (2)	other	partial	src/emag/AvFormulation.hpp:50
CFD-UG	Chapter 2: Quick Start Guide	Les Rbvm	turbulence	partial	src/emag/AvFormulation.hpp:50
CFD-UG	Chapter 2: Quick Start Guide	Les Rbvmwv	turbulence	partial	src/emag/AvFormulation.hpp:50
CFD-UG	Chapter 2: Quick Start Guide	PHYSICS INTERFACE	ui	partial	src/emag/AvFormulation.hpp:50; src/combustion/LaminarFiniteRate.cpp:110
CFD-UG	Chapter 2: Quick Start Guide	Space	other	partial	src/emag/AvFormulation.hpp:50; src/combustion/SlfmFlamelet.hpp:6
CFD-UG	Chapter 2: Quick Start Guide	Dimension	other	partial	src/emag/AvFormulation.hpp:50; src/adjoint/DiscreteAdjoint.hpp:37
CFD-UG	Chapter 2: Quick Start Guide	Available Study Type	other	partial	src/emag/AvFormulation.hpp:50; src/amr/AdaptiveRefinement.hpp:11
CFD-UG	Chapter 2: Quick Start Guide	Physics Interface	ui	partial	src/emag/AvFormulation.hpp:50; src/combustion/LaminarFiniteRate.cpp:110
CFD-UG	Chapter 2: Quick Start Guide	Space	other	partial	src/emag/AvFormulation.hpp:50; src/combustion/SlfmFlamelet.hpp:6
CFD-UG	Chapter 2: Quick Start Guide	Dimension	other	partial	src/emag/AvFormulation.hpp:50; src/adjoint/DiscreteAdjoint.hpp:37
CFD-UG	Chapter 2: Quick Start Guide	Available Study Type	other	partial	src/emag/AvFormulation.hpp:50; src/amr/AdaptiveRefinement.hpp:11
CFD-UG	Chapter 2: Quick Start Guide	Thin–Film Flow	other	present	src/emag/AvFormulation.hpp:50; src/particles/ParticleEvaporation.hpp:14; src/cad/CadKernel.cpp:6
CFD-UG	Chapter 2: Quick Start Guide	PHYSICS INTERFACE	ui	partial	src/emag/AvFormulation.hpp:50; src/combustion/LaminarFiniteRate.cpp:110
CFD-UG	Chapter 2: Quick Start Guide	Space	other	partial	src/emag/AvFormulation.hpp:50; src/combustion/SlfmFlamelet.hpp:6
CFD-UG	Chapter 2: Quick Start Guide	Dimension	other	partial	src/emag/AvFormulation.hpp:50; src/adjoint/DiscreteAdjoint.hpp:37
CFD-UG	Chapter 2: Quick Start Guide	Available Study Type	other	partial	src/emag/AvFormulation.hpp:50; src/amr/AdaptiveRefinement.hpp:11
CFD-UG	Chapter 2: Quick Start Guide	Heat Transfer in Fluids1	turbulence	partial	src/emag/AvFormulation.hpp:50; src/cad/IgesReader.cpp:45
CFD-UG	Chapter 2: Quick Start Guide	L-Vel(2)	other	partial	src/emag/AvFormulation.hpp:50
CFD-UG	Chapter 2: Quick Start Guide	Physics Interface	ui	partial	src/emag/AvFormulation.hpp:50; src/combustion/LaminarFiniteRate.cpp:110
CFD-UG	Chapter 2: Quick Start Guide	Space	other	partial	src/emag/AvFormulation.hpp:50; src/combustion/SlfmFlamelet.hpp:6
CFD-UG	Chapter 2: Quick Start Guide	Dimension	other	partial	src/emag/AvFormulation.hpp:50; src/adjoint/DiscreteAdjoint.hpp:37
CFD-UG	Chapter 2: Quick Start Guide	Available Study Type	other	partial	src/emag/AvFormulation.hpp:50; src/amr/AdaptiveRefinement.hpp:11
CFD-UG	Chapter 2: Quick Start Guide	Level Set	other	partial	src/emag/AvFormulation.hpp:50
CFD-UG	Chapter 2: Quick Start Guide	PHYSICS INTERFACE	ui	partial	src/emag/AvFormulation.hpp:50; src/combustion/LaminarFiniteRate.cpp:110
CFD-UG	Chapter 2: Quick Start Guide	Space	other	partial	src/emag/AvFormulation.hpp:50; src/combustion/SlfmFlamelet.hpp:6
CFD-UG	Chapter 2: Quick Start Guide	Dimension	other	partial	src/emag/AvFormulation.hpp:50; src/adjoint/DiscreteAdjoint.hpp:37
CFD-UG	Chapter 2: Quick Start Guide	Available Study Type	other	partial	src/emag/AvFormulation.hpp:50; src/amr/AdaptiveRefinement.hpp:11
CFD-UG	Chapter 2: Quick Start Guide	Phase Field in Fluids	other	partial	src/multiphase/VolumeOfFluid.hpp:4; src/emag/AvFormulation.hpp:50
CFD-UG	Chapter 2: Quick Start Guide	Ternary Phase Field	other	partial	src/emag/AvFormulation.hpp:50
CFD-UG	Chapter 2: Quick Start Guide	Common Physics Interface and Feature Settings and Nodes	ui	present	src/cad/FeatureEdges.cpp:148; src/emag/AvFormulation.hpp:50; src/cad/Booleans.cpp:55
CFD-UG	Chapter 2: Quick Start Guide	The Liquids and Gases Materials Database	materials	present	src/materials/FluidsCatalog.cpp:39; src/materials/Material.hpp:4; src/emag/AvFormulation.hpp:50
CFD-UG	Chapter 3: Single-Phase Flow Interfaces	Chapter 3: Single-Phase Flow Interfaces	ui	partial	src/gui/Dialogs.cpp:232
CFD-UG	Chapter 3: Single-Phase Flow Interfaces	M o de li ng S i ng l e- Ph ase Fl ow	ui	partial	src/gui/Dialogs.cpp:232
CFD-UG	Chapter 3: Single-Phase Flow Interfaces	In this section:	ui	partial	src/gui/Dialogs.cpp:232
CFD-UG	Chapter 3: Single-Phase Flow Interfaces	Selecting the Right Physics Interface	ui	partial	src/gui/Dialogs.cpp:232; src/combustion/LaminarFiniteRate.cpp:110
CFD-UG	Chapter 3: Single-Phase Flow Interfaces	The Single-Phase Flow Interface Options	ui	partial	src/gui/Dialogs.cpp:232
CFD-UG	Chapter 3: Single-Phase Flow Interfaces	Compressibility	ui	partial	src/gui/Dialogs.cpp:232
CFD-UG	Chapter 3: Single-Phase Flow Interfaces	Turbulent	turbulence	partial	src/gui/Dialogs.cpp:232; src/combustion/GEquation.cpp:51
CFD-UG	Chapter 3: Single-Phase Flow Interfaces	Model Type	ui	partial	src/gui/Dialogs.cpp:232
CFD-UG	Chapter 3: Single-Phase Flow Interfaces	Les Model/	turbulence	partial	src/gui/Dialogs.cpp:232
CFD-UG	Chapter 3: Single-Phase Flow Interfaces	Turbulence	turbulence	partial	src/gui/Dialogs.cpp:232
CFD-UG	Chapter 3: Single-Phase Flow Interfaces	Model	ui	n/a	
CFD-UG	Chapter 3: Single-Phase Flow Interfaces	Neglect	ui	partial	src/gui/Dialogs.cpp:232
CFD-UG	Chapter 3: Single-Phase Flow Interfaces	Inertial Term	ui	present	src/gui/Dialogs.cpp:232; src/dynamics/SixDofCoupler.hpp:17; src/acoustics/FwhSurface.cpp:142
CFD-UG	Chapter 3: Single-Phase Flow Interfaces	Flow)	ui	partial	src/gui/Dialogs.cpp:232
CFD-UG	Chapter 3: Single-Phase Flow Interfaces	Creeping Flow	ui	partial	src/gui/Dialogs.cpp:232
CFD-UG	Chapter 3: Single-Phase Flow Interfaces	Incompressible	ui	partial	src/gui/Dialogs.cpp:232; src/acoustics/CurleAcoustics.hpp:26
CFD-UG	Chapter 3: Single-Phase Flow Interfaces	None	ui	partial	src/gui/Dialogs.cpp:232; src/combustion/CanteraParser.cpp:143
CFD-UG	Chapter 3: Single-Phase Flow Interfaces	Laminar Flow	ui	partial	src/gui/Dialogs.cpp:232; src/combustion/EddyDissipationConcept.hpp:15
CFD-UG	Chapter 3: Single-Phase Flow Interfaces	Incompressible	ui	partial	src/gui/Dialogs.cpp:232; src/acoustics/CurleAcoustics.hpp:26
CFD-UG	Chapter 3: Single-Phase Flow Interfaces	None	ui	partial	src/gui/Dialogs.cpp:232; src/combustion/CanteraParser.cpp:143
CFD-UG	Chapter 3: Single-Phase Flow Interfaces	Incompressible	ui	partial	src/gui/Dialogs.cpp:232; src/acoustics/CurleAcoustics.hpp:26
CFD-UG	Chapter 3: Single-Phase Flow Interfaces	Ransevm	turbulence	partial	src/gui/Dialogs.cpp:232
CFD-UG	Chapter 3: Single-Phase Flow Interfaces	Algebraic	ui	partial	src/gui/Dialogs.cpp:232; src/combustion/NoxThermalPromptFuel.hpp:12
CFD-UG	Chapter 3: Single-Phase Flow Interfaces	Turbulent Flow, LVEL	turbulence	partial	src/gui/Dialogs.cpp:232; src/combustion/GEquation.cpp:51
CFD-UG	Chapter 3: Single-Phase Flow Interfaces	Incompressible	ui	partial	src/gui/Dialogs.cpp:232; src/acoustics/CurleAcoustics.hpp:26
CFD-UG	Chapter 3: Single-Phase Flow Interfaces	Ransevm	turbulence	partial	src/gui/Dialogs.cpp:232
CFD-UG	Chapter 3: Single-Phase Flow Interfaces	L-Vel	ui	partial	src/gui/Dialogs.cpp:232
CFD-UG	Chapter 3: Single-Phase Flow Interfaces	Turbulent Flow, k-ε	turbulence	partial	src/gui/Dialogs.cpp:232; src/combustion/GEquation.cpp:51
CFD-UG	Chapter 3: Single-Phase Flow Interfaces	Incompressible	ui	partial	src/gui/Dialogs.cpp:232; src/acoustics/CurleAcoustics.hpp:26
CFD-UG	Chapter 3: Single-Phase Flow Interfaces	Ransevm	turbulence	partial	src/gui/Dialogs.cpp:232
CFD-UG	Chapter 3: Single-Phase Flow Interfaces	Incompressible	ui	partial	src/gui/Dialogs.cpp:232; src/acoustics/CurleAcoustics.hpp:26
CFD-UG	Chapter 3: Single-Phase Flow Interfaces	Ransevm	turbulence	partial	src/gui/Dialogs.cpp:232
CFD-UG	Chapter 3: Single-Phase Flow Interfaces	Realizable	ui	partial	src/turbulence/KEpsilonRealizable.hpp:4; src/gui/Dialogs.cpp:232
CFD-UG	Chapter 3: Single-Phase Flow Interfaces	Turbulent Flow, k-ω	turbulence	partial	src/gui/Dialogs.cpp:232; src/combustion/GEquation.cpp:51
CFD-UG	Chapter 3: Single-Phase Flow Interfaces	Incompressible	ui	partial	src/gui/Dialogs.cpp:232; src/acoustics/CurleAcoustics.hpp:26
CFD-UG	Chapter 3: Single-Phase Flow Interfaces	Ransevm	turbulence	partial	src/gui/Dialogs.cpp:232
CFD-UG	Chapter 3: Single-Phase Flow Interfaces	Turbulent Flow, SST	turbulence	partial	src/gui/Dialogs.cpp:232; src/combustion/GEquation.cpp:51
CFD-UG	Chapter 3: Single-Phase Flow Interfaces	Incompressible	ui	partial	src/gui/Dialogs.cpp:232; src/acoustics/CurleAcoustics.hpp:26
CFD-UG	Chapter 3: Single-Phase Flow Interfaces	Ransevm	turbulence	partial	src/gui/Dialogs.cpp:232
CFD-UG	Chapter 3: Single-Phase Flow Interfaces	Incompressible	ui	partial	src/gui/Dialogs.cpp:232; src/acoustics/CurleAcoustics.hpp:26
CFD-UG	Chapter 3: Single-Phase Flow Interfaces	Ransevm	turbulence	partial	src/gui/Dialogs.cpp:232
CFD-UG	Chapter 3: Single-Phase Flow Interfaces	Physics Interface	ui	partial	src/gui/Dialogs.cpp:232; src/combustion/LaminarFiniteRate.cpp:110
CFD-UG	Chapter 3: Single-Phase Flow Interfaces	Label	ui	partial	src/gui/Dialogs.cpp:232
CFD-UG	Chapter 3: Single-Phase Flow Interfaces	Compressibility	ui	partial	src/gui/Dialogs.cpp:232
CFD-UG	Chapter 3: Single-Phase Flow Interfaces	Turbulent	turbulence	partial	src/gui/Dialogs.cpp:232; src/combustion/GEquation.cpp:51
CFD-UG	Chapter 3: Single-Phase Flow Interfaces	Model Type	ui	partial	src/gui/Dialogs.cpp:232
CFD-UG	Chapter 3: Single-Phase Flow Interfaces	Les Model/	turbulence	partial	src/gui/Dialogs.cpp:232
CFD-UG	Chapter 3: Single-Phase Flow Interfaces	Turbulence	turbulence	partial	src/gui/Dialogs.cpp:232
CFD-UG	Chapter 3: Single-Phase Flow Interfaces	Model	ui	n/a	
CFD-UG	Chapter 3: Single-Phase Flow Interfaces	Neglect	ui	partial	src/gui/Dialogs.cpp:232
CFD-UG	Chapter 3: Single-Phase Flow Interfaces	Inertial Term	ui	present	src/gui/Dialogs.cpp:232; src/dynamics/SixDofCoupler.hpp:17; src/acoustics/FwhSurface.cpp:142
CFD-UG	Chapter 3: Single-Phase Flow Interfaces	Flow)	ui	partial	src/gui/Dialogs.cpp:232
CFD-UG	Chapter 3: Single-Phase Flow Interfaces	Incompressible	ui	partial	src/gui/Dialogs.cpp:232; src/acoustics/CurleAcoustics.hpp:26
CFD-UG	Chapter 3: Single-Phase Flow Interfaces	Ransevm	turbulence	partial	src/gui/Dialogs.cpp:232
CFD-UG	Chapter 3: Single-Phase Flow Interfaces	Turbulent Flow, v2-f	turbulence	partial	src/gui/Dialogs.cpp:232; src/combustion/GEquation.cpp:51
CFD-UG	Chapter 3: Single-Phase Flow Interfaces	Incompressible	ui	partial	src/gui/Dialogs.cpp:232; src/acoustics/CurleAcoustics.hpp:26
CFD-UG	Chapter 3: Single-Phase Flow Interfaces	Ransevm	turbulence	partial	src/gui/Dialogs.cpp:232
CFD-UG	Chapter 3: Single-Phase Flow Interfaces	Incompressible	ui	partial	src/gui/Dialogs.cpp:232; src/acoustics/CurleAcoustics.hpp:26
CFD-UG	Chapter 3: Single-Phase Flow Interfaces	Ransrsm	turbulence	partial	src/gui/Dialogs.cpp:232
CFD-UG	Chapter 3: Single-Phase Flow Interfaces	Incompressible	ui	partial	src/gui/Dialogs.cpp:232; src/acoustics/CurleAcoustics.hpp:26
CFD-UG	Chapter 3: Single-Phase Flow Interfaces	Ransrsm	turbulence	partial	src/gui/Dialogs.cpp:232
CFD-UG	Chapter 3: Single-Phase Flow Interfaces	Ssg-Lrr	ui	partial	src/gui/Dialogs.cpp:232
CFD-UG	Chapter 3: Single-Phase Flow Interfaces	Incompressible	ui	partial	src/gui/Dialogs.cpp:232; src/acoustics/CurleAcoustics.hpp:26
CFD-UG	Chapter 3: Single-Phase Flow Interfaces	Ransrsm	turbulence	partial	src/gui/Dialogs.cpp:232
CFD-UG	Chapter 3: Single-Phase Flow Interfaces	Les Rbvm	turbulence	partial	src/gui/Dialogs.cpp:232
CFD-UG	Chapter 3: Single-Phase Flow Interfaces	Incompressible	ui	partial	src/gui/Dialogs.cpp:232; src/acoustics/CurleAcoustics.hpp:26
CFD-UG	Chapter 3: Single-Phase Flow Interfaces	Les Rbvmwv	turbulence	partial	src/gui/Dialogs.cpp:232
CFD-UG	Chapter 3: Single-Phase Flow Interfaces	Incompressible	ui	partial	src/gui/Dialogs.cpp:232; src/acoustics/CurleAcoustics.hpp:26
CFD-UG	Chapter 3: Single-Phase Flow Interfaces	Rbvmwv	ui	partial	src/gui/Dialogs.cpp:232
CFD-UG	Chapter 3: Single-Phase Flow Interfaces	LES Smagorinsky	turbulence	partial	src/gui/Dialogs.cpp:232; src/turbulence/CMakeLists.txt:2
CFD-UG	Chapter 3: Single-Phase Flow Interfaces	Incompressible	ui	partial	src/gui/Dialogs.cpp:232; src/acoustics/CurleAcoustics.hpp:26
CFD-UG	Chapter 3: Single-Phase Flow Interfaces	Incompressible	ui	partial	src/gui/Dialogs.cpp:232; src/acoustics/CurleAcoustics.hpp:26
CFD-UG	Chapter 3: Single-Phase Flow Interfaces	Rbvm/	ui	partial	src/gui/Dialogs.cpp:232
CFD-UG	Chapter 3: Single-Phase Flow Interfaces	Des Rbvmwv,	turbulence	partial	src/gui/Dialogs.cpp:232
CFD-UG	Chapter 3: Single-Phase Flow Interfaces	Incompressible	ui	partial	src/gui/Dialogs.cpp:232; src/acoustics/CurleAcoustics.hpp:26
CFD-UG	Chapter 3: Single-Phase Flow Interfaces	Rbvmwv/	ui	partial	src/gui/Dialogs.cpp:232
CFD-UG	Chapter 3: Single-Phase Flow Interfaces	Incompressible	ui	partial	src/gui/Dialogs.cpp:232; src/acoustics/CurleAcoustics.hpp:26
CFD-UG	Chapter 3: Single-Phase Flow Interfaces	Incompressible	ui	partial	src/gui/Dialogs.cpp:232; src/acoustics/CurleAcoustics.hpp:26
CFD-UG	Chapter 3: Single-Phase Flow Interfaces	Incompressible	ui	partial	src/gui/Dialogs.cpp:232; src/acoustics/CurleAcoustics.hpp:26
CFD-UG	Chapter 3: Single-Phase Flow Interfaces	Ransevm	turbulence	partial	src/gui/Dialogs.cpp:232
CFD-UG	Chapter 3: Single-Phase Flow Interfaces	Algebraic	ui	partial	src/gui/Dialogs.cpp:232; src/combustion/NoxThermalPromptFuel.hpp:12
CFD-UG	Chapter 3: Single-Phase Flow Interfaces	Incompressible	ui	partial	src/gui/Dialogs.cpp:232; src/acoustics/CurleAcoustics.hpp:26
CFD-UG	Chapter 3: Single-Phase Flow Interfaces	Ransevm	turbulence	partial	src/gui/Dialogs.cpp:232
CFD-UG	Chapter 3: Single-Phase Flow Interfaces	L-Vel	ui	partial	src/gui/Dialogs.cpp:232
CFD-UG	Chapter 3: Single-Phase Flow Interfaces	Incompressible	ui	partial	src/gui/Dialogs.cpp:232; src/acoustics/CurleAcoustics.hpp:26
CFD-UG	Chapter 3: Single-Phase Flow Interfaces	Ransevm	turbulence	partial	src/gui/Dialogs.cpp:232
CFD-UG	Chapter 3: Single-Phase Flow Interfaces	TABLE 3-1: THE SINGLE-PHASE FLOW DEFAULT SETTINGS.	ui	partial	src/gui/Dialogs.cpp:232
CFD-UG	Chapter 3: Single-Phase Flow Interfaces	Physics Interface	ui	partial	src/gui/Dialogs.cpp:232; src/combustion/LaminarFiniteRate.cpp:110
CFD-UG	Chapter 3: Single-Phase Flow Interfaces	Label	ui	partial	src/gui/Dialogs.cpp:232
CFD-UG	Chapter 3: Single-Phase Flow Interfaces	Compressibility	ui	partial	src/gui/Dialogs.cpp:232
CFD-UG	Chapter 3: Single-Phase Flow Interfaces	Turbulent	turbulence	partial	src/gui/Dialogs.cpp:232; src/combustion/GEquation.cpp:51
CFD-UG	Chapter 3: Single-Phase Flow Interfaces	Model Type	ui	partial	src/gui/Dialogs.cpp:232
CFD-UG	Chapter 3: Single-Phase Flow Interfaces	Les Model/	turbulence	partial	src/gui/Dialogs.cpp:232
CFD-UG	Chapter 3: Single-Phase Flow Interfaces	Turbulence	turbulence	partial	src/gui/Dialogs.cpp:232
CFD-UG	Chapter 3: Single-Phase Flow Interfaces	Model	ui	n/a	
CFD-UG	Chapter 3: Single-Phase Flow Interfaces	Neglect	ui	partial	src/gui/Dialogs.cpp:232
CFD-UG	Chapter 3: Single-Phase Flow Interfaces	Inertial Term	ui	present	src/gui/Dialogs.cpp:232; src/dynamics/SixDofCoupler.hpp:17; src/acoustics/FwhSurface.cpp:142
CFD-UG	Chapter 3: Single-Phase Flow Interfaces	Flow)	ui	partial	src/gui/Dialogs.cpp:232
CFD-UG	Chapter 3: Single-Phase Flow Interfaces	Viscoelastic Flow	ui	partial	src/gui/Dialogs.cpp:232
CFD-UG	Chapter 3: Single-Phase Flow Interfaces	Incompressible	ui	partial	src/gui/Dialogs.cpp:232; src/acoustics/CurleAcoustics.hpp:26
CFD-UG	Chapter 3: Single-Phase Flow Interfaces	Incompressible	ui	partial	src/gui/Dialogs.cpp:232; src/acoustics/CurleAcoustics.hpp:26
CFD-UG	Chapter 3: Single-Phase Flow Interfaces	Compressible	ui	partial	src/gui/Dialogs.cpp:232; src/io/ForcesReport.hpp:16
CFD-UG	Chapter 3: Single-Phase Flow Interfaces	Creeping Flow	ui	partial	src/gui/Dialogs.cpp:232
CFD-UG	Chapter 3: Single-Phase Flow Interfaces	Laminar Flow	ui	partial	src/gui/Dialogs.cpp:232; src/combustion/EddyDissipationConcept.hpp:15
CFD-UG	Chapter 3: Single-Phase Flow Interfaces	Turbulent Flow	turbulence	partial	src/gui/Dialogs.cpp:232; src/combustion/GEquation.cpp:51
CFD-UG	Chapter 3: Single-Phase Flow Interfaces	Stokes (RANS) equations for the averaged velocity field and averaged pressure as well	turbulence	present	src/gui/Dialogs.cpp:232; src/gpu/DeviceMemoryPool.hpp:33; src/solver/WallDistance.cpp:9
CFD-UG	Chapter 3: Single-Phase Flow Interfaces	Large Eddy Simulation	ui	present	src/gui/Dialogs.cpp:232; src/combustion/EddyDissipationConcept.hpp:6; src/cad/Booleans.hpp:8
CFD-UG	Chapter 3: Single-Phase Flow Interfaces	Detached Eddy Simulation	ui	present	src/turbulence/IDDES.hpp:4; src/gui/Dialogs.cpp:232; src/combustion/EddyDissipationConcept.hpp:6
CFD-UG	Chapter 3: Single-Phase Flow Interfaces	Rotating Machinery	dynamic	present	src/gui/Dialogs.cpp:232; src/cad/Healing.hpp:6; src/core/RotatingFileSink.hpp:6
CFD-UG	Chapter 3: Single-Phase Flow Interfaces	The Viscoelastic Flow Interface	ui	partial	src/gui/Dialogs.cpp:232
CFD-UG	Chapter 3: Single-Phase Flow Interfaces	Potential Flow	ui	partial	src/gui/Dialogs.cpp:232; src/emag/AvFormulation.hpp:6
CFD-UG	Chapter 3: Single-Phase Flow Interfaces	Coupling to Other Physics Interfaces	ui	partial	src/gui/Dialogs.cpp:232; src/combustion/LaminarFiniteRate.cpp:110
CFD-UG	Chapter 3: Single-Phase Flow Interfaces	In the COMSOL Multiphysics Reference Manual, see Table 2-4 for links to common	ui	present	src/gui/Dialogs.cpp:232; src/gpu/GpuKernels.cpp:243; src/cad/Booleans.cpp:55
CFD-UG	Chapter 3: Single-Phase Flow Interfaces	Physical Model	ui	partial	src/gui/Dialogs.cpp:232; src/io/GmshReader.cpp:140
CFD-UG	Chapter 3: Single-Phase Flow Interfaces	Discretization	solver	partial	src/solver/Solver.hpp:26; src/gui/Dialogs.cpp:232
CFD-UG	Chapter 3: Single-Phase Flow Interfaces	Settings	ui	n/a	
CFD-UG	Chapter 3: Single-Phase Flow Interfaces	The Label is the default physics interface name.	ui	partial	src/gui/Dialogs.cpp:232; src/combustion/LaminarFiniteRate.cpp:110
CFD-UG	Chapter 3: Single-Phase Flow Interfaces	About the Physics Interface Label Names	ui	partial	src/gui/Dialogs.cpp:232; src/combustion/LaminarFiniteRate.cpp:110
CFD-UG	Chapter 3: Single-Phase Flow Interfaces	Physical Model	ui	partial	src/gui/Dialogs.cpp:232; src/io/GmshReader.cpp:140
CFD-UG	Chapter 3: Single-Phase Flow Interfaces	Compressibility	ui	partial	src/gui/Dialogs.cpp:232
CFD-UG	Chapter 3: Single-Phase Flow Interfaces	Swirl Flow	ui	partial	src/particles/ConeInjector.cpp:36; src/gui/Dialogs.cpp:232
CFD-UG	Chapter 3: Single-Phase Flow Interfaces	Neglect Inertial Term (Stokes Flow)	ui	present	src/gui/Dialogs.cpp:232; src/dynamics/SixDofCoupler.hpp:17; src/adjoint/ContinuousAdjoint.hpp:11
CFD-UG	Chapter 3: Single-Phase Flow Interfaces	Porous Media Domains	ui	present	src/gui/Dialogs.cpp:232; src/emag/AvFormulation.hpp:7; src/gui/Dialogs.cpp:368
CFD-UG	Chapter 3: Single-Phase Flow Interfaces	Porous Treatment of No Slip Condition	ui	present	src/multiphase/VolumeOfFluid.hpp:10; src/gui/Dialogs.cpp:232; src/gui/Dialogs.cpp:323
CFD-UG	Chapter 3: Single-Phase Flow Interfaces	Include Gravity	ui	partial	src/gui/Dialogs.cpp:232; src/dynamics/SixDof.cpp:72
CFD-UG	Chapter 3: Single-Phase Flow Interfaces	Rotating Frame	dynamic	partial	src/gui/Dialogs.cpp:232; src/core/RotatingFileSink.hpp:6
CFD-UG	Chapter 3: Single-Phase Flow Interfaces	Include Buoyancy-Induced Turbulence	turbulence	partial	src/gui/Dialogs.cpp:232; src/emag/Mhd.hpp:14
CFD-UG	Chapter 3: Single-Phase Flow Interfaces	Use Shallow Channel Approximation	ui	present	src/gui/Dialogs.cpp:232; src/combustion/TransportedPdf.hpp:47; src/emag/Mhd.hpp:5
CFD-UG	Chapter 3: Single-Phase Flow Interfaces	Reference Values	ui	partial	src/gui/Dialogs.cpp:232
CFD-UG	Chapter 3: Single-Phase Flow Interfaces	Turbulence	turbulence	partial	src/gui/Dialogs.cpp:232
CFD-UG	Chapter 3: Single-Phase Flow Interfaces	Turbulence Model Type	turbulence	partial	src/gui/Dialogs.cpp:232
CFD-UG	Chapter 3: Single-Phase Flow Interfaces	Dependent Variables	ui	present	src/gui/Dialogs.cpp:232; src/io/CgnsWriter.cpp:14; src/adjoint/DiscreteAdjoint.hpp:15
CFD-UG	Chapter 3: Single-Phase Flow Interfaces	Consistent Stabilization	ui	partial	src/gui/Dialogs.cpp:232; src/core/Command.hpp:92
CFD-UG	Chapter 3: Single-Phase Flow Interfaces	To enable this section, click the Show More Options button (	ui	present	src/visualization/OrientationGizmo.cpp:43; src/gui/Dialogs.cpp:232; src/combustion/ChemkinParser.cpp:163
CFD-UG	Chapter 3: Single-Phase Flow Interfaces	Inconsistent Stabilization	ui	partial	src/gui/Dialogs.cpp:232
CFD-UG	Chapter 3: Single-Phase Flow Interfaces	To enable this section, click the Show More Options button (	ui	present	src/visualization/OrientationGizmo.cpp:43; src/gui/Dialogs.cpp:232; src/combustion/ChemkinParser.cpp:163
CFD-UG	Chapter 3: Single-Phase Flow Interfaces	Advanced Settings	ui	partial	src/gui/Dialogs.cpp:232; src/combustion/TransportedPdf.hpp:8
CFD-UG	Chapter 3: Single-Phase Flow Interfaces	Discretization	solver	partial	src/solver/Solver.hpp:26; src/gui/Dialogs.cpp:232
CFD-UG	Chapter 3: Single-Phase Flow Interfaces	Physical Model	ui	partial	src/gui/Dialogs.cpp:232; src/io/GmshReader.cpp:140
CFD-UG	Chapter 3: Single-Phase Flow Interfaces	Porous Media Domains	ui	present	src/gui/Dialogs.cpp:232; src/emag/AvFormulation.hpp:7; src/gui/Dialogs.cpp:368
CFD-UG	Chapter 3: Single-Phase Flow Interfaces	Turbulence	turbulence	partial	src/gui/Dialogs.cpp:232
CFD-UG	Chapter 3: Single-Phase Flow Interfaces	A different turbulence model of RANS-EVM type can be selected under Turbulence	turbulence	present	src/cad/FeatureEdges.hpp:9; src/gpu/CudaContext.cpp:45; src/gui/Dialogs.cpp:232
CFD-UG	Chapter 3: Single-Phase Flow Interfaces	Wall Treatment	bc	partial	src/multiphase/VolumeOfFluid.hpp:10; src/gui/Dialogs.cpp:232
CFD-UG	Chapter 3: Single-Phase Flow Interfaces	Edit Turbulence Model Parameters	turbulence	partial	src/gui/Dialogs.cpp:232; src/cad/PersistentIdManager.hpp:11
CFD-UG	Chapter 3: Single-Phase Flow Interfaces	Dependent Variables	ui	present	src/gui/Dialogs.cpp:232; src/io/CgnsWriter.cpp:14; src/adjoint/DiscreteAdjoint.hpp:15
CFD-UG	Chapter 3: Single-Phase Flow Interfaces	Physical Model	ui	partial	src/gui/Dialogs.cpp:232; src/io/GmshReader.cpp:140
CFD-UG	Chapter 3: Single-Phase Flow Interfaces	Porous Media Domains	ui	present	src/gui/Dialogs.cpp:232; src/emag/AvFormulation.hpp:7; src/gui/Dialogs.cpp:368
CFD-UG	Chapter 3: Single-Phase Flow Interfaces	Turbulence	turbulence	partial	src/gui/Dialogs.cpp:232
CFD-UG	Chapter 3: Single-Phase Flow Interfaces	A different turbulence model of RANS-EVM type can be selected under Turbulence	turbulence	present	src/cad/FeatureEdges.hpp:9; src/gpu/CudaContext.cpp:45; src/gui/Dialogs.cpp:232
CFD-UG	Chapter 3: Single-Phase Flow Interfaces	Wall Treatment	bc	partial	src/multiphase/VolumeOfFluid.hpp:10; src/gui/Dialogs.cpp:232
CFD-UG	Chapter 3: Single-Phase Flow Interfaces	Edit Turbulence Model Parameters	turbulence	partial	src/gui/Dialogs.cpp:232; src/cad/PersistentIdManager.hpp:11
CFD-UG	Chapter 3: Single-Phase Flow Interfaces	Dependent Variables	ui	present	src/gui/Dialogs.cpp:232; src/io/CgnsWriter.cpp:14; src/adjoint/DiscreteAdjoint.hpp:15
CFD-UG	Chapter 3: Single-Phase Flow Interfaces	Turbulence	turbulence	partial	src/gui/Dialogs.cpp:232
CFD-UG	Chapter 3: Single-Phase Flow Interfaces	A different turbulence model of RANS-EVM type can be selected under Turbulence	turbulence	present	src/cad/FeatureEdges.hpp:9; src/gpu/CudaContext.cpp:45; src/gui/Dialogs.cpp:232
CFD-UG	Chapter 3: Single-Phase Flow Interfaces	Include Rotation-Curvature Correction	ui	present	src/gui/Dialogs.cpp:232; src/cad/CadKernel.hpp:78; src/ibm/ImmersedBoundary.hpp:58
CFD-UG	Chapter 3: Single-Phase Flow Interfaces	Edit Turbulence Model Parameters	turbulence	partial	src/gui/Dialogs.cpp:232; src/cad/PersistentIdManager.hpp:11
CFD-UG	Chapter 3: Single-Phase Flow Interfaces	Dependent Variables	ui	present	src/gui/Dialogs.cpp:232; src/io/CgnsWriter.cpp:14; src/adjoint/DiscreteAdjoint.hpp:15
CFD-UG	Chapter 3: Single-Phase Flow Interfaces	Advanced Settings	ui	partial	src/gui/Dialogs.cpp:232; src/combustion/TransportedPdf.hpp:8
CFD-UG	Chapter 3: Single-Phase Flow Interfaces	Turbulent Flow over a Backward-Facing Step: Application Library path	turbulence	present	src/core/Command.hpp:6; src/gui/Dialogs.cpp:232; src/gpu/GpuKernels.cpp:327
CFD-UG	Chapter 3: Single-Phase Flow Interfaces	The Turbulent Flow, Realizable k-ε Interface	turbulence	present	src/turbulence/KEpsilonRealizable.hpp:4; src/gui/Dialogs.cpp:232; src/combustion/GEquation.cpp:51
CFD-UG	Chapter 3: Single-Phase Flow Interfaces	Turbulence	turbulence	partial	src/gui/Dialogs.cpp:232
CFD-UG	Chapter 3: Single-Phase Flow Interfaces	A different turbulence model of RANS-EVM type can be selected under Turbulence	turbulence	present	src/cad/FeatureEdges.hpp:9; src/gpu/CudaContext.cpp:45; src/gui/Dialogs.cpp:232
CFD-UG	Chapter 3: Single-Phase Flow Interfaces	Include Rotation-Curvature Correction	ui	present	src/gui/Dialogs.cpp:232; src/cad/CadKernel.hpp:78; src/ibm/ImmersedBoundary.hpp:58
CFD-UG	Chapter 3: Single-Phase Flow Interfaces	Edit Turbulence Model Parameters	turbulence	partial	src/gui/Dialogs.cpp:232; src/cad/PersistentIdManager.hpp:11
CFD-UG	Chapter 3: Single-Phase Flow Interfaces	Dependent Variables	ui	present	src/gui/Dialogs.cpp:232; src/io/CgnsWriter.cpp:14; src/adjoint/DiscreteAdjoint.hpp:15
CFD-UG	Chapter 3: Single-Phase Flow Interfaces	Turbulence	turbulence	partial	src/gui/Dialogs.cpp:232
CFD-UG	Chapter 3: Single-Phase Flow Interfaces	A different turbulence model of RANS-EVM type can be selected under Turbulence	turbulence	present	src/cad/FeatureEdges.hpp:9; src/gpu/CudaContext.cpp:45; src/gui/Dialogs.cpp:232
CFD-UG	Chapter 3: Single-Phase Flow Interfaces	Wall Treatment	bc	partial	src/multiphase/VolumeOfFluid.hpp:10; src/gui/Dialogs.cpp:232
CFD-UG	Chapter 3: Single-Phase Flow Interfaces	Include Rotation-Curvature Correction	ui	present	src/gui/Dialogs.cpp:232; src/cad/CadKernel.hpp:78; src/ibm/ImmersedBoundary.hpp:58
CFD-UG	Chapter 3: Single-Phase Flow Interfaces	Edit Turbulence Model Parameters	turbulence	partial	src/gui/Dialogs.cpp:232; src/cad/PersistentIdManager.hpp:11
CFD-UG	Chapter 3: Single-Phase Flow Interfaces	Dependent Variables	ui	present	src/gui/Dialogs.cpp:232; src/io/CgnsWriter.cpp:14; src/adjoint/DiscreteAdjoint.hpp:15
CFD-UG	Chapter 3: Single-Phase Flow Interfaces	The Turbulent Flow, SST Interface	turbulence	partial	src/gui/Dialogs.cpp:232; src/combustion/GEquation.cpp:51
CFD-UG	Chapter 3: Single-Phase Flow Interfaces	Turbulence	turbulence	partial	src/gui/Dialogs.cpp:232
CFD-UG	Chapter 3: Single-Phase Flow Interfaces	A different turbulence model of RANS-EVM type can be selected under Turbulence	turbulence	present	src/cad/FeatureEdges.hpp:9; src/gpu/CudaContext.cpp:45; src/gui/Dialogs.cpp:232
CFD-UG	Chapter 3: Single-Phase Flow Interfaces	Wall Treatment	bc	partial	src/multiphase/VolumeOfFluid.hpp:10; src/gui/Dialogs.cpp:232
CFD-UG	Chapter 3: Single-Phase Flow Interfaces	Include Rotation-Curvature Correction	ui	present	src/gui/Dialogs.cpp:232; src/cad/CadKernel.hpp:78; src/ibm/ImmersedBoundary.hpp:58
CFD-UG	Chapter 3: Single-Phase Flow Interfaces	Include Transition Modeling	turbulence	partial	src/gui/Dialogs.cpp:232; src/turbulence/GammaReThetaTransition.hpp:5
CFD-UG	Chapter 3: Single-Phase Flow Interfaces	Include Scale-Adaptive Simulations	ui	partial	src/gui/Dialogs.cpp:232; src/amr/AdaptiveRefinement.hpp:4
CFD-UG	Chapter 3: Single-Phase Flow Interfaces	Edit Turbulence Model Parameters	turbulence	partial	src/gui/Dialogs.cpp:232; src/cad/PersistentIdManager.hpp:11
CFD-UG	Chapter 3: Single-Phase Flow Interfaces	C Pg1	ui	partial	src/gui/Dialogs.cpp:232
CFD-UG	Chapter 3: Single-Phase Flow Interfaces	Dependent Variables	ui	present	src/gui/Dialogs.cpp:232; src/io/CgnsWriter.cpp:14; src/adjoint/DiscreteAdjoint.hpp:15
CFD-UG	Chapter 3: Single-Phase Flow Interfaces	Turbulence	turbulence	partial	src/gui/Dialogs.cpp:232
CFD-UG	Chapter 3: Single-Phase Flow Interfaces	A different turbulence model of RANS-EVM type can be selected under Turbulence	turbulence	present	src/cad/FeatureEdges.hpp:9; src/gpu/CudaContext.cpp:45; src/gui/Dialogs.cpp:232
CFD-UG	Chapter 3: Single-Phase Flow Interfaces	Wall Treatment	bc	partial	src/multiphase/VolumeOfFluid.hpp:10; src/gui/Dialogs.cpp:232
CFD-UG	Chapter 3: Single-Phase Flow Interfaces	Include Rotation-Curvature Correction	ui	present	src/gui/Dialogs.cpp:232; src/cad/CadKernel.hpp:78; src/ibm/ImmersedBoundary.hpp:58
CFD-UG	Chapter 3: Single-Phase Flow Interfaces	Edit Turbulence Model Parameters	turbulence	partial	src/gui/Dialogs.cpp:232; src/cad/PersistentIdManager.hpp:11
CFD-UG	Chapter 3: Single-Phase Flow Interfaces	Dependent Variables	ui	present	src/gui/Dialogs.cpp:232; src/io/CgnsWriter.cpp:14; src/adjoint/DiscreteAdjoint.hpp:15
CFD-UG	Chapter 3: Single-Phase Flow Interfaces	For study information, see Stationary with Initialization, Time Dependent with	ui	present	src/gui/Dialogs.cpp:232; src/acoustics/FwhSurface.cpp:115; src/cad/ObjReader.hpp:7
CFD-UG	Chapter 3: Single-Phase Flow Interfaces	Turbulence	turbulence	partial	src/gui/Dialogs.cpp:232
CFD-UG	Chapter 3: Single-Phase Flow Interfaces	A different turbulence model of RANS-EVM type can be selected under Turbulence	turbulence	present	src/cad/FeatureEdges.hpp:9; src/gpu/CudaContext.cpp:45; src/gui/Dialogs.cpp:232
CFD-UG	Chapter 3: Single-Phase Flow Interfaces	The Turbulence model property disables the Neglect inertial term (Stokes flow)	turbulence	present	src/cad/Defeaturing.hpp:25; src/gui/Dialogs.cpp:232; src/dynamics/SixDofCoupler.hpp:17
CFD-UG	Chapter 3: Single-Phase Flow Interfaces	Wall Treatment	bc	partial	src/multiphase/VolumeOfFluid.hpp:10; src/gui/Dialogs.cpp:232
CFD-UG	Chapter 3: Single-Phase Flow Interfaces	Edit Turbulence Model Parameters	turbulence	partial	src/gui/Dialogs.cpp:232; src/cad/PersistentIdManager.hpp:11
CFD-UG	Chapter 3: Single-Phase Flow Interfaces	Advanced Settings	ui	partial	src/gui/Dialogs.cpp:232; src/combustion/TransportedPdf.hpp:8
CFD-UG	Chapter 3: Single-Phase Flow Interfaces	Dependent Variables	ui	present	src/gui/Dialogs.cpp:232; src/io/CgnsWriter.cpp:14; src/adjoint/DiscreteAdjoint.hpp:15
CFD-UG	Chapter 3: Single-Phase Flow Interfaces	The Turbulent Flow, v2-f Interface	turbulence	partial	src/gui/Dialogs.cpp:232; src/combustion/GEquation.cpp:51
CFD-UG	Chapter 3: Single-Phase Flow Interfaces	Turbulence	turbulence	partial	src/gui/Dialogs.cpp:232
CFD-UG	Chapter 3: Single-Phase Flow Interfaces	A different turbulence model of RANS-EVM type can be selected under Turbulence	turbulence	present	src/cad/FeatureEdges.hpp:9; src/gpu/CudaContext.cpp:45; src/gui/Dialogs.cpp:232
CFD-UG	Chapter 3: Single-Phase Flow Interfaces	Wall Treatment	bc	partial	src/multiphase/VolumeOfFluid.hpp:10; src/gui/Dialogs.cpp:232
CFD-UG	Chapter 3: Single-Phase Flow Interfaces	Include Rotation-Curvature Correction	ui	present	src/gui/Dialogs.cpp:232; src/cad/CadKernel.hpp:78; src/ibm/ImmersedBoundary.hpp:58
CFD-UG	Chapter 3: Single-Phase Flow Interfaces	Edit Turbulence Model Parameters	turbulence	partial	src/gui/Dialogs.cpp:232; src/cad/PersistentIdManager.hpp:11
CFD-UG	Chapter 3: Single-Phase Flow Interfaces	Dependent Variables	ui	present	src/gui/Dialogs.cpp:232; src/io/CgnsWriter.cpp:14; src/adjoint/DiscreteAdjoint.hpp:15
CFD-UG	Chapter 3: Single-Phase Flow Interfaces	The Turbulent Flow, Wilcox R-ω Interface	turbulence	present	src/turbulence/KOmegaStandard.cpp:20; src/gui/Dialogs.cpp:232; src/combustion/GEquation.cpp:51
CFD-UG	Chapter 3: Single-Phase Flow Interfaces	Turbulence	turbulence	partial	src/gui/Dialogs.cpp:232
CFD-UG	Chapter 3: Single-Phase Flow Interfaces	A different turbulence model of RANS-RSM type can be selected under Turbulence	turbulence	present	src/cad/FeatureEdges.hpp:9; src/gpu/CudaContext.cpp:45; src/gui/Dialogs.cpp:232
CFD-UG	Chapter 3: Single-Phase Flow Interfaces	Wall Treatment	bc	partial	src/multiphase/VolumeOfFluid.hpp:10; src/gui/Dialogs.cpp:232
CFD-UG	Chapter 3: Single-Phase Flow Interfaces	Reynolds Stress Diffusion Model	turbulence	present	src/gui/Dialogs.cpp:232; src/acoustics/CurleAcoustics.hpp:24; src/combustion/TfcModel.hpp:24
CFD-UG	Chapter 3: Single-Phase Flow Interfaces	Edit Turbulence Model Parameters	turbulence	partial	src/gui/Dialogs.cpp:232; src/cad/PersistentIdManager.hpp:11
CFD-UG	Chapter 3: Single-Phase Flow Interfaces	Dependent Variables	ui	present	src/gui/Dialogs.cpp:232; src/io/CgnsWriter.cpp:14; src/adjoint/DiscreteAdjoint.hpp:15
CFD-UG	Chapter 3: Single-Phase Flow Interfaces	Turbulence	turbulence	partial	src/gui/Dialogs.cpp:232
CFD-UG	Chapter 3: Single-Phase Flow Interfaces	A different turbulence model of RANS-RSM type can be selected under Turbulence	turbulence	present	src/cad/FeatureEdges.hpp:9; src/gpu/CudaContext.cpp:45; src/gui/Dialogs.cpp:232
CFD-UG	Chapter 3: Single-Phase Flow Interfaces	RANS-EVM type can be selected under Turbulence model. Laminar or creeping flow	turbulence	present	src/gpu/CudaContext.cpp:45; src/gui/Dialogs.cpp:232; src/solver/WallDistance.cpp:9
CFD-UG	Chapter 3: Single-Phase Flow Interfaces	Wall Treatment	bc	partial	src/multiphase/VolumeOfFluid.hpp:10; src/gui/Dialogs.cpp:232
CFD-UG	Chapter 3: Single-Phase Flow Interfaces	Reynolds Stress Diffusion Model	turbulence	present	src/gui/Dialogs.cpp:232; src/acoustics/CurleAcoustics.hpp:24; src/combustion/TfcModel.hpp:24
CFD-UG	Chapter 3: Single-Phase Flow Interfaces	Edit Turbulence Model Parameters	turbulence	partial	src/gui/Dialogs.cpp:232; src/cad/PersistentIdManager.hpp:11
CFD-UG	Chapter 3: Single-Phase Flow Interfaces	Dependent Variables	ui	present	src/gui/Dialogs.cpp:232; src/io/CgnsWriter.cpp:14; src/adjoint/DiscreteAdjoint.hpp:15
CFD-UG	Chapter 3: Single-Phase Flow Interfaces	Turbulence	turbulence	partial	src/gui/Dialogs.cpp:232
CFD-UG	Chapter 3: Single-Phase Flow Interfaces	A different turbulence model of RANS-RSM type can be selected under Turbulence	turbulence	present	src/cad/FeatureEdges.hpp:9; src/gpu/CudaContext.cpp:45; src/gui/Dialogs.cpp:232
CFD-UG	Chapter 3: Single-Phase Flow Interfaces	RANS-EVM type can be selected under Turbulence model. Laminar or creeping flow	turbulence	present	src/gpu/CudaContext.cpp:45; src/gui/Dialogs.cpp:232; src/solver/WallDistance.cpp:9
CFD-UG	Chapter 3: Single-Phase Flow Interfaces	Wall Treatment	bc	partial	src/multiphase/VolumeOfFluid.hpp:10; src/gui/Dialogs.cpp:232
CFD-UG	Chapter 3: Single-Phase Flow Interfaces	Reynolds Stress Diffusion Model	turbulence	present	src/gui/Dialogs.cpp:232; src/acoustics/CurleAcoustics.hpp:24; src/combustion/TfcModel.hpp:24
CFD-UG	Chapter 3: Single-Phase Flow Interfaces	Edit Turbulence Model Parameters	turbulence	partial	src/gui/Dialogs.cpp:232; src/cad/PersistentIdManager.hpp:11
CFD-UG	Chapter 3: Single-Phase Flow Interfaces	Dependent Variables	ui	present	src/gui/Dialogs.cpp:232; src/io/CgnsWriter.cpp:14; src/adjoint/DiscreteAdjoint.hpp:15
CFD-UG	Chapter 3: Single-Phase Flow Interfaces	Turbulence	turbulence	partial	src/gui/Dialogs.cpp:232
CFD-UG	Chapter 3: Single-Phase Flow Interfaces	A different LES model can be selected under LES model. A RANS turbulence model	turbulence	present	src/cad/FeatureEdges.hpp:9; src/gpu/CudaContext.cpp:45; src/gui/Dialogs.cpp:232
CFD-UG	Chapter 3: Single-Phase Flow Interfaces	Wall Treatment	bc	partial	src/multiphase/VolumeOfFluid.hpp:10; src/gui/Dialogs.cpp:232
CFD-UG	Chapter 3: Single-Phase Flow Interfaces	Edit LES Model Parameters	turbulence	partial	src/gui/Dialogs.cpp:232; src/cad/PersistentIdManager.hpp:11
CFD-UG	Chapter 3: Single-Phase Flow Interfaces	Consistent Stabilization	ui	partial	src/gui/Dialogs.cpp:232; src/core/Command.hpp:92
CFD-UG	Chapter 3: Single-Phase Flow Interfaces	To enable this section, click the Show More Options button (	ui	present	src/visualization/OrientationGizmo.cpp:43; src/gui/Dialogs.cpp:232; src/combustion/ChemkinParser.cpp:163
CFD-UG	Chapter 3: Single-Phase Flow Interfaces	The Use dynamic subgrid time scale checkbox is not selected by default.	mesh	present	src/io/VtuReader.hpp:39; src/combustion/FgmFlamelet.hpp:17; src/gpu/CudaContext.cpp:45
CFD-UG	Chapter 3: Single-Phase Flow Interfaces	Dependent Variables	ui	present	src/gui/Dialogs.cpp:232; src/io/CgnsWriter.cpp:14; src/adjoint/DiscreteAdjoint.hpp:15
CFD-UG	Chapter 3: Single-Phase Flow Interfaces	Turbulence	turbulence	partial	src/gui/Dialogs.cpp:232
CFD-UG	Chapter 3: Single-Phase Flow Interfaces	A different LES model can be selected under LES model. A RANS turbulence model	turbulence	present	src/cad/FeatureEdges.hpp:9; src/gpu/CudaContext.cpp:45; src/gui/Dialogs.cpp:232
CFD-UG	Chapter 3: Single-Phase Flow Interfaces	Wall Treatment	bc	partial	src/multiphase/VolumeOfFluid.hpp:10; src/gui/Dialogs.cpp:232
CFD-UG	Chapter 3: Single-Phase Flow Interfaces	Edit LES Model Parameters	turbulence	partial	src/gui/Dialogs.cpp:232; src/cad/PersistentIdManager.hpp:11
CFD-UG	Chapter 3: Single-Phase Flow Interfaces	Consistent Stabilization	ui	partial	src/gui/Dialogs.cpp:232; src/core/Command.hpp:92
CFD-UG	Chapter 3: Single-Phase Flow Interfaces	To enable this section, click the Show More Options button (	ui	present	src/visualization/OrientationGizmo.cpp:43; src/gui/Dialogs.cpp:232; src/combustion/ChemkinParser.cpp:163
CFD-UG	Chapter 3: Single-Phase Flow Interfaces	The Use dynamic subgrid time scale checkbox is not selected by default.	mesh	present	src/io/VtuReader.hpp:39; src/combustion/FgmFlamelet.hpp:17; src/gpu/CudaContext.cpp:45
CFD-UG	Chapter 3: Single-Phase Flow Interfaces	Dependent Variables	ui	present	src/gui/Dialogs.cpp:232; src/io/CgnsWriter.cpp:14; src/adjoint/DiscreteAdjoint.hpp:15
CFD-UG	Chapter 3: Single-Phase Flow Interfaces	Turbulence	turbulence	partial	src/gui/Dialogs.cpp:232
CFD-UG	Chapter 3: Single-Phase Flow Interfaces	A different LES model can be selected under LES model. A RANS turbulence model	turbulence	present	src/cad/FeatureEdges.hpp:9; src/gpu/CudaContext.cpp:45; src/gui/Dialogs.cpp:232
CFD-UG	Chapter 3: Single-Phase Flow Interfaces	Wall Treatment	bc	partial	src/multiphase/VolumeOfFluid.hpp:10; src/gui/Dialogs.cpp:232
CFD-UG	Chapter 3: Single-Phase Flow Interfaces	Edit LES Model Parameters	turbulence	partial	src/gui/Dialogs.cpp:232; src/cad/PersistentIdManager.hpp:11
CFD-UG	Chapter 3: Single-Phase Flow Interfaces	Consistent Stabilization	ui	partial	src/gui/Dialogs.cpp:232; src/core/Command.hpp:92
CFD-UG	Chapter 3: Single-Phase Flow Interfaces	To enable this section, click the Show More Options button (	ui	present	src/visualization/OrientationGizmo.cpp:43; src/gui/Dialogs.cpp:232; src/combustion/ChemkinParser.cpp:163
CFD-UG	Chapter 3: Single-Phase Flow Interfaces	Dependent Variables	ui	present	src/gui/Dialogs.cpp:232; src/io/CgnsWriter.cpp:14; src/adjoint/DiscreteAdjoint.hpp:15
CFD-UG	Chapter 3: Single-Phase Flow Interfaces	Turbulence	turbulence	partial	src/gui/Dialogs.cpp:232
CFD-UG	Chapter 3: Single-Phase Flow Interfaces	A different LES model can be selected under LES model. A RANS turbulence model	turbulence	present	src/cad/FeatureEdges.hpp:9; src/gpu/CudaContext.cpp:45; src/gui/Dialogs.cpp:232
CFD-UG	Chapter 3: Single-Phase Flow Interfaces	Wall Treatment	bc	partial	src/multiphase/VolumeOfFluid.hpp:10; src/gui/Dialogs.cpp:232
CFD-UG	Chapter 3: Single-Phase Flow Interfaces	Edit Turbulence Model Parameters	turbulence	partial	src/gui/Dialogs.cpp:232; src/cad/PersistentIdManager.hpp:11
CFD-UG	Chapter 3: Single-Phase Flow Interfaces	Consistent Stabilization	ui	partial	src/gui/Dialogs.cpp:232; src/core/Command.hpp:92
CFD-UG	Chapter 3: Single-Phase Flow Interfaces	To enable this section, click the Show More Options button (	ui	present	src/visualization/OrientationGizmo.cpp:43; src/gui/Dialogs.cpp:232; src/combustion/ChemkinParser.cpp:163
CFD-UG	Chapter 3: Single-Phase Flow Interfaces	The Use dynamic subgrid time scale checkbox is not selected by default.	mesh	present	src/io/VtuReader.hpp:39; src/combustion/FgmFlamelet.hpp:17; src/gpu/CudaContext.cpp:45
CFD-UG	Chapter 3: Single-Phase Flow Interfaces	Dependent Variables	ui	present	src/gui/Dialogs.cpp:232; src/io/CgnsWriter.cpp:14; src/adjoint/DiscreteAdjoint.hpp:15
CFD-UG	Chapter 3: Single-Phase Flow Interfaces	Turbulence	turbulence	partial	src/gui/Dialogs.cpp:232
CFD-UG	Chapter 3: Single-Phase Flow Interfaces	A different LES model can be selected under LES model. A RANS turbulence model	turbulence	present	src/cad/FeatureEdges.hpp:9; src/gpu/CudaContext.cpp:45; src/gui/Dialogs.cpp:232
CFD-UG	Chapter 3: Single-Phase Flow Interfaces	Wall Treatment	bc	partial	src/multiphase/VolumeOfFluid.hpp:10; src/gui/Dialogs.cpp:232
CFD-UG	Chapter 3: Single-Phase Flow Interfaces	Edit Turbulence Model Parameters	turbulence	partial	src/gui/Dialogs.cpp:232; src/cad/PersistentIdManager.hpp:11
CFD-UG	Chapter 3: Single-Phase Flow Interfaces	Consistent Stabilization	ui	partial	src/gui/Dialogs.cpp:232; src/core/Command.hpp:92
CFD-UG	Chapter 3: Single-Phase Flow Interfaces	To enable this section, click the Show More Options button (	ui	present	src/visualization/OrientationGizmo.cpp:43; src/gui/Dialogs.cpp:232; src/combustion/ChemkinParser.cpp:163
CFD-UG	Chapter 3: Single-Phase Flow Interfaces	The Use dynamic subgrid time scale checkbox is not selected by default.	mesh	present	src/io/VtuReader.hpp:39; src/combustion/FgmFlamelet.hpp:17; src/gpu/CudaContext.cpp:45
CFD-UG	Chapter 3: Single-Phase Flow Interfaces	Dependent Variables	ui	present	src/gui/Dialogs.cpp:232; src/io/CgnsWriter.cpp:14; src/adjoint/DiscreteAdjoint.hpp:15
CFD-UG	Chapter 3: Single-Phase Flow Interfaces	Turbulence	turbulence	partial	src/gui/Dialogs.cpp:232
CFD-UG	Chapter 3: Single-Phase Flow Interfaces	A different LES model can be selected under LES model. A RANS turbulence model	turbulence	present	src/cad/FeatureEdges.hpp:9; src/gpu/CudaContext.cpp:45; src/gui/Dialogs.cpp:232
CFD-UG	Chapter 3: Single-Phase Flow Interfaces	Wall Treatment	bc	partial	src/multiphase/VolumeOfFluid.hpp:10; src/gui/Dialogs.cpp:232
CFD-UG	Chapter 3: Single-Phase Flow Interfaces	Edit Turbulence Model Parameters	turbulence	partial	src/gui/Dialogs.cpp:232; src/cad/PersistentIdManager.hpp:11
CFD-UG	Chapter 3: Single-Phase Flow Interfaces	Consistent Stabilization	ui	partial	src/gui/Dialogs.cpp:232; src/core/Command.hpp:92
CFD-UG	Chapter 3: Single-Phase Flow Interfaces	To enable this section, click the Show More Options button (	ui	present	src/visualization/OrientationGizmo.cpp:43; src/gui/Dialogs.cpp:232; src/combustion/ChemkinParser.cpp:163
CFD-UG	Chapter 3: Single-Phase Flow Interfaces	The Use dynamic subgrid time scale checkbox is not selected by default.	mesh	present	src/io/VtuReader.hpp:39; src/combustion/FgmFlamelet.hpp:17; src/gpu/CudaContext.cpp:45
CFD-UG	Chapter 3: Single-Phase Flow Interfaces	Dependent Variables	ui	present	src/gui/Dialogs.cpp:232; src/io/CgnsWriter.cpp:14; src/adjoint/DiscreteAdjoint.hpp:15
CFD-UG	Chapter 3: Single-Phase Flow Interfaces	Domain, Boundary, Pair, and Point Nodes for Single-Phase Flow	turbulence	partial	src/gui/Dialogs.cpp:232
CFD-UG	Chapter 3: Single-Phase Flow Interfaces	For 2D axisymmetric components, COMSOL Multiphysics takes the axial	bc	present	src/gpu/CgGpu.hpp:7; src/meshing/MedialAxisDecomposition.hpp:13; src/gui/Dialogs.cpp:232
CFD-UG	Chapter 3: Single-Phase Flow Interfaces	In the COMSOL Multiphysics Reference Manual, see Table 2-4 for links to common	ui	present	src/gui/Dialogs.cpp:232; src/gpu/GpuKernels.cpp:243; src/cad/Booleans.cpp:55
CFD-UG	Chapter 3: Single-Phase Flow Interfaces	Fluid Properties	materials	partial	src/gui/Dialogs.cpp:232; src/cad/CMakeLists.txt:42
CFD-UG	Chapter 3: Single-Phase Flow Interfaces	Model Inputs	ui	partial	src/gui/Dialogs.cpp:232
CFD-UG	Chapter 3: Single-Phase Flow Interfaces	Temperature	ui	partial	src/gui/Dialogs.cpp:232
CFD-UG	Chapter 3: Single-Phase Flow Interfaces	Absolute Pressure	ui	partial	src/solver/DualTimeStepping.hpp:33; src/gui/Dialogs.cpp:232
CFD-UG	Chapter 3: Single-Phase Flow Interfaces	Fluid Properties	materials	partial	src/gui/Dialogs.cpp:232; src/cad/CMakeLists.txt:42
CFD-UG	Chapter 3: Single-Phase Flow Interfaces	Density	ui	partial	src/gui/Dialogs.cpp:232
CFD-UG	Chapter 3: Single-Phase Flow Interfaces	Constitutive Relation	ui	present	src/multiphase/DriftFlux.hpp:10; src/multiphase/MixtureModel.hpp:6; src/gui/Dialogs.cpp:232
CFD-UG	Chapter 3: Single-Phase Flow Interfaces	Dynamic Viscosity	materials	present	src/gui/Dialogs.cpp:232; src/adjoint/ContinuousAdjoint.hpp:42; src/adjoint/ContinuousAdjoint.hpp:42
CFD-UG	Chapter 3: Single-Phase Flow Interfaces	Inelastic Non-Newtonian	ui	partial	src/materials/FluidsCatalog.hpp:4; src/gui/Dialogs.cpp:232
CFD-UG	Chapter 3: Single-Phase Flow Interfaces	Pa·s	ui	partial	src/gui/Dialogs.cpp:232
CFD-UG	Chapter 3: Single-Phase Flow Interfaces	Flow shear rate limit	ui	present	src/gui/Dialogs.cpp:232; src/acoustics/CurleAcoustics.hpp:25; src/core/IWallDistanceService.hpp:18
CFD-UG	Chapter 3: Single-Phase Flow Interfaces	Reference shear rate	ui	present	src/gui/Dialogs.cpp:232; src/core/IWallDistanceService.hpp:18; src/combustion/CanteraParser.cpp:230
CFD-UG	Chapter 3: Single-Phase Flow Interfaces	Pa·s	ui	partial	src/gui/Dialogs.cpp:232
CFD-UG	Chapter 3: Single-Phase Flow Interfaces	Pa·s	ui	partial	src/gui/Dialogs.cpp:232
CFD-UG	Chapter 3: Single-Phase Flow Interfaces	Pa·s	ui	partial	src/gui/Dialogs.cpp:232
CFD-UG	Chapter 3: Single-Phase Flow Interfaces	N/m2	ui	partial	src/gui/Dialogs.cpp:232
CFD-UG	Chapter 3: Single-Phase Flow Interfaces	Mixing Length Limit	ui	present	src/gui/Dialogs.cpp:232; src/acoustics/CurleAcoustics.hpp:25; src/combustion/EddyDissipationConcept.cpp:71
CFD-UG	Chapter 3: Single-Phase Flow Interfaces	Distance Equation	ui	partial	src/gui/Dialogs.cpp:232
CFD-UG	Chapter 3: Single-Phase Flow Interfaces	For the Turbulent Flow, Low Re k-ε; Turbulent Flow, k-ω with Low Re Wall	turbulence	partial	src/gui/Dialogs.cpp:232; src/combustion/GEquation.cpp:51
CFD-UG	Chapter 3: Single-Phase Flow Interfaces	Volume Force	ui	partial	src/gui/Dialogs.cpp:232; src/core/RotatingFileSink.hpp:36
CFD-UG	Chapter 3: Single-Phase Flow Interfaces	Initial Values	ui	partial	src/gui/Dialogs.cpp:232; src/core/ThreadPool.cpp:57
CFD-UG	Chapter 3: Single-Phase Flow Interfaces	Initial Values	ui	partial	src/gui/Dialogs.cpp:232; src/core/ThreadPool.cpp:57
CFD-UG	Chapter 3: Single-Phase Flow Interfaces	Wall	ui	partial	src/gui/Dialogs.cpp:232
CFD-UG	Chapter 3: Single-Phase Flow Interfaces	Boundary Condition	bc	partial	src/gui/Dialogs.cpp:232; src/core/BoundaryConditionRegistry.hpp:13
CFD-UG	Chapter 3: Single-Phase Flow Interfaces	Select a Boundary condition for the wall.	bc	partial	src/gui/Dialogs.cpp:232; src/core/BoundaryConditionRegistry.hpp:13
CFD-UG	Chapter 3: Single-Phase Flow Interfaces	No Slip	ui	partial	src/gui/Dialogs.cpp:232; src/gui/Dialogs.cpp:323
CFD-UG	Chapter 3: Single-Phase Flow Interfaces	Slip	ui	partial	src/gui/Dialogs.cpp:232; src/gui/Dialogs.cpp:323
CFD-UG	Chapter 3: Single-Phase Flow Interfaces	Slip Velocity	ui	partial	src/gui/Dialogs.cpp:232; src/gui/Dialogs.cpp:323
CFD-UG	Chapter 3: Single-Phase Flow Interfaces	Leaking Wall	ui	partial	src/gui/Dialogs.cpp:232
CFD-UG	Chapter 3: Single-Phase Flow Interfaces	Navier Slip	ui	present	src/gui/Dialogs.cpp:232; src/adjoint/ContinuousAdjoint.hpp:11; src/gui/Dialogs.cpp:323
CFD-UG	Chapter 3: Single-Phase Flow Interfaces	Wall Movement	ui	partial	src/gui/Dialogs.cpp:232
CFD-UG	Chapter 3: Single-Phase Flow Interfaces	Constraint Settings	ui	partial	src/meshing/AmrAdaptor.hpp:8; src/gui/Dialogs.cpp:232
CFD-UG	Chapter 3: Single-Phase Flow Interfaces	Inlet	bc	partial	src/gui/Dialogs.cpp:232; src/core/BoundaryConditionRegistry.hpp:10
CFD-UG	Chapter 3: Single-Phase Flow Interfaces	Boundary Condition	bc	partial	src/gui/Dialogs.cpp:232; src/core/BoundaryConditionRegistry.hpp:13
CFD-UG	Chapter 3: Single-Phase Flow Interfaces	Velocity	ui	partial	src/gui/Dialogs.cpp:232
CFD-UG	Chapter 3: Single-Phase Flow Interfaces	Pressure Conditions	ui	partial	src/gui/Dialogs.cpp:232; src/core/BoundaryConditionRegistry.hpp:9
CFD-UG	Chapter 3: Single-Phase Flow Interfaces	Mass Flow	ui	partial	src/gui/Dialogs.cpp:232
CFD-UG	Chapter 3: Single-Phase Flow Interfaces	Mass Flow Rate	ui	partial	src/gui/Dialogs.cpp:232; src/combustion/CanteraParser.cpp:230
CFD-UG	Chapter 3: Single-Phase Flow Interfaces	Pointwise Mass Flux	ui	partial	src/io/CgnsReader.hpp:9; src/gui/Dialogs.cpp:232
CFD-UG	Chapter 3: Single-Phase Flow Interfaces	Standard Flow Rate	ui	present	src/gui/Dialogs.cpp:232; src/combustion/CanteraParser.cpp:230; src/acoustics/CurleAcoustics.cpp:29
CFD-UG	Chapter 3: Single-Phase Flow Interfaces	Standard Flow Rate (SCCM)	ui	present	src/gui/Dialogs.cpp:232; src/combustion/CanteraParser.cpp:230; src/acoustics/CurleAcoustics.cpp:29
CFD-UG	Chapter 3: Single-Phase Flow Interfaces	Fully Developed Flow	ui	partial	src/gui/Dialogs.cpp:232; src/combustion/LaminarFiniteRate.hpp:22
CFD-UG	Chapter 3: Single-Phase Flow Interfaces	Turbulence Conditions	turbulence	partial	src/gui/Dialogs.cpp:232; src/core/BoundaryConditionRegistry.hpp:9
CFD-UG	Chapter 3: Single-Phase Flow Interfaces	Boundary	ui	partial	src/gui/Dialogs.cpp:232
CFD-UG	Chapter 3: Single-Phase Flow Interfaces	Boundary	ui	partial	src/gui/Dialogs.cpp:232
CFD-UG	Chapter 3: Single-Phase Flow Interfaces	Stress	ui	partial	src/gui/Dialogs.cpp:232; src/acoustics/CurleAcoustics.hpp:24
CFD-UG	Chapter 3: Single-Phase Flow Interfaces	Geometry	geometry	n/a	
CFD-UG	Chapter 3: Single-Phase Flow Interfaces	Turbulent kinetic energy (m /	turbulence	present	src/turbulence/KKLOmegaTransition.hpp:7; src/gui/Dialogs.cpp:232; src/combustion/GEquation.cpp:51
CFD-UG	Chapter 3: Single-Phase Flow Interfaces	Specific dissipation rate (1/s)	ui	present	src/gui/Dialogs.cpp:232; src/combustion/EddyDissipationConcept.hpp:6; src/combustion/ThermoNasaParser.hpp:55
CFD-UG	Chapter 3: Single-Phase Flow Interfaces	Undamped turbulent	turbulence	partial	src/gui/Dialogs.cpp:232; src/combustion/GEquation.cpp:51
CFD-UG	Chapter 3: Single-Phase Flow Interfaces	Intermittency (dimensionless)	ui	present	src/turbulence/GammaReThetaTransition.cpp:161; src/particles/SprayBreakup.hpp:23; src/gui/Dialogs.cpp:232
CFD-UG	Chapter 3: Single-Phase Flow Interfaces	For the Large Eddy Simulation and Detached Eddy Simulation interfaces, when the	ui	present	src/turbulence/IDDES.hpp:4; src/gui/Dialogs.cpp:232; src/combustion/EddyDissipationConcept.hpp:6
CFD-UG	Chapter 3: Single-Phase Flow Interfaces	About the Turbulent Intensity and Turbulence Length Scale Parameters	turbulence	present	src/gui/Dialogs.cpp:232; src/radiation/DiscreteOrdinates.cpp:121; src/combustion/GEquation.cpp:51
CFD-UG	Chapter 3: Single-Phase Flow Interfaces	C μ  3 ( I T U ref )  2	ui	partial	src/gui/Dialogs.cpp:232
CFD-UG	Chapter 3: Single-Phase Flow Interfaces	For the Open Boundary and Boundary Stress options, and with any Turbulent Flow	turbulence	present	src/gui/Dialogs.cpp:232; src/acoustics/CurleAcoustics.hpp:24; src/combustion/GEquation.cpp:51
CFD-UG	Chapter 3: Single-Phase Flow Interfaces	Viscoelastic Stress	ui	partial	src/gui/Dialogs.cpp:232; src/acoustics/CurleAcoustics.hpp:24
CFD-UG	Chapter 3: Single-Phase Flow Interfaces	Constraint Settings	ui	partial	src/meshing/AmrAdaptor.hpp:8; src/gui/Dialogs.cpp:232
CFD-UG	Chapter 3: Single-Phase Flow Interfaces	Physics Options.	ui	partial	src/gui/Dialogs.cpp:232; src/combustion/LaminarFiniteRate.cpp:110
CFD-UG	Chapter 3: Single-Phase Flow Interfaces	For recommendations of physically sound values for the Turbulent	turbulence	present	src/gui/Dialogs.cpp:232; src/acoustics/FwhSurface.hpp:25; src/combustion/GEquation.cpp:51
CFD-UG	Chapter 3: Single-Phase Flow Interfaces	Stationary Incompressible Flow over a Backstep (inlet): Application	bc	present	src/gui/Dialogs.cpp:232; src/acoustics/FwhSurface.cpp:115; src/acoustics/CurleAcoustics.hpp:26
CFD-UG	Chapter 3: Single-Phase Flow Interfaces	Outlet	bc	partial	src/gui/Dialogs.cpp:232; src/core/BoundaryConditionRegistry.hpp:10
CFD-UG	Chapter 3: Single-Phase Flow Interfaces	Boundary Condition	bc	partial	src/gui/Dialogs.cpp:232; src/core/BoundaryConditionRegistry.hpp:13
CFD-UG	Chapter 3: Single-Phase Flow Interfaces	Pressure Conditions	ui	partial	src/gui/Dialogs.cpp:232; src/core/BoundaryConditionRegistry.hpp:9
CFD-UG	Chapter 3: Single-Phase Flow Interfaces	Velocity	ui	partial	src/gui/Dialogs.cpp:232
CFD-UG	Chapter 3: Single-Phase Flow Interfaces	Fully Developed Flow	ui	partial	src/gui/Dialogs.cpp:232; src/combustion/LaminarFiniteRate.hpp:22
CFD-UG	Chapter 3: Single-Phase Flow Interfaces	Mass Flow	ui	partial	src/gui/Dialogs.cpp:232
CFD-UG	Chapter 3: Single-Phase Flow Interfaces	Constraint Settings	ui	partial	src/meshing/AmrAdaptor.hpp:8; src/gui/Dialogs.cpp:232
CFD-UG	Chapter 3: Single-Phase Flow Interfaces	Symmetry	bc	partial	src/gui/Dialogs.cpp:232; src/core/BoundaryConditionRegistry.hpp:10
CFD-UG	Chapter 3: Single-Phase Flow Interfaces	Boundary Selection	ui	partial	src/gui/Dialogs.cpp:232
CFD-UG	Chapter 3: Single-Phase Flow Interfaces	For 2D axial symmetry, a boundary condition does not need to be defined for the	bc	present	src/meshing/MedialAxisDecomposition.hpp:13; src/gui/Dialogs.cpp:232; src/core/BoundaryConditionRegistry.hpp:13
CFD-UG	Chapter 3: Single-Phase Flow Interfaces	Constraint Settings	ui	partial	src/meshing/AmrAdaptor.hpp:8; src/gui/Dialogs.cpp:232
CFD-UG	Chapter 3: Single-Phase Flow Interfaces	Open Boundary	ui	partial	src/gui/Dialogs.cpp:232
CFD-UG	Chapter 3: Single-Phase Flow Interfaces	Boundary Conditions	bc	partial	src/gui/Dialogs.cpp:232; src/core/BoundaryConditionRegistry.hpp:9
CFD-UG	Chapter 3: Single-Phase Flow Interfaces	No Viscous Stress	ui	present	src/gui/Dialogs.cpp:232; src/io/ForcesReport.cpp:60; src/acoustics/CurleAcoustics.hpp:24
CFD-UG	Chapter 3: Single-Phase Flow Interfaces	Turbulence Conditions	turbulence	partial	src/gui/Dialogs.cpp:232; src/core/BoundaryConditionRegistry.hpp:9
CFD-UG	Chapter 3: Single-Phase Flow Interfaces	Viscoelastic Stress	ui	partial	src/gui/Dialogs.cpp:232; src/acoustics/CurleAcoustics.hpp:24
CFD-UG	Chapter 3: Single-Phase Flow Interfaces	Boundary Stress	ui	partial	src/gui/Dialogs.cpp:232; src/acoustics/CurleAcoustics.hpp:24
CFD-UG	Chapter 3: Single-Phase Flow Interfaces	Boundary Condition	bc	partial	src/gui/Dialogs.cpp:232; src/core/BoundaryConditionRegistry.hpp:13
CFD-UG	Chapter 3: Single-Phase Flow Interfaces	General Stress	ui	partial	src/gui/Dialogs.cpp:232; src/acoustics/CurleAcoustics.hpp:24
CFD-UG	Chapter 3: Single-Phase Flow Interfaces	Normal Stress, Normal Flow	ui	partial	src/gui/Dialogs.cpp:232; src/acoustics/CurleAcoustics.hpp:24
CFD-UG	Chapter 3: Single-Phase Flow Interfaces	If ∂un/∂n is small, Equation 3-9 states that p ≈ f0.	ui	partial	src/scripting/Repl.hpp:7; src/gui/Dialogs.cpp:232
CFD-UG	Chapter 3: Single-Phase Flow Interfaces	Turbulent Boundary Type	turbulence	partial	src/gui/Dialogs.cpp:232; src/combustion/GEquation.cpp:51
CFD-UG	Chapter 3: Single-Phase Flow Interfaces	Turbulence Conditions	turbulence	partial	src/gui/Dialogs.cpp:232; src/core/BoundaryConditionRegistry.hpp:9
CFD-UG	Chapter 3: Single-Phase Flow Interfaces	Viscoelastic Stress	ui	partial	src/gui/Dialogs.cpp:232; src/acoustics/CurleAcoustics.hpp:24
CFD-UG	Chapter 3: Single-Phase Flow Interfaces	Constraint Settings	ui	partial	src/meshing/AmrAdaptor.hpp:8; src/gui/Dialogs.cpp:232
CFD-UG	Chapter 3: Single-Phase Flow Interfaces	Physics Options.	ui	partial	src/gui/Dialogs.cpp:232; src/combustion/LaminarFiniteRate.cpp:110
CFD-UG	Chapter 3: Single-Phase Flow Interfaces	Screen	ui	partial	src/gui/Dialogs.cpp:232; src/visualization/Annotation.hpp:6
CFD-UG	Chapter 3: Single-Phase Flow Interfaces	Screen Type	ui	partial	src/gui/Dialogs.cpp:232; src/visualization/Annotation.hpp:6
CFD-UG	Chapter 3: Single-Phase Flow Interfaces	Parameters	scripting	partial	src/gui/Dialogs.cpp:232
CFD-UG	Chapter 3: Single-Phase Flow Interfaces	Vacuum Pump	ui	partial	src/io/GmshReader.cpp:282; src/gui/Dialogs.cpp:232
CFD-UG	Chapter 3: Single-Phase Flow Interfaces	Parameters	scripting	partial	src/gui/Dialogs.cpp:232
CFD-UG	Chapter 3: Single-Phase Flow Interfaces	Vacuum Pump Performance Curve, Linear	ui	present	src/io/GmshReader.cpp:282; src/gui/Dialogs.cpp:232; src/gpu/GpuKernels.cpp:258
CFD-UG	Chapter 3: Single-Phase Flow Interfaces	Vacuum Pump Performance Curve, Data	ui	present	src/io/GmshReader.cpp:282; src/gui/Dialogs.cpp:232; src/gpu/GpuKernels.cpp:258
CFD-UG	Chapter 3: Single-Phase Flow Interfaces	Vacuum Pump Performance Curve, User Defined	ui	present	src/io/GmshReader.cpp:282; src/gui/Dialogs.cpp:232; src/gpu/GpuKernels.cpp:258
CFD-UG	Chapter 3: Single-Phase Flow Interfaces	Vacuum Pump Performance Curve Data	ui	present	src/io/GmshReader.cpp:282; src/gui/Dialogs.cpp:232; src/gpu/GpuKernels.cpp:258
CFD-UG	Chapter 3: Single-Phase Flow Interfaces	Units	ui	partial	src/gui/Dialogs.cpp:232; src/cad/ShapeHandleInternal.hpp:7
CFD-UG	Chapter 3: Single-Phase Flow Interfaces	Vacuum Pump Performance Curve Interpolation	ui	present	src/io/GmshReader.cpp:282; src/gui/Dialogs.cpp:232; src/gpu/GpuKernels.cpp:258
CFD-UG	Chapter 3: Single-Phase Flow Interfaces	Vacuum Pump Boundary Condition	bc	present	src/io/GmshReader.cpp:282; src/gui/Dialogs.cpp:232; src/core/BoundaryConditionRegistry.hpp:13
CFD-UG	Chapter 3: Single-Phase Flow Interfaces	The Vacuum Pump feature computes the flux across the boundary	ui	present	src/io/GmshReader.cpp:282; src/cad/FeatureEdges.cpp:148; src/gui/Dialogs.cpp:232
CFD-UG	Chapter 3: Single-Phase Flow Interfaces	Periodic Flow Condition	bc	present	src/gui/Dialogs.cpp:232; src/core/BoundaryConditionRegistry.hpp:13; src/core/BoundaryConditionRegistry.hpp:10
CFD-UG	Chapter 3: Single-Phase Flow Interfaces	Boundary Selection	ui	partial	src/gui/Dialogs.cpp:232
CFD-UG	Chapter 3: Single-Phase Flow Interfaces	Destination Selection	ui	partial	src/core/CrashHandler.hpp:9; src/gui/Dialogs.cpp:232
CFD-UG	Chapter 3: Single-Phase Flow Interfaces	Flow Condition	ui	partial	src/gui/Dialogs.cpp:232; src/core/BoundaryConditionRegistry.hpp:13
CFD-UG	Chapter 3: Single-Phase Flow Interfaces	Orientation Of Source	ui	partial	src/gui/Dialogs.cpp:232; src/cad/FeatureEdges.cpp:64
CFD-UG	Chapter 3: Single-Phase Flow Interfaces	Orientation Of Destination	ui	present	src/core/CrashHandler.hpp:9; src/gui/Dialogs.cpp:232; src/cad/FeatureEdges.cpp:64
CFD-UG	Chapter 3: Single-Phase Flow Interfaces	Options is selected in the Show More Options dialog. For information about the	ui	present	src/gui/Dialogs.hpp:5; src/gpu/CudaContext.cpp:45; src/gui/Dialogs.cpp:232
CFD-UG	Chapter 3: Single-Phase Flow Interfaces	Mapping Between Source And Destination	ui	present	src/core/CrashHandler.hpp:9; src/gui/Dialogs.cpp:232; src/cad/CadKernel.hpp:75
CFD-UG	Chapter 3: Single-Phase Flow Interfaces	Fan	ui	partial	src/gui/Dialogs.cpp:232
CFD-UG	Chapter 3: Single-Phase Flow Interfaces	Flow Direction	ui	partial	src/gui/Dialogs.cpp:232
CFD-UG	Chapter 3: Single-Phase Flow Interfaces	Parameters	scripting	partial	src/gui/Dialogs.cpp:232
CFD-UG	Chapter 3: Single-Phase Flow Interfaces	Static Pressure Curve, Linear	ui	partial	src/gui/Dialogs.cpp:232; src/cad/FeatureEdges.cpp:12
CFD-UG	Chapter 3: Single-Phase Flow Interfaces	Static Pressure Curve, Data	ui	partial	src/gui/Dialogs.cpp:232; src/cad/FeatureEdges.cpp:12
CFD-UG	Chapter 3: Single-Phase Flow Interfaces	Static Pressure Curve, User Defined	ui	partial	src/gui/Dialogs.cpp:232; src/cad/FeatureEdges.cpp:12
CFD-UG	Chapter 3: Single-Phase Flow Interfaces	Units	ui	partial	src/gui/Dialogs.cpp:232; src/cad/ShapeHandleInternal.hpp:7
CFD-UG	Chapter 3: Single-Phase Flow Interfaces	Static Pressure Curve Data	ui	partial	src/gui/Dialogs.cpp:232; src/cad/FeatureEdges.cpp:12
CFD-UG	Chapter 3: Single-Phase Flow Interfaces	Static Pressure Curve Interpolation	ui	present	src/gui/Dialogs.cpp:232; src/cad/FeatureEdges.cpp:12; src/acoustics/FwhSurface.cpp:22
CFD-UG	Chapter 3: Single-Phase Flow Interfaces	Turbulence Conditions On Fan Outlet	bc	present	src/gui/Dialogs.cpp:232; src/core/BoundaryConditionRegistry.hpp:10; src/core/BoundaryConditionRegistry.hpp:9
CFD-UG	Chapter 3: Single-Phase Flow Interfaces	Fan and Grille Boundary Conditions	bc	partial	src/gui/Dialogs.cpp:232; src/core/BoundaryConditionRegistry.hpp:9
CFD-UG	Chapter 3: Single-Phase Flow Interfaces	The Fan feature uses the flux across the boundary selection. This feature	ui	partial	src/cad/FeatureEdges.cpp:148; src/gui/Dialogs.cpp:232
CFD-UG	Chapter 3: Single-Phase Flow Interfaces	Interior Fan	bc	partial	src/gui/Dialogs.cpp:232; src/io/FluentMshReader.cpp:123
CFD-UG	Chapter 3: Single-Phase Flow Interfaces	Flow Direction	ui	partial	src/gui/Dialogs.cpp:232
CFD-UG	Chapter 3: Single-Phase Flow Interfaces	Parameters	scripting	partial	src/gui/Dialogs.cpp:232
CFD-UG	Chapter 3: Single-Phase Flow Interfaces	Turbulence Conditions On Fan Outlet	bc	present	src/gui/Dialogs.cpp:232; src/core/BoundaryConditionRegistry.hpp:10; src/core/BoundaryConditionRegistry.hpp:9
CFD-UG	Chapter 3: Single-Phase Flow Interfaces	Fan Defined on an Interior Boundary	bc	partial	src/gui/Dialogs.cpp:232; src/io/FluentMshReader.cpp:123
CFD-UG	Chapter 3: Single-Phase Flow Interfaces	The Interior Fan feature uses the flux across the boundary selection. This	bc	present	src/cad/FeatureEdges.cpp:148; src/gui/Dialogs.cpp:232; src/io/FluentMshReader.cpp:123
CFD-UG	Chapter 3: Single-Phase Flow Interfaces	Interior Wall	bc	partial	src/gui/Dialogs.cpp:232; src/io/FluentMshReader.cpp:123
CFD-UG	Chapter 3: Single-Phase Flow Interfaces	Boundary Condition	bc	partial	src/gui/Dialogs.cpp:232; src/core/BoundaryConditionRegistry.hpp:13
CFD-UG	Chapter 3: Single-Phase Flow Interfaces	No Slip	ui	partial	src/gui/Dialogs.cpp:232; src/gui/Dialogs.cpp:323
CFD-UG	Chapter 3: Single-Phase Flow Interfaces	Slip	ui	partial	src/gui/Dialogs.cpp:232; src/gui/Dialogs.cpp:323
CFD-UG	Chapter 3: Single-Phase Flow Interfaces	Navier Slip	ui	present	src/gui/Dialogs.cpp:232; src/adjoint/ContinuousAdjoint.hpp:11; src/gui/Dialogs.cpp:323
CFD-UG	Chapter 3: Single-Phase Flow Interfaces	Wall Movement	ui	partial	src/gui/Dialogs.cpp:232
CFD-UG	Chapter 3: Single-Phase Flow Interfaces	Constraint Settings	ui	partial	src/meshing/AmrAdaptor.hpp:8; src/gui/Dialogs.cpp:232
CFD-UG	Chapter 3: Single-Phase Flow Interfaces	Grille	ui	partial	src/gui/Dialogs.cpp:232
CFD-UG	Chapter 3: Single-Phase Flow Interfaces	Parameters	scripting	partial	src/gui/Dialogs.cpp:232
CFD-UG	Chapter 3: Single-Phase Flow Interfaces	Turbulence Conditions	turbulence	partial	src/gui/Dialogs.cpp:232; src/core/BoundaryConditionRegistry.hpp:9
CFD-UG	Chapter 3: Single-Phase Flow Interfaces	The Grille feature uses the flow rate across the boundary selection. This	ui	present	src/cad/FeatureEdges.cpp:148; src/gui/Dialogs.cpp:232; src/combustion/CanteraParser.cpp:230
CFD-UG	Chapter 3: Single-Phase Flow Interfaces	Porous Interface	ui	partial	src/gui/Dialogs.cpp:232; src/gui/Dialogs.cpp:368
CFD-UG	Chapter 3: Single-Phase Flow Interfaces	Flow Continuity	ui	partial	src/gui/Dialogs.cpp:232; src/cad/Defeaturing.cpp:11
CFD-UG	Chapter 3: Single-Phase Flow Interfaces	Pressure Point Constraint	ui	partial	src/gui/Dialogs.cpp:232; src/meshing/AmrAdaptor.hpp:8
CFD-UG	Chapter 3: Single-Phase Flow Interfaces	Pressure Constraint	ui	partial	src/gui/Dialogs.cpp:232; src/meshing/AmrAdaptor.hpp:8
CFD-UG	Chapter 3: Single-Phase Flow Interfaces	Constraint Settings	ui	partial	src/meshing/AmrAdaptor.hpp:8; src/gui/Dialogs.cpp:232
CFD-UG	Chapter 3: Single-Phase Flow Interfaces	Physics Options.	ui	partial	src/gui/Dialogs.cpp:232; src/combustion/LaminarFiniteRate.cpp:110
CFD-UG	Chapter 3: Single-Phase Flow Interfaces	Average Pressure	ui	partial	src/gui/Dialogs.cpp:232; src/cad/StepReader.cpp:32
CFD-UG	Chapter 3: Single-Phase Flow Interfaces	Average Pressure Constraint	ui	present	src/gui/Dialogs.cpp:232; src/meshing/AmrAdaptor.hpp:8; src/cad/StepReader.cpp:32
CFD-UG	Chapter 3: Single-Phase Flow Interfaces	Point Mass Source	ui	partial	src/gui/Dialogs.cpp:232
CFD-UG	Chapter 3: Single-Phase Flow Interfaces	Source Strength	ui	partial	src/solver/AMGPreconditioner.cpp:39; src/gui/Dialogs.cpp:232
CFD-UG	Chapter 3: Single-Phase Flow Interfaces	Line Mass Source	ui	partial	src/gui/Dialogs.cpp:232
CFD-UG	Chapter 3: Single-Phase Flow Interfaces	Selection	ui	partial	src/gui/Dialogs.cpp:232
CFD-UG	Chapter 3: Single-Phase Flow Interfaces	Model Dimension	ui	partial	src/gui/Dialogs.cpp:232; src/adjoint/DiscreteAdjoint.hpp:37
CFD-UG	Chapter 3: Single-Phase Flow Interfaces	Applicable Geometrical Entity	ui	partial	src/gui/Dialogs.cpp:232; src/cad/PersistentIdManager.cpp:14
CFD-UG	Chapter 3: Single-Phase Flow Interfaces	Source Strength	ui	partial	src/solver/AMGPreconditioner.cpp:39; src/gui/Dialogs.cpp:232
CFD-UG	Chapter 3: Single-Phase Flow Interfaces	Generate New Turbulence Model Interface	turbulence	partial	src/gui/Dialogs.cpp:232; src/meshing/AdvancingFrontSurface.cpp:86
CFD-UG	Chapter 3: Single-Phase Flow Interfaces	Model Generation	ui	partial	src/gpu/RenderingBridge.hpp:34; src/gui/Dialogs.cpp:232
CFD-UG	Chapter 3: Single-Phase Flow Interfaces	Turbulence Model Interface	turbulence	partial	src/gui/Dialogs.cpp:232
CFD-UG	Chapter 3: Single-Phase Flow Interfaces	All available turbulence models can be selected from the list:	turbulence	present	src/gpu/CudaContext.cpp:45; src/gui/Dialogs.cpp:232; src/amr/AdaptiveRefinement.hpp:11
CFD-UG	Chapter 3: Single-Phase Flow Interfaces	Study	ui	n/a	
CFD-UG	Chapter 3: Single-Phase Flow Interfaces	Gravity	ui	partial	src/gui/Dialogs.cpp:232; src/dynamics/SixDof.cpp:72
CFD-UG	Chapter 3: Single-Phase Flow Interfaces	Acceleration Of Gravity	ui	present	src/gui/Dialogs.cpp:232; src/gui/Dialogs.cpp:151; src/dynamics/SixDof.cpp:72
CFD-UG	Chapter 3: Single-Phase Flow Interfaces	Rotating Frame	dynamic	partial	src/gui/Dialogs.cpp:232; src/core/RotatingFileSink.hpp:6
CFD-UG	Chapter 3: Single-Phase Flow Interfaces	Rotating Frame	dynamic	partial	src/gui/Dialogs.cpp:232; src/core/RotatingFileSink.hpp:6
CFD-UG	Chapter 3: Single-Phase Flow Interfaces	In 2D axial symmetry, the axis of rotation is the symmetry axis.	bc	present	src/meshing/MedialAxisDecomposition.hpp:13; src/gui/Dialogs.cpp:232; src/core/BoundaryConditionRegistry.hpp:10
CFD-UG	Chapter 3: Single-Phase Flow Interfaces	The Rotating Machinery, Laminar and	dynamic	present	src/gui/Dialogs.cpp:232; src/cad/Healing.hpp:6; src/combustion/EddyDissipationConcept.hpp:15
CFD-UG	Chapter 3: Single-Phase Flow Interfaces	Moving Mesh	mesh	partial	src/gui/Dialogs.cpp:232; src/dynamics/SixDof.hpp:18
CFD-UG	Chapter 3: Single-Phase Flow Interfaces	Rotating Domains	dynamic	partial	src/gui/Dialogs.cpp:232; src/core/RotatingFileSink.hpp:6
CFD-UG	Chapter 3: Single-Phase Flow Interfaces	Pseudo Time Stepping for Laminar Flow Models	solver	present	src/gui/RibbonContent.cpp:78; src/gui/Dialogs.cpp:232; src/combustion/GEquation.cpp:68
CFD-UG	Chapter 3: Single-Phase Flow Interfaces	Settings	ui	n/a	
CFD-UG	Chapter 3: Single-Phase Flow Interfaces	The Label is the default physics interface name.	ui	partial	src/gui/Dialogs.cpp:232; src/combustion/LaminarFiniteRate.cpp:110
CFD-UG	Chapter 3: Single-Phase Flow Interfaces	Advanced Settings	ui	partial	src/gui/Dialogs.cpp:232; src/combustion/TransportedPdf.hpp:8
CFD-UG	Chapter 3: Single-Phase Flow Interfaces	Pseudo Time Stepping	solver	present	src/gui/RibbonContent.cpp:78; src/gui/Dialogs.cpp:232; src/combustion/GEquation.cpp:68
CFD-UG	Chapter 3: Single-Phase Flow Interfaces	The Rotating Machinery, Turbulent Flow, Algebraic yPlus Interface	turbulence	present	src/gui/Dialogs.cpp:232; src/cad/Healing.hpp:6; src/combustion/NoxThermalPromptFuel.hpp:12
CFD-UG	Chapter 3: Single-Phase Flow Interfaces	Turbulence Model Parameters	turbulence	partial	src/gui/Dialogs.cpp:232
CFD-UG	Chapter 3: Single-Phase Flow Interfaces	Dependent Variables	ui	present	src/gui/Dialogs.cpp:232; src/io/CgnsWriter.cpp:14; src/adjoint/DiscreteAdjoint.hpp:15
CFD-UG	Chapter 3: Single-Phase Flow Interfaces	The Rotating Machinery, Turbulent Flow, L-VEL Interface	turbulence	present	src/gui/Dialogs.cpp:232; src/cad/Healing.hpp:6; src/combustion/GEquation.cpp:51
CFD-UG	Chapter 3: Single-Phase Flow Interfaces	Turbulence Model Parameters	turbulence	partial	src/gui/Dialogs.cpp:232
CFD-UG	Chapter 3: Single-Phase Flow Interfaces	The turbulence model parameters for the L-VEL model, κl and El, have been	turbulence	partial	src/gui/Dialogs.cpp:232
CFD-UG	Chapter 3: Single-Phase Flow Interfaces	Dependent Variables	ui	present	src/gui/Dialogs.cpp:232; src/io/CgnsWriter.cpp:14; src/adjoint/DiscreteAdjoint.hpp:15
CFD-UG	Chapter 3: Single-Phase Flow Interfaces	The Rotating Machinery, Turbulent Flow, k-ε Interface	turbulence	present	src/gui/Dialogs.cpp:232; src/cad/Healing.hpp:6; src/combustion/GEquation.cpp:51
CFD-UG	Chapter 3: Single-Phase Flow Interfaces	Turbulence Model Parameters	turbulence	partial	src/gui/Dialogs.cpp:232
CFD-UG	Chapter 3: Single-Phase Flow Interfaces	Dependent Variables	ui	present	src/gui/Dialogs.cpp:232; src/io/CgnsWriter.cpp:14; src/adjoint/DiscreteAdjoint.hpp:15
CFD-UG	Chapter 3: Single-Phase Flow Interfaces	Stationary Free Surface	ui	partial	src/gui/Dialogs.cpp:232; src/acoustics/FwhSurface.cpp:115
CFD-UG	Chapter 3: Single-Phase Flow Interfaces	Stationary Free Surface	ui	partial	src/gui/Dialogs.cpp:232; src/acoustics/FwhSurface.cpp:115
CFD-UG	Chapter 3: Single-Phase Flow Interfaces	Surface Tension	ui	partial	src/gui/Dialogs.cpp:232; src/multiphase/PlicReconstruction.hpp:24
CFD-UG	Chapter 3: Single-Phase Flow Interfaces	Contact Angle	ui	present	src/gui/Dialogs.cpp:232; src/multiphase/SurfaceTensionCsf.cpp:54; src/cad/CadKernel.hpp:22
CFD-UG	Chapter 3: Single-Phase Flow Interfaces	The Viscoelastic Flow Interface	ui	partial	src/gui/Dialogs.cpp:232
CFD-UG	Chapter 3: Single-Phase Flow Interfaces	Settings	ui	n/a	
CFD-UG	Chapter 3: Single-Phase Flow Interfaces	The Label is the default physics interface name.	ui	partial	src/gui/Dialogs.cpp:232; src/combustion/LaminarFiniteRate.cpp:110
CFD-UG	Chapter 3: Single-Phase Flow Interfaces	Physical Model	ui	partial	src/gui/Dialogs.cpp:232; src/io/GmshReader.cpp:140
CFD-UG	Chapter 3: Single-Phase Flow Interfaces	Include Gravity	ui	partial	src/gui/Dialogs.cpp:232; src/dynamics/SixDof.cpp:72
CFD-UG	Chapter 3: Single-Phase Flow Interfaces	Swirl Flow	ui	partial	src/particles/ConeInjector.cpp:36; src/gui/Dialogs.cpp:232
CFD-UG	Chapter 3: Single-Phase Flow Interfaces	Dependent Variables	ui	present	src/gui/Dialogs.cpp:232; src/io/CgnsWriter.cpp:14; src/adjoint/DiscreteAdjoint.hpp:15
CFD-UG	Chapter 3: Single-Phase Flow Interfaces	Fluid Properties	materials	partial	src/gui/Dialogs.cpp:232; src/cad/CMakeLists.txt:42
CFD-UG	Chapter 3: Single-Phase Flow Interfaces	Constitutive Relation	ui	present	src/multiphase/DriftFlux.hpp:10; src/multiphase/MixtureModel.hpp:6; src/gui/Dialogs.cpp:232
CFD-UG	Chapter 3: Single-Phase Flow Interfaces	Oldroyd-B	ui	partial	src/gui/Dialogs.cpp:232
CFD-UG	Chapter 3: Single-Phase Flow Interfaces	Giesekus	ui	partial	src/gui/Dialogs.cpp:232
CFD-UG	Chapter 3: Single-Phase Flow Interfaces	Fene-P	ui	partial	src/gui/Dialogs.cpp:232
CFD-UG	Chapter 3: Single-Phase Flow Interfaces	Discretization	solver	partial	src/solver/Solver.hpp:26; src/gui/Dialogs.cpp:232
CFD-UG	Chapter 3: Single-Phase Flow Interfaces	Initial Values	ui	partial	src/gui/Dialogs.cpp:232; src/core/ThreadPool.cpp:57
CFD-UG	Chapter 3: Single-Phase Flow Interfaces	The Potential Flow Interfaces	ui	partial	src/gui/Dialogs.cpp:232; src/emag/AvFormulation.hpp:6
CFD-UG	Chapter 3: Single-Phase Flow Interfaces	Settings	ui	n/a	
CFD-UG	Chapter 3: Single-Phase Flow Interfaces	The Label is the default physics interface name.	ui	partial	src/gui/Dialogs.cpp:232; src/combustion/LaminarFiniteRate.cpp:110
CFD-UG	Chapter 3: Single-Phase Flow Interfaces	Pressure	ui	partial	src/gui/Dialogs.cpp:232
CFD-UG	Chapter 3: Single-Phase Flow Interfaces	Dependent Variables	ui	present	src/gui/Dialogs.cpp:232; src/io/CgnsWriter.cpp:14; src/adjoint/DiscreteAdjoint.hpp:15
CFD-UG	Chapter 3: Single-Phase Flow Interfaces	Discretization	solver	partial	src/solver/Solver.hpp:26; src/gui/Dialogs.cpp:232
CFD-UG	Chapter 3: Single-Phase Flow Interfaces	Flow Around an Inclined NACA 0012 Airfoil: Application Library	ui	present	src/acoustics/CurleAcoustics.hpp:8; src/gui/Dialogs.cpp:232; src/core/PluginLoader.hpp:10
CFD-UG	Chapter 3: Single-Phase Flow Interfaces	Domain, Boundary, Point, and Pair Nodes for the Incompressible	turbulence	partial	src/gui/Dialogs.cpp:232; src/acoustics/CurleAcoustics.hpp:26
CFD-UG	Chapter 3: Single-Phase Flow Interfaces	Boundary conditions for axial symmetry boundaries are not required. For	bc	present	src/meshing/MedialAxisDecomposition.hpp:13; src/gui/Dialogs.cpp:232; src/cad/Healing.hpp:15
CFD-UG	Chapter 3: Single-Phase Flow Interfaces	In the COMSOL Multiphysics Reference Manual see Table 2-4 for links	ui	partial	src/gui/Dialogs.cpp:232; src/gpu/GpuKernels.cpp:243
CFD-UG	Chapter 3: Single-Phase Flow Interfaces	Fluid Properties	materials	partial	src/gui/Dialogs.cpp:232; src/cad/CMakeLists.txt:42
CFD-UG	Chapter 3: Single-Phase Flow Interfaces	Material Properties	materials	present	src/gui/Dialogs.cpp:232; src/cad/CMakeLists.txt:42; src/cad/FeatureEdges.hpp:9
CFD-UG	Chapter 3: Single-Phase Flow Interfaces	Initial Values	ui	partial	src/gui/Dialogs.cpp:232; src/core/ThreadPool.cpp:57
CFD-UG	Chapter 3: Single-Phase Flow Interfaces	Initial Values	ui	partial	src/gui/Dialogs.cpp:232; src/core/ThreadPool.cpp:57
CFD-UG	Chapter 3: Single-Phase Flow Interfaces	Wall	ui	partial	src/gui/Dialogs.cpp:232
CFD-UG	Chapter 3: Single-Phase Flow Interfaces	Wall Movement	ui	partial	src/gui/Dialogs.cpp:232
CFD-UG	Chapter 3: Single-Phase Flow Interfaces	Velocity	ui	partial	src/gui/Dialogs.cpp:232
CFD-UG	Chapter 3: Single-Phase Flow Interfaces	Open Boundary	ui	partial	src/gui/Dialogs.cpp:232
CFD-UG	Chapter 3: Single-Phase Flow Interfaces	Open Boundary	ui	partial	src/gui/Dialogs.cpp:232
CFD-UG	Chapter 3: Single-Phase Flow Interfaces	Constraint Settings	ui	partial	src/meshing/AmrAdaptor.hpp:8; src/gui/Dialogs.cpp:232
CFD-UG	Chapter 3: Single-Phase Flow Interfaces	Symmetry	bc	partial	src/gui/Dialogs.cpp:232; src/core/BoundaryConditionRegistry.hpp:10
CFD-UG	Chapter 3: Single-Phase Flow Interfaces	Potential Point Constraint	ui	present	src/gui/Dialogs.cpp:232; src/meshing/AmrAdaptor.hpp:8; src/emag/AvFormulation.hpp:6
CFD-UG	Chapter 3: Single-Phase Flow Interfaces	Potential Point Constraint	ui	present	src/gui/Dialogs.cpp:232; src/meshing/AmrAdaptor.hpp:8; src/emag/AvFormulation.hpp:6
CFD-UG	Chapter 3: Single-Phase Flow Interfaces	Constraint Settings	ui	partial	src/meshing/AmrAdaptor.hpp:8; src/gui/Dialogs.cpp:232
CFD-UG	Chapter 3: Single-Phase Flow Interfaces	Periodic Flow Condition	bc	present	src/gui/Dialogs.cpp:232; src/core/BoundaryConditionRegistry.hpp:13; src/core/BoundaryConditionRegistry.hpp:10
CFD-UG	Chapter 3: Single-Phase Flow Interfaces	Offset	ui	partial	src/gui/Dialogs.cpp:232
CFD-UG	Chapter 3: Single-Phase Flow Interfaces	Boundary Selection	ui	partial	src/gui/Dialogs.cpp:232
CFD-UG	Chapter 3: Single-Phase Flow Interfaces	Destination Selection	ui	partial	src/core/CrashHandler.hpp:9; src/gui/Dialogs.cpp:232
CFD-UG	Chapter 3: Single-Phase Flow Interfaces	Orientation Of Source	ui	partial	src/gui/Dialogs.cpp:232; src/cad/FeatureEdges.cpp:64
CFD-UG	Chapter 3: Single-Phase Flow Interfaces	Orientation Of Destination	ui	present	src/core/CrashHandler.hpp:9; src/gui/Dialogs.cpp:232; src/cad/FeatureEdges.cpp:64
CFD-UG	Chapter 3: Single-Phase Flow Interfaces	Mapping Between Source And Destination	ui	present	src/core/CrashHandler.hpp:9; src/gui/Dialogs.cpp:232; src/cad/CadKernel.hpp:75
CFD-UG	Chapter 3: Single-Phase Flow Interfaces	Interior Wall	bc	partial	src/gui/Dialogs.cpp:232; src/io/FluentMshReader.cpp:123
CFD-UG	Chapter 3: Single-Phase Flow Interfaces	Wall Movement	ui	partial	src/gui/Dialogs.cpp:232
CFD-UG	Chapter 3: Single-Phase Flow Interfaces	Flow Continuity	ui	partial	src/gui/Dialogs.cpp:232; src/cad/Defeaturing.cpp:11
CFD-UG	Chapter 3: Single-Phase Flow Interfaces	Location In User Interface	ui	partial	src/gui/Dialogs.cpp:232; src/acoustics/CurleAcoustics.hpp:13
CFD-UG	Chapter 3: Single-Phase Flow Interfaces	Theory for the Single-Phase Flow	ui	partial	src/combustion/TfcModel.hpp:23; src/gui/Dialogs.cpp:232
CFD-UG	Chapter 3: Single-Phase Flow Interfaces	General Single-Phase Flow Theory	ui	partial	src/combustion/TfcModel.hpp:23; src/gui/Dialogs.cpp:232
CFD-UG	Chapter 3: Single-Phase Flow Interfaces	T ∂ρ ∂p	ui	partial	src/gui/Dialogs.cpp:232
CFD-UG	Chapter 3: Single-Phase Flow Interfaces	This is sometimes referred to as the double dot product.	ui	present	src/materials/Janaf.cpp:32; src/gui/Dialogs.cpp:232; src/adjoint/DiscreteAdjoint.hpp:45
CFD-UG	Chapter 3: Single-Phase Flow Interfaces	Compressible Flow	ui	partial	src/gui/Dialogs.cpp:232; src/io/ForcesReport.hpp:16
CFD-UG	Chapter 3: Single-Phase Flow Interfaces	Weakly Compressible Flow	ui	present	src/solver/AMGPreconditioner.hpp:14; src/gui/Dialogs.cpp:232; src/io/ForcesReport.hpp:16
CFD-UG	Chapter 3: Single-Phase Flow Interfaces	The Mach Number Limit	ui	present	src/acoustics/CurleAcoustics.hpp:7; src/gui/Dialogs.cpp:232; src/acoustics/CurleAcoustics.hpp:25
CFD-UG	Chapter 3: Single-Phase Flow Interfaces	Incompressible Flow	ui	partial	src/gui/Dialogs.cpp:232; src/acoustics/CurleAcoustics.hpp:26
CFD-UG	Chapter 3: Single-Phase Flow Interfaces	Provided that the densities dependency on temperature and pressure is specified	ui	present	src/gui/Dialogs.cpp:232; src/amr/AdaptiveRefinement.hpp:52; src/cad/ObjReader.hpp:15
CFD-UG	Chapter 3: Single-Phase Flow Interfaces	The Reynolds Number	ui	partial	src/gui/Dialogs.cpp:232; src/combustion/TfcModel.hpp:24
CFD-UG	Chapter 3: Single-Phase Flow Interfaces	Re = ρUL	ui	partial	src/gui/Dialogs.cpp:232
CFD-UG	Chapter 3: Single-Phase Flow Interfaces	Non-Newtonian Flow	ui	partial	src/materials/FluidsCatalog.hpp:4; src/gui/Dialogs.cpp:232
CFD-UG	Chapter 3: Single-Phase Flow Interfaces	The Laminar Flow interfaces provide various predefined inelastic non-Newtonian	ui	present	src/materials/FluidsCatalog.hpp:4; src/gui/Dialogs.cpp:232; src/core/ServiceLocator.hpp:37
CFD-UG	Chapter 3: Single-Phase Flow Interfaces	Power Law	ui	partial	src/gui/Dialogs.cpp:232; src/core/UnitSystem.cpp:88
CFD-UG	Chapter 3: Single-Phase Flow Interfaces	Carreau Model	ui	partial	src/gui/Dialogs.cpp:232
CFD-UG	Chapter 3: Single-Phase Flow Interfaces	Bingham–Papanastasiou	ui	partial	src/gui/Dialogs.cpp:232
CFD-UG	Chapter 3: Single-Phase Flow Interfaces	Herschel–Bulkley–Papanastasiou	ui	partial	src/gui/Dialogs.cpp:232
CFD-UG	Chapter 3: Single-Phase Flow Interfaces	The Herschel–Bulkley –Papanastasiou model combines the effects of the Power law	ui	present	src/solver/PimpleAlgorithm.hpp:6; src/gui/Dialogs.cpp:232; src/core/UnitSystem.cpp:88
CFD-UG	Chapter 3: Single-Phase Flow Interfaces	Casson–Papanastasiou	ui	partial	src/gui/Dialogs.cpp:232
CFD-UG	Chapter 3: Single-Phase Flow Interfaces	The Casson–Papanastasiou model combines Casson equation with the Papanastasiou	ui	partial	src/solver/PimpleAlgorithm.hpp:6; src/gui/Dialogs.cpp:232
CFD-UG	Chapter 3: Single-Phase Flow Interfaces	Gravity	ui	partial	src/gui/Dialogs.cpp:232; src/dynamics/SixDof.cpp:72
CFD-UG	Chapter 3: Single-Phase Flow Interfaces	Definition	ui	n/a	
CFD-UG	Chapter 3: Single-Phase Flow Interfaces	Incompressible Flow	ui	partial	src/gui/Dialogs.cpp:232; src/acoustics/CurleAcoustics.hpp:26
CFD-UG	Chapter 3: Single-Phase Flow Interfaces	Weakly Compressible Flow	ui	present	src/solver/AMGPreconditioner.hpp:14; src/gui/Dialogs.cpp:232; src/io/ForcesReport.hpp:16
CFD-UG	Chapter 3: Single-Phase Flow Interfaces	Nonisothermal Flow Coupling	ui	partial	src/gui/Dialogs.cpp:232
CFD-UG	Chapter 3: Single-Phase Flow Interfaces	Pressure Formulation	ui	partial	src/gui/Dialogs.cpp:232; src/acoustics/FwhSurface.cpp:116
CFD-UG	Chapter 3: Single-Phase Flow Interfaces	Pressure Boundary Condition	bc	partial	src/gui/Dialogs.cpp:232; src/core/BoundaryConditionRegistry.hpp:13
CFD-UG	Chapter 3: Single-Phase Flow Interfaces	For an immobile fluid the momentum equation simplifies to ∇ ⋅ (pI) = F+ ρg or	ui	partial	src/gui/Dialogs.cpp:232
CFD-UG	Chapter 3: Single-Phase Flow Interfaces	Rotating Frame	dynamic	partial	src/gui/Dialogs.cpp:232; src/core/RotatingFileSink.hpp:6
CFD-UG	Chapter 3: Single-Phase Flow Interfaces	Coriolis Force In Porous Domains	ui	present	src/rotating/MultipleReferenceFrame.cpp:55; src/gui/Dialogs.cpp:232; src/gui/Dialogs.cpp:368
CFD-UG	Chapter 3: Single-Phase Flow Interfaces	The no-penetration term takes precedence over the Neumann part of the condition	ui	present	src/core/ConfigStore.hpp:6; src/particles/DemCollision.cpp:108; src/gpu/CgGpu.hpp:7
CFD-UG	Chapter 3: Single-Phase Flow Interfaces	K n = μ ( ∇u + ( ∇u ) T )n	ui	partial	src/gui/Dialogs.cpp:232
CFD-UG	Chapter 3: Single-Phase Flow Interfaces	Porous Slip	ui	present	src/gui/Dialogs.cpp:232; src/gui/Dialogs.cpp:323; src/gui/Dialogs.cpp:368
CFD-UG	Chapter 3: Single-Phase Flow Interfaces	Sliding Wall	ui	partial	src/gui/Dialogs.cpp:232; src/dynamics/SixDof.hpp:17
CFD-UG	Chapter 3: Single-Phase Flow Interfaces	Slip Velocity	ui	partial	src/gui/Dialogs.cpp:232; src/gui/Dialogs.cpp:323
CFD-UG	Chapter 3: Single-Phase Flow Interfaces	Use Viscous Slip	ui	present	src/gui/Dialogs.cpp:232; src/io/ForcesReport.cpp:60; src/gui/Dialogs.cpp:323
CFD-UG	Chapter 3: Single-Phase Flow Interfaces	Navier Slip	ui	present	src/gui/Dialogs.cpp:232; src/adjoint/ContinuousAdjoint.hpp:11; src/gui/Dialogs.cpp:323
CFD-UG	Chapter 3: Single-Phase Flow Interfaces	Constraint Settings	ui	partial	src/meshing/AmrAdaptor.hpp:8; src/gui/Dialogs.cpp:232
CFD-UG	Chapter 3: Single-Phase Flow Interfaces	Prescribing Inlet and Outlet Conditions	bc	present	src/optimization/SimpTopology.hpp:17; src/gui/Dialogs.cpp:232; src/core/BoundaryConditionRegistry.hpp:10
CFD-UG	Chapter 3: Single-Phase Flow Interfaces	Inlet Conditions	bc	present	src/gui/Dialogs.cpp:232; src/core/BoundaryConditionRegistry.hpp:10; src/core/BoundaryConditionRegistry.hpp:9
CFD-UG	Chapter 3: Single-Phase Flow Interfaces	Outlet Conditions	bc	present	src/gui/Dialogs.cpp:232; src/core/BoundaryConditionRegistry.hpp:10; src/core/BoundaryConditionRegistry.hpp:9
CFD-UG	Chapter 3: Single-Phase Flow Interfaces	Alternative Formulations	ui	partial	src/turbulence/WallFunctions.hpp:14; src/gui/Dialogs.cpp:232
CFD-UG	Chapter 3: Single-Phase Flow Interfaces	Mass Flow	ui	partial	src/gui/Dialogs.cpp:232
CFD-UG	Chapter 3: Single-Phase Flow Interfaces	Pointwise Mass Flux	ui	partial	src/io/CgnsReader.hpp:9; src/gui/Dialogs.cpp:232
CFD-UG	Chapter 3: Single-Phase Flow Interfaces	The pointwise mass flux sets the velocity at the boundary to	ui	partial	src/io/CgnsReader.hpp:9; src/gui/Dialogs.cpp:232
CFD-UG	Chapter 3: Single-Phase Flow Interfaces	Mass Flow Rate	ui	partial	src/gui/Dialogs.cpp:232; src/combustion/CanteraParser.cpp:230
CFD-UG	Chapter 3: Single-Phase Flow Interfaces	Standard Flow Rate	ui	present	src/gui/Dialogs.cpp:232; src/combustion/CanteraParser.cpp:230; src/acoustics/CurleAcoustics.cpp:29
CFD-UG	Chapter 3: Single-Phase Flow Interfaces	The standard flow rate boundary condition specifies the mass flow as a standard	bc	present	src/gui/Dialogs.cpp:232; src/core/BoundaryConditionRegistry.hpp:13; src/combustion/CanteraParser.cpp:230
CFD-UG	Chapter 3: Single-Phase Flow Interfaces	Fully Developed Flow (Inlet)	bc	present	src/gui/Dialogs.cpp:232; src/combustion/LaminarFiniteRate.hpp:22; src/core/BoundaryConditionRegistry.hpp:10
CFD-UG	Chapter 3: Single-Phase Flow Interfaces	I : ( ∇ t û ) – P inl ( n ⋅ û )	ui	partial	src/gui/Dialogs.cpp:232
CFD-UG	Chapter 3: Single-Phase Flow Interfaces	Fully Developed Flow (Outlet)	bc	present	src/gui/Dialogs.cpp:232; src/core/BoundaryConditionRegistry.hpp:10; src/combustion/LaminarFiniteRate.hpp:22
CFD-UG	Chapter 3: Single-Phase Flow Interfaces	Ω	ui	partial	src/gui/Dialogs.cpp:232
CFD-UG	Chapter 3: Single-Phase Flow Interfaces	No Viscous Stress	ui	present	src/gui/Dialogs.cpp:232; src/io/ForcesReport.cpp:60; src/acoustics/CurleAcoustics.hpp:24
CFD-UG	Chapter 3: Single-Phase Flow Interfaces	Normal Stress Boundary Condition	bc	present	src/gui/Dialogs.cpp:232; src/acoustics/CurleAcoustics.hpp:24; src/core/BoundaryConditionRegistry.hpp:13
CFD-UG	Chapter 3: Single-Phase Flow Interfaces	If ∂un/∂n is small, Equation 3-36 states that p ≈ f0.	ui	partial	src/scripting/Repl.hpp:7; src/gui/Dialogs.cpp:232
CFD-UG	Chapter 3: Single-Phase Flow Interfaces	Pressure Boundary Condition	bc	partial	src/gui/Dialogs.cpp:232; src/core/BoundaryConditionRegistry.hpp:13
CFD-UG	Chapter 3: Single-Phase Flow Interfaces	T	ui	partial	src/gui/Dialogs.cpp:232
CFD-UG	Chapter 3: Single-Phase Flow Interfaces	Vacuum Pump Boundary Condition	bc	present	src/io/GmshReader.cpp:282; src/gui/Dialogs.cpp:232; src/core/BoundaryConditionRegistry.hpp:13
CFD-UG	Chapter 3: Single-Phase Flow Interfaces	Defining A Device At An Outlet	bc	partial	src/gui/Dialogs.cpp:232; src/core/BoundaryConditionRegistry.hpp:10
CFD-UG	Chapter 3: Single-Phase Flow Interfaces	Fan Defined on an Interior Boundary	bc	partial	src/gui/Dialogs.cpp:232; src/io/FluentMshReader.cpp:123
CFD-UG	Chapter 3: Single-Phase Flow Interfaces	In both cases, the boundary condition implementation follows the	bc	present	src/gui/Dialogs.cpp:232; src/dynamics/SixDof.hpp:17; src/core/BoundaryConditionRegistry.hpp:13
CFD-UG	Chapter 3: Single-Phase Flow Interfaces	See Interior Fan for node settings.	bc	partial	src/gui/Dialogs.cpp:232; src/io/FluentMshReader.cpp:123
CFD-UG	Chapter 3: Single-Phase Flow Interfaces	Fan and Grille Boundary Conditions	bc	partial	src/gui/Dialogs.cpp:232; src/core/BoundaryConditionRegistry.hpp:9
CFD-UG	Chapter 3: Single-Phase Flow Interfaces	Defining A Device At An Inlet	bc	partial	src/gui/Dialogs.cpp:232; src/core/BoundaryConditionRegistry.hpp:10
CFD-UG	Chapter 3: Single-Phase Flow Interfaces	Defining A Device At An Outlet	bc	partial	src/gui/Dialogs.cpp:232; src/core/BoundaryConditionRegistry.hpp:10
CFD-UG	Chapter 3: Single-Phase Flow Interfaces	Screen Boundary Condition	bc	present	src/gui/Dialogs.cpp:232; src/visualization/Annotation.hpp:6; src/core/BoundaryConditionRegistry.hpp:13
CFD-UG	Chapter 3: Single-Phase Flow Interfaces	See Screen for the node settings. Also see Theory for the Nonisothermal	ui	present	src/combustion/TfcModel.hpp:23; src/gui/Dialogs.cpp:232; src/visualization/Annotation.hpp:6
CFD-UG	Chapter 3: Single-Phase Flow Interfaces	Porous Interface	ui	partial	src/gui/Dialogs.cpp:232; src/gui/Dialogs.cpp:368
CFD-UG	Chapter 3: Single-Phase Flow Interfaces	This loss occurs in the downstream direction. Its mechanism is similar to the	ui	present	src/particles/BlobInjector.hpp:6; src/adjoint/DiscreteAdjoint.hpp:8; src/gui/Dialogs.cpp:232
CFD-UG	Chapter 3: Single-Phase Flow Interfaces	Borda–Carnot option results in the following losses:	ui	partial	src/gui/Dialogs.cpp:232
CFD-UG	Chapter 3: Single-Phase Flow Interfaces	Mass Sources for Fluid Flow	ui	partial	src/gui/Dialogs.cpp:232
CFD-UG	Chapter 3: Single-Phase Flow Interfaces	Point Source	ui	partial	src/gui/Dialogs.cpp:232
CFD-UG	Chapter 3: Single-Phase Flow Interfaces	Line Source	ui	partial	src/gui/Dialogs.cpp:232
CFD-UG	Chapter 3: Single-Phase Flow Interfaces	For the Reacting Flow in Porous Media, Diluted Species interface, which	ui	present	src/gui/Dialogs.cpp:232; src/emag/AvFormulation.hpp:7; src/gui/Dialogs.cpp:368
CFD-UG	Chapter 3: Single-Phase Flow Interfaces	Numerical Stability — Stabilization Techniques for Fluid Flow	ui	present	src/turbulence/KEpsilonStandard.cpp:115; src/solver/CompressibleFlux.hpp:42; src/gui/Dialogs.cpp:232
CFD-UG	Chapter 3: Single-Phase Flow Interfaces	Streamline Diffusion	postprocessing	present	src/gui/Dialogs.cpp:232; src/visualization/LicFilter.hpp:7; src/combustion/SlfmFlamelet.hpp:6
CFD-UG	Chapter 3: Single-Phase Flow Interfaces	Crosswind Diffusion	ui	partial	src/gui/Dialogs.cpp:232; src/combustion/SlfmFlamelet.hpp:6
CFD-UG	Chapter 3: Single-Phase Flow Interfaces	Stabilization Time Scales	ui	partial	src/gui/Dialogs.cpp:232; src/cad/Booleans.hpp:9
CFD-UG	Chapter 3: Single-Phase Flow Interfaces	The time-scale tensor for time-dependent problems should in theory depend on a	ui	present	src/gui_core/PanelRegistry.hpp:9; src/combustion/TfcModel.hpp:23; src/gui/Dialogs.cpp:232
CFD-UG	Chapter 3: Single-Phase Flow Interfaces	Isotropic Diffusion	ui	present	src/gui/Dialogs.cpp:232; src/amr/RefinementApplier.cpp:5; src/combustion/SlfmFlamelet.hpp:6
CFD-UG	Chapter 3: Single-Phase Flow Interfaces	Solvers for Laminar Flow	solver	present	src/gui/Dialogs.cpp:232; src/combustion/CanteraParser.hpp:13; src/combustion/EddyDissipationConcept.hpp:15
CFD-UG	Chapter 3: Single-Phase Flow Interfaces	Nonlinear Solver	solver	partial	src/radiation/P1Radiation.hpp:19; src/gui/Dialogs.cpp:232
CFD-UG	Chapter 3: Single-Phase Flow Interfaces	Stationary Solver	solver	partial	src/gui/Dialogs.cpp:232; src/acoustics/FwhSurface.cpp:115
CFD-UG	Chapter 3: Single-Phase Flow Interfaces	Time-Dependent Solver	solver	partial	src/gui/Dialogs.cpp:232; src/io/CgnsWriter.cpp:14
CFD-UG	Chapter 3: Single-Phase Flow Interfaces	Linear Solver	solver	partial	src/gui/Dialogs.cpp:232
CFD-UG	Chapter 3: Single-Phase Flow Interfaces	Time-Dependent Solvers	solver	present	src/gui/Dialogs.cpp:232; src/io/CgnsWriter.cpp:14; src/combustion/CanteraParser.hpp:13
CFD-UG	Chapter 3: Single-Phase Flow Interfaces	The default time-dependent solver for Navier–Stokes is the BDF method with	solver	present	src/gui/Dialogs.cpp:232; src/adjoint/ContinuousAdjoint.hpp:11; src/io/CgnsWriter.cpp:14
CFD-UG	Chapter 3: Single-Phase Flow Interfaces	Pseudo Time Stepping for Laminar Flow Models	solver	present	src/gui/RibbonContent.cpp:78; src/gui/Dialogs.cpp:232; src/combustion/GEquation.cpp:68
CFD-UG	Chapter 3: Single-Phase Flow Interfaces	T	ui	partial	src/gui/Dialogs.cpp:232
CFD-UG	Chapter 3: Single-Phase Flow Interfaces	Nitsche Constraints	ui	partial	src/gui/Dialogs.cpp:232; src/amr/AdaptiveRefinement.hpp:9
CFD-UG	Chapter 3: Single-Phase Flow Interfaces	Particle Tracing in Fluid Flow	ui	present	src/radiation/MonteCarloRte.hpp:4; src/gui/Dialogs.cpp:232; src/combustion/SootMomMethod.cpp:83
CFD-UG	Chapter 3: Single-Phase Flow Interfaces	The model Flow Past a Cylinder (Application Library path	ui	present	src/io/VtuReader.cpp:590; src/acoustics/CurleAcoustics.hpp:8; src/gui/Dialogs.cpp:232
CFD-UG	Chapter 3: Single-Phase Flow Interfaces	References for the Single-Phase Flow, Laminar Flow Interfaces	ui	partial	src/gui/Dialogs.cpp:232; src/combustion/EddyDissipationConcept.hpp:15
CFD-UG	Chapter 3: Single-Phase Flow Interfaces	R.P. Chhabra and J.F. Richardson, Non-Newtonian Flow and Applied Rheology,	ui	present	src/materials/FluidsCatalog.hpp:4; src/gui/Dialogs.cpp:232; src/amr/RefinementApplier.cpp:140
CFD-UG	Chapter 3: Single-Phase Flow Interfaces	Y. Bazilevs and T.J.R. Hughes, “Weak imposition of Dirichlet boundary conditions	bc	partial	src/gui/Dialogs.cpp:232; src/core/BoundaryConditionRegistry.hpp:9
CFD-UG	Chapter 3: Single-Phase Flow Interfaces	G. Kariadakis, A. Beskok, and N. Aluru, Microflows and Nanoflows, Springer	ui	partial	src/gui/Dialogs.cpp:232
CFD-UG	Chapter 3: Single-Phase Flow Interfaces	Theory for the Turbulent Flow	turbulence	present	src/combustion/TfcModel.hpp:23; src/gui/Dialogs.cpp:232; src/combustion/GEquation.cpp:51
CFD-UG	Chapter 3: Single-Phase Flow Interfaces	Turbulence Modeling	turbulence	partial	src/gui/Dialogs.cpp:232
CFD-UG	Chapter 3: Single-Phase Flow Interfaces	Reynolds-Averaged Navier–Stokes (Rans) Equations	turbulence	present	src/gui/Dialogs.cpp:232; src/adjoint/ContinuousAdjoint.hpp:11; src/solver/WallDistance.cpp:9
CFD-UG	Chapter 3: Single-Phase Flow Interfaces	Eddy Viscosity Model	materials	present	src/gui/Dialogs.cpp:232; src/combustion/EddyDissipationConcept.hpp:6; src/adjoint/ContinuousAdjoint.hpp:42
CFD-UG	Chapter 3: Single-Phase Flow Interfaces	Reynolds Stress Model	turbulence	present	src/gui/Dialogs.cpp:232; src/acoustics/CurleAcoustics.hpp:24; src/combustion/TfcModel.hpp:24
CFD-UG	Chapter 3: Single-Phase Flow Interfaces	This is a symmetric tensor equation that consists of six scalar equations. The	ui	present	src/solver/LinearSolvers.cpp:128; src/gui/Dialogs.cpp:232; src/dynamics/SixDof.hpp:40
CFD-UG	Chapter 3: Single-Phase Flow Interfaces	Turbulent Compressible Flow	turbulence	present	src/gui/Dialogs.cpp:232; src/io/ForcesReport.hpp:16; src/combustion/GEquation.cpp:51
CFD-UG	Chapter 3: Single-Phase Flow Interfaces	Using Equation 3-79 and Equation 3-80 along with some modeling assumptions for	ui	present	src/meshing/PrismLayerExtruder.hpp:18; src/gui/Dialogs.cpp:232; src/acoustics/FwhSurface.cpp:139
CFD-UG	Chapter 3: Single-Phase Flow Interfaces	More information about modeling turbulent compressible flows can be found in	turbulence	present	src/gui/Dialogs.cpp:232; src/cad/ObjReader.hpp:7; src/io/ForcesReport.hpp:16
CFD-UG	Chapter 3: Single-Phase Flow Interfaces	The Algebraic yPlus Turbulence Model	turbulence	present	src/gui/Dialogs.cpp:232; src/combustion/NoxThermalPromptFuel.hpp:12; src/meshing/PrismLayerExtruder.hpp:50
CFD-UG	Chapter 3: Single-Phase Flow Interfaces	Wall Distance	ui	partial	src/gui/Dialogs.cpp:232
CFD-UG	Chapter 3: Single-Phase Flow Interfaces	Wall Boundary Condition	bc	partial	src/gui/Dialogs.cpp:232; src/core/BoundaryConditionRegistry.hpp:13
CFD-UG	Chapter 3: Single-Phase Flow Interfaces	Low Reynolds Number Wall Treatment	bc	present	src/multiphase/VolumeOfFluid.hpp:10; src/gui/Dialogs.cpp:232; src/combustion/TfcModel.hpp:24
CFD-UG	Chapter 3: Single-Phase Flow Interfaces	Automatic Wall Treatment	bc	present	src/multiphase/VolumeOfFluid.hpp:10; src/core/EventBus.hpp:95; src/gui/Dialogs.cpp:232
CFD-UG	Chapter 3: Single-Phase Flow Interfaces	Mesh cells	mesh	partial	src/gui/Dialogs.cpp:232
CFD-UG	Chapter 3: Single-Phase Flow Interfaces	Solid wall	ui	partial	src/gui/Dialogs.cpp:232; src/acoustics/CurleAcoustics.hpp:8
CFD-UG	Chapter 3: Single-Phase Flow Interfaces	The L-VEL Turbulence Model	turbulence	partial	src/gui/Dialogs.cpp:232
CFD-UG	Chapter 3: Single-Phase Flow Interfaces	Wall Distance	ui	partial	src/gui/Dialogs.cpp:232
CFD-UG	Chapter 3: Single-Phase Flow Interfaces	Wall Boundary Condition	bc	partial	src/gui/Dialogs.cpp:232; src/core/BoundaryConditionRegistry.hpp:13
CFD-UG	Chapter 3: Single-Phase Flow Interfaces	Low Reynolds Number Wall Treatment	bc	present	src/multiphase/VolumeOfFluid.hpp:10; src/gui/Dialogs.cpp:232; src/combustion/TfcModel.hpp:24
CFD-UG	Chapter 3: Single-Phase Flow Interfaces	Automatic Wall Treatment	bc	present	src/multiphase/VolumeOfFluid.hpp:10; src/core/EventBus.hpp:95; src/gui/Dialogs.cpp:232
CFD-UG	Chapter 3: Single-Phase Flow Interfaces	The k-ε Turbulence Model	turbulence	partial	src/gui/Dialogs.cpp:232
CFD-UG	Chapter 3: Single-Phase Flow Interfaces	The transport equation for ε reads	turbulence	present	src/gui/Dialogs.cpp:232; src/cad/StepReader.cpp:55; src/combustion/CanteraParser.hpp:10
CFD-UG	Chapter 3: Single-Phase Flow Interfaces	The model constants in Equation 3-95, Equation 3-96, and Equation 3-98 are	ui	partial	src/gui/Dialogs.cpp:232; src/gui/DiagnosticsPanel.cpp:60
CFD-UG	Chapter 3: Single-Phase Flow Interfaces	Constant	ui	partial	src/gui/Dialogs.cpp:232; src/combustion/CanteraParser.cpp:230
CFD-UG	Chapter 3: Single-Phase Flow Interfaces	Value	ui	partial	src/gui/Dialogs.cpp:232
CFD-UG	Chapter 3: Single-Phase Flow Interfaces	Mixing Length Limit	ui	present	src/gui/Dialogs.cpp:232; src/acoustics/CurleAcoustics.hpp:25; src/combustion/EddyDissipationConcept.cpp:71
CFD-UG	Chapter 3: Single-Phase Flow Interfaces	Realizability Constraints	ui	partial	src/gui/Dialogs.cpp:232; src/amr/AdaptiveRefinement.hpp:9
CFD-UG	Chapter 3: Single-Phase Flow Interfaces	Combining equation Equation 3-100 with Equation 3-95 and the definition of the	ui	partial	src/gui/Dialogs.cpp:232
CFD-UG	Chapter 3: Single-Phase Flow Interfaces	Equivalently, combining Equation 3-101 with Equation 3-95 and Equation 3-99	ui	partial	src/solver/LinearSolvers.cpp:158; src/gui/Dialogs.cpp:232
CFD-UG	Chapter 3: Single-Phase Flow Interfaces	Model Limitations	ui	partial	src/meshing/BlockMeshDict.hpp:43; src/gui/Dialogs.cpp:232
CFD-UG	Chapter 3: Single-Phase Flow Interfaces	Wall Functions	bc	partial	src/gui/Dialogs.cpp:232
CFD-UG	Chapter 3: Single-Phase Flow Interfaces	Wall Functions For Rough Walls	bc	present	src/gui/Dialogs.cpp:324; src/gui/Dialogs.cpp:232; src/core/IWallDistanceService.hpp:10
CFD-UG	Chapter 3: Single-Phase Flow Interfaces	Surface Type	ui	partial	src/gui/Dialogs.cpp:232
CFD-UG	Chapter 3: Single-Phase Flow Interfaces	Equivalent Sand Roughness Height	ui	present	src/gui/Dialogs.cpp:324; src/gui/Dialogs.cpp:232; src/adjoint/DiscreteAdjoint.hpp:22
CFD-UG	Chapter 3: Single-Phase Flow Interfaces	Initial Values	ui	partial	src/gui/Dialogs.cpp:232; src/core/ThreadPool.cpp:57
CFD-UG	Chapter 3: Single-Phase Flow Interfaces	Scaling For Time-Dependent Simulations	parallel	present	src/gui/Dialogs.cpp:232; src/io/CgnsWriter.cpp:14; src/combustion/EddyDissipationConcept.hpp:39
CFD-UG	Chapter 3: Single-Phase Flow Interfaces	The Realizable k-ε Turbulence Model	turbulence	partial	src/turbulence/KEpsilonRealizable.hpp:4; src/gui/Dialogs.cpp:232
CFD-UG	Chapter 3: Single-Phase Flow Interfaces	W = -----------------------------------3	ui	partial	src/gui/Dialogs.cpp:232
CFD-UG	Chapter 3: Single-Phase Flow Interfaces	Model Properties	ui	partial	src/gui/Dialogs.cpp:232; src/cad/CMakeLists.txt:42
CFD-UG	Chapter 3: Single-Phase Flow Interfaces	The k-ω Turbulence Model	turbulence	partial	src/gui/Dialogs.cpp:232
CFD-UG	Chapter 3: Single-Phase Flow Interfaces	Mixing Length Limit And Realizability Constraints	ui	present	src/gui/Dialogs.cpp:232; src/acoustics/CurleAcoustics.hpp:25; src/combustion/EddyDissipationConcept.cpp:71
CFD-UG	Chapter 3: Single-Phase Flow Interfaces	Wall Boundary Conditions	bc	partial	src/gui/Dialogs.cpp:232; src/core/BoundaryConditionRegistry.hpp:9
CFD-UG	Chapter 3: Single-Phase Flow Interfaces	Automatic Wall Treatment	bc	present	src/multiphase/VolumeOfFluid.hpp:10; src/core/EventBus.hpp:95; src/gui/Dialogs.cpp:232
CFD-UG	Chapter 3: Single-Phase Flow Interfaces	The corresponding expressions for the velocity is	scripting	partial	src/io/TetgenReader.hpp:41; src/gui/Dialogs.cpp:232
CFD-UG	Chapter 3: Single-Phase Flow Interfaces	These expressions can be combined with the lift-off concept shown in Figure 3-7	scripting	present	src/combustion/EddyDissipationConcept.hpp:9; src/gui/Dialogs.cpp:232; src/combustion/EddyDissipationConcept.hpp:20
CFD-UG	Chapter 3: Single-Phase Flow Interfaces	This is then used in an alternative expression for the friction velocity:	scripting	present	src/turbulence/WallFunctions.hpp:14; src/gui/Dialogs.cpp:232; src/io/ForcesReport.cpp:60
CFD-UG	Chapter 3: Single-Phase Flow Interfaces	Observe that the variable u + = u ⁄ u τ is based on uτ from Equation 3-120.	ui	partial	src/gui/Dialogs.cpp:232
CFD-UG	Chapter 3: Single-Phase Flow Interfaces	Wall Functions	bc	partial	src/gui/Dialogs.cpp:232
CFD-UG	Chapter 3: Single-Phase Flow Interfaces	Low Reynolds Number	ui	partial	src/gui/Dialogs.cpp:232; src/combustion/TfcModel.hpp:24
CFD-UG	Chapter 3: Single-Phase Flow Interfaces	Initial Values	ui	partial	src/gui/Dialogs.cpp:232; src/core/ThreadPool.cpp:57
CFD-UG	Chapter 3: Single-Phase Flow Interfaces	Scaling For Time-Dependent Simulations	parallel	present	src/gui/Dialogs.cpp:232; src/io/CgnsWriter.cpp:14; src/combustion/EddyDissipationConcept.hpp:39
CFD-UG	Chapter 3: Single-Phase Flow Interfaces	Model Properties	ui	partial	src/gui/Dialogs.cpp:232; src/cad/CMakeLists.txt:42
CFD-UG	Chapter 3: Single-Phase Flow Interfaces	The SST Turbulence Model	turbulence	partial	src/gui/Dialogs.cpp:232
CFD-UG	Chapter 3: Single-Phase Flow Interfaces	The interpolation functions fv1 and fv2 are defined as	ui	partial	src/gui/Dialogs.cpp:232; src/acoustics/FwhSurface.cpp:22
CFD-UG	Chapter 3: Single-Phase Flow Interfaces	Wall Distance	ui	partial	src/gui/Dialogs.cpp:232
CFD-UG	Chapter 3: Single-Phase Flow Interfaces	Wall Boundary Conditions	bc	partial	src/gui/Dialogs.cpp:232; src/core/BoundaryConditionRegistry.hpp:9
CFD-UG	Chapter 3: Single-Phase Flow Interfaces	Automatic Wall Treatment	bc	present	src/multiphase/VolumeOfFluid.hpp:10; src/core/EventBus.hpp:95; src/gui/Dialogs.cpp:232
CFD-UG	Chapter 3: Single-Phase Flow Interfaces	Low Reynolds Number	ui	partial	src/gui/Dialogs.cpp:232; src/combustion/TfcModel.hpp:24
CFD-UG	Chapter 3: Single-Phase Flow Interfaces	Inlet Values For The Turbulence Length Scale And Intensity	bc	present	src/gui/Dialogs.cpp:232; src/radiation/DiscreteOrdinates.cpp:121; src/core/BoundaryConditionRegistry.hpp:10
CFD-UG	Chapter 3: Single-Phase Flow Interfaces	Far-Field Boundary Conditions	bc	partial	src/gui/Dialogs.cpp:232; src/core/BoundaryConditionRegistry.hpp:9
CFD-UG	Chapter 3: Single-Phase Flow Interfaces	Initial Values	ui	partial	src/gui/Dialogs.cpp:232; src/core/ThreadPool.cpp:57
CFD-UG	Chapter 3: Single-Phase Flow Interfaces	Scaling For Time-Dependent Simulations	parallel	present	src/gui/Dialogs.cpp:232; src/io/CgnsWriter.cpp:14; src/combustion/EddyDissipationConcept.hpp:39
CFD-UG	Chapter 3: Single-Phase Flow Interfaces	Transition Modeling	turbulence	partial	src/gui/Dialogs.cpp:232; src/turbulence/GammaReThetaTransition.hpp:5
CFD-UG	Chapter 3: Single-Phase Flow Interfaces	Ry	ui	partial	src/gui/Dialogs.cpp:232
CFD-UG	Chapter 3: Single-Phase Flow Interfaces	C Tu1 = 100, C Tu2 = 1000, C Tu3 = 1	ui	partial	src/gui/Dialogs.cpp:232
CFD-UG	Chapter 3: Single-Phase Flow Interfaces	C Pg1	ui	partial	src/gui/Dialogs.cpp:232
CFD-UG	Chapter 3: Single-Phase Flow Interfaces	C Pg2	ui	partial	src/gui/Dialogs.cpp:232
CFD-UG	Chapter 3: Single-Phase Flow Interfaces	Scale-Adaptive Simulations	ui	partial	src/gui/Dialogs.cpp:232; src/amr/AdaptiveRefinement.hpp:4
CFD-UG	Chapter 3: Single-Phase Flow Interfaces	S - Sas	ui	partial	src/gui/Dialogs.cpp:232
CFD-UG	Chapter 3: Single-Phase Flow Interfaces	In the COMSOL Multiphysics Reference Manual:	ui	partial	src/gui/Dialogs.cpp:232
CFD-UG	Chapter 3: Single-Phase Flow Interfaces	The Low Reynolds Number k-ε Turbulence Model	turbulence	partial	src/gui/Dialogs.cpp:232; src/combustion/TfcModel.hpp:24
CFD-UG	Chapter 3: Single-Phase Flow Interfaces	Wall Distance	ui	partial	src/gui/Dialogs.cpp:232
CFD-UG	Chapter 3: Single-Phase Flow Interfaces	Wall Boundary Conditions	bc	partial	src/gui/Dialogs.cpp:232; src/core/BoundaryConditionRegistry.hpp:9
CFD-UG	Chapter 3: Single-Phase Flow Interfaces	Automatic Wall Treatment	bc	present	src/multiphase/VolumeOfFluid.hpp:10; src/core/EventBus.hpp:95; src/gui/Dialogs.cpp:232
CFD-UG	Chapter 3: Single-Phase Flow Interfaces	A ε = 2C l	ui	partial	src/gui/Dialogs.cpp:232
CFD-UG	Chapter 3: Single-Phase Flow Interfaces	Low Reynolds Number Wall Treatment	bc	present	src/multiphase/VolumeOfFluid.hpp:10; src/gui/Dialogs.cpp:232; src/combustion/TfcModel.hpp:24
CFD-UG	Chapter 3: Single-Phase Flow Interfaces	Inlet Values For The Turbulence Length Scale And Intensity	bc	present	src/gui/Dialogs.cpp:232; src/radiation/DiscreteOrdinates.cpp:121; src/core/BoundaryConditionRegistry.hpp:10
CFD-UG	Chapter 3: Single-Phase Flow Interfaces	Initial Values	ui	partial	src/gui/Dialogs.cpp:232; src/core/ThreadPool.cpp:57
CFD-UG	Chapter 3: Single-Phase Flow Interfaces	Scaling For Time-Dependent Simulations	parallel	present	src/gui/Dialogs.cpp:232; src/io/CgnsWriter.cpp:14; src/combustion/EddyDissipationConcept.hpp:39
CFD-UG	Chapter 3: Single-Phase Flow Interfaces	The Spalart–Allmaras Turbulence Model	turbulence	present	src/gui/Dialogs.cpp:232; src/core/IWallDistanceService.hpp:12; src/core/IWallDistanceService.hpp:12
CFD-UG	Chapter 3: Single-Phase Flow Interfaces	The model includes the following auxiliary variables	turbulence	present	src/turbulence/KKLOmegaTransition.cpp:194; src/combustion/ThermoNasaParser.hpp:57; src/gui/Dialogs.cpp:232
CFD-UG	Chapter 3: Single-Phase Flow Interfaces	Ω ij = 0.5 ( ∇u – ∇u T )	ui	partial	src/gui/Dialogs.cpp:232
CFD-UG	Chapter 3: Single-Phase Flow Interfaces	The implementation of the production term S̃ includes the rotation correction	turbulence	present	src/combustion/ThermoNasaParser.hpp:57; src/gui/Dialogs.cpp:232; src/combustion/SootMossBrookes.hpp:52
CFD-UG	Chapter 3: Single-Phase Flow Interfaces	Pseudo Time Stepping for Turbulent Flow Models is by default applied to the	turbulence	present	src/gui/RibbonContent.cpp:78; src/gui/Dialogs.cpp:232; src/combustion/GEquation.cpp:68
CFD-UG	Chapter 3: Single-Phase Flow Interfaces	Wall Boundary Conditions	bc	partial	src/gui/Dialogs.cpp:232; src/core/BoundaryConditionRegistry.hpp:9
CFD-UG	Chapter 3: Single-Phase Flow Interfaces	Automatic Wall Treatment	bc	present	src/multiphase/VolumeOfFluid.hpp:10; src/core/EventBus.hpp:95; src/gui/Dialogs.cpp:232
CFD-UG	Chapter 3: Single-Phase Flow Interfaces	Low Reynolds Number Wall Treatment	bc	present	src/multiphase/VolumeOfFluid.hpp:10; src/gui/Dialogs.cpp:232; src/combustion/TfcModel.hpp:24
CFD-UG	Chapter 3: Single-Phase Flow Interfaces	Initial Values	ui	partial	src/gui/Dialogs.cpp:232; src/core/ThreadPool.cpp:57
CFD-UG	Chapter 3: Single-Phase Flow Interfaces	Scaling For Time-Dependent Simulations	parallel	present	src/gui/Dialogs.cpp:232; src/io/CgnsWriter.cpp:14; src/combustion/EddyDissipationConcept.hpp:39
CFD-UG	Chapter 3: Single-Phase Flow Interfaces	Wall Distance	ui	partial	src/gui/Dialogs.cpp:232
CFD-UG	Chapter 3: Single-Phase Flow Interfaces	Wall Boundary Conditions	bc	partial	src/gui/Dialogs.cpp:232; src/core/BoundaryConditionRegistry.hpp:9
CFD-UG	Chapter 3: Single-Phase Flow Interfaces	Automatic Wall Treatment	bc	present	src/multiphase/VolumeOfFluid.hpp:10; src/core/EventBus.hpp:95; src/gui/Dialogs.cpp:232
CFD-UG	Chapter 3: Single-Phase Flow Interfaces	C 1 + C 2	ui	partial	src/gui/Dialogs.cpp:232
CFD-UG	Chapter 3: Single-Phase Flow Interfaces	Low Reynolds Number Wall Treatment	bc	present	src/multiphase/VolumeOfFluid.hpp:10; src/gui/Dialogs.cpp:232; src/combustion/TfcModel.hpp:24
CFD-UG	Chapter 3: Single-Phase Flow Interfaces	The correct wall boundary condition for ε is	bc	present	src/gui/Dialogs.cpp:232; src/cad/PersistentIdManager.hpp:9; src/core/BoundaryConditionRegistry.hpp:13
CFD-UG	Chapter 3: Single-Phase Flow Interfaces	Inlet Values For The Turbulence Length Scale And Intensity	bc	present	src/gui/Dialogs.cpp:232; src/radiation/DiscreteOrdinates.cpp:121; src/core/BoundaryConditionRegistry.hpp:10
CFD-UG	Chapter 3: Single-Phase Flow Interfaces	Initial Values	ui	partial	src/gui/Dialogs.cpp:232; src/core/ThreadPool.cpp:57
CFD-UG	Chapter 3: Single-Phase Flow Interfaces	Scaling For Time-Dependent Simulations	parallel	present	src/gui/Dialogs.cpp:232; src/io/CgnsWriter.cpp:14; src/combustion/EddyDissipationConcept.hpp:39
CFD-UG	Chapter 3: Single-Phase Flow Interfaces	The Wilcox R-ω Turbulence Model	turbulence	partial	src/turbulence/KOmegaStandard.cpp:20; src/gui/Dialogs.cpp:232
CFD-UG	Chapter 3: Single-Phase Flow Interfaces	The R-equation is stated as	ui	partial	src/gui/Dialogs.cpp:232
CFD-UG	Chapter 3: Single-Phase Flow Interfaces	This is a symmetric tensor equation that consists of six scalar equations. The	ui	present	src/solver/LinearSolvers.cpp:128; src/gui/Dialogs.cpp:232; src/dynamics/SixDof.hpp:40
CFD-UG	Chapter 3: Single-Phase Flow Interfaces	D ij =	ui	partial	src/gui/Dialogs.cpp:232
CFD-UG	Chapter 3: Single-Phase Flow Interfaces	The relation between τR and σ∗ is based on the correspondence between Simple	solver	partial	src/multiphase/MixtureModel.hpp:6; src/gui/Dialogs.cpp:232
CFD-UG	Chapter 3: Single-Phase Flow Interfaces	The ω-equation is stated as	ui	partial	src/gui/Dialogs.cpp:232
CFD-UG	Chapter 3: Single-Phase Flow Interfaces	Ω ij Ω jk S ki	ui	partial	src/gui/Dialogs.cpp:232
CFD-UG	Chapter 3: Single-Phase Flow Interfaces	Wall Distance	ui	partial	src/gui/Dialogs.cpp:232
CFD-UG	Chapter 3: Single-Phase Flow Interfaces	Wall Boundary Conditions	bc	partial	src/gui/Dialogs.cpp:232; src/core/BoundaryConditionRegistry.hpp:9
CFD-UG	Chapter 3: Single-Phase Flow Interfaces	Low Reynolds Number Wall Treatment	bc	present	src/multiphase/VolumeOfFluid.hpp:10; src/gui/Dialogs.cpp:232; src/combustion/TfcModel.hpp:24
CFD-UG	Chapter 3: Single-Phase Flow Interfaces	Inlet Values For The Turbulence Length Scale And Intensity	bc	present	src/gui/Dialogs.cpp:232; src/radiation/DiscreteOrdinates.cpp:121; src/core/BoundaryConditionRegistry.hpp:10
CFD-UG	Chapter 3: Single-Phase Flow Interfaces	Initial Values	ui	partial	src/gui/Dialogs.cpp:232; src/core/ThreadPool.cpp:57
CFD-UG	Chapter 3: Single-Phase Flow Interfaces	Scaling For Time-Dependent Simulations	parallel	present	src/gui/Dialogs.cpp:232; src/io/CgnsWriter.cpp:14; src/combustion/EddyDissipationConcept.hpp:39
CFD-UG	Chapter 3: Single-Phase Flow Interfaces	In the COMSOL Multiphysics Reference Manual:	ui	partial	src/gui/Dialogs.cpp:232
CFD-UG	Chapter 3: Single-Phase Flow Interfaces	The SSG-LRR Turbulence Model	turbulence	partial	src/gui/Dialogs.cpp:232
CFD-UG	Chapter 3: Single-Phase Flow Interfaces	The general framework of SSG-LRR is similar to The Turbulent Flow, Wilcox R-ω	turbulence	present	src/turbulence/KOmegaStandard.cpp:20; src/gui/Dialogs.cpp:232; src/gui_core/PanelRegistry.hpp:5
CFD-UG	Chapter 3: Single-Phase Flow Interfaces	F 1 = tanh ( θ 14 )	ui	partial	src/gui/Dialogs.cpp:232; src/combustion/GEquation.cpp:101
CFD-UG	Chapter 3: Single-Phase Flow Interfaces	D	ui	partial	src/gui/Dialogs.cpp:232
CFD-UG	Chapter 3: Single-Phase Flow Interfaces	The relation between τR and σ∗ is based on the correspondence between Simple	solver	partial	src/multiphase/MixtureModel.hpp:6; src/gui/Dialogs.cpp:232
CFD-UG	Chapter 3: Single-Phase Flow Interfaces	In the COMSOL Multiphysics Reference Manual:	ui	partial	src/gui/Dialogs.cpp:232
CFD-UG	Chapter 3: Single-Phase Flow Interfaces	The Elliptic Blending R-ε Turbulence Model	turbulence	partial	src/gui/Dialogs.cpp:232; src/core/IWallDistanceService.hpp:12
CFD-UG	Chapter 3: Single-Phase Flow Interfaces	C ε2 = 1.83	ui	partial	src/gui/Dialogs.cpp:232
CFD-UG	Chapter 3: Single-Phase Flow Interfaces	Ct = 6	ui	partial	src/gui/Dialogs.cpp:232
CFD-UG	Chapter 3: Single-Phase Flow Interfaces	Cμ	ui	partial	src/gui/Dialogs.cpp:232
CFD-UG	Chapter 3: Single-Phase Flow Interfaces	Theory for Turbulence in Rotating Systems	turbulence	present	src/combustion/TfcModel.hpp:23; src/gui/Dialogs.cpp:232; src/core/RotatingFileSink.hpp:6
CFD-UG	Chapter 3: Single-Phase Flow Interfaces	Among RANS-EVM implemented in COMSOL, Realizable k-ε, k-ω and Spalart–	turbulence	present	src/meshing/MeshOps.cpp:863; src/turbulence/KEpsilonRealizable.hpp:4; src/gui/Dialogs.cpp:232
CFD-UG	Chapter 3: Single-Phase Flow Interfaces	Theory for Turbulence in Porous Media	turbulence	present	src/combustion/TfcModel.hpp:23; src/gui/Dialogs.cpp:232; src/emag/AvFormulation.hpp:7
CFD-UG	Chapter 3: Single-Phase Flow Interfaces	Averaging In Porous Media	ui	present	src/particles/ParcelCoalescence.hpp:19; src/gui/Dialogs.cpp:232; src/emag/AvFormulation.hpp:7
CFD-UG	Chapter 3: Single-Phase Flow Interfaces	ΔV f	ui	partial	src/gui/Dialogs.cpp:232
CFD-UG	Chapter 3: Single-Phase Flow Interfaces	ΔV f	ui	partial	src/gui/Dialogs.cpp:232
CFD-UG	Chapter 3: Single-Phase Flow Interfaces	Here u	ui	partial	src/gui/Dialogs.cpp:232
CFD-UG	Chapter 3: Single-Phase Flow Interfaces	ΔV f	ui	partial	src/gui/Dialogs.cpp:232
CFD-UG	Chapter 3: Single-Phase Flow Interfaces	This happens because ω and μT do not have a reasonable volumetrically spread	ui	present	src/visualization/OrientationGizmo.hpp:33; src/core/RotatingFileSink.hpp:33; src/gui/Dialogs.cpp:232
CFD-UG	Chapter 3: Single-Phase Flow Interfaces	The Set Of Equations	ui	partial	src/gui/Dialogs.cpp:232; src/adjoint/ContinuousAdjoint.hpp:11
CFD-UG	Chapter 3: Single-Phase Flow Interfaces	The formal modification of the k-equation involves changing the convective term	ui	present	src/meshing/MeshOps.hpp:25; src/particles/ParticleHeating.hpp:4; src/gui/Dialogs.cpp:232
CFD-UG	Chapter 3: Single-Phase Flow Interfaces	The ε-equation or ω-equation of a RANS–RSM follows the form of Equation 3-243	turbulence	present	src/gui/Dialogs.cpp:232; src/dynamics/SixDof.hpp:17; src/solver/WallDistance.cpp:9
CFD-UG	Chapter 3: Single-Phase Flow Interfaces	Porous Medium Turbulence Model	turbulence	present	src/radiation/SurfaceToSurface.hpp:7; src/gui/Dialogs.cpp:232; src/gui/Dialogs.cpp:368
CFD-UG	Chapter 3: Single-Phase Flow Interfaces	For the k-ω and SST models, Default and Pedras–de Lemos model porous production	turbulence	present	src/gui/Dialogs.cpp:232; src/gui/Dialogs.cpp:368; src/combustion/SootMossBrookes.hpp:52
CFD-UG	Chapter 3: Single-Phase Flow Interfaces	However, Pedras–de Lemos then becomes a degenerate model with two identical	ui	present	src/gpu/HostDeviceMirror.hpp:34; src/gui/Dialogs.cpp:232; src/gpu/CgGpu.hpp:34
CFD-UG	Chapter 3: Single-Phase Flow Interfaces	Default and Pedras–de Lemos have C ω2,pm = β 0W ⁄ β 0* for Wilcox R-ω and	ui	partial	src/turbulence/KOmegaStandard.cpp:20; src/gui/Dialogs.cpp:232
CFD-UG	Chapter 3: Single-Phase Flow Interfaces	Wall Treatment	bc	partial	src/multiphase/VolumeOfFluid.hpp:10; src/gui/Dialogs.cpp:232
CFD-UG	Chapter 3: Single-Phase Flow Interfaces	For the Low-Reynolds Number model further modifications are	ui	present	src/cad/PersistentIdManager.hpp:4; src/meshing/SnappyHexMesher.hpp:53; src/gui/Dialogs.cpp:232
CFD-UG	Chapter 3: Single-Phase Flow Interfaces	For k-ω and SST models ωvisc does not change and the further modifications are	turbulence	present	src/cad/PersistentIdManager.hpp:4; src/meshing/SnappyHexMesher.hpp:53; src/materials/TransportProperties.hpp:51
CFD-UG	Chapter 3: Single-Phase Flow Interfaces	Low-Re Wall Treatment	bc	partial	src/multiphase/VolumeOfFluid.hpp:10; src/gui/Dialogs.cpp:232
CFD-UG	Chapter 3: Single-Phase Flow Interfaces	Buoyancy-Induced Turbulence	turbulence	partial	src/gui/Dialogs.cpp:232; src/emag/Mhd.hpp:14
CFD-UG	Chapter 3: Single-Phase Flow Interfaces	Since P kb = P kb,mul k , so	ui	partial	src/combustion/SootMomMethod.cpp:87; src/gui/Dialogs.cpp:232
CFD-UG	Chapter 3: Single-Phase Flow Interfaces	A General Remark On Scaling With Porosity	parallel	present	src/heat_transfer/Solidification.hpp:4; src/gui/Dialogs.cpp:232; src/combustion/EddyDissipationConcept.hpp:39
CFD-UG	Chapter 3: Single-Phase Flow Interfaces	Theory for Buoyancy-Induced Turbulence	turbulence	present	src/combustion/TfcModel.hpp:23; src/gui/Dialogs.cpp:232; src/emag/Mhd.hpp:14
CFD-UG	Chapter 3: Single-Phase Flow Interfaces	T	ui	partial	src/gui/Dialogs.cpp:232
CFD-UG	Chapter 3: Single-Phase Flow Interfaces	These cases can be summarized as	ui	partial	src/gui/Dialogs.cpp:232
CFD-UG	Chapter 3: Single-Phase Flow Interfaces	Using the relation between k, ε, and ω, the buoyancy production term in the ω	ui	present	src/multiphase/MixtureModel.hpp:6; src/gui/Dialogs.cpp:232; src/combustion/SootMossBrookes.hpp:52
CFD-UG	Chapter 3: Single-Phase Flow Interfaces	For the SST-model, the buoyancy production term is	turbulence	present	src/gui/Dialogs.cpp:232; src/combustion/SootMossBrookes.hpp:52; src/acoustics/FwhSurface.cpp:142
CFD-UG	Chapter 3: Single-Phase Flow Interfaces	This modeling assumes that the buoyancy-induced turbulence kinetic energy is	turbulence	present	src/turbulence/KKLOmegaTransition.hpp:7; src/meshing/OversetInterpolation.hpp:11; src/gui/Dialogs.cpp:232
CFD-UG	Chapter 3: Single-Phase Flow Interfaces	Buoyancy-Induced Turbulence In A Rotating Frame	turbulence	present	src/gui/Dialogs.cpp:232; src/emag/Mhd.hpp:14; src/core/RotatingFileSink.hpp:6
CFD-UG	Chapter 3: Single-Phase Flow Interfaces	Theory for Rotation-Curvature Correction in RANS-EVM	turbulence	present	src/combustion/TfcModel.hpp:23; src/gui/Dialogs.cpp:232; src/solver/WallDistance.cpp:9
CFD-UG	Chapter 3: Single-Phase Flow Interfaces	Theory for the Pressure, No Viscous Stress Boundary Condition	bc	present	src/combustion/TfcModel.hpp:23; src/gui/Dialogs.cpp:232; src/io/ForcesReport.cpp:60
CFD-UG	Chapter 3: Single-Phase Flow Interfaces	C μ  3 ( I T U ref )  2	ui	partial	src/gui/Dialogs.cpp:232
CFD-UG	Chapter 3: Single-Phase Flow Interfaces	Inlet Values for the Turbulence Length Scale and Turbulent Intensity	bc	present	src/gui/Dialogs.cpp:232; src/radiation/DiscreteOrdinates.cpp:121; src/combustion/GEquation.cpp:51
CFD-UG	Chapter 3: Single-Phase Flow Interfaces	Boundary layer	ui	partial	src/gui/Dialogs.cpp:232
CFD-UG	Chapter 3: Single-Phase Flow Interfaces	Pipe diameter or	ui	present	src/io/MovieEncoder.cpp:215; src/gui/Dialogs.cpp:232; src/combustion/SootMossBrookes.cpp:55
CFD-UG	Chapter 3: Single-Phase Flow Interfaces	Initial Values for Generate New Turbulence Model Interfaces	turbulence	present	src/gui/Dialogs.cpp:232; src/meshing/AdvancingFrontSurface.cpp:86; src/core/ThreadPool.cpp:57
CFD-UG	Chapter 3: Single-Phase Flow Interfaces	LT )	ui	partial	src/gui/Dialogs.cpp:232
CFD-UG	Chapter 3: Single-Phase Flow Interfaces	LT )	ui	partial	src/gui/Dialogs.cpp:232
CFD-UG	Chapter 3: Single-Phase Flow Interfaces	Solvers for Turbulent Flow	turbulence	present	src/gui/Dialogs.cpp:232; src/combustion/CanteraParser.hpp:13; src/combustion/GEquation.cpp:51
CFD-UG	Chapter 3: Single-Phase Flow Interfaces	Pseudo Time Stepping for Turbulent Flow Models	turbulence	present	src/gui/RibbonContent.cpp:78; src/gui/Dialogs.cpp:232; src/combustion/GEquation.cpp:68
CFD-UG	Chapter 3: Single-Phase Flow Interfaces	References for the Single-Phase Flow, Turbulent Flow Interfaces	turbulence	partial	src/gui/Dialogs.cpp:232; src/combustion/GEquation.cpp:51
CFD-UG	Chapter 3: Single-Phase Flow Interfaces	F.R. Menter, A. Garbaruk, P.Smirnov, D. Cokljat, and F. Mathey, “Scale-Adaptive	ui	present	src/turbulence/KKLOmegaTransition.cpp:15; src/gui/Dialogs.cpp:232; src/amr/AdaptiveRefinement.hpp:4
CFD-UG	Chapter 3: Single-Phase Flow Interfaces	M. Vázquez, M. Ravachol, F. Chalot, and M. Mallet, “The Robustness Issue on	ui	partial	src/cad/Defeaturing.cpp:13; src/gui/Dialogs.cpp:232
CFD-UG	Chapter 3: Single-Phase Flow Interfaces	T. Cebeci, Analysis of Turbulent Flows, 2nd ed., Elsevier, Amsterdam, 2004.	turbulence	present	src/solver/bc/WallBc.hpp:30; src/gpu/GpuKernels.cpp:331; src/gui/Dialogs.cpp:232
CFD-UG	Chapter 3: Single-Phase Flow Interfaces	J. Nikuradse, “Strömungsgesetze in rauhen Rohren,” Forschg. Arb. Ing.-Wes., no.	ui	partial	src/gui/Dialogs.cpp:232
CFD-UG	Chapter 3: Single-Phase Flow Interfaces	D. Agonafer, L. Gan-Li, and D.B. Spalding, “LVEL turbulence model for	turbulence	partial	src/gui/Dialogs.cpp:232; src/particles/ParticleEvaporation.hpp:4
CFD-UG	Chapter 3: Single-Phase Flow Interfaces	L. Prandtl, “Über die ausgebildete Turbulenz,” ZAMM 5, 1925 (in German).	turbulence	partial	src/solver/EnergyEquation.hpp:30; src/gui/Dialogs.cpp:232
CFD-UG	Chapter 3: Single-Phase Flow Interfaces	P.R. Spalart and S.R. Allmaras, “A one-equation turbulence model for	turbulence	present	src/gui/Dialogs.cpp:232; src/core/IWallDistanceService.hpp:12; src/core/IWallDistanceService.hpp:12
CFD-UG	Chapter 3: Single-Phase Flow Interfaces	P.A. Durbin, “Application of a near-wall turbulence model to boundary layers and	turbulence	present	src/gui/Dialogs.cpp:232; src/core/IWallDistanceService.hpp:10; src/core/ConfigStore.cpp:279
CFD-UG	Chapter 3: Single-Phase Flow Interfaces	K. Hanjalic, M. Popovac, and M. Hadziabdic, “A robust near-wall ellipticrelaxation eddy-viscosity turbulence model for CFD,” Int. J. Heat Fluid Flow,	turbulence	present	src/gui/Dialogs.cpp:232; src/combustion/EddyDissipationConcept.hpp:6; src/combustion/EddyDissipationConcept.hpp:16
CFD-UG	Chapter 3: Single-Phase Flow Interfaces	S.B. Pope, Turbulent Flow, Cambridge University Press, 2000.	turbulence	present	src/combustion/GEquation.hpp:17; src/combustion/TransportedPdf.hpp:19; src/gui/PythonConsolePanel.cpp:74
CFD-UG	Chapter 3: Single-Phase Flow Interfaces	M.H.J. Pedras and M.J.S. de Lemos, “Macroscopic turbulence modeling for	turbulence	partial	src/gui/Dialogs.cpp:232
CFD-UG	Chapter 3: Single-Phase Flow Interfaces	A. Nakayama and F. Kuwahara, “A general macroscopic turbulence model for	turbulence	partial	src/gui/Dialogs.cpp:232
CFD-UG	Chapter 3: Single-Phase Flow Interfaces	J-B Cazalbou and P. Chassaing, “The structure of the solution obtained with	ui	present	src/combustion/EddyDissipationConcept.hpp:14; src/gui/Dialogs.cpp:232; src/cad/StepReader.hpp:7
CFD-UG	Chapter 3: Single-Phase Flow Interfaces	R. Manceau, “Recent progress in the development of the Elliptic Blending	ui	present	src/gui/Dialogs.cpp:232; src/core/IWallDistanceService.hpp:12; src/core/IWallDistanceService.hpp:58
CFD-UG	Chapter 3: Single-Phase Flow Interfaces	Theory for the Large Eddy Simulation	ui	present	src/combustion/TfcModel.hpp:23; src/gui/Dialogs.cpp:232; src/combustion/EddyDissipationConcept.hpp:6
CFD-UG	Chapter 3: Single-Phase Flow Interfaces	The unresolved scales of density and enthalpy are modeled as	ui	present	src/gui/Dialogs.cpp:232; src/cad/Booleans.hpp:9; src/combustion/LaminarFiniteRate.cpp:63
CFD-UG	Chapter 3: Single-Phase Flow Interfaces	T' = – τ e res e	ui	partial	src/gui/Dialogs.cpp:232
CFD-UG	Chapter 3: Single-Phase Flow Interfaces	Wall Boundary Condition	bc	partial	src/gui/Dialogs.cpp:232; src/core/BoundaryConditionRegistry.hpp:13
CFD-UG	Chapter 3: Single-Phase Flow Interfaces	Low Reynolds Number Wall Treatment	bc	present	src/multiphase/VolumeOfFluid.hpp:10; src/gui/Dialogs.cpp:232; src/combustion/TfcModel.hpp:24
CFD-UG	Chapter 3: Single-Phase Flow Interfaces	Automatic Wall Treatment	bc	present	src/multiphase/VolumeOfFluid.hpp:10; src/core/EventBus.hpp:95; src/gui/Dialogs.cpp:232
CFD-UG	Chapter 3: Single-Phase Flow Interfaces	Re	ui	partial	src/gui/Dialogs.cpp:232
CFD-UG	Chapter 3: Single-Phase Flow Interfaces	E 	ui	partial	src/gui/Dialogs.cpp:232
CFD-UG	Chapter 3: Single-Phase Flow Interfaces	Temporal Resolution	ui	present	src/acoustics/CurleAcoustics.hpp:21; src/gui/Dialogs.cpp:232; src/core/IWallDistanceService.hpp:15
CFD-UG	Chapter 3: Single-Phase Flow Interfaces	Synthetic Turbulence Inlet Condition	bc	present	src/io/GambitReader.hpp:57; src/gui/Dialogs.cpp:232; src/core/BoundaryConditionRegistry.hpp:13
CFD-UG	Chapter 3: Single-Phase Flow Interfaces	Instantaneous Velocity Field	ui	partial	src/combustion/GEquation.hpp:6; src/gui/Dialogs.cpp:232
CFD-UG	Chapter 3: Single-Phase Flow Interfaces	Time Correlations	ui	partial	src/gui/Dialogs.cpp:232
CFD-UG	Chapter 3: Single-Phase Flow Interfaces	References for LES	turbulence	partial	src/gui/Dialogs.cpp:232
CFD-UG	Chapter 3: Single-Phase Flow Interfaces	Theory for the Detached Eddy	ui	present	src/combustion/TfcModel.hpp:23; src/turbulence/IDDES.hpp:4; src/gui/Dialogs.cpp:232
CFD-UG	Chapter 3: Single-Phase Flow Interfaces	S̃ = S + ----------2	ui	partial	src/gui/Dialogs.cpp:232
CFD-UG	Chapter 3: Single-Phase Flow Interfaces	Dw	ui	partial	src/gui/Dialogs.cpp:232
CFD-UG	Chapter 3: Single-Phase Flow Interfaces	Inspecting Equation 3-310 and Equation 3-311, it can be seen that for	ui	partial	src/io/Plot3dReader.hpp:17; src/gui/Dialogs.cpp:232
CFD-UG	Chapter 3: Single-Phase Flow Interfaces	Reference for DES	ui	partial	src/gui/Dialogs.cpp:232
CFD-UG	Chapter 3: Single-Phase Flow Interfaces	Theory for the Rotating Machinery	dynamic	present	src/combustion/TfcModel.hpp:23; src/gui/Dialogs.cpp:232; src/cad/Healing.hpp:6
CFD-UG	Chapter 3: Single-Phase Flow Interfaces	About Rotating Machinery	dynamic	present	src/gui/Dialogs.cpp:232; src/cad/Healing.hpp:6; src/core/RotatingFileSink.hpp:6
CFD-UG	Chapter 3: Single-Phase Flow Interfaces	Frozen Rotor	ui	partial	src/gui/Dialogs.cpp:232; src/acoustics/FwhSurface.hpp:6
CFD-UG	Chapter 3: Single-Phase Flow Interfaces	Frozen rotor is both a study type and an equation form. When solving a rotating	dynamic	present	src/gui/MainWindow.cpp:193; src/gui/Dialogs.cpp:232; src/acoustics/FwhSurface.hpp:6
CFD-UG	Chapter 3: Single-Phase Flow Interfaces	Setting Up a Rotating Machinery Model	dynamic	present	src/core/Command.hpp:7; src/gui/Dialogs.cpp:232; src/cad/Healing.hpp:6
CFD-UG	Chapter 3: Single-Phase Flow Interfaces	References	ui	n/a	
CFD-UG	Chapter 3: Single-Phase Flow Interfaces	Theory for the Viscoelastic Flow	ui	partial	src/combustion/TfcModel.hpp:23; src/gui/Dialogs.cpp:232
CFD-UG	Chapter 3: Single-Phase Flow Interfaces	General Viscoelastic Flow Theory	ui	partial	src/combustion/TfcModel.hpp:23; src/gui/Dialogs.cpp:232
CFD-UG	Chapter 3: Single-Phase Flow Interfaces	Oldroyd-B Model	ui	partial	src/gui/Dialogs.cpp:232
CFD-UG	Chapter 3: Single-Phase Flow Interfaces	The Oldroyd-B model can be derived from the kinetic theory representing the	ui	present	src/particles/WallFilm.cpp:107; src/turbulence/KKLOmegaTransition.hpp:7; src/combustion/TfcModel.hpp:23
CFD-UG	Chapter 3: Single-Phase Flow Interfaces	Fene-P Model	ui	partial	src/gui/Dialogs.cpp:232
CFD-UG	Chapter 3: Single-Phase Flow Interfaces	Giesekus Model	ui	partial	src/gui/Dialogs.cpp:232
CFD-UG	Chapter 3: Single-Phase Flow Interfaces	The Giesekus model is often used to model the flow of the semi-diluted and	ui	present	src/adjoint/DiscreteAdjoint.cpp:139; src/gui/Dialogs.cpp:232; src/dynamics/SixDof.cpp:71
CFD-UG	Chapter 3: Single-Phase Flow Interfaces	Boundary Conditions	bc	partial	src/gui/Dialogs.cpp:232; src/core/BoundaryConditionRegistry.hpp:9
CFD-UG	Chapter 3: Single-Phase Flow Interfaces	Numerical Stability — Stabilization Techniques for Fluid Flow	ui	present	src/turbulence/KEpsilonStandard.cpp:115; src/solver/CompressibleFlux.hpp:42; src/gui/Dialogs.cpp:232
CFD-UG	Chapter 3: Single-Phase Flow Interfaces	Solvers for Viscoelastic Flow	solver	partial	src/gui/Dialogs.cpp:232; src/combustion/CanteraParser.hpp:13
CFD-UG	Chapter 3: Single-Phase Flow Interfaces	Pseudo Time Stepping for Viscoelastic Flow Models	solver	present	src/gui/RibbonContent.cpp:78; src/gui/Dialogs.cpp:232; src/combustion/GEquation.cpp:68
CFD-UG	Chapter 3: Single-Phase Flow Interfaces	References for the Viscoelastic Flow Interfaces	ui	partial	src/gui/Dialogs.cpp:232
CFD-UG	Chapter 3: Single-Phase Flow Interfaces	T he o r y f o r th e In c omp ressi b l e	ui	partial	src/gui/Dialogs.cpp:232
CFD-UG	Chapter 3: Single-Phase Flow Interfaces	General Incompressible Potential Flow Theory	ui	present	src/combustion/TfcModel.hpp:23; src/gui/Dialogs.cpp:232; src/emag/AvFormulation.hpp:6
CFD-UG	Chapter 3: Single-Phase Flow Interfaces	The local gauge pressure can be obtained from Bernoulli’s equation	ui	present	src/acoustics/FwhSurface.hpp:86; src/combustion/EddyDissipationConcept.hpp:14; src/gui/Dialogs.cpp:232
CFD-UG	Chapter 4: Heat Transfer and Nonisothermal Flow Interfaces	Chapter 4: Heat Transfer and Nonisothermal Flow Interfaces	turbulence	partial	src/gui/Dialogs.cpp:232; src/cad/IgesReader.cpp:45
CFD-UG	Chapter 4: Heat Transfer and Nonisothermal Flow Interfaces	Flow Interfaces	turbulence	partial	src/gui/Dialogs.cpp:232; src/cad/IgesReader.cpp:45
CFD-UG	Chapter 4: Heat Transfer and Nonisothermal Flow Interfaces	Modeling Heat Transfer in the CFD	turbulence	partial	src/gui/Dialogs.cpp:232; src/cad/IgesReader.cpp:45
CFD-UG	Chapter 4: Heat Transfer and Nonisothermal Flow Interfaces	Heat Transfer In Solids Or Fluids, And Joule Heating	turbulence	present	src/multiphase/VolumeOfFluid.hpp:4; src/particles/ParticleHeating.cpp:22; src/gui/Dialogs.cpp:232
CFD-UG	Chapter 4: Heat Transfer and Nonisothermal Flow Interfaces	Heat Transfer In Porous Media	turbulence	present	src/gui/Dialogs.cpp:232; src/emag/AvFormulation.hpp:7; src/gui/Dialogs.cpp:368
CFD-UG	Chapter 4: Heat Transfer and Nonisothermal Flow Interfaces	Nonisothermal Flow And Conjugate Heat Transfer	turbulence	present	src/gui/Dialogs.cpp:232; src/core/IWallDistanceService.hpp:14; src/cad/IgesReader.cpp:45
CFD-UG	Chapter 4: Heat Transfer and Nonisothermal Flow Interfaces	Flow Interfaces	turbulence	partial	src/gui/Dialogs.cpp:232; src/cad/IgesReader.cpp:45
CFD-UG	Chapter 4: Heat Transfer and Nonisothermal Flow Interfaces	Coupling to Other Physics Interfaces	turbulence	present	src/gui/Dialogs.cpp:232; src/combustion/LaminarFiniteRate.cpp:110; src/cad/IgesReader.cpp:45
CFD-UG	Chapter 4: Heat Transfer and Nonisothermal Flow Interfaces	Also see The Heat Transfer Module Interfaces and Theory for the Heat Transfer	turbulence	present	src/combustion/TfcModel.hpp:23; src/gui/Dialogs.cpp:232; src/acoustics/CurleAcoustics.hpp:19
CFD-UG	Chapter 4: Heat Transfer and Nonisothermal Flow Interfaces	Flow Interfaces	turbulence	partial	src/gui/Dialogs.cpp:232; src/cad/IgesReader.cpp:45
CFD-UG	Chapter 4: Heat Transfer and Nonisothermal Flow Interfaces	The Nonisothermal Flow and	turbulence	partial	src/gui/Dialogs.cpp:232; src/cad/IgesReader.cpp:45
CFD-UG	Chapter 4: Heat Transfer and Nonisothermal Flow Interfaces	Advantages of Using the Multiphysics Interfaces	turbulence	present	src/solver/CoupledPressureVelocity.hpp:21; src/gui/Dialogs.cpp:232; src/cad/IgesReader.cpp:45
CFD-UG	Chapter 4: Heat Transfer and Nonisothermal Flow Interfaces	The Nonisothermal Flow And Conjugate Heat Transfer, Laminar Flow, Turbulent Flow And Les Interfaces	turbulence	present	src/gui/Dialogs.cpp:232; src/core/IWallDistanceService.hpp:14; src/combustion/EddyDissipationConcept.hpp:15
CFD-UG	Chapter 4: Heat Transfer and Nonisothermal Flow Interfaces	The Nonisothermal Flow, Laminar Flow and Turbulent Flow	turbulence	present	src/gui/Dialogs.cpp:232; src/combustion/EddyDissipationConcept.hpp:15; src/combustion/GEquation.cpp:51
CFD-UG	Chapter 4: Heat Transfer and Nonisothermal Flow Interfaces	Flow Interfaces	turbulence	partial	src/gui/Dialogs.cpp:232; src/cad/IgesReader.cpp:45
CFD-UG	Chapter 4: Heat Transfer and Nonisothermal Flow Interfaces	The Nonisothermal Flow And Conjugate Heat Transfer, Laminar Flow, Turbulent Flow And Les Interfaces	turbulence	present	src/gui/Dialogs.cpp:232; src/core/IWallDistanceService.hpp:14; src/combustion/EddyDissipationConcept.hpp:15
CFD-UG	Chapter 4: Heat Transfer and Nonisothermal Flow Interfaces	The Nonisothermal Flow, Brinkman Equations Interface	turbulence	present	src/gui/Dialogs.cpp:232; src/adjoint/ContinuousAdjoint.hpp:11; src/cad/IgesReader.cpp:45
CFD-UG	Chapter 4: Heat Transfer and Nonisothermal Flow Interfaces	Flow Interfaces	turbulence	partial	src/gui/Dialogs.cpp:232; src/cad/IgesReader.cpp:45
CFD-UG	Chapter 4: Heat Transfer and Nonisothermal Flow Interfaces	Settings for Physics Interfaces and Coupling Features	turbulence	present	src/cad/Defeaturing.hpp:6; src/gui/Dialogs.cpp:232; src/combustion/LaminarFiniteRate.cpp:110
CFD-UG	Chapter 4: Heat Transfer and Nonisothermal Flow Interfaces	Discretization order from temperature Lagrange	turbulence	present	src/solver/Solver.hpp:26; src/optimization/SimpTopology.cpp:154; src/gui/Dialogs.cpp:232
CFD-UG	Chapter 4: Heat Transfer and Nonisothermal Flow Interfaces	The Absolute pressure, pA (Model Input section)	turbulence	present	src/solver/DualTimeStepping.hpp:33; src/gui/Dialogs.cpp:232; src/cad/IgesReader.cpp:45
CFD-UG	Chapter 4: Heat Transfer and Nonisothermal Flow Interfaces	The fluid-flow and heat-transfer interfaces are	turbulence	partial	src/gui/Dialogs.cpp:232; src/cad/IgesReader.cpp:45
CFD-UG	Chapter 4: Heat Transfer and Nonisothermal Flow Interfaces	The Nonisothermal Flow And Conjugate Heat Transfer, Laminar Flow, Turbulent Flow And Les Interfaces	turbulence	present	src/gui/Dialogs.cpp:232; src/core/IWallDistanceService.hpp:14; src/combustion/EddyDissipationConcept.hpp:15
CFD-UG	Chapter 4: Heat Transfer and Nonisothermal Flow Interfaces	Coupling Feature	turbulence	present	src/cad/FeatureEdges.cpp:148; src/gui/Dialogs.cpp:232; src/cad/IgesReader.cpp:45
CFD-UG	Chapter 4: Heat Transfer and Nonisothermal Flow Interfaces	Physics Interface Features	turbulence	present	src/cad/Defeaturing.hpp:6; src/gui/Dialogs.cpp:232; src/combustion/LaminarFiniteRate.cpp:110
CFD-UG	Chapter 4: Heat Transfer and Nonisothermal Flow Interfaces	In general, to add a node, go to the Physics toolbar, no matter what	turbulence	present	src/cad/FeatureEdges.hpp:11; src/gui/Dialogs.cpp:232; src/core/PluginRegistry.hpp:8
CFD-UG	Chapter 4: Heat Transfer and Nonisothermal Flow Interfaces	Heat Transfer In Fluids (Nonisothermal Flow)	turbulence	present	src/multiphase/VolumeOfFluid.hpp:4; src/gui/Dialogs.cpp:232; src/cad/IgesReader.cpp:45
CFD-UG	Chapter 4: Heat Transfer and Nonisothermal Flow Interfaces	Heat Transfer In Solids (Conjugate Heat Transfer)	turbulence	present	src/gui/Dialogs.cpp:232; src/cad/Booleans.hpp:6; src/core/IWallDistanceService.hpp:14
CFD-UG	Chapter 4: Heat Transfer and Nonisothermal Flow Interfaces	Heat Transfer In Porous Media	turbulence	present	src/gui/Dialogs.cpp:232; src/emag/AvFormulation.hpp:7; src/gui/Dialogs.cpp:368
CFD-UG	Chapter 4: Heat Transfer and Nonisothermal Flow Interfaces	Laminar Flow	turbulence	present	src/gui/Dialogs.cpp:232; src/combustion/EddyDissipationConcept.hpp:15; src/cad/IgesReader.cpp:45
CFD-UG	Chapter 4: Heat Transfer and Nonisothermal Flow Interfaces	Flow Interfaces	turbulence	partial	src/gui/Dialogs.cpp:232; src/cad/IgesReader.cpp:45
CFD-UG	Chapter 4: Heat Transfer and Nonisothermal Flow Interfaces	Turbulent Flow, Algebraic Yplus	turbulence	present	src/gui/Dialogs.cpp:232; src/combustion/NoxThermalPromptFuel.hpp:12; src/combustion/GEquation.cpp:51
CFD-UG	Chapter 4: Heat Transfer and Nonisothermal Flow Interfaces	Turbulent Flow, L-Vel	turbulence	present	src/gui/Dialogs.cpp:232; src/combustion/GEquation.cpp:51; src/cad/IgesReader.cpp:45
CFD-UG	Chapter 4: Heat Transfer and Nonisothermal Flow Interfaces	Turbulent Flow, Sst	turbulence	present	src/gui/Dialogs.cpp:232; src/combustion/GEquation.cpp:51; src/cad/IgesReader.cpp:45
CFD-UG	Chapter 4: Heat Transfer and Nonisothermal Flow Interfaces	Turbulent Flow, Spalart–Allmaras	turbulence	present	src/gui/Dialogs.cpp:232; src/core/IWallDistanceService.hpp:12; src/core/IWallDistanceService.hpp:12
CFD-UG	Chapter 4: Heat Transfer and Nonisothermal Flow Interfaces	Turbulent Flow, V2-F	turbulence	present	src/gui/Dialogs.cpp:232; src/combustion/GEquation.cpp:51; src/cad/IgesReader.cpp:45
CFD-UG	Chapter 4: Heat Transfer and Nonisothermal Flow Interfaces	The Nonisothermal Flow And Conjugate Heat Transfer, Laminar Flow, Turbulent Flow And Les Interfaces	turbulence	present	src/gui/Dialogs.cpp:232; src/core/IWallDistanceService.hpp:14; src/combustion/EddyDissipationConcept.hpp:15
CFD-UG	Chapter 4: Heat Transfer and Nonisothermal Flow Interfaces	Turbulent Flow, Ssg-Lrr	turbulence	present	src/gui/Dialogs.cpp:232; src/combustion/GEquation.cpp:51; src/cad/IgesReader.cpp:45
CFD-UG	Chapter 4: Heat Transfer and Nonisothermal Flow Interfaces	Les Rbvm	turbulence	partial	src/gui/Dialogs.cpp:232; src/cad/IgesReader.cpp:45
CFD-UG	Chapter 4: Heat Transfer and Nonisothermal Flow Interfaces	Les Rbvmwv	turbulence	partial	src/gui/Dialogs.cpp:232; src/cad/IgesReader.cpp:45
CFD-UG	Chapter 4: Heat Transfer and Nonisothermal Flow Interfaces	Les Smagorinsky	turbulence	present	src/gui/Dialogs.cpp:232; src/turbulence/CMakeLists.txt:2; src/cad/IgesReader.cpp:45
CFD-UG	Chapter 4: Heat Transfer and Nonisothermal Flow Interfaces	Brinkman Equations	turbulence	present	src/gui/Dialogs.cpp:232; src/adjoint/ContinuousAdjoint.hpp:11; src/cad/IgesReader.cpp:45
CFD-UG	Chapter 4: Heat Transfer and Nonisothermal Flow Interfaces	Viscoelastic Flow	turbulence	partial	src/gui/Dialogs.cpp:232; src/cad/IgesReader.cpp:45
CFD-UG	Chapter 4: Heat Transfer and Nonisothermal Flow Interfaces	Flow Interfaces	turbulence	partial	src/gui/Dialogs.cpp:232; src/cad/IgesReader.cpp:45
CFD-UG	Chapter 4: Heat Transfer and Nonisothermal Flow Interfaces	The multiphysics stabilizations (streamline diffusion and crosswind	turbulence	present	src/gui/Dialogs.cpp:232; src/visualization/LicFilter.hpp:7; src/combustion/SlfmFlamelet.hpp:6
CFD-UG	Chapter 4: Heat Transfer and Nonisothermal Flow Interfaces	The Nonisothermal Flow And Conjugate Heat Transfer, Laminar Flow, Turbulent Flow And Les Interfaces	turbulence	present	src/gui/Dialogs.cpp:232; src/core/IWallDistanceService.hpp:14; src/combustion/EddyDissipationConcept.hpp:15
CFD-UG	Chapter 4: Heat Transfer and Nonisothermal Flow Interfaces	The pressure, velocity, and temperature variables of the Nonisothermal	turbulence	present	src/gui/Dialogs.cpp:232; src/adjoint/DiscreteAdjoint.hpp:15; src/cad/IgesReader.cpp:45
CFD-UG	Chapter 4: Heat Transfer and Nonisothermal Flow Interfaces	Settings	turbulence	n/a	
CFD-UG	Chapter 4: Heat Transfer and Nonisothermal Flow Interfaces	The Label is the default multiphysics coupling feature name.	turbulence	present	src/cad/FeatureEdges.cpp:148; src/gui/Dialogs.cpp:232; src/cad/IgesReader.cpp:45
CFD-UG	Chapter 4: Heat Transfer and Nonisothermal Flow Interfaces	Domain Selection	turbulence	partial	src/gui/Dialogs.cpp:232; src/cad/IgesReader.cpp:45
CFD-UG	Chapter 4: Heat Transfer and Nonisothermal Flow Interfaces	The Nonisothermal Flow coupling node selection is locked to the union of:	turbulence	present	src/gui/Dialogs.cpp:232; src/io/ForcesReport.hpp:52; src/cad/IgesReader.cpp:45
CFD-UG	Chapter 4: Heat Transfer and Nonisothermal Flow Interfaces	Coupled Interfaces	turbulence	present	src/gui/Dialogs.cpp:232; src/gui/DiagnosticsPanel.cpp:59; src/cad/IgesReader.cpp:45
CFD-UG	Chapter 4: Heat Transfer and Nonisothermal Flow Interfaces	Flow Interfaces	turbulence	partial	src/gui/Dialogs.cpp:232; src/cad/IgesReader.cpp:45
CFD-UG	Chapter 4: Heat Transfer and Nonisothermal Flow Interfaces	The default values depend on how this coupling node is created:	turbulence	present	src/gui_core/PanelRegistry.hpp:9; src/gui/Dialogs.cpp:232; src/gpu/RenderingBridge.hpp:39
CFD-UG	Chapter 4: Heat Transfer and Nonisothermal Flow Interfaces	Heat Transfer Turbulence Model	turbulence	partial	src/gui/Dialogs.cpp:232; src/cad/IgesReader.cpp:45
CFD-UG	Chapter 4: Heat Transfer and Nonisothermal Flow Interfaces	The Nonisothermal Flow And Conjugate Heat Transfer, Laminar Flow, Turbulent Flow And Les Interfaces	turbulence	present	src/gui/Dialogs.cpp:232; src/core/IWallDistanceService.hpp:14; src/combustion/EddyDissipationConcept.hpp:15
CFD-UG	Chapter 4: Heat Transfer and Nonisothermal Flow Interfaces	This section is also available when either of the LES interfaces RBVMWV or	turbulence	present	src/gui/Dialogs.cpp:232; src/amr/AdaptiveRefinement.hpp:11; src/cad/IgesReader.cpp:45
CFD-UG	Chapter 4: Heat Transfer and Nonisothermal Flow Interfaces	Flow Interfaces	turbulence	partial	src/gui/Dialogs.cpp:232; src/cad/IgesReader.cpp:45
CFD-UG	Chapter 4: Heat Transfer and Nonisothermal Flow Interfaces	Material Properties	turbulence	present	src/gui/Dialogs.cpp:232; src/cad/CMakeLists.txt:42; src/cad/IgesReader.cpp:45
CFD-UG	Chapter 4: Heat Transfer and Nonisothermal Flow Interfaces	Boussinesq Approximation	turbulence	present	src/gui/Dialogs.cpp:232; src/emag/Mhd.hpp:5; src/cad/IgesReader.cpp:45
CFD-UG	Chapter 4: Heat Transfer and Nonisothermal Flow Interfaces	Density	turbulence	partial	src/gui/Dialogs.cpp:232; src/cad/IgesReader.cpp:45
CFD-UG	Chapter 4: Heat Transfer and Nonisothermal Flow Interfaces	The Nonisothermal Flow And Conjugate Heat Transfer, Laminar Flow, Turbulent Flow And Les Interfaces	turbulence	present	src/gui/Dialogs.cpp:232; src/core/IWallDistanceService.hpp:14; src/combustion/EddyDissipationConcept.hpp:15
CFD-UG	Chapter 4: Heat Transfer and Nonisothermal Flow Interfaces	Reference Temperature	turbulence	partial	src/gui/Dialogs.cpp:232; src/cad/IgesReader.cpp:45
CFD-UG	Chapter 4: Heat Transfer and Nonisothermal Flow Interfaces	Flow Interfaces	turbulence	partial	src/gui/Dialogs.cpp:232; src/cad/IgesReader.cpp:45
CFD-UG	Chapter 4: Heat Transfer and Nonisothermal Flow Interfaces	Energy Balance	turbulence	present	src/gui/Dialogs.cpp:232; src/amr/AmrApplier.hpp:16; src/cad/IgesReader.cpp:45
CFD-UG	Chapter 4: Heat Transfer and Nonisothermal Flow Interfaces	If a physics interface is deleted and then added to the model again, then	turbulence	present	src/gpu/HostDeviceMirror.hpp:26; src/dynamics/SixDofCoupler.hpp:14; src/gui/Dialogs.cpp:232
CFD-UG	Chapter 4: Heat Transfer and Nonisothermal Flow Interfaces	The Nonisothermal Flow And Conjugate Heat Transfer, Laminar Flow, Turbulent Flow And Les Interfaces	turbulence	present	src/gui/Dialogs.cpp:232; src/core/IWallDistanceService.hpp:14; src/combustion/EddyDissipationConcept.hpp:15
CFD-UG	Chapter 4: Heat Transfer and Nonisothermal Flow Interfaces	See also Theory for the Nonisothermal Flow and Conjugate Heat	turbulence	present	src/combustion/TfcModel.hpp:23; src/gui/Dialogs.cpp:232; src/core/IWallDistanceService.hpp:14
CFD-UG	Chapter 4: Heat Transfer and Nonisothermal Flow Interfaces	Settings	turbulence	n/a	
CFD-UG	Chapter 4: Heat Transfer and Nonisothermal Flow Interfaces	The Label is the default multiphysics coupling feature name.	turbulence	present	src/cad/FeatureEdges.cpp:148; src/gui/Dialogs.cpp:232; src/cad/IgesReader.cpp:45
CFD-UG	Chapter 4: Heat Transfer and Nonisothermal Flow Interfaces	Flow Interfaces	turbulence	partial	src/gui/Dialogs.cpp:232; src/cad/IgesReader.cpp:45
CFD-UG	Chapter 4: Heat Transfer and Nonisothermal Flow Interfaces	Coupled Interfaces	turbulence	present	src/gui/Dialogs.cpp:232; src/gui/DiagnosticsPanel.cpp:59; src/cad/IgesReader.cpp:45
CFD-UG	Chapter 4: Heat Transfer and Nonisothermal Flow Interfaces	Surface Tension	turbulence	present	src/gui/Dialogs.cpp:232; src/multiphase/PlicReconstruction.hpp:24; src/cad/IgesReader.cpp:45
CFD-UG	Chapter 4: Heat Transfer and Nonisothermal Flow Interfaces	Contact Angle	turbulence	present	src/gui/Dialogs.cpp:232; src/multiphase/SurfaceTensionCsf.cpp:54; src/cad/CadKernel.hpp:22
CFD-UG	Chapter 4: Heat Transfer and Nonisothermal Flow Interfaces	The Nonisothermal Flow And Conjugate Heat Transfer, Laminar Flow, Turbulent Flow And Les Interfaces	turbulence	present	src/gui/Dialogs.cpp:232; src/core/IWallDistanceService.hpp:14; src/combustion/EddyDissipationConcept.hpp:15
CFD-UG	Chapter 4: Heat Transfer and Nonisothermal Flow Interfaces	Flow Interfaces	turbulence	partial	src/gui/Dialogs.cpp:232; src/cad/IgesReader.cpp:45
CFD-UG	Chapter 4: Heat Transfer and Nonisothermal Flow Interfaces	Rotating Machinery, Nonisothermal Flow, Laminar Flow Interface	turbulence	present	src/gui/Dialogs.cpp:232; src/cad/Healing.hpp:6; src/combustion/EddyDissipationConcept.hpp:15
CFD-UG	Chapter 4: Heat Transfer and Nonisothermal Flow Interfaces	In earlier versions of COMSOL Multiphysics (prior to version 5.4), a	turbulence	present	src/io/GambitReader.cpp:318; src/meshing/Connectivity.hpp:24; src/gui/Dialogs.cpp:232
CFD-UG	Chapter 4: Heat Transfer and Nonisothermal Flow Interfaces	In general, to add a node, go to the Physics toolbar, no matter what	turbulence	present	src/cad/FeatureEdges.hpp:11; src/gui/Dialogs.cpp:232; src/core/PluginRegistry.hpp:8
CFD-UG	Chapter 4: Heat Transfer and Nonisothermal Flow Interfaces	Flow Interfaces	turbulence	partial	src/gui/Dialogs.cpp:232; src/cad/IgesReader.cpp:45
CFD-UG	Chapter 4: Heat Transfer and Nonisothermal Flow Interfaces	Heat Transfer In Fluids (Nonisothermal Flow)	turbulence	present	src/multiphase/VolumeOfFluid.hpp:4; src/gui/Dialogs.cpp:232; src/cad/IgesReader.cpp:45
CFD-UG	Chapter 4: Heat Transfer and Nonisothermal Flow Interfaces	Laminar Flow	turbulence	present	src/gui/Dialogs.cpp:232; src/combustion/EddyDissipationConcept.hpp:15; src/cad/IgesReader.cpp:45
CFD-UG	Chapter 4: Heat Transfer and Nonisothermal Flow Interfaces	Theory for the Nonisothermal Flow	turbulence	present	src/combustion/TfcModel.hpp:23; src/gui/Dialogs.cpp:232; src/cad/IgesReader.cpp:45
CFD-UG	Chapter 4: Heat Transfer and Nonisothermal Flow Interfaces	The Nonisothermal Flow and Conjugate Heat Transfer Equations	turbulence	present	src/gui/Dialogs.cpp:232; src/core/IWallDistanceService.hpp:14; src/adjoint/ContinuousAdjoint.hpp:11
CFD-UG	Chapter 4: Heat Transfer and Nonisothermal Flow Interfaces	Flow Interfaces	turbulence	partial	src/gui/Dialogs.cpp:232; src/cad/IgesReader.cpp:45
CFD-UG	Chapter 4: Heat Transfer and Nonisothermal Flow Interfaces	Turbulent Nonisothermal Flow Theory	turbulence	present	src/combustion/TfcModel.hpp:23; src/gui/Dialogs.cpp:232; src/combustion/GEquation.cpp:51
CFD-UG	Chapter 4: Heat Transfer and Nonisothermal Flow Interfaces	T = T	turbulence	partial	src/gui/Dialogs.cpp:232; src/cad/IgesReader.cpp:45
CFD-UG	Chapter 4: Heat Transfer and Nonisothermal Flow Interfaces	Flow Interfaces	turbulence	partial	src/gui/Dialogs.cpp:232; src/cad/IgesReader.cpp:45
CFD-UG	Chapter 4: Heat Transfer and Nonisothermal Flow Interfaces	The molecular diffusion term	turbulence	present	src/combustion/SootMomMethod.cpp:96; src/gui/Dialogs.cpp:232; src/combustion/SlfmFlamelet.hpp:6
CFD-UG	Chapter 4: Heat Transfer and Nonisothermal Flow Interfaces	Inserting Equation 4-6 through Equation 4-10 into Equation 4-5 gives	turbulence	present	src/gui/Dialogs.hpp:7; src/gui/Dialogs.cpp:232; src/cad/IgesReader.cpp:45
CFD-UG	Chapter 4: Heat Transfer and Nonisothermal Flow Interfaces	Flow Interfaces	turbulence	partial	src/gui/Dialogs.cpp:232; src/cad/IgesReader.cpp:45
CFD-UG	Chapter 4: Heat Transfer and Nonisothermal Flow Interfaces	According to Wilcox (Ref. 1), it is usually a good approximation to neglect the	turbulence	present	src/amr/AmrApplier.hpp:51; src/turbulence/KOmegaStandard.cpp:20; src/gui/Dialogs.cpp:232
CFD-UG	Chapter 4: Heat Transfer and Nonisothermal Flow Interfaces	Larsson (Ref. 2) suggests to make the split	turbulence	present	src/gui/Dialogs.cpp:232; src/amr/AmrApplier.hpp:8; src/cad/IgesReader.cpp:45
CFD-UG	Chapter 4: Heat Transfer and Nonisothermal Flow Interfaces	Turbulent Conductivity	turbulence	present	src/gui/Dialogs.cpp:232; src/core/UnitSystem.cpp:108; src/combustion/GEquation.cpp:51
CFD-UG	Chapter 4: Heat Transfer and Nonisothermal Flow Interfaces	Turbulent thermal conductivity, λT, is modeled either using a turbulent Prandtl	turbulence	present	src/solver/EnergyEquation.hpp:30; src/gui/Dialogs.cpp:232; src/combustion/NoxThermalPromptFuel.cpp:23
CFD-UG	Chapter 4: Heat Transfer and Nonisothermal Flow Interfaces	Kays–Crawford	turbulence	partial	src/gui/Dialogs.cpp:232; src/cad/IgesReader.cpp:45
CFD-UG	Chapter 4: Heat Transfer and Nonisothermal Flow Interfaces	Extended Kays–Crawford	turbulence	present	src/combustion/NoxThermalPromptFuel.cpp:60; src/gui/Dialogs.cpp:232; src/cad/IgesReader.cpp:45
CFD-UG	Chapter 4: Heat Transfer and Nonisothermal Flow Interfaces	Daly–Harlow (GGDH)	turbulence	partial	src/gui/Dialogs.cpp:232; src/cad/IgesReader.cpp:45
CFD-UG	Chapter 4: Heat Transfer and Nonisothermal Flow Interfaces	Flow Interfaces	turbulence	partial	src/gui/Dialogs.cpp:232; src/cad/IgesReader.cpp:45
CFD-UG	Chapter 4: Heat Transfer and Nonisothermal Flow Interfaces	Abe–Suga (HO-GGDH)	turbulence	partial	src/gui/Dialogs.cpp:232; src/cad/IgesReader.cpp:45
CFD-UG	Chapter 4: Heat Transfer and Nonisothermal Flow Interfaces	The default values of the GGDH and HO-GGDH model coefficients	turbulence	present	src/gui/Dialogs.cpp:232; src/combustion/ThermoNasaParser.cpp:147; src/cad/IgesReader.cpp:45
CFD-UG	Chapter 4: Heat Transfer and Nonisothermal Flow Interfaces	Temperature Condition For Automatic Wall Treatment And	bc	present	src/multiphase/VolumeOfFluid.hpp:10; src/core/EventBus.hpp:95; src/gui/Dialogs.cpp:232
CFD-UG	Chapter 4: Heat Transfer and Nonisothermal Flow Interfaces	Wall Functions	bc	partial	src/gui/Dialogs.cpp:232; src/cad/IgesReader.cpp:45
CFD-UG	Chapter 4: Heat Transfer and Nonisothermal Flow Interfaces	Flow Interfaces	turbulence	partial	src/gui/Dialogs.cpp:232; src/cad/IgesReader.cpp:45
CFD-UG	Chapter 4: Heat Transfer and Nonisothermal Flow Interfaces	Pr T	turbulence	partial	src/gui/Dialogs.cpp:232; src/cad/IgesReader.cpp:45
CFD-UG	Chapter 4: Heat Transfer and Nonisothermal Flow Interfaces	Pr 3 ⁄ 4	turbulence	partial	src/gui/Dialogs.cpp:232; src/cad/IgesReader.cpp:45
CFD-UG	Chapter 4: Heat Transfer and Nonisothermal Flow Interfaces	The Boussinesq Approximation	turbulence	present	src/gui/Dialogs.cpp:232; src/emag/Mhd.hpp:5; src/cad/IgesReader.cpp:45
CFD-UG	Chapter 4: Heat Transfer and Nonisothermal Flow Interfaces	Flow Interfaces	turbulence	partial	src/gui/Dialogs.cpp:232; src/cad/IgesReader.cpp:45
CFD-UG	Chapter 4: Heat Transfer and Nonisothermal Flow Interfaces	Theory for the Nonisothermal Screen Boundary Condition	bc	present	src/combustion/TfcModel.hpp:23; src/gui/Dialogs.cpp:232; src/visualization/Annotation.hpp:6
CFD-UG	Chapter 4: Heat Transfer and Nonisothermal Flow Interfaces	Theory for the Interior Fan Boundary Condition	bc	present	src/combustion/TfcModel.hpp:23; src/gui/Dialogs.cpp:232; src/core/BoundaryConditionRegistry.hpp:13
CFD-UG	Chapter 4: Heat Transfer and Nonisothermal Flow Interfaces	Γ	turbulence	partial	src/gui/Dialogs.cpp:232; src/cad/IgesReader.cpp:45
CFD-UG	Chapter 4: Heat Transfer and Nonisothermal Flow Interfaces	Γ	turbulence	partial	src/gui/Dialogs.cpp:232; src/cad/IgesReader.cpp:45
CFD-UG	Chapter 4: Heat Transfer and Nonisothermal Flow Interfaces	Flow Interfaces	turbulence	partial	src/gui/Dialogs.cpp:232; src/cad/IgesReader.cpp:45
CFD-UG	Chapter 4: Heat Transfer and Nonisothermal Flow Interfaces	Theory for the Nonisothermal	turbulence	present	src/combustion/TfcModel.hpp:23; src/gui/Dialogs.cpp:232; src/cad/IgesReader.cpp:45
CFD-UG	Chapter 4: Heat Transfer and Nonisothermal Flow Interfaces	Nonisothermal Viscoelastic Flow Theory	turbulence	present	src/combustion/TfcModel.hpp:23; src/gui/Dialogs.cpp:232; src/cad/IgesReader.cpp:45
CFD-UG	Chapter 4: Heat Transfer and Nonisothermal Flow Interfaces	Flow Interfaces	turbulence	partial	src/gui/Dialogs.cpp:232; src/cad/IgesReader.cpp:45
CFD-UG	Chapter 4: Heat Transfer and Nonisothermal Flow Interfaces	References for the Nonisothermal Viscoelastic Flow Interfaces	turbulence	partial	src/gui/Dialogs.cpp:232; src/cad/IgesReader.cpp:45
CFD-UG	Chapter 5: High Mach Number Flow Interfaces	Chapter 5: High Mach Number Flow Interfaces	ui	present	src/acoustics/CurleAcoustics.hpp:7; src/gui/Dialogs.cpp:232; src/combustion/TfcModel.hpp:24
CFD-UG	Chapter 5: High Mach Number Flow Interfaces	In this chapter:	ui	present	src/acoustics/CurleAcoustics.hpp:7; src/gui/Dialogs.cpp:232; src/combustion/TfcModel.hpp:24
CFD-UG	Chapter 5: High Mach Number Flow Interfaces	The High Mach Number Flow	ui	present	src/acoustics/CurleAcoustics.hpp:7; src/gui/Dialogs.cpp:232; src/combustion/TfcModel.hpp:24
CFD-UG	Chapter 5: High Mach Number Flow Interfaces	Turbulence	turbulence	present	src/acoustics/CurleAcoustics.hpp:7; src/gui/Dialogs.cpp:232; src/combustion/TfcModel.hpp:24
CFD-UG	Chapter 5: High Mach Number Flow Interfaces	Model Type	ui	present	src/acoustics/CurleAcoustics.hpp:7; src/gui/Dialogs.cpp:232; src/combustion/TfcModel.hpp:24
CFD-UG	Chapter 5: High Mach Number Flow Interfaces	Turbulence	turbulence	present	src/acoustics/CurleAcoustics.hpp:7; src/gui/Dialogs.cpp:232; src/combustion/TfcModel.hpp:24
CFD-UG	Chapter 5: High Mach Number Flow Interfaces	Model	ui	n/a	
CFD-UG	Chapter 5: High Mach Number Flow Interfaces	Default Heat	ui	present	src/acoustics/CurleAcoustics.hpp:7; src/gui/Dialogs.cpp:232; src/combustion/TfcModel.hpp:24
CFD-UG	Chapter 5: High Mach Number Flow Interfaces	Conductivity	ui	present	src/acoustics/CurleAcoustics.hpp:7; src/gui/Dialogs.cpp:232; src/core/UnitSystem.cpp:108
CFD-UG	Chapter 5: High Mach Number Flow Interfaces	Turbulence	turbulence	present	src/acoustics/CurleAcoustics.hpp:7; src/gui/Dialogs.cpp:232; src/combustion/TfcModel.hpp:24
CFD-UG	Chapter 5: High Mach Number Flow Interfaces	Model	ui	n/a	
CFD-UG	Chapter 5: High Mach Number Flow Interfaces	Rans-Evm	turbulence	present	src/acoustics/CurleAcoustics.hpp:7; src/gui/Dialogs.cpp:232; src/solver/WallDistance.cpp:9
CFD-UG	Chapter 5: High Mach Number Flow Interfaces	L-Vel	ui	present	src/acoustics/CurleAcoustics.hpp:7; src/gui/Dialogs.cpp:232; src/combustion/TfcModel.hpp:24
CFD-UG	Chapter 5: High Mach Number Flow Interfaces	Rans-Evm	turbulence	present	src/acoustics/CurleAcoustics.hpp:7; src/gui/Dialogs.cpp:232; src/solver/WallDistance.cpp:9
CFD-UG	Chapter 5: High Mach Number Flow Interfaces	L-Vel	ui	present	src/acoustics/CurleAcoustics.hpp:7; src/gui/Dialogs.cpp:232; src/combustion/TfcModel.hpp:24
CFD-UG	Chapter 5: High Mach Number Flow Interfaces	Rans-Evm	turbulence	present	src/acoustics/CurleAcoustics.hpp:7; src/gui/Dialogs.cpp:232; src/solver/WallDistance.cpp:9
CFD-UG	Chapter 5: High Mach Number Flow Interfaces	Rans-Evm	turbulence	present	src/acoustics/CurleAcoustics.hpp:7; src/gui/Dialogs.cpp:232; src/solver/WallDistance.cpp:9
CFD-UG	Chapter 5: High Mach Number Flow Interfaces	Rans-Evm	turbulence	present	src/acoustics/CurleAcoustics.hpp:7; src/gui/Dialogs.cpp:232; src/solver/WallDistance.cpp:9
CFD-UG	Chapter 5: High Mach Number Flow Interfaces	Rans-Evm	turbulence	present	src/acoustics/CurleAcoustics.hpp:7; src/gui/Dialogs.cpp:232; src/solver/WallDistance.cpp:9
CFD-UG	Chapter 5: High Mach Number Flow Interfaces	Rans-Evm	turbulence	present	src/acoustics/CurleAcoustics.hpp:7; src/gui/Dialogs.cpp:232; src/solver/WallDistance.cpp:9
CFD-UG	Chapter 5: High Mach Number Flow Interfaces	Low Reynolds	ui	present	src/acoustics/CurleAcoustics.hpp:7; src/gui/Dialogs.cpp:232; src/combustion/TfcModel.hpp:24
CFD-UG	Chapter 5: High Mach Number Flow Interfaces	Rans-Evm	turbulence	present	src/acoustics/CurleAcoustics.hpp:7; src/gui/Dialogs.cpp:232; src/solver/WallDistance.cpp:9
CFD-UG	Chapter 5: High Mach Number Flow Interfaces	Physics Interface Label	ui	present	src/acoustics/CurleAcoustics.hpp:7; src/gui/Dialogs.cpp:232; src/combustion/TfcModel.hpp:24
CFD-UG	Chapter 5: High Mach Number Flow Interfaces	Turbulence	turbulence	present	src/acoustics/CurleAcoustics.hpp:7; src/gui/Dialogs.cpp:232; src/combustion/TfcModel.hpp:24
CFD-UG	Chapter 5: High Mach Number Flow Interfaces	Model Type	ui	present	src/acoustics/CurleAcoustics.hpp:7; src/gui/Dialogs.cpp:232; src/combustion/TfcModel.hpp:24
CFD-UG	Chapter 5: High Mach Number Flow Interfaces	Turbulence	turbulence	present	src/acoustics/CurleAcoustics.hpp:7; src/gui/Dialogs.cpp:232; src/combustion/TfcModel.hpp:24
CFD-UG	Chapter 5: High Mach Number Flow Interfaces	Model	ui	n/a	
CFD-UG	Chapter 5: High Mach Number Flow Interfaces	Default Heat	ui	present	src/acoustics/CurleAcoustics.hpp:7; src/gui/Dialogs.cpp:232; src/combustion/TfcModel.hpp:24
CFD-UG	Chapter 5: High Mach Number Flow Interfaces	Conductivity	ui	present	src/acoustics/CurleAcoustics.hpp:7; src/gui/Dialogs.cpp:232; src/core/UnitSystem.cpp:108
CFD-UG	Chapter 5: High Mach Number Flow Interfaces	Turbulence	turbulence	present	src/acoustics/CurleAcoustics.hpp:7; src/gui/Dialogs.cpp:232; src/combustion/TfcModel.hpp:24
CFD-UG	Chapter 5: High Mach Number Flow Interfaces	Model	ui	n/a	
CFD-UG	Chapter 5: High Mach Number Flow Interfaces	Rans-Evm	turbulence	present	src/acoustics/CurleAcoustics.hpp:7; src/gui/Dialogs.cpp:232; src/solver/WallDistance.cpp:9
CFD-UG	Chapter 5: High Mach Number Flow Interfaces	Rans-Rsm	turbulence	present	src/acoustics/CurleAcoustics.hpp:7; src/gui/Dialogs.cpp:232; src/solver/WallDistance.cpp:9
CFD-UG	Chapter 5: High Mach Number Flow Interfaces	Ssg-Lrr	ui	present	src/acoustics/CurleAcoustics.hpp:7; src/gui/Dialogs.cpp:232; src/combustion/TfcModel.hpp:24
CFD-UG	Chapter 5: High Mach Number Flow Interfaces	Rans-Rsm	turbulence	present	src/acoustics/CurleAcoustics.hpp:7; src/gui/Dialogs.cpp:232; src/solver/WallDistance.cpp:9
CFD-UG	Chapter 5: High Mach Number Flow Interfaces	Ssg-Lrr	ui	present	src/acoustics/CurleAcoustics.hpp:7; src/gui/Dialogs.cpp:232; src/combustion/TfcModel.hpp:24
CFD-UG	Chapter 5: High Mach Number Flow Interfaces	Rans-Rsm	turbulence	present	src/acoustics/CurleAcoustics.hpp:7; src/gui/Dialogs.cpp:232; src/solver/WallDistance.cpp:9
CFD-UG	Chapter 5: High Mach Number Flow Interfaces	Most of the other physics nodes share the same setting options as	turbulence	present	src/core/Command.hpp:7; src/acoustics/CurleAcoustics.hpp:7; src/gui/Dialogs.cpp:232
CFD-UG	Chapter 5: High Mach Number Flow Interfaces	The High Mach Number Flow, Laminar Interface	ui	present	src/acoustics/CurleAcoustics.hpp:7; src/gui/Dialogs.cpp:232; src/combustion/EddyDissipationConcept.hpp:15
CFD-UG	Chapter 5: High Mach Number Flow Interfaces	Settings	ui	n/a	
CFD-UG	Chapter 5: High Mach Number Flow Interfaces	The Label is the default physics interface name.	ui	present	src/acoustics/CurleAcoustics.hpp:7; src/gui/Dialogs.cpp:232; src/combustion/TfcModel.hpp:24
CFD-UG	Chapter 5: High Mach Number Flow Interfaces	Physical Model	ui	present	src/acoustics/CurleAcoustics.hpp:7; src/gui/Dialogs.cpp:232; src/combustion/TfcModel.hpp:24
CFD-UG	Chapter 5: High Mach Number Flow Interfaces	Turbulence	turbulence	present	src/acoustics/CurleAcoustics.hpp:7; src/gui/Dialogs.cpp:232; src/combustion/TfcModel.hpp:24
CFD-UG	Chapter 5: High Mach Number Flow Interfaces	Turbulence Model Type	turbulence	present	src/acoustics/CurleAcoustics.hpp:7; src/gui/Dialogs.cpp:232; src/combustion/TfcModel.hpp:24
CFD-UG	Chapter 5: High Mach Number Flow Interfaces	Dependent Variables	ui	present	src/acoustics/CurleAcoustics.hpp:7; src/gui/Dialogs.cpp:232; src/io/CgnsWriter.cpp:14
CFD-UG	Chapter 5: High Mach Number Flow Interfaces	Advanced Settings	ui	present	src/acoustics/CurleAcoustics.hpp:7; src/gui/Dialogs.cpp:232; src/combustion/TransportedPdf.hpp:8
CFD-UG	Chapter 5: High Mach Number Flow Interfaces	The physics interface solves for conservation of energy, mass, and momentum.	ui	present	src/acoustics/CurleAcoustics.hpp:7; src/gui/Dialogs.cpp:232; src/multiphase/EulerianMultifluid.hpp:10
CFD-UG	Chapter 5: High Mach Number Flow Interfaces	Settings	ui	n/a	
CFD-UG	Chapter 5: High Mach Number Flow Interfaces	The Label is the default physics interface name.	ui	present	src/acoustics/CurleAcoustics.hpp:7; src/gui/Dialogs.cpp:232; src/combustion/TfcModel.hpp:24
CFD-UG	Chapter 5: High Mach Number Flow Interfaces	Turbulence	turbulence	present	src/acoustics/CurleAcoustics.hpp:7; src/gui/Dialogs.cpp:232; src/combustion/TfcModel.hpp:24
CFD-UG	Chapter 5: High Mach Number Flow Interfaces	Edit Turbulence Model Parameters	turbulence	present	src/acoustics/CurleAcoustics.hpp:7; src/gui/Dialogs.cpp:232; src/cad/PersistentIdManager.hpp:11
CFD-UG	Chapter 5: High Mach Number Flow Interfaces	Dependent Variables	ui	present	src/acoustics/CurleAcoustics.hpp:7; src/gui/Dialogs.cpp:232; src/io/CgnsWriter.cpp:14
CFD-UG	Chapter 5: High Mach Number Flow Interfaces	The High Mach Number Flow, Spalart–Allmaras Interface	turbulence	present	src/acoustics/CurleAcoustics.hpp:7; src/gui/Dialogs.cpp:232; src/core/IWallDistanceService.hpp:12
CFD-UG	Chapter 5: High Mach Number Flow Interfaces	Turbulence	turbulence	present	src/acoustics/CurleAcoustics.hpp:7; src/gui/Dialogs.cpp:232; src/combustion/TfcModel.hpp:24
CFD-UG	Chapter 5: High Mach Number Flow Interfaces	Dependent Variables	ui	present	src/acoustics/CurleAcoustics.hpp:7; src/gui/Dialogs.cpp:232; src/io/CgnsWriter.cpp:14
CFD-UG	Chapter 5: High Mach Number Flow Interfaces	Mach Number Flow > Turbulent Flow branch (	turbulence	present	src/acoustics/CurleAcoustics.hpp:7; src/gui/Dialogs.cpp:232; src/io/GmshReader.cpp:10
CFD-UG	Chapter 5: High Mach Number Flow Interfaces	The High Mach Number Flow, k-ω Interface	ui	present	src/acoustics/CurleAcoustics.hpp:7; src/gui/Dialogs.cpp:232; src/combustion/TfcModel.hpp:24
CFD-UG	Chapter 5: High Mach Number Flow Interfaces	The High Mach Number Flow, Low Reynolds Number k-ε Interface	ui	present	src/acoustics/CurleAcoustics.hpp:7; src/gui/Dialogs.cpp:232; src/combustion/TfcModel.hpp:24
CFD-UG	Chapter 5: High Mach Number Flow Interfaces	A detailed description of the High Number Flow, Low Reynolds Number k-ε (hmnf)	ui	present	src/acoustics/CurleAcoustics.hpp:7; src/gui/Dialogs.cpp:232; src/gui/MainWindow.hpp:8
CFD-UG	Chapter 5: High Mach Number Flow Interfaces	Turbulence	turbulence	present	src/acoustics/CurleAcoustics.hpp:7; src/gui/Dialogs.cpp:232; src/combustion/TfcModel.hpp:24
CFD-UG	Chapter 5: High Mach Number Flow Interfaces	Edit Turbulence Model Parameters	turbulence	present	src/acoustics/CurleAcoustics.hpp:7; src/gui/Dialogs.cpp:232; src/cad/PersistentIdManager.hpp:11
CFD-UG	Chapter 5: High Mach Number Flow Interfaces	Dependent Variables	ui	present	src/acoustics/CurleAcoustics.hpp:7; src/gui/Dialogs.cpp:232; src/io/CgnsWriter.cpp:14
CFD-UG	Chapter 5: High Mach Number Flow Interfaces	Turbulence	turbulence	present	src/acoustics/CurleAcoustics.hpp:7; src/gui/Dialogs.cpp:232; src/combustion/TfcModel.hpp:24
CFD-UG	Chapter 5: High Mach Number Flow Interfaces	Edit Turbulence Model Parameters	turbulence	present	src/acoustics/CurleAcoustics.hpp:7; src/gui/Dialogs.cpp:232; src/cad/PersistentIdManager.hpp:11
CFD-UG	Chapter 5: High Mach Number Flow Interfaces	Dependent Variables	ui	present	src/acoustics/CurleAcoustics.hpp:7; src/gui/Dialogs.cpp:232; src/io/CgnsWriter.cpp:14
CFD-UG	Chapter 5: High Mach Number Flow Interfaces	The High Mach Number Flow, Elliptic Blending R-ε Interface	ui	present	src/acoustics/CurleAcoustics.hpp:7; src/gui/Dialogs.cpp:232; src/core/IWallDistanceService.hpp:12
CFD-UG	Chapter 5: High Mach Number Flow Interfaces	Turbulence	turbulence	present	src/acoustics/CurleAcoustics.hpp:7; src/gui/Dialogs.cpp:232; src/combustion/TfcModel.hpp:24
CFD-UG	Chapter 5: High Mach Number Flow Interfaces	Edit Turbulence Model Parameters	turbulence	present	src/acoustics/CurleAcoustics.hpp:7; src/gui/Dialogs.cpp:232; src/cad/PersistentIdManager.hpp:11
CFD-UG	Chapter 5: High Mach Number Flow Interfaces	Dependent Variables	ui	present	src/acoustics/CurleAcoustics.hpp:7; src/gui/Dialogs.cpp:232; src/io/CgnsWriter.cpp:14
CFD-UG	Chapter 5: High Mach Number Flow Interfaces	The Interior Wall feature requires appropriate conditions for the	bc	present	src/acoustics/CurleAcoustics.hpp:7; src/gpu/CgGpu.cpp:41; src/cad/FeatureEdges.cpp:148
CFD-UG	Chapter 5: High Mach Number Flow Interfaces	In the COMSOL Multiphysics Reference Manual see Table 2-4 for links	ui	present	src/acoustics/CurleAcoustics.hpp:7; src/gui/Dialogs.cpp:232; src/gpu/GpuKernels.cpp:243
CFD-UG	Chapter 5: High Mach Number Flow Interfaces	Continuity	ui	present	src/acoustics/CurleAcoustics.hpp:7; src/gui/Dialogs.cpp:232; src/combustion/TfcModel.hpp:24
CFD-UG	Chapter 5: High Mach Number Flow Interfaces	Pair Selection	ui	present	src/acoustics/CurleAcoustics.hpp:7; src/gui/Dialogs.cpp:232; src/combustion/TfcModel.hpp:24
CFD-UG	Chapter 5: High Mach Number Flow Interfaces	Initial Values	ui	present	src/acoustics/CurleAcoustics.hpp:7; src/gui/Dialogs.cpp:232; src/core/ThreadPool.cpp:57
CFD-UG	Chapter 5: High Mach Number Flow Interfaces	Initial Values	ui	present	src/acoustics/CurleAcoustics.hpp:7; src/gui/Dialogs.cpp:232; src/core/ThreadPool.cpp:57
CFD-UG	Chapter 5: High Mach Number Flow Interfaces	Fluid	ui	present	src/acoustics/CurleAcoustics.hpp:7; src/gui/Dialogs.cpp:232; src/combustion/TfcModel.hpp:24
CFD-UG	Chapter 5: High Mach Number Flow Interfaces	Heat Conduction	ui	present	src/acoustics/CurleAcoustics.hpp:7; src/emag/AvFormulation.hpp:48; src/gui/Dialogs.cpp:232
CFD-UG	Chapter 5: High Mach Number Flow Interfaces	Thermodynamics	ui	present	src/acoustics/CurleAcoustics.hpp:7; src/gui/Dialogs.cpp:232; src/combustion/CanteraParser.hpp:10
CFD-UG	Chapter 5: High Mach Number Flow Interfaces	The High Mach Number Flow interface is applicable for ideal gases. Specify the	ui	present	src/acoustics/CurleAcoustics.hpp:7; src/gui/Dialogs.cpp:232; src/materials/FluidsCatalog.cpp:18
CFD-UG	Chapter 5: High Mach Number Flow Interfaces	Dynamic Viscosity	materials	present	src/acoustics/CurleAcoustics.hpp:7; src/gui/Dialogs.cpp:232; src/adjoint/ContinuousAdjoint.hpp:42
CFD-UG	Chapter 5: High Mach Number Flow Interfaces	Mixing Length Limit	ui	present	src/acoustics/CurleAcoustics.hpp:7; src/gui/Dialogs.cpp:232; src/acoustics/CurleAcoustics.hpp:25
CFD-UG	Chapter 5: High Mach Number Flow Interfaces	Distance Equation	ui	present	src/acoustics/CurleAcoustics.hpp:7; src/gui/Dialogs.cpp:232; src/combustion/TfcModel.hpp:24
CFD-UG	Chapter 5: High Mach Number Flow Interfaces	Inlet	bc	present	src/acoustics/CurleAcoustics.hpp:7; src/gui/Dialogs.cpp:232; src/combustion/TfcModel.hpp:24
CFD-UG	Chapter 5: High Mach Number Flow Interfaces	Flow Condition	ui	present	src/acoustics/CurleAcoustics.hpp:7; src/gui/Dialogs.cpp:232; src/core/BoundaryConditionRegistry.hpp:13
CFD-UG	Chapter 5: High Mach Number Flow Interfaces	Flow Properties	ui	present	src/acoustics/CurleAcoustics.hpp:7; src/gui/Dialogs.cpp:232; src/cad/CMakeLists.txt:42
CFD-UG	Chapter 5: High Mach Number Flow Interfaces	Turbulence Properties	turbulence	present	src/acoustics/CurleAcoustics.hpp:7; src/gui/Dialogs.cpp:232; src/cad/CMakeLists.txt:42
CFD-UG	Chapter 5: High Mach Number Flow Interfaces	Outlet	bc	present	src/acoustics/CurleAcoustics.hpp:7; src/gui/Dialogs.cpp:232; src/core/BoundaryConditionRegistry.hpp:10
CFD-UG	Chapter 5: High Mach Number Flow Interfaces	Flow Condition	ui	present	src/acoustics/CurleAcoustics.hpp:7; src/gui/Dialogs.cpp:232; src/core/BoundaryConditionRegistry.hpp:13
CFD-UG	Chapter 5: High Mach Number Flow Interfaces	Select a Flow condition — Hybrid (the default), Supersonic, or Subsonic.	ui	present	src/solver/NscbcBoundary.hpp:15; src/acoustics/CurleAcoustics.hpp:7; src/gui/Dialogs.cpp:232
CFD-UG	Chapter 5: High Mach Number Flow Interfaces	Flow Properties	ui	present	src/acoustics/CurleAcoustics.hpp:7; src/gui/Dialogs.cpp:232; src/cad/CMakeLists.txt:42
CFD-UG	Chapter 5: High Mach Number Flow Interfaces	Hybrid	ui	present	src/acoustics/CurleAcoustics.hpp:7; src/gui/Dialogs.cpp:232; src/core/IWallDistanceService.hpp:13
CFD-UG	Chapter 5: High Mach Number Flow Interfaces	Subsonic	ui	present	src/solver/NscbcBoundary.hpp:15; src/acoustics/CurleAcoustics.hpp:7; src/gui/Dialogs.cpp:232
CFD-UG	Chapter 5: High Mach Number Flow Interfaces	Periodic Condition	bc	present	src/acoustics/CurleAcoustics.hpp:7; src/gui/Dialogs.cpp:232; src/core/BoundaryConditionRegistry.hpp:13
CFD-UG	Chapter 5: High Mach Number Flow Interfaces	Boundary Selection	ui	present	src/acoustics/CurleAcoustics.hpp:7; src/gui/Dialogs.cpp:232; src/combustion/TfcModel.hpp:24
CFD-UG	Chapter 5: High Mach Number Flow Interfaces	The software usually automatically identifies the boundaries as either	ui	present	src/solver/SimpleAlgorithm.hpp:47; src/visualization/SceneGraph.hpp:10; src/acoustics/CurleAcoustics.hpp:7
CFD-UG	Chapter 5: High Mach Number Flow Interfaces	Destination Selection	ui	present	src/core/CrashHandler.hpp:9; src/acoustics/CurleAcoustics.hpp:7; src/gui/Dialogs.cpp:232
CFD-UG	Chapter 5: High Mach Number Flow Interfaces	Orientation Of Source	ui	present	src/acoustics/CurleAcoustics.hpp:7; src/gui/Dialogs.cpp:232; src/combustion/TfcModel.hpp:24
CFD-UG	Chapter 5: High Mach Number Flow Interfaces	Orientation Of Destination	ui	present	src/core/CrashHandler.hpp:9; src/acoustics/CurleAcoustics.hpp:7; src/gui/Dialogs.cpp:232
CFD-UG	Chapter 5: High Mach Number Flow Interfaces	Mapping Between Source And Destination	ui	present	src/core/CrashHandler.hpp:9; src/acoustics/CurleAcoustics.hpp:7; src/gui/Dialogs.cpp:232
CFD-UG	Chapter 5: High Mach Number Flow Interfaces	Symmetry	bc	present	src/acoustics/CurleAcoustics.hpp:7; src/gui/Dialogs.cpp:232; src/combustion/TfcModel.hpp:24
CFD-UG	Chapter 5: High Mach Number Flow Interfaces	Model Generation	ui	present	src/acoustics/CurleAcoustics.hpp:7; src/gpu/RenderingBridge.hpp:34; src/gui/Dialogs.cpp:232
CFD-UG	Chapter 5: High Mach Number Flow Interfaces	Turbulence Model Interface	turbulence	present	src/acoustics/CurleAcoustics.hpp:7; src/gui/Dialogs.cpp:232; src/combustion/TfcModel.hpp:24
CFD-UG	Chapter 5: High Mach Number Flow Interfaces	All available turbulence models can be selected from the list:	turbulence	present	src/acoustics/CurleAcoustics.hpp:7; src/gpu/CudaContext.cpp:45; src/gui/Dialogs.cpp:232
CFD-UG	Chapter 5: High Mach Number Flow Interfaces	Study	ui	n/a	
CFD-UG	Chapter 5: High Mach Number Flow Interfaces	Selecting appropriate outlet conditions for the Navier–Stokes equations is	bc	present	src/acoustics/CurleAcoustics.hpp:7; src/gpu/CgGpu.cpp:41; src/gui/Dialogs.cpp:232
CFD-UG	Chapter 5: High Mach Number Flow Interfaces	The Compressible Euler Equations	ui	present	src/acoustics/CurleAcoustics.hpp:7; src/gui/Dialogs.cpp:232; src/io/ForcesReport.hpp:16
CFD-UG	Chapter 5: High Mach Number Flow Interfaces	Settings	ui	n/a	
CFD-UG	Chapter 5: High Mach Number Flow Interfaces	The Label is the default physics interface name.	ui	present	src/acoustics/CurleAcoustics.hpp:7; src/gui/Dialogs.cpp:232; src/combustion/TfcModel.hpp:24
CFD-UG	Chapter 5: High Mach Number Flow Interfaces	Physical Model	ui	present	src/acoustics/CurleAcoustics.hpp:7; src/gui/Dialogs.cpp:232; src/combustion/TfcModel.hpp:24
CFD-UG	Chapter 5: High Mach Number Flow Interfaces	Numerical Flux	ui	present	src/acoustics/CurleAcoustics.hpp:7; src/solver/CompressibleFlux.hpp:42; src/gui/Dialogs.cpp:232
CFD-UG	Chapter 5: High Mach Number Flow Interfaces	Limiter	ui	present	src/acoustics/CurleAcoustics.hpp:7; src/gui/Dialogs.cpp:232; src/particles/SprayBreakup.hpp:46
CFD-UG	Chapter 5: High Mach Number Flow Interfaces	Advanced Settings	ui	present	src/acoustics/CurleAcoustics.hpp:7; src/gui/Dialogs.cpp:232; src/combustion/TransportedPdf.hpp:8
CFD-UG	Chapter 5: High Mach Number Flow Interfaces	In the COMSOL Multiphysics Reference Manual:	ui	present	src/acoustics/CurleAcoustics.hpp:7; src/gui/Dialogs.cpp:232; src/combustion/TfcModel.hpp:24
CFD-UG	Chapter 5: High Mach Number Flow Interfaces	Discretization	solver	present	src/solver/Solver.hpp:26; src/acoustics/CurleAcoustics.hpp:7; src/gui/Dialogs.cpp:232
CFD-UG	Chapter 5: High Mach Number Flow Interfaces	In this section you can select the order of the shape function of the dependent	ui	present	src/acoustics/CurleAcoustics.hpp:7; src/gui/Dialogs.cpp:232; src/io/CgnsWriter.cpp:14
CFD-UG	Chapter 5: High Mach Number Flow Interfaces	Dependent Variables	ui	present	src/acoustics/CurleAcoustics.hpp:7; src/gui/Dialogs.cpp:232; src/io/CgnsWriter.cpp:14
CFD-UG	Chapter 5: High Mach Number Flow Interfaces	Domain, Boundary, Edge, Point, and Pair Nodes for the Compressible	turbulence	present	src/acoustics/CurleAcoustics.hpp:7; src/gui/Dialogs.cpp:232; src/io/ForcesReport.hpp:16
CFD-UG	Chapter 5: High Mach Number Flow Interfaces	For 2D axisymmetric components, COMSOL Multiphysics takes the axial	bc	present	src/gpu/CgGpu.hpp:7; src/acoustics/CurleAcoustics.hpp:7; src/meshing/MedialAxisDecomposition.hpp:13
CFD-UG	Chapter 5: High Mach Number Flow Interfaces	Fluid Properties	materials	present	src/acoustics/CurleAcoustics.hpp:7; src/gui/Dialogs.cpp:232; src/cad/CMakeLists.txt:42
CFD-UG	Chapter 5: High Mach Number Flow Interfaces	Thermodynamics	ui	present	src/acoustics/CurleAcoustics.hpp:7; src/gui/Dialogs.cpp:232; src/combustion/CanteraParser.hpp:10
CFD-UG	Chapter 5: High Mach Number Flow Interfaces	Initial Values	ui	present	src/acoustics/CurleAcoustics.hpp:7; src/gui/Dialogs.cpp:232; src/core/ThreadPool.cpp:57
CFD-UG	Chapter 5: High Mach Number Flow Interfaces	Initial Values	ui	present	src/acoustics/CurleAcoustics.hpp:7; src/gui/Dialogs.cpp:232; src/core/ThreadPool.cpp:57
CFD-UG	Chapter 5: High Mach Number Flow Interfaces	Volume Force	ui	present	src/acoustics/CurleAcoustics.hpp:7; src/gui/Dialogs.cpp:232; src/combustion/TfcModel.hpp:24
CFD-UG	Chapter 5: High Mach Number Flow Interfaces	Volume Force	ui	present	src/acoustics/CurleAcoustics.hpp:7; src/gui/Dialogs.cpp:232; src/combustion/TfcModel.hpp:24
CFD-UG	Chapter 5: High Mach Number Flow Interfaces	Heat Source	ui	present	src/acoustics/CurleAcoustics.hpp:7; src/gui/Dialogs.cpp:232; src/combustion/TfcModel.hpp:24
CFD-UG	Chapter 5: High Mach Number Flow Interfaces	Heat Source	ui	present	src/acoustics/CurleAcoustics.hpp:7; src/gui/Dialogs.cpp:232; src/combustion/TfcModel.hpp:24
CFD-UG	Chapter 5: High Mach Number Flow Interfaces	Wall	ui	present	src/acoustics/CurleAcoustics.hpp:7; src/gui/Dialogs.cpp:232; src/combustion/TfcModel.hpp:24
CFD-UG	Chapter 5: High Mach Number Flow Interfaces	Inlet	bc	present	src/acoustics/CurleAcoustics.hpp:7; src/gui/Dialogs.cpp:232; src/combustion/TfcModel.hpp:24
CFD-UG	Chapter 5: High Mach Number Flow Interfaces	This condition uses the Osher–Solomon Riemann Solver (Ref. 4) to determine the	solver	present	src/solver/CompressibleFlux.hpp:10; src/acoustics/CurleAcoustics.hpp:7; src/gui/SolverMonitorPanel.cpp:150
CFD-UG	Chapter 5: High Mach Number Flow Interfaces	Flow Condition	ui	present	src/acoustics/CurleAcoustics.hpp:7; src/gui/Dialogs.cpp:232; src/core/BoundaryConditionRegistry.hpp:13
CFD-UG	Chapter 5: High Mach Number Flow Interfaces	Select a Flow condition — Supersonic (the default) or Subsonic.	ui	present	src/solver/NscbcBoundary.hpp:15; src/acoustics/CurleAcoustics.hpp:7; src/gui/Dialogs.cpp:232
CFD-UG	Chapter 5: High Mach Number Flow Interfaces	Flow Properties	ui	present	src/acoustics/CurleAcoustics.hpp:7; src/gui/Dialogs.cpp:232; src/cad/CMakeLists.txt:42
CFD-UG	Chapter 5: High Mach Number Flow Interfaces	T tot 	ui	present	src/acoustics/CurleAcoustics.hpp:7; src/gui/Dialogs.cpp:232; src/combustion/TfcModel.hpp:24
CFD-UG	Chapter 5: High Mach Number Flow Interfaces	Outlet	bc	present	src/acoustics/CurleAcoustics.hpp:7; src/gui/Dialogs.cpp:232; src/core/BoundaryConditionRegistry.hpp:10
CFD-UG	Chapter 5: High Mach Number Flow Interfaces	Flow Condition	ui	present	src/acoustics/CurleAcoustics.hpp:7; src/gui/Dialogs.cpp:232; src/core/BoundaryConditionRegistry.hpp:13
CFD-UG	Chapter 5: High Mach Number Flow Interfaces	Select a Flow condition — Subsonic (the default) or Supersonic.	ui	present	src/solver/NscbcBoundary.hpp:15; src/acoustics/CurleAcoustics.hpp:7; src/gui/Dialogs.cpp:232
CFD-UG	Chapter 5: High Mach Number Flow Interfaces	Flow Properties	ui	present	src/acoustics/CurleAcoustics.hpp:7; src/gui/Dialogs.cpp:232; src/cad/CMakeLists.txt:42
CFD-UG	Chapter 5: High Mach Number Flow Interfaces	Symmetry	bc	present	src/acoustics/CurleAcoustics.hpp:7; src/gui/Dialogs.cpp:232; src/combustion/TfcModel.hpp:24
CFD-UG	Chapter 5: High Mach Number Flow Interfaces	Boundary Selection	ui	present	src/acoustics/CurleAcoustics.hpp:7; src/gui/Dialogs.cpp:232; src/combustion/TfcModel.hpp:24
CFD-UG	Chapter 5: High Mach Number Flow Interfaces	For 2D axial symmetry, a boundary condition does not need to be defined for the	bc	present	src/acoustics/CurleAcoustics.hpp:7; src/meshing/MedialAxisDecomposition.hpp:13; src/gui/Dialogs.cpp:232
CFD-UG	Chapter 5: High Mach Number Flow Interfaces	Interior Wall	bc	present	src/acoustics/CurleAcoustics.hpp:7; src/gui/Dialogs.cpp:232; src/io/FluentMshReader.cpp:123
CFD-UG	Chapter 5: High Mach Number Flow Interfaces	Continuity	ui	present	src/acoustics/CurleAcoustics.hpp:7; src/gui/Dialogs.cpp:232; src/combustion/TfcModel.hpp:24
CFD-UG	Chapter 5: High Mach Number Flow Interfaces	Gravity	ui	present	src/acoustics/CurleAcoustics.hpp:7; src/gui/Dialogs.cpp:232; src/dynamics/SixDof.cpp:72
CFD-UG	Chapter 5: High Mach Number Flow Interfaces	Acceleration Of Gravity	ui	present	src/acoustics/CurleAcoustics.hpp:7; src/gui/Dialogs.cpp:232; src/gui/Dialogs.cpp:151
CFD-UG	Chapter 5: High Mach Number Flow Interfaces	The Rotating Machinery, High Mach	dynamic	present	src/acoustics/CurleAcoustics.hpp:7; src/gui/Dialogs.cpp:232; src/cad/Healing.hpp:6
CFD-UG	Chapter 5: High Mach Number Flow Interfaces	In this chapter:	ui	present	src/acoustics/CurleAcoustics.hpp:7; src/gui/Dialogs.cpp:232; src/combustion/TfcModel.hpp:24
CFD-UG	Chapter 5: High Mach Number Flow Interfaces	Mach Number Flow, Laminar interface (	ui	present	src/acoustics/CurleAcoustics.hpp:7; src/gui/Dialogs.cpp:232; src/combustion/EddyDissipationConcept.hpp:15
CFD-UG	Chapter 5: High Mach Number Flow Interfaces	Moving Mesh.	mesh	present	src/acoustics/CurleAcoustics.hpp:7; src/gui/Dialogs.cpp:232; src/dynamics/SixDof.hpp:18
CFD-UG	Chapter 5: High Mach Number Flow Interfaces	Settings	ui	n/a	
CFD-UG	Chapter 5: High Mach Number Flow Interfaces	The Label is the default physics interface name.	ui	present	src/acoustics/CurleAcoustics.hpp:7; src/gui/Dialogs.cpp:232; src/combustion/TfcModel.hpp:24
CFD-UG	Chapter 5: High Mach Number Flow Interfaces	Physical Model	ui	present	src/acoustics/CurleAcoustics.hpp:7; src/gui/Dialogs.cpp:232; src/combustion/TfcModel.hpp:24
CFD-UG	Chapter 5: High Mach Number Flow Interfaces	Turbulence	turbulence	present	src/acoustics/CurleAcoustics.hpp:7; src/gui/Dialogs.cpp:232; src/combustion/TfcModel.hpp:24
CFD-UG	Chapter 5: High Mach Number Flow Interfaces	Turbulence Model Type	turbulence	present	src/acoustics/CurleAcoustics.hpp:7; src/gui/Dialogs.cpp:232; src/combustion/TfcModel.hpp:24
CFD-UG	Chapter 5: High Mach Number Flow Interfaces	Dependent Variables	ui	present	src/acoustics/CurleAcoustics.hpp:7; src/gui/Dialogs.cpp:232; src/io/CgnsWriter.cpp:14
CFD-UG	Chapter 5: High Mach Number Flow Interfaces	Advanced Settings	ui	present	src/acoustics/CurleAcoustics.hpp:7; src/gui/Dialogs.cpp:232; src/combustion/TransportedPdf.hpp:8
CFD-UG	Chapter 5: High Mach Number Flow Interfaces	Rotating Machinery, High Mach Number Flow, k-ε Interface	dynamic	present	src/acoustics/CurleAcoustics.hpp:7; src/gui/Dialogs.cpp:232; src/cad/Healing.hpp:6
CFD-UG	Chapter 5: High Mach Number Flow Interfaces	Settings	ui	n/a	
CFD-UG	Chapter 5: High Mach Number Flow Interfaces	The Label is the default physics interface name.	ui	present	src/acoustics/CurleAcoustics.hpp:7; src/gui/Dialogs.cpp:232; src/combustion/TfcModel.hpp:24
CFD-UG	Chapter 5: High Mach Number Flow Interfaces	Physical Model	ui	present	src/acoustics/CurleAcoustics.hpp:7; src/gui/Dialogs.cpp:232; src/combustion/TfcModel.hpp:24
CFD-UG	Chapter 5: High Mach Number Flow Interfaces	Turbulence	turbulence	present	src/acoustics/CurleAcoustics.hpp:7; src/gui/Dialogs.cpp:232; src/combustion/TfcModel.hpp:24
CFD-UG	Chapter 5: High Mach Number Flow Interfaces	Edit Turbulence Model Parameters	turbulence	present	src/acoustics/CurleAcoustics.hpp:7; src/gui/Dialogs.cpp:232; src/cad/PersistentIdManager.hpp:11
CFD-UG	Chapter 5: High Mach Number Flow Interfaces	Dependent Variables	ui	present	src/acoustics/CurleAcoustics.hpp:7; src/gui/Dialogs.cpp:232; src/io/CgnsWriter.cpp:14
CFD-UG	Chapter 5: High Mach Number Flow Interfaces	Settings	ui	n/a	
CFD-UG	Chapter 5: High Mach Number Flow Interfaces	The Label is the default physics interface name.	ui	present	src/acoustics/CurleAcoustics.hpp:7; src/gui/Dialogs.cpp:232; src/combustion/TfcModel.hpp:24
CFD-UG	Chapter 5: High Mach Number Flow Interfaces	Physical Model	ui	present	src/acoustics/CurleAcoustics.hpp:7; src/gui/Dialogs.cpp:232; src/combustion/TfcModel.hpp:24
CFD-UG	Chapter 5: High Mach Number Flow Interfaces	Turbulence	turbulence	present	src/acoustics/CurleAcoustics.hpp:7; src/gui/Dialogs.cpp:232; src/combustion/TfcModel.hpp:24
CFD-UG	Chapter 5: High Mach Number Flow Interfaces	Edit Turbulence Model Parameters	turbulence	present	src/acoustics/CurleAcoustics.hpp:7; src/gui/Dialogs.cpp:232; src/cad/PersistentIdManager.hpp:11
CFD-UG	Chapter 5: High Mach Number Flow Interfaces	Dependent Variables	ui	present	src/acoustics/CurleAcoustics.hpp:7; src/gui/Dialogs.cpp:232; src/io/CgnsWriter.cpp:14
CFD-UG	Chapter 5: High Mach Number Flow Interfaces	Settings	ui	n/a	
CFD-UG	Chapter 5: High Mach Number Flow Interfaces	The Label is the default physics interface name.	ui	present	src/acoustics/CurleAcoustics.hpp:7; src/gui/Dialogs.cpp:232; src/combustion/TfcModel.hpp:24
CFD-UG	Chapter 5: High Mach Number Flow Interfaces	Physical Model	ui	present	src/acoustics/CurleAcoustics.hpp:7; src/gui/Dialogs.cpp:232; src/combustion/TfcModel.hpp:24
CFD-UG	Chapter 5: High Mach Number Flow Interfaces	Turbulence	turbulence	present	src/acoustics/CurleAcoustics.hpp:7; src/gui/Dialogs.cpp:232; src/combustion/TfcModel.hpp:24
CFD-UG	Chapter 5: High Mach Number Flow Interfaces	Edit Turbulence Model Parameters	turbulence	present	src/acoustics/CurleAcoustics.hpp:7; src/gui/Dialogs.cpp:232; src/cad/PersistentIdManager.hpp:11
CFD-UG	Chapter 5: High Mach Number Flow Interfaces	Dependent Variables	ui	present	src/acoustics/CurleAcoustics.hpp:7; src/gui/Dialogs.cpp:232; src/io/CgnsWriter.cpp:14
CFD-UG	Chapter 5: High Mach Number Flow Interfaces	Rotating Machinery, High Mach Number Flow, L-VEL Interface	dynamic	present	src/acoustics/CurleAcoustics.hpp:7; src/gui/Dialogs.cpp:232; src/cad/Healing.hpp:6
CFD-UG	Chapter 5: High Mach Number Flow Interfaces	Settings	ui	n/a	
CFD-UG	Chapter 5: High Mach Number Flow Interfaces	The Label is the default physics interface name.	ui	present	src/acoustics/CurleAcoustics.hpp:7; src/gui/Dialogs.cpp:232; src/combustion/TfcModel.hpp:24
CFD-UG	Chapter 5: High Mach Number Flow Interfaces	Physical Model	ui	present	src/acoustics/CurleAcoustics.hpp:7; src/gui/Dialogs.cpp:232; src/combustion/TfcModel.hpp:24
CFD-UG	Chapter 5: High Mach Number Flow Interfaces	Turbulence	turbulence	present	src/acoustics/CurleAcoustics.hpp:7; src/gui/Dialogs.cpp:232; src/combustion/TfcModel.hpp:24
CFD-UG	Chapter 5: High Mach Number Flow Interfaces	Edit Turbulence Model Parameters	turbulence	present	src/acoustics/CurleAcoustics.hpp:7; src/gui/Dialogs.cpp:232; src/cad/PersistentIdManager.hpp:11
CFD-UG	Chapter 5: High Mach Number Flow Interfaces	Dependent Variables	ui	present	src/acoustics/CurleAcoustics.hpp:7; src/gui/Dialogs.cpp:232; src/io/CgnsWriter.cpp:14
CFD-UG	Chapter 5: High Mach Number Flow Interfaces	Theory for the High Mach Number	ui	present	src/combustion/TfcModel.hpp:23; src/acoustics/CurleAcoustics.hpp:7; src/gui/Dialogs.cpp:232
CFD-UG	Chapter 5: High Mach Number Flow Interfaces	Compressible Flow for All Mach Numbers	ui	present	src/acoustics/CurleAcoustics.hpp:7; src/gui/Dialogs.cpp:232; src/combustion/TfcModel.hpp:24
CFD-UG	Chapter 5: High Mach Number Flow Interfaces	Sutherland’s Law	ui	present	src/acoustics/CurleAcoustics.hpp:7; src/gui/Dialogs.cpp:232; src/materials/FluidsCatalog.hpp:6
CFD-UG	Chapter 5: High Mach Number Flow Interfaces	Values for k0, T0, and Sk for some common gases are given in Table 5-3(Ref. 5).	ui	present	src/acoustics/CurleAcoustics.hpp:7; src/gui/Dialogs.cpp:232; src/materials/FluidsCatalog.cpp:18
CFD-UG	Chapter 5: High Mach Number Flow Interfaces	Consistent Inlet and Outlet Conditions	bc	present	src/acoustics/CurleAcoustics.hpp:7; src/gui/Dialogs.cpp:232; src/core/Command.hpp:92
CFD-UG	Chapter 5: High Mach Number Flow Interfaces	Plane Wave Analysis Of Inviscid Flow	ui	present	src/gpu/GpuKernels.cpp:331; src/solver/CompressibleFlux.hpp:4; src/acoustics/CurleAcoustics.hpp:7
CFD-UG	Chapter 5: High Mach Number Flow Interfaces	Ta 0 T	ui	present	src/acoustics/CurleAcoustics.hpp:7; src/gui/Dialogs.cpp:232; src/combustion/TfcModel.hpp:24
CFD-UG	Chapter 5: High Mach Number Flow Interfaces	Λ ii = { λ 1, λ 2, λ 3, λ 4, λ 5 }	ui	present	src/acoustics/CurleAcoustics.hpp:7; src/gui/Dialogs.cpp:232; src/combustion/TfcModel.hpp:24
CFD-UG	Chapter 5: High Mach Number Flow Interfaces	A	ui	present	src/acoustics/CurleAcoustics.hpp:7; src/gui/Dialogs.cpp:232; src/combustion/TfcModel.hpp:24
CFD-UG	Chapter 5: High Mach Number Flow Interfaces	Characteristics Based Inlets	bc	present	src/multiphase/VolumeOfFluid.cpp:32; src/acoustics/CurleAcoustics.hpp:7; src/gui/Dialogs.cpp:232
CFD-UG	Chapter 5: High Mach Number Flow Interfaces	Supersonic Inlets	bc	present	src/multiphase/VolumeOfFluid.cpp:32; src/acoustics/CurleAcoustics.hpp:7; src/gui/Dialogs.cpp:232
CFD-UG	Chapter 5: High Mach Number Flow Interfaces	Subsonic Inlets	bc	present	src/multiphase/VolumeOfFluid.cpp:32; src/solver/NscbcBoundary.hpp:15; src/acoustics/CurleAcoustics.hpp:7
CFD-UG	Chapter 5: High Mach Number Flow Interfaces	Hybrid Outlet	bc	present	src/acoustics/CurleAcoustics.hpp:7; src/gui/Dialogs.cpp:232; src/core/IWallDistanceService.hpp:13
CFD-UG	Chapter 5: High Mach Number Flow Interfaces	Ma < 1	ui	present	src/acoustics/CurleAcoustics.hpp:7; src/gui/Dialogs.cpp:232; src/combustion/TfcModel.hpp:24
CFD-UG	Chapter 5: High Mach Number Flow Interfaces	Supersonic Outlet	bc	present	src/acoustics/CurleAcoustics.hpp:7; src/gui/Dialogs.cpp:232; src/core/BoundaryConditionRegistry.hpp:10
CFD-UG	Chapter 5: High Mach Number Flow Interfaces	Pseudo Time Stepping for High Mach Number Flow Models	solver	present	src/acoustics/CurleAcoustics.hpp:7; src/gui/RibbonContent.cpp:78; src/gui/Dialogs.cpp:232
CFD-UG	Chapter 5: High Mach Number Flow Interfaces	References for the High Mach Number Flow Interfaces	ui	present	src/acoustics/CurleAcoustics.hpp:7; src/gui/Dialogs.cpp:232; src/combustion/TfcModel.hpp:24
CFD-UG	Chapter 5: High Mach Number Flow Interfaces	Theory for the Compressible Euler	ui	present	src/combustion/TfcModel.hpp:23; src/acoustics/CurleAcoustics.hpp:7; src/gui/Dialogs.cpp:232
CFD-UG	Chapter 5: High Mach Number Flow Interfaces	The Compressible Euler Equations	ui	present	src/acoustics/CurleAcoustics.hpp:7; src/gui/Dialogs.cpp:232; src/io/ForcesReport.hpp:16
CFD-UG	Chapter 5: High Mach Number Flow Interfaces	The volume force and heat source terms can be added using the Volume Force and	ui	present	src/acoustics/CurleAcoustics.hpp:7; src/gui/Dialogs.cpp:232; src/combustion/CanteraParser.cpp:99
CFD-UG	Chapter 5: High Mach Number Flow Interfaces	The Numerical Method	ui	present	src/acoustics/CurleAcoustics.hpp:7; src/solver/CompressibleFlux.hpp:42; src/gui/Dialogs.cpp:232
CFD-UG	Chapter 5: High Mach Number Flow Interfaces	Shock Capturing and Positivity-Preserving Limiters	ui	present	src/combustion/TfcModel.hpp:25; src/solver/GradientLimiter.hpp:4; src/acoustics/CurleAcoustics.hpp:7
CFD-UG	Chapter 5: High Mach Number Flow Interfaces	References for the Compressible Euler Equations Interface	ui	present	src/acoustics/CurleAcoustics.hpp:7; src/gui/Dialogs.cpp:232; src/io/ForcesReport.hpp:16
CFD-UG	Chapter 6: Multiphase Flow Interfaces	Chapter 6: Multiphase Flow Interfaces	multiphase	partial	src/gui/Dialogs.cpp:232
CFD-UG	Chapter 6: Multiphase Flow Interfaces	Modeling Multiphase Flow	multiphase	partial	src/gui/Dialogs.cpp:232
CFD-UG	Chapter 6: Multiphase Flow Interfaces	The Multiphase Flow Interface Options	multiphase	partial	src/gui/Dialogs.cpp:232
CFD-UG	Chapter 6: Multiphase Flow Interfaces	The Relationship Between the Physics Interfaces	multiphase	partial	src/gui/Dialogs.cpp:232; src/combustion/LaminarFiniteRate.cpp:110
CFD-UG	Chapter 6: Multiphase Flow Interfaces	Bubbly Flow	multiphase	partial	src/multiphase/DriftFlux.hpp:12; src/gui/Dialogs.cpp:232
CFD-UG	Chapter 6: Multiphase Flow Interfaces	Low Gas	multiphase	partial	src/gui/Dialogs.cpp:232
CFD-UG	Chapter 6: Multiphase Flow Interfaces	Concentration	multiphase	partial	src/core/BoundaryConditionRegistry.hpp:18; src/gui/Dialogs.cpp:232
CFD-UG	Chapter 6: Multiphase Flow Interfaces	Turbulent	turbulence	partial	src/gui/Dialogs.cpp:232; src/combustion/GEquation.cpp:51
CFD-UG	Chapter 6: Multiphase Flow Interfaces	Model Type	multiphase	partial	src/gui/Dialogs.cpp:232
CFD-UG	Chapter 6: Multiphase Flow Interfaces	Turbulent	turbulence	partial	src/gui/Dialogs.cpp:232; src/combustion/GEquation.cpp:51
CFD-UG	Chapter 6: Multiphase Flow Interfaces	Model	multiphase	n/a	
CFD-UG	Chapter 6: Multiphase Flow Interfaces	Solve For	multiphase	partial	src/gui/Dialogs.cpp:232
CFD-UG	Chapter 6: Multiphase Flow Interfaces	Interfacial	multiphase	partial	src/multiphase/EulerianMultifluid.cpp:186; src/gui/Dialogs.cpp:232
CFD-UG	Chapter 6: Multiphase Flow Interfaces	Laminar Bubbly Flow	multiphase	present	src/multiphase/DriftFlux.hpp:12; src/gui/Dialogs.cpp:232; src/combustion/EddyDissipationConcept.hpp:15
CFD-UG	Chapter 6: Multiphase Flow Interfaces	None	multiphase	partial	src/gui/Dialogs.cpp:232; src/combustion/CanteraParser.cpp:143
CFD-UG	Chapter 6: Multiphase Flow Interfaces	Bubbly Flow, Algebraic	multiphase	present	src/multiphase/DriftFlux.hpp:12; src/gui/Dialogs.cpp:232; src/combustion/NoxThermalPromptFuel.hpp:12
CFD-UG	Chapter 6: Multiphase Flow Interfaces	Ransevm	turbulence	partial	src/gui/Dialogs.cpp:232
CFD-UG	Chapter 6: Multiphase Flow Interfaces	Algebraic	multiphase	partial	src/gui/Dialogs.cpp:232; src/combustion/NoxThermalPromptFuel.hpp:12
CFD-UG	Chapter 6: Multiphase Flow Interfaces	Bubbly Flow, L-VEL	multiphase	partial	src/multiphase/DriftFlux.hpp:12; src/gui/Dialogs.cpp:232
CFD-UG	Chapter 6: Multiphase Flow Interfaces	Ransevm	turbulence	partial	src/gui/Dialogs.cpp:232
CFD-UG	Chapter 6: Multiphase Flow Interfaces	L-Vel	multiphase	partial	src/gui/Dialogs.cpp:232
CFD-UG	Chapter 6: Multiphase Flow Interfaces	Bubbly Flow, k-ε	multiphase	partial	src/multiphase/DriftFlux.hpp:12; src/gui/Dialogs.cpp:232
CFD-UG	Chapter 6: Multiphase Flow Interfaces	Ransevm	turbulence	partial	src/gui/Dialogs.cpp:232
CFD-UG	Chapter 6: Multiphase Flow Interfaces	Bubbly Flow, Realizable	multiphase	present	src/multiphase/DriftFlux.hpp:12; src/turbulence/KEpsilonRealizable.hpp:4; src/gui/Dialogs.cpp:232
CFD-UG	Chapter 6: Multiphase Flow Interfaces	Ransevm	turbulence	partial	src/gui/Dialogs.cpp:232
CFD-UG	Chapter 6: Multiphase Flow Interfaces	Realizable	multiphase	partial	src/turbulence/KEpsilonRealizable.hpp:4; src/gui/Dialogs.cpp:232
CFD-UG	Chapter 6: Multiphase Flow Interfaces	Bubbly Flow, k-ω	multiphase	partial	src/multiphase/DriftFlux.hpp:12; src/gui/Dialogs.cpp:232
CFD-UG	Chapter 6: Multiphase Flow Interfaces	Ransevm	turbulence	partial	src/gui/Dialogs.cpp:232
CFD-UG	Chapter 6: Multiphase Flow Interfaces	Bubbly Flow, SST	turbulence	partial	src/multiphase/DriftFlux.hpp:12; src/gui/Dialogs.cpp:232
CFD-UG	Chapter 6: Multiphase Flow Interfaces	Ransevm	turbulence	partial	src/gui/Dialogs.cpp:232
CFD-UG	Chapter 6: Multiphase Flow Interfaces	Bubbly Flow, Low Re kε	multiphase	partial	src/multiphase/DriftFlux.hpp:12; src/gui/Dialogs.cpp:232
CFD-UG	Chapter 6: Multiphase Flow Interfaces	Ransevm	turbulence	partial	src/gui/Dialogs.cpp:232
CFD-UG	Chapter 6: Multiphase Flow Interfaces	Ransevm	turbulence	partial	src/gui/Dialogs.cpp:232
CFD-UG	Chapter 6: Multiphase Flow Interfaces	Bubbly Flow, v2-f	multiphase	partial	src/multiphase/DriftFlux.hpp:12; src/gui/Dialogs.cpp:232
CFD-UG	Chapter 6: Multiphase Flow Interfaces	Ransevm	turbulence	partial	src/gui/Dialogs.cpp:232
CFD-UG	Chapter 6: Multiphase Flow Interfaces	The Bubbly Flow (	multiphase	partial	src/multiphase/DriftFlux.hpp:12; src/gui/Dialogs.cpp:232
CFD-UG	Chapter 6: Multiphase Flow Interfaces	Laminar Bubbly Flow Interface (	multiphase	present	src/multiphase/DriftFlux.hpp:12; src/gui/Dialogs.cpp:232; src/combustion/EddyDissipationConcept.hpp:15
CFD-UG	Chapter 6: Multiphase Flow Interfaces	Mixture Model Interfaces	multiphase	partial	src/gui/Dialogs.cpp:232; src/combustion/FgmFlamelet.hpp:7
CFD-UG	Chapter 6: Multiphase Flow Interfaces	Dispersed	multiphase	partial	src/gui/Dialogs.cpp:232; src/multiphase/DriftFlux.hpp:5
CFD-UG	Chapter 6: Multiphase Flow Interfaces	Phase	multiphase	partial	src/gui/Dialogs.cpp:232
CFD-UG	Chapter 6: Multiphase Flow Interfaces	Slip Model	multiphase	partial	src/gui/Dialogs.cpp:232; src/gui/Dialogs.cpp:323
CFD-UG	Chapter 6: Multiphase Flow Interfaces	Turbulence	turbulence	partial	src/gui/Dialogs.cpp:232
CFD-UG	Chapter 6: Multiphase Flow Interfaces	Model Type	multiphase	partial	src/gui/Dialogs.cpp:232
CFD-UG	Chapter 6: Multiphase Flow Interfaces	Turbulence	turbulence	partial	src/gui/Dialogs.cpp:232
CFD-UG	Chapter 6: Multiphase Flow Interfaces	Model	multiphase	n/a	
CFD-UG	Chapter 6: Multiphase Flow Interfaces	Solve For	multiphase	partial	src/gui/Dialogs.cpp:232
CFD-UG	Chapter 6: Multiphase Flow Interfaces	Interfacial	multiphase	partial	src/multiphase/EulerianMultifluid.cpp:186; src/gui/Dialogs.cpp:232
CFD-UG	Chapter 6: Multiphase Flow Interfaces	Solid	multiphase	n/a	
CFD-UG	Chapter 6: Multiphase Flow Interfaces	Homogeneous	multiphase	partial	src/gui/Dialogs.cpp:232; src/combustion/TfcModel.hpp:23
CFD-UG	Chapter 6: Multiphase Flow Interfaces	None	multiphase	partial	src/gui/Dialogs.cpp:232; src/combustion/CanteraParser.cpp:143
CFD-UG	Chapter 6: Multiphase Flow Interfaces	Solid	multiphase	n/a	
CFD-UG	Chapter 6: Multiphase Flow Interfaces	Homogeneous	multiphase	partial	src/gui/Dialogs.cpp:232; src/combustion/TfcModel.hpp:23
CFD-UG	Chapter 6: Multiphase Flow Interfaces	Rans-Evm	turbulence	partial	src/gui/Dialogs.cpp:232; src/solver/WallDistance.cpp:9
CFD-UG	Chapter 6: Multiphase Flow Interfaces	Algebraic	multiphase	partial	src/gui/Dialogs.cpp:232; src/combustion/NoxThermalPromptFuel.hpp:12
CFD-UG	Chapter 6: Multiphase Flow Interfaces	Mixture Model, LVEL	multiphase	partial	src/gui/Dialogs.cpp:232; src/combustion/FgmFlamelet.hpp:7
CFD-UG	Chapter 6: Multiphase Flow Interfaces	Solid	multiphase	n/a	
CFD-UG	Chapter 6: Multiphase Flow Interfaces	Homogeneous	multiphase	partial	src/gui/Dialogs.cpp:232; src/combustion/TfcModel.hpp:23
CFD-UG	Chapter 6: Multiphase Flow Interfaces	Rans-Evm	turbulence	partial	src/gui/Dialogs.cpp:232; src/solver/WallDistance.cpp:9
CFD-UG	Chapter 6: Multiphase Flow Interfaces	L-Vel	multiphase	partial	src/gui/Dialogs.cpp:232
CFD-UG	Chapter 6: Multiphase Flow Interfaces	Mixture Model, kε	multiphase	partial	src/gui/Dialogs.cpp:232; src/combustion/FgmFlamelet.hpp:7
CFD-UG	Chapter 6: Multiphase Flow Interfaces	Solid	multiphase	n/a	
CFD-UG	Chapter 6: Multiphase Flow Interfaces	Homogeneous	multiphase	partial	src/gui/Dialogs.cpp:232; src/combustion/TfcModel.hpp:23
CFD-UG	Chapter 6: Multiphase Flow Interfaces	Rans-Evm	turbulence	partial	src/gui/Dialogs.cpp:232; src/solver/WallDistance.cpp:9
CFD-UG	Chapter 6: Multiphase Flow Interfaces	Solid	multiphase	n/a	
CFD-UG	Chapter 6: Multiphase Flow Interfaces	Homogeneous	multiphase	partial	src/gui/Dialogs.cpp:232; src/combustion/TfcModel.hpp:23
CFD-UG	Chapter 6: Multiphase Flow Interfaces	Rans-Evm	turbulence	partial	src/gui/Dialogs.cpp:232; src/solver/WallDistance.cpp:9
CFD-UG	Chapter 6: Multiphase Flow Interfaces	Realizable	multiphase	partial	src/turbulence/KEpsilonRealizable.hpp:4; src/gui/Dialogs.cpp:232
CFD-UG	Chapter 6: Multiphase Flow Interfaces	Mixture Model, kω	multiphase	partial	src/gui/Dialogs.cpp:232; src/combustion/FgmFlamelet.hpp:7
CFD-UG	Chapter 6: Multiphase Flow Interfaces	Solid	multiphase	n/a	
CFD-UG	Chapter 6: Multiphase Flow Interfaces	Homogeneous	multiphase	partial	src/gui/Dialogs.cpp:232; src/combustion/TfcModel.hpp:23
CFD-UG	Chapter 6: Multiphase Flow Interfaces	Rans-Evm	turbulence	partial	src/gui/Dialogs.cpp:232; src/solver/WallDistance.cpp:9
CFD-UG	Chapter 6: Multiphase Flow Interfaces	Solid	multiphase	n/a	
CFD-UG	Chapter 6: Multiphase Flow Interfaces	Homogeneous	multiphase	partial	src/gui/Dialogs.cpp:232; src/combustion/TfcModel.hpp:23
CFD-UG	Chapter 6: Multiphase Flow Interfaces	Rans-Evm	turbulence	partial	src/gui/Dialogs.cpp:232; src/solver/WallDistance.cpp:9
CFD-UG	Chapter 6: Multiphase Flow Interfaces	Physics Interface	multiphase	partial	src/gui/Dialogs.cpp:232; src/combustion/LaminarFiniteRate.cpp:110
CFD-UG	Chapter 6: Multiphase Flow Interfaces	Label	multiphase	partial	src/gui/Dialogs.cpp:232
CFD-UG	Chapter 6: Multiphase Flow Interfaces	Dispersed	multiphase	partial	src/gui/Dialogs.cpp:232; src/multiphase/DriftFlux.hpp:5
CFD-UG	Chapter 6: Multiphase Flow Interfaces	Phase	multiphase	partial	src/gui/Dialogs.cpp:232
CFD-UG	Chapter 6: Multiphase Flow Interfaces	Slip Model	multiphase	partial	src/gui/Dialogs.cpp:232; src/gui/Dialogs.cpp:323
CFD-UG	Chapter 6: Multiphase Flow Interfaces	Turbulence	turbulence	partial	src/gui/Dialogs.cpp:232
CFD-UG	Chapter 6: Multiphase Flow Interfaces	Model Type	multiphase	partial	src/gui/Dialogs.cpp:232
CFD-UG	Chapter 6: Multiphase Flow Interfaces	Turbulence	turbulence	partial	src/gui/Dialogs.cpp:232
CFD-UG	Chapter 6: Multiphase Flow Interfaces	Model	multiphase	n/a	
CFD-UG	Chapter 6: Multiphase Flow Interfaces	Solve For	multiphase	partial	src/gui/Dialogs.cpp:232
CFD-UG	Chapter 6: Multiphase Flow Interfaces	Interfacial	multiphase	partial	src/multiphase/EulerianMultifluid.cpp:186; src/gui/Dialogs.cpp:232
CFD-UG	Chapter 6: Multiphase Flow Interfaces	Solid	multiphase	n/a	
CFD-UG	Chapter 6: Multiphase Flow Interfaces	Homogeneous	multiphase	partial	src/gui/Dialogs.cpp:232; src/combustion/TfcModel.hpp:23
CFD-UG	Chapter 6: Multiphase Flow Interfaces	Rans-Evm	turbulence	partial	src/gui/Dialogs.cpp:232; src/solver/WallDistance.cpp:9
CFD-UG	Chapter 6: Multiphase Flow Interfaces	Solid	multiphase	n/a	
CFD-UG	Chapter 6: Multiphase Flow Interfaces	Homogeneous	multiphase	partial	src/gui/Dialogs.cpp:232; src/combustion/TfcModel.hpp:23
CFD-UG	Chapter 6: Multiphase Flow Interfaces	Rans-Evm	turbulence	partial	src/gui/Dialogs.cpp:232; src/solver/WallDistance.cpp:9
CFD-UG	Chapter 6: Multiphase Flow Interfaces	Solid	multiphase	n/a	
CFD-UG	Chapter 6: Multiphase Flow Interfaces	Homogeneous	multiphase	partial	src/gui/Dialogs.cpp:232; src/combustion/TfcModel.hpp:23
CFD-UG	Chapter 6: Multiphase Flow Interfaces	Rans-Evm	turbulence	partial	src/gui/Dialogs.cpp:232; src/solver/WallDistance.cpp:9
CFD-UG	Chapter 6: Multiphase Flow Interfaces	The Mixture Model (	multiphase	partial	src/gui/Dialogs.cpp:232; src/combustion/FgmFlamelet.hpp:7
CFD-UG	Chapter 6: Multiphase Flow Interfaces	Euler–Euler Model Interfaces	multiphase	partial	src/gui/Dialogs.cpp:232; src/combustion/EddyDissipationConcept.cpp:70
CFD-UG	Chapter 6: Multiphase Flow Interfaces	Dispersed	multiphase	partial	src/gui/Dialogs.cpp:232; src/multiphase/DriftFlux.hpp:5
CFD-UG	Chapter 6: Multiphase Flow Interfaces	Phase	multiphase	partial	src/gui/Dialogs.cpp:232
CFD-UG	Chapter 6: Multiphase Flow Interfaces	Drag Model	multiphase	partial	src/gui/Dialogs.cpp:232; src/adjoint/DiscreteAdjoint.hpp:8
CFD-UG	Chapter 6: Multiphase Flow Interfaces	Turbulence	turbulence	partial	src/gui/Dialogs.cpp:232
CFD-UG	Chapter 6: Multiphase Flow Interfaces	Model Type	multiphase	partial	src/gui/Dialogs.cpp:232
CFD-UG	Chapter 6: Multiphase Flow Interfaces	Solid	multiphase	n/a	
CFD-UG	Chapter 6: Multiphase Flow Interfaces	Solid	multiphase	n/a	
CFD-UG	Chapter 6: Multiphase Flow Interfaces	Phase Transport Mixture Model Interfaces	turbulence	present	src/gui/Dialogs.cpp:232; src/combustion/FgmFlamelet.hpp:7; src/combustion/CanteraParser.hpp:10
CFD-UG	Chapter 6: Multiphase Flow Interfaces	Solid	multiphase	n/a	
CFD-UG	Chapter 6: Multiphase Flow Interfaces	Homogeneous	multiphase	partial	src/gui/Dialogs.cpp:232; src/combustion/TfcModel.hpp:23
CFD-UG	Chapter 6: Multiphase Flow Interfaces	None	multiphase	partial	src/gui/Dialogs.cpp:232; src/combustion/CanteraParser.cpp:143
CFD-UG	Chapter 6: Multiphase Flow Interfaces	Solid	multiphase	n/a	
CFD-UG	Chapter 6: Multiphase Flow Interfaces	Homogeneous	multiphase	partial	src/gui/Dialogs.cpp:232; src/combustion/TfcModel.hpp:23
CFD-UG	Chapter 6: Multiphase Flow Interfaces	Rans-Evm	turbulence	partial	src/gui/Dialogs.cpp:232; src/solver/WallDistance.cpp:9
CFD-UG	Chapter 6: Multiphase Flow Interfaces	Algebraic	multiphase	partial	src/gui/Dialogs.cpp:232; src/combustion/NoxThermalPromptFuel.hpp:12
CFD-UG	Chapter 6: Multiphase Flow Interfaces	Solid	multiphase	n/a	
CFD-UG	Chapter 6: Multiphase Flow Interfaces	Homogeneous	multiphase	partial	src/gui/Dialogs.cpp:232; src/combustion/TfcModel.hpp:23
CFD-UG	Chapter 6: Multiphase Flow Interfaces	Rans-Evm	turbulence	partial	src/gui/Dialogs.cpp:232; src/solver/WallDistance.cpp:9
CFD-UG	Chapter 6: Multiphase Flow Interfaces	L-Vel	multiphase	partial	src/gui/Dialogs.cpp:232
CFD-UG	Chapter 6: Multiphase Flow Interfaces	Solid	multiphase	n/a	
CFD-UG	Chapter 6: Multiphase Flow Interfaces	Homogeneous	multiphase	partial	src/gui/Dialogs.cpp:232; src/combustion/TfcModel.hpp:23
CFD-UG	Chapter 6: Multiphase Flow Interfaces	Rans-Evm	turbulence	partial	src/gui/Dialogs.cpp:232; src/solver/WallDistance.cpp:9
CFD-UG	Chapter 6: Multiphase Flow Interfaces	Solid	multiphase	n/a	
CFD-UG	Chapter 6: Multiphase Flow Interfaces	Homogeneous	multiphase	partial	src/gui/Dialogs.cpp:232; src/combustion/TfcModel.hpp:23
CFD-UG	Chapter 6: Multiphase Flow Interfaces	Rans-Evm	turbulence	partial	src/gui/Dialogs.cpp:232; src/solver/WallDistance.cpp:9
CFD-UG	Chapter 6: Multiphase Flow Interfaces	Realizable	multiphase	partial	src/turbulence/KEpsilonRealizable.hpp:4; src/gui/Dialogs.cpp:232
CFD-UG	Chapter 6: Multiphase Flow Interfaces	Solid	multiphase	n/a	
CFD-UG	Chapter 6: Multiphase Flow Interfaces	Homogeneous	multiphase	partial	src/gui/Dialogs.cpp:232; src/combustion/TfcModel.hpp:23
CFD-UG	Chapter 6: Multiphase Flow Interfaces	Rans-Evm	turbulence	partial	src/gui/Dialogs.cpp:232; src/solver/WallDistance.cpp:9
CFD-UG	Chapter 6: Multiphase Flow Interfaces	Solid	multiphase	n/a	
CFD-UG	Chapter 6: Multiphase Flow Interfaces	Homogeneous	multiphase	partial	src/gui/Dialogs.cpp:232; src/combustion/TfcModel.hpp:23
CFD-UG	Chapter 6: Multiphase Flow Interfaces	Rans-Evm	turbulence	partial	src/gui/Dialogs.cpp:232; src/solver/WallDistance.cpp:9
CFD-UG	Chapter 6: Multiphase Flow Interfaces	Solid	multiphase	n/a	
CFD-UG	Chapter 6: Multiphase Flow Interfaces	Homogeneous	multiphase	partial	src/gui/Dialogs.cpp:232; src/combustion/TfcModel.hpp:23
CFD-UG	Chapter 6: Multiphase Flow Interfaces	Rans-Evm	turbulence	partial	src/gui/Dialogs.cpp:232; src/solver/WallDistance.cpp:9
CFD-UG	Chapter 6: Multiphase Flow Interfaces	Solid	multiphase	n/a	
CFD-UG	Chapter 6: Multiphase Flow Interfaces	Homogeneous	multiphase	partial	src/gui/Dialogs.cpp:232; src/combustion/TfcModel.hpp:23
CFD-UG	Chapter 6: Multiphase Flow Interfaces	Rans-Evm	turbulence	partial	src/gui/Dialogs.cpp:232; src/solver/WallDistance.cpp:9
CFD-UG	Chapter 6: Multiphase Flow Interfaces	Solid	multiphase	n/a	
CFD-UG	Chapter 6: Multiphase Flow Interfaces	Homogeneous	multiphase	partial	src/gui/Dialogs.cpp:232; src/combustion/TfcModel.hpp:23
CFD-UG	Chapter 6: Multiphase Flow Interfaces	Rans-Evm	turbulence	partial	src/gui/Dialogs.cpp:232; src/solver/WallDistance.cpp:9
CFD-UG	Chapter 6: Multiphase Flow Interfaces	Model interfaces. The main difference is that the Phase Transport Mixture Model	turbulence	present	src/gui/Dialogs.cpp:232; src/amr/AmrApplier.hpp:14; src/gpu/CudaContext.hpp:32
CFD-UG	Chapter 6: Multiphase Flow Interfaces	Two-Phase Flow And Three-Phase Flow Interfaces	multiphase	partial	src/gui/Dialogs.cpp:232; src/cad/Booleans.hpp:6
CFD-UG	Chapter 6: Multiphase Flow Interfaces	Multiphase	multiphase	partial	src/gui/Dialogs.cpp:232
CFD-UG	Chapter 6: Multiphase Flow Interfaces	Flow Model	multiphase	partial	src/gui/Dialogs.cpp:232
CFD-UG	Chapter 6: Multiphase Flow Interfaces	Turbulence	turbulence	partial	src/gui/Dialogs.cpp:232
CFD-UG	Chapter 6: Multiphase Flow Interfaces	Model Type	multiphase	partial	src/gui/Dialogs.cpp:232
CFD-UG	Chapter 6: Multiphase Flow Interfaces	Turbulence	turbulence	partial	src/gui/Dialogs.cpp:232
CFD-UG	Chapter 6: Multiphase Flow Interfaces	Model	multiphase	n/a	
CFD-UG	Chapter 6: Multiphase Flow Interfaces	Neglect	multiphase	partial	src/gui/Dialogs.cpp:232
CFD-UG	Chapter 6: Multiphase Flow Interfaces	Inertial	multiphase	partial	src/gui/Dialogs.cpp:232; src/dynamics/SixDofCoupler.hpp:17
CFD-UG	Chapter 6: Multiphase Flow Interfaces	Flow)	multiphase	partial	src/gui/Dialogs.cpp:232
CFD-UG	Chapter 6: Multiphase Flow Interfaces	None	multiphase	partial	src/gui/Dialogs.cpp:232; src/combustion/CanteraParser.cpp:143
CFD-UG	Chapter 6: Multiphase Flow Interfaces	Rans-Evm	turbulence	partial	src/gui/Dialogs.cpp:232; src/solver/WallDistance.cpp:9
CFD-UG	Chapter 6: Multiphase Flow Interfaces	Algebraic	multiphase	partial	src/gui/Dialogs.cpp:232; src/combustion/NoxThermalPromptFuel.hpp:12
CFD-UG	Chapter 6: Multiphase Flow Interfaces	Rans-Evm	turbulence	partial	src/gui/Dialogs.cpp:232; src/solver/WallDistance.cpp:9
CFD-UG	Chapter 6: Multiphase Flow Interfaces	L-Vel	multiphase	partial	src/gui/Dialogs.cpp:232
CFD-UG	Chapter 6: Multiphase Flow Interfaces	Rans-Evm	turbulence	partial	src/gui/Dialogs.cpp:232; src/solver/WallDistance.cpp:9
CFD-UG	Chapter 6: Multiphase Flow Interfaces	Rans-Evm	turbulence	partial	src/gui/Dialogs.cpp:232; src/solver/WallDistance.cpp:9
CFD-UG	Chapter 6: Multiphase Flow Interfaces	Realizable	multiphase	partial	src/turbulence/KEpsilonRealizable.hpp:4; src/gui/Dialogs.cpp:232
CFD-UG	Chapter 6: Multiphase Flow Interfaces	Rans-Evm	turbulence	partial	src/gui/Dialogs.cpp:232; src/solver/WallDistance.cpp:9
CFD-UG	Chapter 6: Multiphase Flow Interfaces	Rans-Evm	turbulence	partial	src/gui/Dialogs.cpp:232; src/solver/WallDistance.cpp:9
CFD-UG	Chapter 6: Multiphase Flow Interfaces	Rans-Evm	turbulence	partial	src/gui/Dialogs.cpp:232; src/solver/WallDistance.cpp:9
CFD-UG	Chapter 6: Multiphase Flow Interfaces	Rans-Evm	turbulence	partial	src/gui/Dialogs.cpp:232; src/solver/WallDistance.cpp:9
CFD-UG	Chapter 6: Multiphase Flow Interfaces	Rans-Evm	turbulence	partial	src/gui/Dialogs.cpp:232; src/solver/WallDistance.cpp:9
CFD-UG	Chapter 6: Multiphase Flow Interfaces	Multiphase	multiphase	partial	src/gui/Dialogs.cpp:232
CFD-UG	Chapter 6: Multiphase Flow Interfaces	Flow Model	multiphase	partial	src/gui/Dialogs.cpp:232
CFD-UG	Chapter 6: Multiphase Flow Interfaces	Turbulence	turbulence	partial	src/gui/Dialogs.cpp:232
CFD-UG	Chapter 6: Multiphase Flow Interfaces	Model Type	multiphase	partial	src/gui/Dialogs.cpp:232
CFD-UG	Chapter 6: Multiphase Flow Interfaces	Turbulence	turbulence	partial	src/gui/Dialogs.cpp:232
CFD-UG	Chapter 6: Multiphase Flow Interfaces	Model Type	multiphase	partial	src/gui/Dialogs.cpp:232
CFD-UG	Chapter 6: Multiphase Flow Interfaces	Neglect	multiphase	partial	src/gui/Dialogs.cpp:232
CFD-UG	Chapter 6: Multiphase Flow Interfaces	Inertial	multiphase	partial	src/gui/Dialogs.cpp:232; src/dynamics/SixDofCoupler.hpp:17
CFD-UG	Chapter 6: Multiphase Flow Interfaces	Flow)	multiphase	partial	src/gui/Dialogs.cpp:232
CFD-UG	Chapter 6: Multiphase Flow Interfaces	None	multiphase	partial	src/gui/Dialogs.cpp:232; src/combustion/CanteraParser.cpp:143
CFD-UG	Chapter 6: Multiphase Flow Interfaces	Rans-Evm	turbulence	partial	src/gui/Dialogs.cpp:232; src/solver/WallDistance.cpp:9
CFD-UG	Chapter 6: Multiphase Flow Interfaces	Algebraic	multiphase	partial	src/gui/Dialogs.cpp:232; src/combustion/NoxThermalPromptFuel.hpp:12
CFD-UG	Chapter 6: Multiphase Flow Interfaces	Rans-Evm	turbulence	partial	src/gui/Dialogs.cpp:232; src/solver/WallDistance.cpp:9
CFD-UG	Chapter 6: Multiphase Flow Interfaces	L-Vel	multiphase	partial	src/gui/Dialogs.cpp:232
CFD-UG	Chapter 6: Multiphase Flow Interfaces	Rans-Evm	turbulence	partial	src/gui/Dialogs.cpp:232; src/solver/WallDistance.cpp:9
CFD-UG	Chapter 6: Multiphase Flow Interfaces	Rans-Evm	turbulence	partial	src/gui/Dialogs.cpp:232; src/solver/WallDistance.cpp:9
CFD-UG	Chapter 6: Multiphase Flow Interfaces	Realizable	multiphase	partial	src/turbulence/KEpsilonRealizable.hpp:4; src/gui/Dialogs.cpp:232
CFD-UG	Chapter 6: Multiphase Flow Interfaces	Rans-Evm	turbulence	partial	src/gui/Dialogs.cpp:232; src/solver/WallDistance.cpp:9
CFD-UG	Chapter 6: Multiphase Flow Interfaces	Rans-Evm	turbulence	partial	src/gui/Dialogs.cpp:232; src/solver/WallDistance.cpp:9
CFD-UG	Chapter 6: Multiphase Flow Interfaces	Rans-Evm	turbulence	partial	src/gui/Dialogs.cpp:232; src/solver/WallDistance.cpp:9
CFD-UG	Chapter 6: Multiphase Flow Interfaces	Rans-Evm	turbulence	partial	src/gui/Dialogs.cpp:232; src/solver/WallDistance.cpp:9
CFD-UG	Chapter 6: Multiphase Flow Interfaces	Rans-Evm	turbulence	partial	src/gui/Dialogs.cpp:232; src/solver/WallDistance.cpp:9
CFD-UG	Chapter 6: Multiphase Flow Interfaces	Two-phase thinfilm flow phase	multiphase	partial	src/gui/Dialogs.cpp:232
CFD-UG	Chapter 6: Multiphase Flow Interfaces	None	multiphase	partial	src/gui/Dialogs.cpp:232; src/combustion/CanteraParser.cpp:143
CFD-UG	Chapter 6: Multiphase Flow Interfaces	Three-phase	multiphase	partial	src/gui/Dialogs.cpp:232; src/cad/Booleans.hpp:6
CFD-UG	Chapter 6: Multiphase Flow Interfaces	None	multiphase	partial	src/gui/Dialogs.cpp:232; src/combustion/CanteraParser.cpp:143
CFD-UG	Chapter 6: Multiphase Flow Interfaces	Multiphase	multiphase	partial	src/gui/Dialogs.cpp:232
CFD-UG	Chapter 6: Multiphase Flow Interfaces	Flow Model	multiphase	partial	src/gui/Dialogs.cpp:232
CFD-UG	Chapter 6: Multiphase Flow Interfaces	Compressibility	multiphase	partial	src/gui/Dialogs.cpp:232
CFD-UG	Chapter 6: Multiphase Flow Interfaces	Neglect	multiphase	partial	src/gui/Dialogs.cpp:232
CFD-UG	Chapter 6: Multiphase Flow Interfaces	Inertial Term	multiphase	present	src/gui/Dialogs.cpp:232; src/dynamics/SixDofCoupler.hpp:17; src/acoustics/FwhSurface.cpp:142
CFD-UG	Chapter 6: Multiphase Flow Interfaces	Incompressible	multiphase	partial	src/gui/Dialogs.cpp:232; src/acoustics/CurleAcoustics.hpp:26
CFD-UG	Chapter 6: Multiphase Flow Interfaces	Two-Phase Thin-Film Flow, Phase Field	multiphase	present	src/gui/Dialogs.cpp:232; src/particles/ParticleEvaporation.hpp:14; src/cad/CadKernel.cpp:6
CFD-UG	Chapter 6: Multiphase Flow Interfaces	Three-Phase Flow, Phase Field	multiphase	partial	src/gui/Dialogs.cpp:232; src/cad/Booleans.hpp:6
CFD-UG	Chapter 6: Multiphase Flow Interfaces	Newtonian constitutive models are available: Power law, Carreau, Bingham–	multiphase	present	src/multiphase/DriftFlux.hpp:10; src/materials/FluidsCatalog.hpp:4; src/gui/Dialogs.cpp:232
CFD-UG	Chapter 6: Multiphase Flow Interfaces	Coupling to Other Physics Interfaces	multiphase	partial	src/gui/Dialogs.cpp:232; src/combustion/LaminarFiniteRate.cpp:110
CFD-UG	Chapter 6: Multiphase Flow Interfaces	The Two-Phase Flow, Level Set and	multiphase	partial	src/gui/Dialogs.cpp:232
CFD-UG	Chapter 6: Multiphase Flow Interfaces	This section includes the following topics:	turbulence	partial	src/combustion/ThermoNasaParser.hpp:57; src/gui/Dialogs.cpp:232
CFD-UG	Chapter 6: Multiphase Flow Interfaces	Interface Properties	multiphase	partial	src/gui/Dialogs.cpp:232; src/cad/CMakeLists.txt:42
CFD-UG	Chapter 6: Multiphase Flow Interfaces	Discretization	multiphase	partial	src/solver/Solver.hpp:26; src/gui/Dialogs.cpp:232
CFD-UG	Chapter 6: Multiphase Flow Interfaces	Flow > Two-Phase Flow, Level Set branch (	multiphase	partial	src/gui/Dialogs.cpp:232; src/io/GmshReader.cpp:10
CFD-UG	Chapter 6: Multiphase Flow Interfaces	Interface Properties	multiphase	partial	src/gui/Dialogs.cpp:232; src/cad/CMakeLists.txt:42
CFD-UG	Chapter 6: Multiphase Flow Interfaces	Turbulence Model	turbulence	partial	src/gui/Dialogs.cpp:232
CFD-UG	Chapter 6: Multiphase Flow Interfaces	The Two-Phase Flow, Level Set Coupling Feature	multiphase	partial	src/cad/FeatureEdges.cpp:148; src/gui/Dialogs.cpp:232
CFD-UG	Chapter 6: Multiphase Flow Interfaces	Settings	multiphase	n/a	
CFD-UG	Chapter 6: Multiphase Flow Interfaces	The Label is the default multiphysics coupling feature name.	multiphase	partial	src/cad/FeatureEdges.cpp:148; src/gui/Dialogs.cpp:232
CFD-UG	Chapter 6: Multiphase Flow Interfaces	Domain Selection	multiphase	partial	src/gui/Dialogs.cpp:232
CFD-UG	Chapter 6: Multiphase Flow Interfaces	Coupled Interfaces	multiphase	partial	src/gui/Dialogs.cpp:232; src/gui/DiagnosticsPanel.cpp:59
CFD-UG	Chapter 6: Multiphase Flow Interfaces	Model Inputs	multiphase	partial	src/gui/Dialogs.cpp:232
CFD-UG	Chapter 6: Multiphase Flow Interfaces	Temperature	multiphase	partial	src/gui/Dialogs.cpp:232
CFD-UG	Chapter 6: Multiphase Flow Interfaces	Absolute Pressure	multiphase	partial	src/solver/DualTimeStepping.hpp:33; src/gui/Dialogs.cpp:232
CFD-UG	Chapter 6: Multiphase Flow Interfaces	Material Properties	multiphase	present	src/gui/Dialogs.cpp:232; src/cad/CMakeLists.txt:42; src/cad/FeatureEdges.hpp:9
CFD-UG	Chapter 6: Multiphase Flow Interfaces	Click the Go to Material button (	multiphase	present	src/visualization/OrientationGizmo.cpp:43; src/gui/Dialogs.cpp:232; src/gui/ConsolePanel.hpp:6
CFD-UG	Chapter 6: Multiphase Flow Interfaces	Fluid Properties	multiphase	partial	src/gui/Dialogs.cpp:232; src/cad/CMakeLists.txt:42
CFD-UG	Chapter 6: Multiphase Flow Interfaces	Advanced Settings	multiphase	partial	src/gui/Dialogs.cpp:232; src/combustion/TransportedPdf.hpp:8
CFD-UG	Chapter 6: Multiphase Flow Interfaces	Surface Tension	multiphase	partial	src/gui/Dialogs.cpp:232; src/multiphase/PlicReconstruction.hpp:24
CFD-UG	Chapter 6: Multiphase Flow Interfaces	The Wetted Wall Coupling Feature	multiphase	present	src/dynamics/SixDof.hpp:6; src/cad/FeatureEdges.cpp:148; src/gui/Dialogs.cpp:232
CFD-UG	Chapter 6: Multiphase Flow Interfaces	Settings	multiphase	n/a	
CFD-UG	Chapter 6: Multiphase Flow Interfaces	The Label is the default multiphysics coupling feature name.	multiphase	partial	src/cad/FeatureEdges.cpp:148; src/gui/Dialogs.cpp:232
CFD-UG	Chapter 6: Multiphase Flow Interfaces	Boundary Selection	multiphase	partial	src/gui/Dialogs.cpp:232
CFD-UG	Chapter 6: Multiphase Flow Interfaces	Coupled Interfaces	multiphase	partial	src/gui/Dialogs.cpp:232; src/gui/DiagnosticsPanel.cpp:59
CFD-UG	Chapter 6: Multiphase Flow Interfaces	Wall Movement	multiphase	partial	src/gui/Dialogs.cpp:232
CFD-UG	Chapter 6: Multiphase Flow Interfaces	Wetted Wall	multiphase	partial	src/dynamics/SixDof.hpp:6; src/gui/Dialogs.cpp:232
CFD-UG	Chapter 6: Multiphase Flow Interfaces	Contact Angle	multiphase	present	src/gui/Dialogs.cpp:232; src/multiphase/SurfaceTensionCsf.cpp:54; src/cad/CadKernel.hpp:22
CFD-UG	Chapter 6: Multiphase Flow Interfaces	The Interior Wetted Wall Coupling Feature	bc	present	src/dynamics/SixDof.hpp:6; src/cad/FeatureEdges.cpp:148; src/gui/Dialogs.cpp:232
CFD-UG	Chapter 6: Multiphase Flow Interfaces	Settings	multiphase	n/a	
CFD-UG	Chapter 6: Multiphase Flow Interfaces	Coupled Interfaces	multiphase	partial	src/gui/Dialogs.cpp:232; src/gui/DiagnosticsPanel.cpp:59
CFD-UG	Chapter 6: Multiphase Flow Interfaces	Wall Movement	multiphase	partial	src/gui/Dialogs.cpp:232
CFD-UG	Chapter 6: Multiphase Flow Interfaces	Boundary Selection	multiphase	partial	src/gui/Dialogs.cpp:232
CFD-UG	Chapter 6: Multiphase Flow Interfaces	Wetted Wall	multiphase	partial	src/dynamics/SixDof.hpp:6; src/gui/Dialogs.cpp:232
CFD-UG	Chapter 6: Multiphase Flow Interfaces	Contact Angle	multiphase	present	src/gui/Dialogs.cpp:232; src/multiphase/SurfaceTensionCsf.cpp:54; src/cad/CadKernel.hpp:22
CFD-UG	Chapter 6: Multiphase Flow Interfaces	Wetted Wall	multiphase	partial	src/dynamics/SixDof.hpp:6; src/gui/Dialogs.cpp:232
CFD-UG	Chapter 6: Multiphase Flow Interfaces	Interface Properties	multiphase	partial	src/gui/Dialogs.cpp:232; src/cad/CMakeLists.txt:42
CFD-UG	Chapter 6: Multiphase Flow Interfaces	Turbulence Model	turbulence	partial	src/gui/Dialogs.cpp:232
CFD-UG	Chapter 6: Multiphase Flow Interfaces	Discretization	multiphase	partial	src/solver/Solver.hpp:26; src/gui/Dialogs.cpp:232
CFD-UG	Chapter 6: Multiphase Flow Interfaces	Interface Properties	multiphase	partial	src/gui/Dialogs.cpp:232; src/cad/CMakeLists.txt:42
CFD-UG	Chapter 6: Multiphase Flow Interfaces	Turbulence Model	turbulence	partial	src/gui/Dialogs.cpp:232
CFD-UG	Chapter 6: Multiphase Flow Interfaces	Settings	multiphase	n/a	
CFD-UG	Chapter 6: Multiphase Flow Interfaces	The Label is the default multiphysics coupling feature name.	multiphase	partial	src/cad/FeatureEdges.cpp:148; src/gui/Dialogs.cpp:232
CFD-UG	Chapter 6: Multiphase Flow Interfaces	Domain Selection	multiphase	partial	src/gui/Dialogs.cpp:232
CFD-UG	Chapter 6: Multiphase Flow Interfaces	Coupled Interfaces	multiphase	partial	src/gui/Dialogs.cpp:232; src/gui/DiagnosticsPanel.cpp:59
CFD-UG	Chapter 6: Multiphase Flow Interfaces	Model Inputs	multiphase	partial	src/gui/Dialogs.cpp:232
CFD-UG	Chapter 6: Multiphase Flow Interfaces	Temperature	multiphase	partial	src/gui/Dialogs.cpp:232
CFD-UG	Chapter 6: Multiphase Flow Interfaces	Absolute Pressure	multiphase	partial	src/solver/DualTimeStepping.hpp:33; src/gui/Dialogs.cpp:232
CFD-UG	Chapter 6: Multiphase Flow Interfaces	Material Properties	multiphase	present	src/gui/Dialogs.cpp:232; src/cad/CMakeLists.txt:42; src/cad/FeatureEdges.hpp:9
CFD-UG	Chapter 6: Multiphase Flow Interfaces	Multiphase Material in the COMSOL Multiphysics Reference Manual	multiphase	partial	src/gui/Dialogs.cpp:232; src/cad/FeatureEdges.hpp:9
CFD-UG	Chapter 6: Multiphase Flow Interfaces	Fluid Properties	multiphase	partial	src/gui/Dialogs.cpp:232; src/cad/CMakeLists.txt:42
CFD-UG	Chapter 6: Multiphase Flow Interfaces	Advanced Settings	multiphase	partial	src/gui/Dialogs.cpp:232; src/combustion/TransportedPdf.hpp:8
CFD-UG	Chapter 6: Multiphase Flow Interfaces	Surface Tension	multiphase	partial	src/gui/Dialogs.cpp:232; src/multiphase/PlicReconstruction.hpp:24
CFD-UG	Chapter 6: Multiphase Flow Interfaces	Domain, Boundary, Point, and Pair Nodes for the Laminar and	turbulence	partial	src/gui/Dialogs.cpp:232; src/combustion/EddyDissipationConcept.hpp:15
CFD-UG	Chapter 6: Multiphase Flow Interfaces	Laminar Flow	multiphase	partial	src/gui/Dialogs.cpp:232; src/combustion/EddyDissipationConcept.hpp:15
CFD-UG	Chapter 6: Multiphase Flow Interfaces	Turbulent Flow	turbulence	partial	src/gui/Dialogs.cpp:232; src/combustion/GEquation.cpp:51
CFD-UG	Chapter 6: Multiphase Flow Interfaces	Level Set	multiphase	partial	src/gui/Dialogs.cpp:232
CFD-UG	Chapter 6: Multiphase Flow Interfaces	Phase Field In Fluids	multiphase	partial	src/multiphase/VolumeOfFluid.hpp:4; src/gui/Dialogs.cpp:232
CFD-UG	Chapter 6: Multiphase Flow Interfaces	The Two-Phase Thin-Film Flow, Phase	multiphase	present	src/gui/Dialogs.cpp:232; src/particles/ParticleEvaporation.hpp:14; src/cad/CadKernel.cpp:6
CFD-UG	Chapter 6: Multiphase Flow Interfaces	This section includes the following topics:	turbulence	partial	src/combustion/ThermoNasaParser.hpp:57; src/gui/Dialogs.cpp:232
CFD-UG	Chapter 6: Multiphase Flow Interfaces	The Two-Phase Thin-Film Flow, Domain, Phase Field Interface	multiphase	present	src/gui/Dialogs.cpp:232; src/particles/ParticleEvaporation.hpp:14; src/cad/CadKernel.cpp:6
CFD-UG	Chapter 6: Multiphase Flow Interfaces	Interface Properties	multiphase	partial	src/gui/Dialogs.cpp:232; src/cad/CMakeLists.txt:42
CFD-UG	Chapter 6: Multiphase Flow Interfaces	Discretization	multiphase	partial	src/solver/Solver.hpp:26; src/gui/Dialogs.cpp:232
CFD-UG	Chapter 6: Multiphase Flow Interfaces	Interface Properties	multiphase	partial	src/gui/Dialogs.cpp:232; src/cad/CMakeLists.txt:42
CFD-UG	Chapter 6: Multiphase Flow Interfaces	Discretization	multiphase	partial	src/solver/Solver.hpp:26; src/gui/Dialogs.cpp:232
CFD-UG	Chapter 6: Multiphase Flow Interfaces	Interface Properties	multiphase	partial	src/gui/Dialogs.cpp:232; src/cad/CMakeLists.txt:42
CFD-UG	Chapter 6: Multiphase Flow Interfaces	Discretization	multiphase	partial	src/solver/Solver.hpp:26; src/gui/Dialogs.cpp:232
CFD-UG	Chapter 6: Multiphase Flow Interfaces	Settings	multiphase	n/a	
CFD-UG	Chapter 6: Multiphase Flow Interfaces	The Label is the default multiphysics coupling feature name.	multiphase	partial	src/cad/FeatureEdges.cpp:148; src/gui/Dialogs.cpp:232
CFD-UG	Chapter 6: Multiphase Flow Interfaces	Domain Selection	multiphase	partial	src/gui/Dialogs.cpp:232
CFD-UG	Chapter 6: Multiphase Flow Interfaces	Coupled Interfaces	multiphase	partial	src/gui/Dialogs.cpp:232; src/gui/DiagnosticsPanel.cpp:59
CFD-UG	Chapter 6: Multiphase Flow Interfaces	Model Inputs	multiphase	partial	src/gui/Dialogs.cpp:232
CFD-UG	Chapter 6: Multiphase Flow Interfaces	Temperature	multiphase	partial	src/gui/Dialogs.cpp:232
CFD-UG	Chapter 6: Multiphase Flow Interfaces	Material Properties	multiphase	present	src/gui/Dialogs.cpp:232; src/cad/CMakeLists.txt:42; src/cad/FeatureEdges.hpp:9
CFD-UG	Chapter 6: Multiphase Flow Interfaces	Fluid Properties	multiphase	partial	src/gui/Dialogs.cpp:232; src/cad/CMakeLists.txt:42
CFD-UG	Chapter 6: Multiphase Flow Interfaces	Advanced Settings	multiphase	partial	src/gui/Dialogs.cpp:232; src/combustion/TransportedPdf.hpp:8
CFD-UG	Chapter 6: Multiphase Flow Interfaces	Surface Tension	multiphase	partial	src/gui/Dialogs.cpp:232; src/multiphase/PlicReconstruction.hpp:24
CFD-UG	Chapter 6: Multiphase Flow Interfaces	Theory for the Two-Phase Thin-Film Flow, Phase Field Interfaces	multiphase	present	src/combustion/TfcModel.hpp:23; src/gui/Dialogs.cpp:232; src/particles/ParticleEvaporation.hpp:14
CFD-UG	Chapter 6: Multiphase Flow Interfaces	Thin-Film Flow	multiphase	present	src/gui/Dialogs.cpp:232; src/particles/ParticleEvaporation.hpp:14; src/cad/CadKernel.cpp:6
CFD-UG	Chapter 6: Multiphase Flow Interfaces	Phase Field In Fluids	multiphase	partial	src/multiphase/VolumeOfFluid.hpp:4; src/gui/Dialogs.cpp:232
CFD-UG	Chapter 6: Multiphase Flow Interfaces	Phase Field Thin-Film Flow	multiphase	present	src/gui/Dialogs.cpp:232; src/particles/ParticleEvaporation.hpp:14; src/cad/CadKernel.cpp:6
CFD-UG	Chapter 6: Multiphase Flow Interfaces	The Three-Phase Flow, Phase Field	multiphase	partial	src/gui/Dialogs.cpp:232; src/cad/Booleans.hpp:6
CFD-UG	Chapter 6: Multiphase Flow Interfaces	The Three-Phase Flow, Phase Field Coupling Feature	multiphase	present	src/cad/FeatureEdges.cpp:148; src/gui/Dialogs.cpp:232; src/cad/Booleans.hpp:6
CFD-UG	Chapter 6: Multiphase Flow Interfaces	Settings	multiphase	n/a	
CFD-UG	Chapter 6: Multiphase Flow Interfaces	The Label is the default multiphysics coupling feature name.	multiphase	partial	src/cad/FeatureEdges.cpp:148; src/gui/Dialogs.cpp:232
CFD-UG	Chapter 6: Multiphase Flow Interfaces	Domain Selection	multiphase	partial	src/gui/Dialogs.cpp:232
CFD-UG	Chapter 6: Multiphase Flow Interfaces	When nodes are added from the context menu, you can select Manual (the default)	turbulence	present	src/core/PluginRegistry.hpp:8; src/gui/Dialogs.cpp:232; src/core/CrashHandler.cpp:99
CFD-UG	Chapter 6: Multiphase Flow Interfaces	Model Inputs	multiphase	partial	src/gui/Dialogs.cpp:232
CFD-UG	Chapter 6: Multiphase Flow Interfaces	Temperature	multiphase	partial	src/gui/Dialogs.cpp:232
CFD-UG	Chapter 6: Multiphase Flow Interfaces	Absolute Pressure	multiphase	partial	src/solver/DualTimeStepping.hpp:33; src/gui/Dialogs.cpp:232
CFD-UG	Chapter 6: Multiphase Flow Interfaces	Material Properties	multiphase	present	src/gui/Dialogs.cpp:232; src/cad/CMakeLists.txt:42; src/cad/FeatureEdges.hpp:9
CFD-UG	Chapter 6: Multiphase Flow Interfaces	Fluid Properties	multiphase	partial	src/gui/Dialogs.cpp:232; src/cad/CMakeLists.txt:42
CFD-UG	Chapter 6: Multiphase Flow Interfaces	Coupled Interfaces	multiphase	partial	src/gui/Dialogs.cpp:232; src/gui/DiagnosticsPanel.cpp:59
CFD-UG	Chapter 6: Multiphase Flow Interfaces	Laminar Flow	multiphase	partial	src/gui/Dialogs.cpp:232; src/combustion/EddyDissipationConcept.hpp:15
CFD-UG	Chapter 6: Multiphase Flow Interfaces	Ternary Phase-Field	multiphase	partial	src/gui/Dialogs.cpp:232
CFD-UG	Chapter 6: Multiphase Flow Interfaces	T he L a m i na r Two- Ph ase Fl ow, Mov i n g	multiphase	partial	src/gui/Dialogs.cpp:232
CFD-UG	Chapter 6: Multiphase Flow Interfaces	Select Laminar Flow Properties	multiphase	present	src/gui/Dialogs.cpp:232; src/combustion/EddyDissipationConcept.hpp:15; src/cad/CMakeLists.txt:42
CFD-UG	Chapter 6: Multiphase Flow Interfaces	Physical Model	multiphase	partial	src/gui/Dialogs.cpp:232; src/io/GmshReader.cpp:140
CFD-UG	Chapter 6: Multiphase Flow Interfaces	Dependent Variables	multiphase	present	src/gui/Dialogs.cpp:232; src/io/CgnsWriter.cpp:14; src/adjoint/DiscreteAdjoint.hpp:15
CFD-UG	Chapter 6: Multiphase Flow Interfaces	Deforming Domain	multiphase	partial	src/core/IWallDistanceService.hpp:31; src/gui/Dialogs.cpp:232
CFD-UG	Chapter 6: Multiphase Flow Interfaces	Fluid–Fluid Interface	multiphase	partial	src/gui/Dialogs.cpp:232
CFD-UG	Chapter 6: Multiphase Flow Interfaces	Model Input	multiphase	partial	src/gui/Dialogs.cpp:232
CFD-UG	Chapter 6: Multiphase Flow Interfaces	Surface Tension	multiphase	partial	src/gui/Dialogs.cpp:232; src/multiphase/PlicReconstruction.hpp:24
CFD-UG	Chapter 6: Multiphase Flow Interfaces	Mass Flux	multiphase	partial	src/gui/Dialogs.cpp:232
CFD-UG	Chapter 6: Multiphase Flow Interfaces	Normal Direction	multiphase	partial	src/gui/Dialogs.cpp:232
CFD-UG	Chapter 6: Multiphase Flow Interfaces	The Fluid–Fluid Interface feature imposes a mesh deformation in the	mesh	present	src/solver/bc/OversetBc.hpp:8; src/cad/FeatureEdges.cpp:148; src/gui/Dialogs.cpp:232
CFD-UG	Chapter 6: Multiphase Flow Interfaces	If a Fluid–Fluid Interface feature is in contact with a solid boundary, the	multiphase	present	src/cad/FeatureEdges.cpp:148; src/gui/Dialogs.cpp:232; src/multiphase/SurfaceTensionCsf.cpp:54
CFD-UG	Chapter 6: Multiphase Flow Interfaces	Free Surface	multiphase	partial	src/gui/Dialogs.cpp:232
CFD-UG	Chapter 6: Multiphase Flow Interfaces	Model Input	multiphase	partial	src/gui/Dialogs.cpp:232
CFD-UG	Chapter 6: Multiphase Flow Interfaces	Free Surface	multiphase	partial	src/gui/Dialogs.cpp:232
CFD-UG	Chapter 6: Multiphase Flow Interfaces	Surface Tension	multiphase	partial	src/gui/Dialogs.cpp:232; src/multiphase/PlicReconstruction.hpp:24
CFD-UG	Chapter 6: Multiphase Flow Interfaces	Mass Flux	multiphase	partial	src/gui/Dialogs.cpp:232
CFD-UG	Chapter 6: Multiphase Flow Interfaces	The Free Surface feature imposes a mesh deformation in the normal	mesh	present	src/solver/bc/OversetBc.hpp:8; src/cad/FeatureEdges.cpp:148; src/gui/Dialogs.cpp:232
CFD-UG	Chapter 6: Multiphase Flow Interfaces	If a Free Surface feature is in contact with a solid boundary, the movement	multiphase	present	src/cad/FeatureEdges.cpp:148; src/gui/Dialogs.cpp:232; src/multiphase/SurfaceTensionCsf.cpp:54
CFD-UG	Chapter 6: Multiphase Flow Interfaces	Contact Angle	multiphase	present	src/gui/Dialogs.cpp:232; src/multiphase/SurfaceTensionCsf.cpp:54; src/cad/CadKernel.hpp:22
CFD-UG	Chapter 6: Multiphase Flow Interfaces	Contact Angle	multiphase	present	src/gui/Dialogs.cpp:232; src/multiphase/SurfaceTensionCsf.cpp:54; src/cad/CadKernel.hpp:22
CFD-UG	Chapter 6: Multiphase Flow Interfaces	Normal Wall Velocity	multiphase	partial	src/gui/Dialogs.cpp:232
CFD-UG	Chapter 6: Multiphase Flow Interfaces	The moving mesh boundary condition must be compatible with the	mesh	present	src/gui/Dialogs.cpp:232; src/cad/BrepIo.hpp:24; src/dynamics/SixDof.hpp:18
CFD-UG	Chapter 6: Multiphase Flow Interfaces	The Bubbly Flow Interfaces	multiphase	partial	src/multiphase/DriftFlux.hpp:12; src/gui/Dialogs.cpp:232
CFD-UG	Chapter 6: Multiphase Flow Interfaces	Settings	multiphase	n/a	
CFD-UG	Chapter 6: Multiphase Flow Interfaces	The Label is the default physics interface name.	multiphase	partial	src/gui/Dialogs.cpp:232; src/combustion/LaminarFiniteRate.cpp:110
CFD-UG	Chapter 6: Multiphase Flow Interfaces	Physical Model	multiphase	partial	src/gui/Dialogs.cpp:232; src/io/GmshReader.cpp:140
CFD-UG	Chapter 6: Multiphase Flow Interfaces	Low Gas Concentration	multiphase	partial	src/core/BoundaryConditionRegistry.hpp:18; src/gui/Dialogs.cpp:232
CFD-UG	Chapter 6: Multiphase Flow Interfaces	Solve for Interfacial Area	multiphase	partial	src/multiphase/EulerianMultifluid.cpp:186; src/gui/Dialogs.cpp:232
CFD-UG	Chapter 6: Multiphase Flow Interfaces	Reference Values	multiphase	partial	src/gui/Dialogs.cpp:232
CFD-UG	Chapter 6: Multiphase Flow Interfaces	Swirl Flow	multiphase	partial	src/particles/ConeInjector.cpp:36; src/gui/Dialogs.cpp:232
CFD-UG	Chapter 6: Multiphase Flow Interfaces	Turbulence	turbulence	partial	src/gui/Dialogs.cpp:232
CFD-UG	Chapter 6: Multiphase Flow Interfaces	Dependent Variables	multiphase	present	src/gui/Dialogs.cpp:232; src/io/CgnsWriter.cpp:14; src/adjoint/DiscreteAdjoint.hpp:15
CFD-UG	Chapter 6: Multiphase Flow Interfaces	Consistent Stabilization And Inconsistent Stabilization	multiphase	partial	src/gui/Dialogs.cpp:232; src/core/Command.hpp:92
CFD-UG	Chapter 6: Multiphase Flow Interfaces	Advanced Settings	multiphase	partial	src/gui/Dialogs.cpp:232; src/combustion/TransportedPdf.hpp:8
CFD-UG	Chapter 6: Multiphase Flow Interfaces	Turbulence	turbulence	partial	src/gui/Dialogs.cpp:232
CFD-UG	Chapter 6: Multiphase Flow Interfaces	Wall Treatment	bc	partial	src/multiphase/VolumeOfFluid.hpp:10; src/gui/Dialogs.cpp:232
CFD-UG	Chapter 6: Multiphase Flow Interfaces	Edit Turbulence Model Parameters	turbulence	partial	src/gui/Dialogs.cpp:232; src/cad/PersistentIdManager.hpp:11
CFD-UG	Chapter 6: Multiphase Flow Interfaces	Dependent Variables	multiphase	present	src/gui/Dialogs.cpp:232; src/io/CgnsWriter.cpp:14; src/adjoint/DiscreteAdjoint.hpp:15
CFD-UG	Chapter 6: Multiphase Flow Interfaces	The Bubbly Flow, L-VEL Interface	multiphase	partial	src/multiphase/DriftFlux.hpp:12; src/gui/Dialogs.cpp:232
CFD-UG	Chapter 6: Multiphase Flow Interfaces	Flow > Bubbly Flow, Turbulent Flow branch (	turbulence	present	src/multiphase/DriftFlux.hpp:12; src/gui/Dialogs.cpp:232; src/io/GmshReader.cpp:10
CFD-UG	Chapter 6: Multiphase Flow Interfaces	Turbulence	turbulence	partial	src/gui/Dialogs.cpp:232
CFD-UG	Chapter 6: Multiphase Flow Interfaces	Wall Treatment	bc	partial	src/multiphase/VolumeOfFluid.hpp:10; src/gui/Dialogs.cpp:232
CFD-UG	Chapter 6: Multiphase Flow Interfaces	Edit Turbulence Model Parameters	turbulence	partial	src/gui/Dialogs.cpp:232; src/cad/PersistentIdManager.hpp:11
CFD-UG	Chapter 6: Multiphase Flow Interfaces	Dependent Variables	multiphase	present	src/gui/Dialogs.cpp:232; src/io/CgnsWriter.cpp:14; src/adjoint/DiscreteAdjoint.hpp:15
CFD-UG	Chapter 6: Multiphase Flow Interfaces	Turbulence	turbulence	partial	src/gui/Dialogs.cpp:232
CFD-UG	Chapter 6: Multiphase Flow Interfaces	Wall Treatment	bc	partial	src/multiphase/VolumeOfFluid.hpp:10; src/gui/Dialogs.cpp:232
CFD-UG	Chapter 6: Multiphase Flow Interfaces	Edit Turbulence Model Parameters	turbulence	partial	src/gui/Dialogs.cpp:232; src/cad/PersistentIdManager.hpp:11
CFD-UG	Chapter 6: Multiphase Flow Interfaces	Dependent Variables	multiphase	present	src/gui/Dialogs.cpp:232; src/io/CgnsWriter.cpp:14; src/adjoint/DiscreteAdjoint.hpp:15
CFD-UG	Chapter 6: Multiphase Flow Interfaces	Consistent And Inconsistent Stabilization	multiphase	partial	src/gui/Dialogs.cpp:232; src/core/Command.hpp:92
CFD-UG	Chapter 6: Multiphase Flow Interfaces	Advanced Settings	multiphase	partial	src/gui/Dialogs.cpp:232; src/combustion/TransportedPdf.hpp:8
CFD-UG	Chapter 6: Multiphase Flow Interfaces	Turbulence	turbulence	partial	src/gui/Dialogs.cpp:232
CFD-UG	Chapter 6: Multiphase Flow Interfaces	Wall Treatment	bc	partial	src/multiphase/VolumeOfFluid.hpp:10; src/gui/Dialogs.cpp:232
CFD-UG	Chapter 6: Multiphase Flow Interfaces	Edit Turbulence Model Parameters	turbulence	partial	src/gui/Dialogs.cpp:232; src/cad/PersistentIdManager.hpp:11
CFD-UG	Chapter 6: Multiphase Flow Interfaces	Dependent Variables	multiphase	present	src/gui/Dialogs.cpp:232; src/io/CgnsWriter.cpp:14; src/adjoint/DiscreteAdjoint.hpp:15
CFD-UG	Chapter 6: Multiphase Flow Interfaces	The Bubbly Flow, k-ω Interface	multiphase	partial	src/multiphase/DriftFlux.hpp:12; src/gui/Dialogs.cpp:232
CFD-UG	Chapter 6: Multiphase Flow Interfaces	Turbulence	turbulence	partial	src/gui/Dialogs.cpp:232
CFD-UG	Chapter 6: Multiphase Flow Interfaces	Wall Treatment	bc	partial	src/multiphase/VolumeOfFluid.hpp:10; src/gui/Dialogs.cpp:232
CFD-UG	Chapter 6: Multiphase Flow Interfaces	Edit Turbulence Model Parameters	turbulence	partial	src/gui/Dialogs.cpp:232; src/cad/PersistentIdManager.hpp:11
CFD-UG	Chapter 6: Multiphase Flow Interfaces	Dependent Variables	multiphase	present	src/gui/Dialogs.cpp:232; src/io/CgnsWriter.cpp:14; src/adjoint/DiscreteAdjoint.hpp:15
CFD-UG	Chapter 6: Multiphase Flow Interfaces	Flow > Bubbly Flow, Turbulent Flow branch (	turbulence	present	src/multiphase/DriftFlux.hpp:12; src/gui/Dialogs.cpp:232; src/io/GmshReader.cpp:10
CFD-UG	Chapter 6: Multiphase Flow Interfaces	Turbulence	turbulence	partial	src/gui/Dialogs.cpp:232
CFD-UG	Chapter 6: Multiphase Flow Interfaces	Wall Treatment	bc	partial	src/multiphase/VolumeOfFluid.hpp:10; src/gui/Dialogs.cpp:232
CFD-UG	Chapter 6: Multiphase Flow Interfaces	Edit Turbulence Model Parameters	turbulence	partial	src/gui/Dialogs.cpp:232; src/cad/PersistentIdManager.hpp:11
CFD-UG	Chapter 6: Multiphase Flow Interfaces	Dependent Variables	multiphase	present	src/gui/Dialogs.cpp:232; src/io/CgnsWriter.cpp:14; src/adjoint/DiscreteAdjoint.hpp:15
CFD-UG	Chapter 6: Multiphase Flow Interfaces	For study information, see Stationary with Initialization, Time Dependent with	multiphase	present	src/gui/Dialogs.cpp:232; src/acoustics/FwhSurface.cpp:115; src/cad/ObjReader.hpp:7
CFD-UG	Chapter 6: Multiphase Flow Interfaces	Turbulence	turbulence	partial	src/gui/Dialogs.cpp:232
CFD-UG	Chapter 6: Multiphase Flow Interfaces	Wall Treatment	bc	partial	src/multiphase/VolumeOfFluid.hpp:10; src/gui/Dialogs.cpp:232
CFD-UG	Chapter 6: Multiphase Flow Interfaces	Edit Turbulence Model Parameters	turbulence	partial	src/gui/Dialogs.cpp:232; src/cad/PersistentIdManager.hpp:11
CFD-UG	Chapter 6: Multiphase Flow Interfaces	Dependent Variables	multiphase	present	src/gui/Dialogs.cpp:232; src/io/CgnsWriter.cpp:14; src/adjoint/DiscreteAdjoint.hpp:15
CFD-UG	Chapter 6: Multiphase Flow Interfaces	Turbulence	turbulence	partial	src/gui/Dialogs.cpp:232
CFD-UG	Chapter 6: Multiphase Flow Interfaces	Wall Treatment	bc	partial	src/multiphase/VolumeOfFluid.hpp:10; src/gui/Dialogs.cpp:232
CFD-UG	Chapter 6: Multiphase Flow Interfaces	Edit Turbulence Model Parameters	turbulence	partial	src/gui/Dialogs.cpp:232; src/cad/PersistentIdManager.hpp:11
CFD-UG	Chapter 6: Multiphase Flow Interfaces	Dependent Variables	multiphase	present	src/gui/Dialogs.cpp:232; src/io/CgnsWriter.cpp:14; src/adjoint/DiscreteAdjoint.hpp:15
CFD-UG	Chapter 6: Multiphase Flow Interfaces	Turbulence	turbulence	partial	src/gui/Dialogs.cpp:232
CFD-UG	Chapter 6: Multiphase Flow Interfaces	Wall Treatment	bc	partial	src/multiphase/VolumeOfFluid.hpp:10; src/gui/Dialogs.cpp:232
CFD-UG	Chapter 6: Multiphase Flow Interfaces	Edit Turbulence Model Parameters	turbulence	partial	src/gui/Dialogs.cpp:232; src/cad/PersistentIdManager.hpp:11
CFD-UG	Chapter 6: Multiphase Flow Interfaces	Dependent Variables	multiphase	present	src/gui/Dialogs.cpp:232; src/io/CgnsWriter.cpp:14; src/adjoint/DiscreteAdjoint.hpp:15
CFD-UG	Chapter 6: Multiphase Flow Interfaces	Domain and Boundary Nodes for Bubbly Flow	turbulence	partial	src/multiphase/DriftFlux.hpp:12; src/gui/Dialogs.cpp:232
CFD-UG	Chapter 6: Multiphase Flow Interfaces	Domain	multiphase	n/a	
CFD-UG	Chapter 6: Multiphase Flow Interfaces	Boundary	multiphase	partial	src/gui/Dialogs.cpp:232
CFD-UG	Chapter 6: Multiphase Flow Interfaces	The sections describe the available boundary conditions for the liquid and	bc	present	src/io/FaceBasedMeshReader.hpp:7; src/gui/Dialogs.cpp:232; src/amr/AdaptiveRefinement.hpp:11
CFD-UG	Chapter 6: Multiphase Flow Interfaces	Gas Boundary Condition Equations	bc	present	src/gui/Dialogs.cpp:232; src/core/BoundaryConditionRegistry.hpp:13; src/adjoint/ContinuousAdjoint.hpp:11
CFD-UG	Chapter 6: Multiphase Flow Interfaces	For 2D axisymmetric components, COMSOL Multiphysics takes the axial	bc	present	src/gpu/CgGpu.hpp:7; src/meshing/MedialAxisDecomposition.hpp:13; src/gui/Dialogs.cpp:232
CFD-UG	Chapter 6: Multiphase Flow Interfaces	Fluid Properties	multiphase	partial	src/gui/Dialogs.cpp:232; src/cad/CMakeLists.txt:42
CFD-UG	Chapter 6: Multiphase Flow Interfaces	Model Inputs	multiphase	partial	src/gui/Dialogs.cpp:232
CFD-UG	Chapter 6: Multiphase Flow Interfaces	Temperature	multiphase	partial	src/gui/Dialogs.cpp:232
CFD-UG	Chapter 6: Multiphase Flow Interfaces	Absolute Pressure	multiphase	partial	src/solver/DualTimeStepping.hpp:33; src/gui/Dialogs.cpp:232
CFD-UG	Chapter 6: Multiphase Flow Interfaces	Materials	multiphase	n/a	
CFD-UG	Chapter 6: Multiphase Flow Interfaces	Liquid Properties	multiphase	present	src/gui/Dialogs.cpp:232; src/cad/CMakeLists.txt:42; src/emag/Mhd.hpp:5
CFD-UG	Chapter 6: Multiphase Flow Interfaces	Gas Properties	multiphase	partial	src/gui/Dialogs.cpp:232; src/cad/CMakeLists.txt:42
CFD-UG	Chapter 6: Multiphase Flow Interfaces	Slip Model	multiphase	partial	src/gui/Dialogs.cpp:232; src/gui/Dialogs.cpp:323
CFD-UG	Chapter 6: Multiphase Flow Interfaces	Select a Drag coefficient model:	multiphase	present	src/gui/Dialogs.cpp:232; src/adjoint/DiscreteAdjoint.hpp:8; src/combustion/CanteraParser.cpp:230
CFD-UG	Chapter 6: Multiphase Flow Interfaces	Mixing Length Limit	multiphase	present	src/gui/Dialogs.cpp:232; src/acoustics/CurleAcoustics.hpp:25; src/combustion/EddyDissipationConcept.cpp:71
CFD-UG	Chapter 6: Multiphase Flow Interfaces	Distance Equation	multiphase	partial	src/gui/Dialogs.cpp:232
CFD-UG	Chapter 6: Multiphase Flow Interfaces	Mass Transfer	turbulence	partial	src/gui/Dialogs.cpp:232; src/cad/IgesReader.cpp:45
CFD-UG	Chapter 6: Multiphase Flow Interfaces	Mass Transfer	turbulence	partial	src/gui/Dialogs.cpp:232; src/cad/IgesReader.cpp:45
CFD-UG	Chapter 6: Multiphase Flow Interfaces	Nonequilibrium Model	combustion	partial	src/gui/Dialogs.cpp:232
CFD-UG	Chapter 6: Multiphase Flow Interfaces	Two-Film Theory	multiphase	present	src/combustion/TfcModel.hpp:23; src/gui/Dialogs.cpp:232; src/particles/ParticleEvaporation.hpp:14
CFD-UG	Chapter 6: Multiphase Flow Interfaces	Also see Theory for the Bubbly Flow Interfaces for details about how a is	multiphase	present	src/multiphase/DriftFlux.hpp:12; src/combustion/TfcModel.hpp:23; src/gui/Dialogs.cpp:232
CFD-UG	Chapter 6: Multiphase Flow Interfaces	Gravity	multiphase	partial	src/gui/Dialogs.cpp:232; src/dynamics/SixDof.cpp:72
CFD-UG	Chapter 6: Multiphase Flow Interfaces	Gravity	multiphase	partial	src/gui/Dialogs.cpp:232; src/dynamics/SixDof.cpp:72
CFD-UG	Chapter 6: Multiphase Flow Interfaces	Initial Values	multiphase	partial	src/gui/Dialogs.cpp:232; src/core/ThreadPool.cpp:57
CFD-UG	Chapter 6: Multiphase Flow Interfaces	Initial Values	multiphase	partial	src/gui/Dialogs.cpp:232; src/core/ThreadPool.cpp:57
CFD-UG	Chapter 6: Multiphase Flow Interfaces	Wall	multiphase	partial	src/gui/Dialogs.cpp:232
CFD-UG	Chapter 6: Multiphase Flow Interfaces	Liquid Boundary Condition	bc	present	src/gui/Dialogs.cpp:232; src/core/BoundaryConditionRegistry.hpp:13; src/emag/Mhd.hpp:5
CFD-UG	Chapter 6: Multiphase Flow Interfaces	No Slip	multiphase	partial	src/gui/Dialogs.cpp:232; src/gui/Dialogs.cpp:323
CFD-UG	Chapter 6: Multiphase Flow Interfaces	Gas Boundary Condition	bc	partial	src/gui/Dialogs.cpp:232; src/core/BoundaryConditionRegistry.hpp:13
CFD-UG	Chapter 6: Multiphase Flow Interfaces	Gas Concentration	multiphase	partial	src/core/BoundaryConditionRegistry.hpp:18; src/gui/Dialogs.cpp:232
CFD-UG	Chapter 6: Multiphase Flow Interfaces	Gas Flux	multiphase	partial	src/gui/Dialogs.cpp:232
CFD-UG	Chapter 6: Multiphase Flow Interfaces	Wall Movement	multiphase	partial	src/gui/Dialogs.cpp:232
CFD-UG	Chapter 6: Multiphase Flow Interfaces	Constraint Settings	multiphase	partial	src/meshing/AmrAdaptor.hpp:8; src/gui/Dialogs.cpp:232
CFD-UG	Chapter 6: Multiphase Flow Interfaces	Inlet	bc	partial	src/gui/Dialogs.cpp:232; src/core/BoundaryConditionRegistry.hpp:10
CFD-UG	Chapter 6: Multiphase Flow Interfaces	Liquid Boundary Condition	bc	present	src/gui/Dialogs.cpp:232; src/core/BoundaryConditionRegistry.hpp:13; src/emag/Mhd.hpp:5
CFD-UG	Chapter 6: Multiphase Flow Interfaces	Velocity	multiphase	partial	src/gui/Dialogs.cpp:232
CFD-UG	Chapter 6: Multiphase Flow Interfaces	Pressure	multiphase	partial	src/gui/Dialogs.cpp:232
CFD-UG	Chapter 6: Multiphase Flow Interfaces	Fully Developed Flow	multiphase	partial	src/gui/Dialogs.cpp:232; src/combustion/LaminarFiniteRate.hpp:22
CFD-UG	Chapter 6: Multiphase Flow Interfaces	Select an option to control the flow rate at the inlet:	bc	present	src/gui/Dialogs.cpp:232; src/core/BoundaryConditionRegistry.hpp:10; src/adjoint/ContinuousAdjoint.hpp:51
CFD-UG	Chapter 6: Multiphase Flow Interfaces	Gas Boundary Condition	bc	partial	src/gui/Dialogs.cpp:232; src/core/BoundaryConditionRegistry.hpp:13
CFD-UG	Chapter 6: Multiphase Flow Interfaces	These settings are the same as for Wall. See Gas Boundary Condition. The only	bc	partial	src/gui/Dialogs.cpp:232; src/core/BoundaryConditionRegistry.hpp:13
CFD-UG	Chapter 6: Multiphase Flow Interfaces	Turbulence Conditions	turbulence	partial	src/gui/Dialogs.cpp:232; src/core/BoundaryConditionRegistry.hpp:9
CFD-UG	Chapter 6: Multiphase Flow Interfaces	Outlet	bc	partial	src/gui/Dialogs.cpp:232; src/core/BoundaryConditionRegistry.hpp:10
CFD-UG	Chapter 6: Multiphase Flow Interfaces	Liquid Boundary Condition	bc	present	src/gui/Dialogs.cpp:232; src/core/BoundaryConditionRegistry.hpp:13; src/emag/Mhd.hpp:5
CFD-UG	Chapter 6: Multiphase Flow Interfaces	Pressure Conditions	multiphase	partial	src/gui/Dialogs.cpp:232; src/core/BoundaryConditionRegistry.hpp:9
CFD-UG	Chapter 6: Multiphase Flow Interfaces	Velocity	multiphase	partial	src/gui/Dialogs.cpp:232
CFD-UG	Chapter 6: Multiphase Flow Interfaces	Fully Developed Flow	multiphase	partial	src/gui/Dialogs.cpp:232; src/combustion/LaminarFiniteRate.hpp:22
CFD-UG	Chapter 6: Multiphase Flow Interfaces	Gas Boundary Condition	bc	partial	src/gui/Dialogs.cpp:232; src/core/BoundaryConditionRegistry.hpp:13
CFD-UG	Chapter 6: Multiphase Flow Interfaces	Symmetry	bc	partial	src/gui/Dialogs.cpp:232; src/core/BoundaryConditionRegistry.hpp:10
CFD-UG	Chapter 6: Multiphase Flow Interfaces	T 2	multiphase	partial	src/gui/Dialogs.cpp:232
CFD-UG	Chapter 6: Multiphase Flow Interfaces	A boundary condition for 2D axial symmetry is not required.	bc	present	src/meshing/MedialAxisDecomposition.hpp:13; src/gui/Dialogs.cpp:232; src/cad/Healing.hpp:15
CFD-UG	Chapter 6: Multiphase Flow Interfaces	Periodic Flow Condition	bc	present	src/gui/Dialogs.cpp:232; src/core/BoundaryConditionRegistry.hpp:13; src/core/BoundaryConditionRegistry.hpp:10
CFD-UG	Chapter 6: Multiphase Flow Interfaces	Pressure Difference	multiphase	partial	src/gui/Dialogs.cpp:232; src/amr/AmrApplier.hpp:14
CFD-UG	Chapter 6: Multiphase Flow Interfaces	Constraint Settings	multiphase	partial	src/meshing/AmrAdaptor.hpp:8; src/gui/Dialogs.cpp:232
CFD-UG	Chapter 6: Multiphase Flow Interfaces	Orientation Of Source	multiphase	partial	src/gui/Dialogs.cpp:232; src/cad/FeatureEdges.cpp:64
CFD-UG	Chapter 6: Multiphase Flow Interfaces	Orientation Of Destination	multiphase	present	src/core/CrashHandler.hpp:9; src/gui/Dialogs.cpp:232; src/cad/FeatureEdges.cpp:64
CFD-UG	Chapter 6: Multiphase Flow Interfaces	Interior Wall	bc	partial	src/gui/Dialogs.cpp:232; src/io/FluentMshReader.cpp:123
CFD-UG	Chapter 6: Multiphase Flow Interfaces	Liquid Boundary Condition	bc	present	src/gui/Dialogs.cpp:232; src/core/BoundaryConditionRegistry.hpp:13; src/emag/Mhd.hpp:5
CFD-UG	Chapter 6: Multiphase Flow Interfaces	No Slip	multiphase	partial	src/gui/Dialogs.cpp:232; src/gui/Dialogs.cpp:323
CFD-UG	Chapter 6: Multiphase Flow Interfaces	Slip	multiphase	partial	src/gui/Dialogs.cpp:232; src/gui/Dialogs.cpp:323
CFD-UG	Chapter 6: Multiphase Flow Interfaces	Wall Movement	multiphase	partial	src/gui/Dialogs.cpp:232
CFD-UG	Chapter 6: Multiphase Flow Interfaces	Constraint Settings	multiphase	partial	src/meshing/AmrAdaptor.hpp:8; src/gui/Dialogs.cpp:232
CFD-UG	Chapter 6: Multiphase Flow Interfaces	Flow Continuity	multiphase	partial	src/gui/Dialogs.cpp:232; src/cad/Defeaturing.cpp:11
CFD-UG	Chapter 6: Multiphase Flow Interfaces	Gas Boundary Condition Equations	bc	present	src/gui/Dialogs.cpp:232; src/core/BoundaryConditionRegistry.hpp:13; src/adjoint/ContinuousAdjoint.hpp:11
CFD-UG	Chapter 6: Multiphase Flow Interfaces	Gas Concentration	multiphase	partial	src/core/BoundaryConditionRegistry.hpp:18; src/gui/Dialogs.cpp:232
CFD-UG	Chapter 6: Multiphase Flow Interfaces	Gas Outlet	bc	partial	src/gui/Dialogs.cpp:232; src/core/BoundaryConditionRegistry.hpp:10
CFD-UG	Chapter 6: Multiphase Flow Interfaces	Gas Flux	multiphase	partial	src/gui/Dialogs.cpp:232
CFD-UG	Chapter 6: Multiphase Flow Interfaces	Symmetry	bc	partial	src/gui/Dialogs.cpp:232; src/core/BoundaryConditionRegistry.hpp:10
CFD-UG	Chapter 6: Multiphase Flow Interfaces	No Gas Flux	multiphase	partial	src/gui/Dialogs.cpp:232
CFD-UG	Chapter 6: Multiphase Flow Interfaces	The Mixture Model Interfaces	multiphase	partial	src/gui/Dialogs.cpp:232; src/combustion/FgmFlamelet.hpp:7
CFD-UG	Chapter 6: Multiphase Flow Interfaces	Settings	multiphase	n/a	
CFD-UG	Chapter 6: Multiphase Flow Interfaces	The Label is the default physics interface name.	multiphase	partial	src/gui/Dialogs.cpp:232; src/combustion/LaminarFiniteRate.cpp:110
CFD-UG	Chapter 6: Multiphase Flow Interfaces	Physical Model	multiphase	partial	src/gui/Dialogs.cpp:232; src/io/GmshReader.cpp:140
CFD-UG	Chapter 6: Multiphase Flow Interfaces	Dispersed Phase	multiphase	partial	src/gui/Dialogs.cpp:232; src/multiphase/DriftFlux.hpp:5
CFD-UG	Chapter 6: Multiphase Flow Interfaces	Slip Model	multiphase	partial	src/gui/Dialogs.cpp:232; src/gui/Dialogs.cpp:323
CFD-UG	Chapter 6: Multiphase Flow Interfaces	Solve For Interfacial Area	multiphase	partial	src/multiphase/EulerianMultifluid.cpp:186; src/gui/Dialogs.cpp:232
CFD-UG	Chapter 6: Multiphase Flow Interfaces	Reference values	multiphase	partial	src/gui/Dialogs.cpp:232
CFD-UG	Chapter 6: Multiphase Flow Interfaces	Swirl Flow	multiphase	partial	src/particles/ConeInjector.cpp:36; src/gui/Dialogs.cpp:232
CFD-UG	Chapter 6: Multiphase Flow Interfaces	Turbulence	turbulence	partial	src/gui/Dialogs.cpp:232
CFD-UG	Chapter 6: Multiphase Flow Interfaces	Dependent Variables	multiphase	present	src/gui/Dialogs.cpp:232; src/io/CgnsWriter.cpp:14; src/adjoint/DiscreteAdjoint.hpp:15
CFD-UG	Chapter 6: Multiphase Flow Interfaces	Enter values for the dependent variables (field variables):	multiphase	present	src/gui/PythonConsolePanel.cpp:74; src/gui/Dialogs.cpp:232; src/io/CgnsWriter.cpp:14
CFD-UG	Chapter 6: Multiphase Flow Interfaces	Consistent Stabilization And Inconsistent Stabilization	multiphase	partial	src/gui/Dialogs.cpp:232; src/core/Command.hpp:92
CFD-UG	Chapter 6: Multiphase Flow Interfaces	To display this section, click the Show More Options button (	multiphase	present	src/visualization/OrientationGizmo.cpp:43; src/gui/Dialogs.cpp:232; src/gui/ConsolePanel.hpp:6
CFD-UG	Chapter 6: Multiphase Flow Interfaces	Advanced Settings	multiphase	partial	src/gui/Dialogs.cpp:232; src/combustion/TransportedPdf.hpp:8
CFD-UG	Chapter 6: Multiphase Flow Interfaces	Two-Phase Flow Modeling of a Dense Suspension: Application Library	multiphase	present	src/gui/Dialogs.cpp:232; src/acoustics/FwhSurface.cpp:76; src/core/PluginLoader.hpp:10
CFD-UG	Chapter 6: Multiphase Flow Interfaces	The Mixture Model, Algebraic yPlus interface solves one set of Navier–Stokes	multiphase	present	src/gui/Dialogs.cpp:232; src/adjoint/ContinuousAdjoint.hpp:11; src/adjoint/ContinuousAdjoint.hpp:11
CFD-UG	Chapter 6: Multiphase Flow Interfaces	Turbulence	turbulence	partial	src/gui/Dialogs.cpp:232
CFD-UG	Chapter 6: Multiphase Flow Interfaces	Wall Treatment	bc	partial	src/multiphase/VolumeOfFluid.hpp:10; src/gui/Dialogs.cpp:232
CFD-UG	Chapter 6: Multiphase Flow Interfaces	Edit Turbulence Model Parameters	turbulence	partial	src/gui/Dialogs.cpp:232; src/cad/PersistentIdManager.hpp:11
CFD-UG	Chapter 6: Multiphase Flow Interfaces	Dependent Variables	multiphase	present	src/gui/Dialogs.cpp:232; src/io/CgnsWriter.cpp:14; src/adjoint/DiscreteAdjoint.hpp:15
CFD-UG	Chapter 6: Multiphase Flow Interfaces	Enter values for the dependent variables (field variables):	multiphase	present	src/gui/PythonConsolePanel.cpp:74; src/gui/Dialogs.cpp:232; src/io/CgnsWriter.cpp:14
CFD-UG	Chapter 6: Multiphase Flow Interfaces	Turbulence	turbulence	partial	src/gui/Dialogs.cpp:232
CFD-UG	Chapter 6: Multiphase Flow Interfaces	Wall Treatment	bc	partial	src/multiphase/VolumeOfFluid.hpp:10; src/gui/Dialogs.cpp:232
CFD-UG	Chapter 6: Multiphase Flow Interfaces	Edit Turbulence Model Parameters	turbulence	partial	src/gui/Dialogs.cpp:232; src/cad/PersistentIdManager.hpp:11
CFD-UG	Chapter 6: Multiphase Flow Interfaces	Dependent Variables	multiphase	present	src/gui/Dialogs.cpp:232; src/io/CgnsWriter.cpp:14; src/adjoint/DiscreteAdjoint.hpp:15
CFD-UG	Chapter 6: Multiphase Flow Interfaces	Enter values for the dependent variables (field variables):	multiphase	present	src/gui/PythonConsolePanel.cpp:74; src/gui/Dialogs.cpp:232; src/io/CgnsWriter.cpp:14
CFD-UG	Chapter 6: Multiphase Flow Interfaces	For study information, see Stationary with Initialization, Time Dependent with	multiphase	present	src/gui/Dialogs.cpp:232; src/acoustics/FwhSurface.cpp:115; src/cad/ObjReader.hpp:7
CFD-UG	Chapter 6: Multiphase Flow Interfaces	Turbulence	turbulence	partial	src/gui/Dialogs.cpp:232
CFD-UG	Chapter 6: Multiphase Flow Interfaces	Wall Treatment	bc	partial	src/multiphase/VolumeOfFluid.hpp:10; src/gui/Dialogs.cpp:232
CFD-UG	Chapter 6: Multiphase Flow Interfaces	Edit Turbulence Model Parameters	turbulence	partial	src/gui/Dialogs.cpp:232; src/cad/PersistentIdManager.hpp:11
CFD-UG	Chapter 6: Multiphase Flow Interfaces	Dependent Variables	multiphase	present	src/gui/Dialogs.cpp:232; src/io/CgnsWriter.cpp:14; src/adjoint/DiscreteAdjoint.hpp:15
CFD-UG	Chapter 6: Multiphase Flow Interfaces	Enter values for the dependent variables (field variables):	multiphase	present	src/gui/PythonConsolePanel.cpp:74; src/gui/Dialogs.cpp:232; src/io/CgnsWriter.cpp:14
CFD-UG	Chapter 6: Multiphase Flow Interfaces	Consistent And Inconsistent Stabilization	multiphase	partial	src/gui/Dialogs.cpp:232; src/core/Command.hpp:92
CFD-UG	Chapter 6: Multiphase Flow Interfaces	Advanced Settings	multiphase	partial	src/gui/Dialogs.cpp:232; src/combustion/TransportedPdf.hpp:8
CFD-UG	Chapter 6: Multiphase Flow Interfaces	Turbulence	turbulence	partial	src/gui/Dialogs.cpp:232
CFD-UG	Chapter 6: Multiphase Flow Interfaces	Wall Treatment	bc	partial	src/multiphase/VolumeOfFluid.hpp:10; src/gui/Dialogs.cpp:232
CFD-UG	Chapter 6: Multiphase Flow Interfaces	Edit Turbulence Model Parameters	turbulence	partial	src/gui/Dialogs.cpp:232; src/cad/PersistentIdManager.hpp:11
CFD-UG	Chapter 6: Multiphase Flow Interfaces	Dependent Variables	multiphase	present	src/gui/Dialogs.cpp:232; src/io/CgnsWriter.cpp:14; src/adjoint/DiscreteAdjoint.hpp:15
CFD-UG	Chapter 6: Multiphase Flow Interfaces	Enter values for the dependent variables (field variables):	multiphase	present	src/gui/PythonConsolePanel.cpp:74; src/gui/Dialogs.cpp:232; src/io/CgnsWriter.cpp:14
CFD-UG	Chapter 6: Multiphase Flow Interfaces	Flow > Mixture Model > Mixture Model, Turbulent Flow branch (	turbulence	present	src/gui/Dialogs.cpp:232; src/io/GmshReader.cpp:10; src/combustion/GEquation.cpp:51
CFD-UG	Chapter 6: Multiphase Flow Interfaces	Turbulence	turbulence	partial	src/gui/Dialogs.cpp:232
CFD-UG	Chapter 6: Multiphase Flow Interfaces	Wall Treatment	bc	partial	src/multiphase/VolumeOfFluid.hpp:10; src/gui/Dialogs.cpp:232
CFD-UG	Chapter 6: Multiphase Flow Interfaces	Edit Turbulence Model Parameters	turbulence	partial	src/gui/Dialogs.cpp:232; src/cad/PersistentIdManager.hpp:11
CFD-UG	Chapter 6: Multiphase Flow Interfaces	Dependent Variables	multiphase	present	src/gui/Dialogs.cpp:232; src/io/CgnsWriter.cpp:14; src/adjoint/DiscreteAdjoint.hpp:15
CFD-UG	Chapter 6: Multiphase Flow Interfaces	Enter values for the dependent variables (field variables):	multiphase	present	src/gui/PythonConsolePanel.cpp:74; src/gui/Dialogs.cpp:232; src/io/CgnsWriter.cpp:14
CFD-UG	Chapter 6: Multiphase Flow Interfaces	Model > Mixture Model, Turbulent Flow branch (	turbulence	present	src/gui/Dialogs.cpp:232; src/io/GmshReader.cpp:10; src/combustion/GEquation.cpp:51
CFD-UG	Chapter 6: Multiphase Flow Interfaces	Turbulence	turbulence	partial	src/gui/Dialogs.cpp:232
CFD-UG	Chapter 6: Multiphase Flow Interfaces	Wall Treatment	bc	partial	src/multiphase/VolumeOfFluid.hpp:10; src/gui/Dialogs.cpp:232
CFD-UG	Chapter 6: Multiphase Flow Interfaces	Edit Turbulence Model Parameters	turbulence	partial	src/gui/Dialogs.cpp:232; src/cad/PersistentIdManager.hpp:11
CFD-UG	Chapter 6: Multiphase Flow Interfaces	Dependent Variables	multiphase	present	src/gui/Dialogs.cpp:232; src/io/CgnsWriter.cpp:14; src/adjoint/DiscreteAdjoint.hpp:15
CFD-UG	Chapter 6: Multiphase Flow Interfaces	Enter values for the dependent variables (field variables):	multiphase	present	src/gui/PythonConsolePanel.cpp:74; src/gui/Dialogs.cpp:232; src/io/CgnsWriter.cpp:14
CFD-UG	Chapter 6: Multiphase Flow Interfaces	Turbulence	turbulence	partial	src/gui/Dialogs.cpp:232
CFD-UG	Chapter 6: Multiphase Flow Interfaces	Wall Treatment	bc	partial	src/multiphase/VolumeOfFluid.hpp:10; src/gui/Dialogs.cpp:232
CFD-UG	Chapter 6: Multiphase Flow Interfaces	Edit Turbulence Model Parameters	turbulence	partial	src/gui/Dialogs.cpp:232; src/cad/PersistentIdManager.hpp:11
CFD-UG	Chapter 6: Multiphase Flow Interfaces	Dependent Variables	multiphase	present	src/gui/Dialogs.cpp:232; src/io/CgnsWriter.cpp:14; src/adjoint/DiscreteAdjoint.hpp:15
CFD-UG	Chapter 6: Multiphase Flow Interfaces	Enter values for the dependent variables (field variables):	multiphase	present	src/gui/PythonConsolePanel.cpp:74; src/gui/Dialogs.cpp:232; src/io/CgnsWriter.cpp:14
CFD-UG	Chapter 6: Multiphase Flow Interfaces	For study information, see Stationary with Initialization, Time Dependent with	multiphase	present	src/gui/Dialogs.cpp:232; src/acoustics/FwhSurface.cpp:115; src/cad/ObjReader.hpp:7
CFD-UG	Chapter 6: Multiphase Flow Interfaces	Turbulence	turbulence	partial	src/gui/Dialogs.cpp:232
CFD-UG	Chapter 6: Multiphase Flow Interfaces	Wall Treatment	bc	partial	src/multiphase/VolumeOfFluid.hpp:10; src/gui/Dialogs.cpp:232
CFD-UG	Chapter 6: Multiphase Flow Interfaces	Edit Turbulence Model Parameters	turbulence	partial	src/gui/Dialogs.cpp:232; src/cad/PersistentIdManager.hpp:11
CFD-UG	Chapter 6: Multiphase Flow Interfaces	Dependent Variables	multiphase	present	src/gui/Dialogs.cpp:232; src/io/CgnsWriter.cpp:14; src/adjoint/DiscreteAdjoint.hpp:15
CFD-UG	Chapter 6: Multiphase Flow Interfaces	Enter values for the dependent variables (field variables):	multiphase	present	src/gui/PythonConsolePanel.cpp:74; src/gui/Dialogs.cpp:232; src/io/CgnsWriter.cpp:14
CFD-UG	Chapter 6: Multiphase Flow Interfaces	For study information, see Stationary with Initialization, Time Dependent with	multiphase	present	src/gui/Dialogs.cpp:232; src/acoustics/FwhSurface.cpp:115; src/cad/ObjReader.hpp:7
CFD-UG	Chapter 6: Multiphase Flow Interfaces	Turbulence	turbulence	partial	src/gui/Dialogs.cpp:232
CFD-UG	Chapter 6: Multiphase Flow Interfaces	Wall Treatment	bc	partial	src/multiphase/VolumeOfFluid.hpp:10; src/gui/Dialogs.cpp:232
CFD-UG	Chapter 6: Multiphase Flow Interfaces	Edit Turbulence Model Parameters	turbulence	partial	src/gui/Dialogs.cpp:232; src/cad/PersistentIdManager.hpp:11
CFD-UG	Chapter 6: Multiphase Flow Interfaces	Dependent Variables	multiphase	present	src/gui/Dialogs.cpp:232; src/io/CgnsWriter.cpp:14; src/adjoint/DiscreteAdjoint.hpp:15
CFD-UG	Chapter 6: Multiphase Flow Interfaces	Enter values for the dependent variables (field variables):	multiphase	present	src/gui/PythonConsolePanel.cpp:74; src/gui/Dialogs.cpp:232; src/io/CgnsWriter.cpp:14
CFD-UG	Chapter 6: Multiphase Flow Interfaces	For study information, see Stationary with Initialization, Time Dependent with	multiphase	present	src/gui/Dialogs.cpp:232; src/acoustics/FwhSurface.cpp:115; src/cad/ObjReader.hpp:7
CFD-UG	Chapter 6: Multiphase Flow Interfaces	Domain and Boundary Nodes for the Mixture Model Interfaces	turbulence	partial	src/gui/Dialogs.cpp:232; src/combustion/FgmFlamelet.hpp:7
CFD-UG	Chapter 6: Multiphase Flow Interfaces	Domain	multiphase	n/a	
CFD-UG	Chapter 6: Multiphase Flow Interfaces	Boundary	multiphase	partial	src/gui/Dialogs.cpp:232
CFD-UG	Chapter 6: Multiphase Flow Interfaces	PAIR	multiphase	partial	src/gui/Dialogs.cpp:232
CFD-UG	Chapter 6: Multiphase Flow Interfaces	Mixture Properties	multiphase	present	src/gui/Dialogs.cpp:232; src/cad/CMakeLists.txt:42; src/combustion/FgmFlamelet.hpp:7
CFD-UG	Chapter 6: Multiphase Flow Interfaces	Model Inputs	multiphase	partial	src/gui/Dialogs.cpp:232
CFD-UG	Chapter 6: Multiphase Flow Interfaces	Temperature	multiphase	partial	src/gui/Dialogs.cpp:232
CFD-UG	Chapter 6: Multiphase Flow Interfaces	Absolute Pressure	multiphase	partial	src/solver/DualTimeStepping.hpp:33; src/gui/Dialogs.cpp:232
CFD-UG	Chapter 6: Multiphase Flow Interfaces	Materials	multiphase	n/a	
CFD-UG	Chapter 6: Multiphase Flow Interfaces	Continuous Phase Properties	multiphase	present	src/gui/Dialogs.cpp:232; src/adjoint/ContinuousAdjoint.hpp:6; src/cad/CMakeLists.txt:42
CFD-UG	Chapter 6: Multiphase Flow Interfaces	The density in a material can depend on temperature and/or pressure and these	multiphase	present	src/gui_core/PanelRegistry.hpp:9; src/gui/Dialogs.cpp:232; src/cad/FeatureEdges.hpp:9
CFD-UG	Chapter 6: Multiphase Flow Interfaces	Dispersed Phase Properties	multiphase	present	src/gui/Dialogs.cpp:232; src/multiphase/DriftFlux.hpp:5; src/cad/CMakeLists.txt:42
CFD-UG	Chapter 6: Multiphase Flow Interfaces	Mixture Model	multiphase	partial	src/gui/Dialogs.cpp:232; src/combustion/FgmFlamelet.hpp:7
CFD-UG	Chapter 6: Multiphase Flow Interfaces	Slip Velocity Field	multiphase	partial	src/gui/Dialogs.cpp:232; src/gui/Dialogs.cpp:323
CFD-UG	Chapter 6: Multiphase Flow Interfaces	Mixing Length Limit	multiphase	present	src/gui/Dialogs.cpp:232; src/acoustics/CurleAcoustics.hpp:25; src/combustion/EddyDissipationConcept.cpp:71
CFD-UG	Chapter 6: Multiphase Flow Interfaces	Distance Equation	multiphase	partial	src/gui/Dialogs.cpp:232
CFD-UG	Chapter 6: Multiphase Flow Interfaces	This section is available for The Mixture Model, Algebraic yPlus Interface, The	multiphase	present	src/gui/Dialogs.cpp:232; src/combustion/NoxThermalPromptFuel.hpp:12; src/amr/AdaptiveRefinement.hpp:11
CFD-UG	Chapter 6: Multiphase Flow Interfaces	Mass Transfer	turbulence	partial	src/gui/Dialogs.cpp:232; src/cad/IgesReader.cpp:45
CFD-UG	Chapter 6: Multiphase Flow Interfaces	Mass Transfer	turbulence	partial	src/gui/Dialogs.cpp:232; src/cad/IgesReader.cpp:45
CFD-UG	Chapter 6: Multiphase Flow Interfaces	Nonequilibrium Model	combustion	partial	src/gui/Dialogs.cpp:232
CFD-UG	Chapter 6: Multiphase Flow Interfaces	Two-Film Theory	multiphase	present	src/combustion/TfcModel.hpp:23; src/gui/Dialogs.cpp:232; src/particles/ParticleEvaporation.hpp:14
CFD-UG	Chapter 6: Multiphase Flow Interfaces	Gravity	multiphase	partial	src/gui/Dialogs.cpp:232; src/dynamics/SixDof.cpp:72
CFD-UG	Chapter 6: Multiphase Flow Interfaces	Gravity	multiphase	partial	src/gui/Dialogs.cpp:232; src/dynamics/SixDof.cpp:72
CFD-UG	Chapter 6: Multiphase Flow Interfaces	For 3D and 2D axisymmetric components, gravity acts in the negative	bc	present	src/gui/Dialogs.cpp:232; src/solver/Solver.hpp:66; src/combustion/SootMomMethod.cpp:105
CFD-UG	Chapter 6: Multiphase Flow Interfaces	Initial Values	multiphase	partial	src/gui/Dialogs.cpp:232; src/core/ThreadPool.cpp:57
CFD-UG	Chapter 6: Multiphase Flow Interfaces	Initial Values	multiphase	partial	src/gui/Dialogs.cpp:232; src/core/ThreadPool.cpp:57
CFD-UG	Chapter 6: Multiphase Flow Interfaces	Enter values or expressions for the following dependent variables:	multiphase	present	src/gui/PythonConsolePanel.cpp:74; src/gui/Dialogs.cpp:232; src/io/CgnsWriter.cpp:14
CFD-UG	Chapter 6: Multiphase Flow Interfaces	Wall	multiphase	partial	src/gui/Dialogs.cpp:232
CFD-UG	Chapter 6: Multiphase Flow Interfaces	Mixture Boundary Condition	bc	present	src/gui/Dialogs.cpp:232; src/core/BoundaryConditionRegistry.hpp:13; src/combustion/FgmFlamelet.hpp:7
CFD-UG	Chapter 6: Multiphase Flow Interfaces	Select a Mixture boundary condition for the wall.	bc	present	src/gui/Dialogs.cpp:232; src/core/BoundaryConditionRegistry.hpp:13; src/combustion/FgmFlamelet.hpp:7
CFD-UG	Chapter 6: Multiphase Flow Interfaces	No Slip	multiphase	partial	src/gui/Dialogs.cpp:232; src/gui/Dialogs.cpp:323
CFD-UG	Chapter 6: Multiphase Flow Interfaces	Slip	multiphase	partial	src/gui/Dialogs.cpp:232; src/gui/Dialogs.cpp:323
CFD-UG	Chapter 6: Multiphase Flow Interfaces	Navier Slip	multiphase	present	src/gui/Dialogs.cpp:232; src/adjoint/ContinuousAdjoint.hpp:11; src/gui/Dialogs.cpp:323
CFD-UG	Chapter 6: Multiphase Flow Interfaces	Dispersed Phase Boundary Condition	bc	present	src/gui/Dialogs.cpp:232; src/multiphase/DriftFlux.hpp:5; src/core/BoundaryConditionRegistry.hpp:13
CFD-UG	Chapter 6: Multiphase Flow Interfaces	Wall Movement	multiphase	partial	src/gui/Dialogs.cpp:232
CFD-UG	Chapter 6: Multiphase Flow Interfaces	Constraint Settings	multiphase	partial	src/meshing/AmrAdaptor.hpp:8; src/gui/Dialogs.cpp:232
CFD-UG	Chapter 6: Multiphase Flow Interfaces	Inlet	bc	partial	src/gui/Dialogs.cpp:232; src/core/BoundaryConditionRegistry.hpp:10
CFD-UG	Chapter 6: Multiphase Flow Interfaces	Mixture Boundary Condition	bc	present	src/gui/Dialogs.cpp:232; src/core/BoundaryConditionRegistry.hpp:13; src/combustion/FgmFlamelet.hpp:7
CFD-UG	Chapter 6: Multiphase Flow Interfaces	Velocity	multiphase	partial	src/gui/Dialogs.cpp:232
CFD-UG	Chapter 6: Multiphase Flow Interfaces	Pressure	multiphase	partial	src/gui/Dialogs.cpp:232
CFD-UG	Chapter 6: Multiphase Flow Interfaces	Dispersed Phase Boundary Condition	bc	present	src/gui/Dialogs.cpp:232; src/multiphase/DriftFlux.hpp:5; src/core/BoundaryConditionRegistry.hpp:13
CFD-UG	Chapter 6: Multiphase Flow Interfaces	Turbulence Conditions	turbulence	partial	src/gui/Dialogs.cpp:232; src/core/BoundaryConditionRegistry.hpp:9
CFD-UG	Chapter 6: Multiphase Flow Interfaces	Outlet	bc	partial	src/gui/Dialogs.cpp:232; src/core/BoundaryConditionRegistry.hpp:10
CFD-UG	Chapter 6: Multiphase Flow Interfaces	Mixture Boundary Condition	bc	present	src/gui/Dialogs.cpp:232; src/core/BoundaryConditionRegistry.hpp:13; src/combustion/FgmFlamelet.hpp:7
CFD-UG	Chapter 6: Multiphase Flow Interfaces	Pressure Conditions	multiphase	partial	src/gui/Dialogs.cpp:232; src/core/BoundaryConditionRegistry.hpp:9
CFD-UG	Chapter 6: Multiphase Flow Interfaces	Velocity	multiphase	partial	src/gui/Dialogs.cpp:232
CFD-UG	Chapter 6: Multiphase Flow Interfaces	Dispersed Phase Boundary Condition	bc	present	src/gui/Dialogs.cpp:232; src/multiphase/DriftFlux.hpp:5; src/core/BoundaryConditionRegistry.hpp:13
CFD-UG	Chapter 6: Multiphase Flow Interfaces	Symmetry	bc	partial	src/gui/Dialogs.cpp:232; src/core/BoundaryConditionRegistry.hpp:10
CFD-UG	Chapter 6: Multiphase Flow Interfaces	T	multiphase	partial	src/gui/Dialogs.cpp:232
CFD-UG	Chapter 6: Multiphase Flow Interfaces	Boundary Selection	multiphase	partial	src/gui/Dialogs.cpp:232
CFD-UG	Chapter 6: Multiphase Flow Interfaces	A boundary condition for 2D axial symmetry is not required.	bc	present	src/meshing/MedialAxisDecomposition.hpp:13; src/gui/Dialogs.cpp:232; src/cad/Healing.hpp:15
CFD-UG	Chapter 6: Multiphase Flow Interfaces	Periodic Flow Condition	bc	present	src/gui/Dialogs.cpp:232; src/core/BoundaryConditionRegistry.hpp:13; src/core/BoundaryConditionRegistry.hpp:10
CFD-UG	Chapter 6: Multiphase Flow Interfaces	Pressure Difference	multiphase	partial	src/gui/Dialogs.cpp:232; src/amr/AmrApplier.hpp:14
CFD-UG	Chapter 6: Multiphase Flow Interfaces	Constraint Settings	multiphase	partial	src/meshing/AmrAdaptor.hpp:8; src/gui/Dialogs.cpp:232
CFD-UG	Chapter 6: Multiphase Flow Interfaces	Orientation Of Source	multiphase	partial	src/gui/Dialogs.cpp:232; src/cad/FeatureEdges.cpp:64
CFD-UG	Chapter 6: Multiphase Flow Interfaces	Interior Wall	bc	partial	src/gui/Dialogs.cpp:232; src/io/FluentMshReader.cpp:123
CFD-UG	Chapter 6: Multiphase Flow Interfaces	Mixture Boundary Condition	bc	present	src/gui/Dialogs.cpp:232; src/core/BoundaryConditionRegistry.hpp:13; src/combustion/FgmFlamelet.hpp:7
CFD-UG	Chapter 6: Multiphase Flow Interfaces	No Slip	multiphase	partial	src/gui/Dialogs.cpp:232; src/gui/Dialogs.cpp:323
CFD-UG	Chapter 6: Multiphase Flow Interfaces	Slip	multiphase	partial	src/gui/Dialogs.cpp:232; src/gui/Dialogs.cpp:323
CFD-UG	Chapter 6: Multiphase Flow Interfaces	Navier Slip	multiphase	present	src/gui/Dialogs.cpp:232; src/adjoint/ContinuousAdjoint.hpp:11; src/gui/Dialogs.cpp:323
CFD-UG	Chapter 6: Multiphase Flow Interfaces	Wall Movement	multiphase	partial	src/gui/Dialogs.cpp:232
CFD-UG	Chapter 6: Multiphase Flow Interfaces	Constraint Settings	multiphase	partial	src/meshing/AmrAdaptor.hpp:8; src/gui/Dialogs.cpp:232
CFD-UG	Chapter 6: Multiphase Flow Interfaces	Mixture Continuity	multiphase	present	src/gui/Dialogs.cpp:232; src/combustion/FgmFlamelet.hpp:7; src/cad/Defeaturing.cpp:11
CFD-UG	Chapter 6: Multiphase Flow Interfaces	The Euler–Euler Model Interfaces	multiphase	partial	src/gui/Dialogs.cpp:232; src/combustion/EddyDissipationConcept.cpp:70
CFD-UG	Chapter 6: Multiphase Flow Interfaces	Settings	multiphase	n/a	
CFD-UG	Chapter 6: Multiphase Flow Interfaces	The Label is the default physics interface name.	multiphase	partial	src/gui/Dialogs.cpp:232; src/combustion/LaminarFiniteRate.cpp:110
CFD-UG	Chapter 6: Multiphase Flow Interfaces	Dispersed Phase	multiphase	partial	src/gui/Dialogs.cpp:232; src/multiphase/DriftFlux.hpp:5
CFD-UG	Chapter 6: Multiphase Flow Interfaces	Select a Dispersed phase — Solid particles or Liquid droplets/bubbles.	multiphase	present	src/multiphase/DriftFlux.hpp:5; src/gui/Dialogs.cpp:232; src/multiphase/DriftFlux.hpp:5
CFD-UG	Chapter 6: Multiphase Flow Interfaces	Physical Model	multiphase	partial	src/gui/Dialogs.cpp:232; src/io/GmshReader.cpp:140
CFD-UG	Chapter 6: Multiphase Flow Interfaces	Dispersed Phase	multiphase	partial	src/gui/Dialogs.cpp:232; src/multiphase/DriftFlux.hpp:5
CFD-UG	Chapter 6: Multiphase Flow Interfaces	Reference Values	multiphase	partial	src/gui/Dialogs.cpp:232
CFD-UG	Chapter 6: Multiphase Flow Interfaces	Dependent Variables	multiphase	present	src/gui/Dialogs.cpp:232; src/io/CgnsWriter.cpp:14; src/adjoint/DiscreteAdjoint.hpp:15
CFD-UG	Chapter 6: Multiphase Flow Interfaces	The dependent variables (field variables) are:	multiphase	present	src/gui/Dialogs.cpp:232; src/io/CgnsWriter.cpp:14; src/adjoint/DiscreteAdjoint.hpp:15
CFD-UG	Chapter 6: Multiphase Flow Interfaces	Consistent Stabilization	multiphase	partial	src/gui/Dialogs.cpp:232; src/core/Command.hpp:92
CFD-UG	Chapter 6: Multiphase Flow Interfaces	To display this section, click the Show More Options button (	multiphase	present	src/visualization/OrientationGizmo.cpp:43; src/gui/Dialogs.cpp:232; src/gui/ConsolePanel.hpp:6
CFD-UG	Chapter 6: Multiphase Flow Interfaces	Inconsistent Stabilization	multiphase	partial	src/gui/Dialogs.cpp:232
CFD-UG	Chapter 6: Multiphase Flow Interfaces	To display this section, click the Show More Options button (	multiphase	present	src/visualization/OrientationGizmo.cpp:43; src/gui/Dialogs.cpp:232; src/gui/ConsolePanel.hpp:6
CFD-UG	Chapter 6: Multiphase Flow Interfaces	Advanced Settings	multiphase	partial	src/gui/Dialogs.cpp:232; src/combustion/TransportedPdf.hpp:8
CFD-UG	Chapter 6: Multiphase Flow Interfaces	Discretization	multiphase	partial	src/solver/Solver.hpp:26; src/gui/Dialogs.cpp:232
CFD-UG	Chapter 6: Multiphase Flow Interfaces	Turbulence	turbulence	partial	src/gui/Dialogs.cpp:232
CFD-UG	Chapter 6: Multiphase Flow Interfaces	Wall Treatment	bc	partial	src/multiphase/VolumeOfFluid.hpp:10; src/gui/Dialogs.cpp:232
CFD-UG	Chapter 6: Multiphase Flow Interfaces	Two-Phase Turbulence	turbulence	partial	src/gui/Dialogs.cpp:232
CFD-UG	Chapter 6: Multiphase Flow Interfaces	Edit Turbulence Model Parameters	turbulence	partial	src/gui/Dialogs.cpp:232; src/cad/PersistentIdManager.hpp:11
CFD-UG	Chapter 6: Multiphase Flow Interfaces	Dependent Variables	multiphase	present	src/gui/Dialogs.cpp:232; src/io/CgnsWriter.cpp:14; src/adjoint/DiscreteAdjoint.hpp:15
CFD-UG	Chapter 6: Multiphase Flow Interfaces	Advanced Settings	multiphase	partial	src/gui/Dialogs.cpp:232; src/combustion/TransportedPdf.hpp:8
CFD-UG	Chapter 6: Multiphase Flow Interfaces	The following nodes are described for the Laminar Flow interface:	turbulence	present	src/zones/FanHexZone.hpp:7; src/gui/Dialogs.cpp:232; src/combustion/EddyDissipationConcept.hpp:15
CFD-UG	Chapter 6: Multiphase Flow Interfaces	Phase Properties	multiphase	partial	src/gui/Dialogs.cpp:232; src/cad/CMakeLists.txt:42
CFD-UG	Chapter 6: Multiphase Flow Interfaces	Model Inputs	multiphase	partial	src/gui/Dialogs.cpp:232
CFD-UG	Chapter 6: Multiphase Flow Interfaces	Temperature	multiphase	partial	src/gui/Dialogs.cpp:232
CFD-UG	Chapter 6: Multiphase Flow Interfaces	Absolute Pressure	multiphase	partial	src/solver/DualTimeStepping.hpp:33; src/gui/Dialogs.cpp:232
CFD-UG	Chapter 6: Multiphase Flow Interfaces	Materials	multiphase	n/a	
CFD-UG	Chapter 6: Multiphase Flow Interfaces	Continuous Phase Properties	multiphase	present	src/gui/Dialogs.cpp:232; src/adjoint/ContinuousAdjoint.hpp:6; src/cad/CMakeLists.txt:42
CFD-UG	Chapter 6: Multiphase Flow Interfaces	Density, Continuous Phase	multiphase	partial	src/gui/Dialogs.cpp:232; src/adjoint/ContinuousAdjoint.hpp:6
CFD-UG	Chapter 6: Multiphase Flow Interfaces	Dynamic Viscosity, Pure Continuous Phase	multiphase	present	src/gui/Dialogs.cpp:232; src/adjoint/ContinuousAdjoint.hpp:6; src/adjoint/ContinuousAdjoint.hpp:42
CFD-UG	Chapter 6: Multiphase Flow Interfaces	Dispersed Phase Properties	multiphase	present	src/gui/Dialogs.cpp:232; src/multiphase/DriftFlux.hpp:5; src/cad/CMakeLists.txt:42
CFD-UG	Chapter 6: Multiphase Flow Interfaces	Viscosity Model	multiphase	partial	src/gui/Dialogs.cpp:232; src/adjoint/ContinuousAdjoint.hpp:42
CFD-UG	Chapter 6: Multiphase Flow Interfaces	Drag Model	multiphase	partial	src/gui/Dialogs.cpp:232; src/adjoint/DiscreteAdjoint.hpp:8
CFD-UG	Chapter 6: Multiphase Flow Interfaces	The models are described in The Euler–Euler Model Equations. When the dispersed	multiphase	present	src/zones/FanHexZone.hpp:7; src/gui/Dialogs.cpp:232; src/multiphase/DriftFlux.hpp:5
CFD-UG	Chapter 6: Multiphase Flow Interfaces	Solid Pressure Model	multiphase	partial	src/gui/Dialogs.cpp:232; src/acoustics/CurleAcoustics.hpp:8
CFD-UG	Chapter 6: Multiphase Flow Interfaces	Mixing Length Limit	multiphase	present	src/gui/Dialogs.cpp:232; src/acoustics/CurleAcoustics.hpp:25; src/combustion/EddyDissipationConcept.cpp:71
CFD-UG	Chapter 6: Multiphase Flow Interfaces	Initial Values	multiphase	partial	src/gui/Dialogs.cpp:232; src/core/ThreadPool.cpp:57
CFD-UG	Chapter 6: Multiphase Flow Interfaces	Initial Values	multiphase	partial	src/gui/Dialogs.cpp:232; src/core/ThreadPool.cpp:57
CFD-UG	Chapter 6: Multiphase Flow Interfaces	Enter initial values or expressions in the tables for each component of:	multiphase	present	src/gui/PythonConsolePanel.cpp:74; src/gui/Dialogs.cpp:232; src/core/ThreadPool.cpp:57
CFD-UG	Chapter 6: Multiphase Flow Interfaces	Mass Transfer	turbulence	partial	src/gui/Dialogs.cpp:232; src/cad/IgesReader.cpp:45
CFD-UG	Chapter 6: Multiphase Flow Interfaces	Mass Transfer	turbulence	partial	src/gui/Dialogs.cpp:232; src/cad/IgesReader.cpp:45
CFD-UG	Chapter 6: Multiphase Flow Interfaces	Nonequilibrium Model	combustion	partial	src/gui/Dialogs.cpp:232
CFD-UG	Chapter 6: Multiphase Flow Interfaces	Interphase Velocity	multiphase	partial	src/gui/Dialogs.cpp:232; src/multiphase/EulerianMultifluid.cpp:79
CFD-UG	Chapter 6: Multiphase Flow Interfaces	Gravity	multiphase	partial	src/gui/Dialogs.cpp:232; src/dynamics/SixDof.cpp:72
CFD-UG	Chapter 6: Multiphase Flow Interfaces	Gravity	multiphase	partial	src/gui/Dialogs.cpp:232; src/dynamics/SixDof.cpp:72
CFD-UG	Chapter 6: Multiphase Flow Interfaces	Volume Force	multiphase	partial	src/gui/Dialogs.cpp:232; src/core/RotatingFileSink.hpp:36
CFD-UG	Chapter 6: Multiphase Flow Interfaces	Wall	multiphase	partial	src/gui/Dialogs.cpp:232
CFD-UG	Chapter 6: Multiphase Flow Interfaces	Continuous Phase Boundary Condition	bc	present	src/gui/Dialogs.cpp:232; src/adjoint/ContinuousAdjoint.hpp:6; src/core/BoundaryConditionRegistry.hpp:13
CFD-UG	Chapter 6: Multiphase Flow Interfaces	No Slip	multiphase	partial	src/gui/Dialogs.cpp:232; src/gui/Dialogs.cpp:323
CFD-UG	Chapter 6: Multiphase Flow Interfaces	Slip	multiphase	partial	src/gui/Dialogs.cpp:232; src/gui/Dialogs.cpp:323
CFD-UG	Chapter 6: Multiphase Flow Interfaces	Dispersed Phase Boundary Condition	bc	present	src/gui/Dialogs.cpp:232; src/multiphase/DriftFlux.hpp:5; src/core/BoundaryConditionRegistry.hpp:13
CFD-UG	Chapter 6: Multiphase Flow Interfaces	Dispersed Phase Boundary Condition	bc	present	src/gui/Dialogs.cpp:232; src/multiphase/DriftFlux.hpp:5; src/core/BoundaryConditionRegistry.hpp:13
CFD-UG	Chapter 6: Multiphase Flow Interfaces	Wall Movement	multiphase	partial	src/gui/Dialogs.cpp:232
CFD-UG	Chapter 6: Multiphase Flow Interfaces	Constraint Settings	multiphase	partial	src/meshing/AmrAdaptor.hpp:8; src/gui/Dialogs.cpp:232
CFD-UG	Chapter 6: Multiphase Flow Interfaces	Inlet	bc	partial	src/gui/Dialogs.cpp:232; src/core/BoundaryConditionRegistry.hpp:10
CFD-UG	Chapter 6: Multiphase Flow Interfaces	Two-Phase Inlet Type	bc	partial	src/gui/Dialogs.cpp:232; src/core/BoundaryConditionRegistry.hpp:10
CFD-UG	Chapter 6: Multiphase Flow Interfaces	Continuous Phase	multiphase	partial	src/gui/Dialogs.cpp:232; src/adjoint/ContinuousAdjoint.hpp:6
CFD-UG	Chapter 6: Multiphase Flow Interfaces	Dispersed Phase	multiphase	partial	src/gui/Dialogs.cpp:232; src/multiphase/DriftFlux.hpp:5
CFD-UG	Chapter 6: Multiphase Flow Interfaces	Turbulence Conditions	turbulence	partial	src/gui/Dialogs.cpp:232; src/core/BoundaryConditionRegistry.hpp:9
CFD-UG	Chapter 6: Multiphase Flow Interfaces	Constraint Settings	multiphase	partial	src/meshing/AmrAdaptor.hpp:8; src/gui/Dialogs.cpp:232
CFD-UG	Chapter 6: Multiphase Flow Interfaces	Outlet	bc	partial	src/gui/Dialogs.cpp:232; src/core/BoundaryConditionRegistry.hpp:10
CFD-UG	Chapter 6: Multiphase Flow Interfaces	Mixture Boundary Condition	bc	present	src/gui/Dialogs.cpp:232; src/core/BoundaryConditionRegistry.hpp:13; src/combustion/FgmFlamelet.hpp:7
CFD-UG	Chapter 6: Multiphase Flow Interfaces	Pressure Conditions	multiphase	partial	src/gui/Dialogs.cpp:232; src/core/BoundaryConditionRegistry.hpp:9
CFD-UG	Chapter 6: Multiphase Flow Interfaces	Velocity	multiphase	partial	src/gui/Dialogs.cpp:232
CFD-UG	Chapter 6: Multiphase Flow Interfaces	Degassing and Filtration	multiphase	partial	src/gui/Dialogs.cpp:232
CFD-UG	Chapter 6: Multiphase Flow Interfaces	Constraint Settings	multiphase	partial	src/meshing/AmrAdaptor.hpp:8; src/gui/Dialogs.cpp:232
CFD-UG	Chapter 6: Multiphase Flow Interfaces	Interior Wall	bc	partial	src/gui/Dialogs.cpp:232; src/io/FluentMshReader.cpp:123
CFD-UG	Chapter 6: Multiphase Flow Interfaces	Continuous Phase Boundary Condition	bc	present	src/gui/Dialogs.cpp:232; src/adjoint/ContinuousAdjoint.hpp:6; src/core/BoundaryConditionRegistry.hpp:13
CFD-UG	Chapter 6: Multiphase Flow Interfaces	No Slip	multiphase	partial	src/gui/Dialogs.cpp:232; src/gui/Dialogs.cpp:323
CFD-UG	Chapter 6: Multiphase Flow Interfaces	Slip	multiphase	partial	src/gui/Dialogs.cpp:232; src/gui/Dialogs.cpp:323
CFD-UG	Chapter 6: Multiphase Flow Interfaces	Dispersed Phase Boundary Condition	bc	present	src/gui/Dialogs.cpp:232; src/multiphase/DriftFlux.hpp:5; src/core/BoundaryConditionRegistry.hpp:13
CFD-UG	Chapter 6: Multiphase Flow Interfaces	Dispersed Phase Boundary Condition	bc	present	src/gui/Dialogs.cpp:232; src/multiphase/DriftFlux.hpp:5; src/core/BoundaryConditionRegistry.hpp:13
CFD-UG	Chapter 6: Multiphase Flow Interfaces	Wall Movement	multiphase	partial	src/gui/Dialogs.cpp:232
CFD-UG	Chapter 6: Multiphase Flow Interfaces	Constraint Settings	multiphase	partial	src/meshing/AmrAdaptor.hpp:8; src/gui/Dialogs.cpp:232
CFD-UG	Chapter 6: Multiphase Flow Interfaces	Flow Continuity	multiphase	partial	src/gui/Dialogs.cpp:232; src/cad/Defeaturing.cpp:11
CFD-UG	Chapter 6: Multiphase Flow Interfaces	The Phase Transport Interfaces	turbulence	partial	src/gui/Dialogs.cpp:232; src/combustion/CanteraParser.hpp:10
CFD-UG	Chapter 6: Multiphase Flow Interfaces	Settings	multiphase	n/a	
CFD-UG	Chapter 6: Multiphase Flow Interfaces	The Label is the default physics interface name.	multiphase	partial	src/gui/Dialogs.cpp:232; src/combustion/LaminarFiniteRate.cpp:110
CFD-UG	Chapter 6: Multiphase Flow Interfaces	Phases	multiphase	partial	src/gui/Dialogs.cpp:232; src/combustion/CanteraParser.cpp:143
CFD-UG	Chapter 6: Multiphase Flow Interfaces	Consistent And Inconsistent Stabilization	multiphase	partial	src/gui/Dialogs.cpp:232; src/core/Command.hpp:92
CFD-UG	Chapter 6: Multiphase Flow Interfaces	To display this section, click the Show More Options button (	multiphase	present	src/visualization/OrientationGizmo.cpp:43; src/gui/Dialogs.cpp:232; src/gui/ConsolePanel.hpp:6
CFD-UG	Chapter 6: Multiphase Flow Interfaces	Gravity Effects	multiphase	partial	src/gui/Dialogs.cpp:232; src/dynamics/SixDof.cpp:72
CFD-UG	Chapter 6: Multiphase Flow Interfaces	Quadrature Settings	multiphase	partial	src/gui/Dialogs.cpp:232; src/multiphase/PopulationBalance.hpp:4
CFD-UG	Chapter 6: Multiphase Flow Interfaces	Integration Order	multiphase	partial	src/gui/Dialogs.cpp:232; src/acoustics/FwhSurface.hpp:57
CFD-UG	Chapter 6: Multiphase Flow Interfaces	Advanced Settings	multiphase	partial	src/gui/Dialogs.cpp:232; src/combustion/TransportedPdf.hpp:8
CFD-UG	Chapter 6: Multiphase Flow Interfaces	Pseudo Time Stepping	multiphase	present	src/gui/RibbonContent.cpp:78; src/gui/Dialogs.cpp:232; src/combustion/GEquation.cpp:68
CFD-UG	Chapter 6: Multiphase Flow Interfaces	Discretization	multiphase	partial	src/solver/Solver.hpp:26; src/gui/Dialogs.cpp:232
CFD-UG	Chapter 6: Multiphase Flow Interfaces	Dependent Variables	multiphase	present	src/gui/Dialogs.cpp:232; src/io/CgnsWriter.cpp:14; src/adjoint/DiscreteAdjoint.hpp:15
CFD-UG	Chapter 6: Multiphase Flow Interfaces	Settings	multiphase	n/a	
CFD-UG	Chapter 6: Multiphase Flow Interfaces	The Phase Transport in Free and Porous Media Flow Interface	turbulence	present	src/gui/Dialogs.cpp:232; src/emag/AvFormulation.hpp:7; src/gui/Dialogs.cpp:368
CFD-UG	Chapter 6: Multiphase Flow Interfaces	Settings	multiphase	n/a	
CFD-UG	Chapter 6: Multiphase Flow Interfaces	The rest of the settings are the same as for the Phase Transport interface.	turbulence	present	src/gui/Dialogs.cpp:232; src/acoustics/FwhSurface.cpp:139; src/combustion/CanteraParser.hpp:10
CFD-UG	Chapter 6: Multiphase Flow Interfaces	Domain, Boundary, Edge, and Point Nodes for the Phase Transport	turbulence	partial	src/gui/Dialogs.cpp:232; src/combustion/CanteraParser.hpp:10
CFD-UG	Chapter 6: Multiphase Flow Interfaces	Fluid	multiphase	partial	src/gui/Dialogs.cpp:232
CFD-UG	Chapter 6: Multiphase Flow Interfaces	Velocity Field	multiphase	partial	src/gui/Dialogs.cpp:232
CFD-UG	Chapter 6: Multiphase Flow Interfaces	Specify the velocity field for each phase that is not computed from the volume	multiphase	partial	src/gui/Dialogs.cpp:232
CFD-UG	Chapter 6: Multiphase Flow Interfaces	Density	multiphase	partial	src/gui/Dialogs.cpp:232
CFD-UG	Chapter 6: Multiphase Flow Interfaces	Turbulent Mixing	turbulence	present	src/gui/Dialogs.cpp:232; src/combustion/EddyDissipationConcept.cpp:71; src/combustion/GEquation.cpp:51
CFD-UG	Chapter 6: Multiphase Flow Interfaces	Turbulent Mixing Parameters	turbulence	present	src/gui/Dialogs.cpp:232; src/combustion/EddyDissipationConcept.cpp:71; src/combustion/GEquation.cpp:51
CFD-UG	Chapter 6: Multiphase Flow Interfaces	Further Reading	multiphase	present	src/meshing/SnappyHexMesher.hpp:53; src/io/MeshFormats.hpp:7; src/gui/Dialogs.cpp:232
CFD-UG	Chapter 6: Multiphase Flow Interfaces	Porous Medium	multiphase	present	src/radiation/SurfaceToSurface.hpp:7; src/gui/Dialogs.cpp:232; src/gui/Dialogs.cpp:368
CFD-UG	Chapter 6: Multiphase Flow Interfaces	Fluid (Porous Medium)	multiphase	present	src/radiation/SurfaceToSurface.hpp:7; src/gui/Dialogs.cpp:232; src/gui/Dialogs.cpp:368
CFD-UG	Chapter 6: Multiphase Flow Interfaces	Model Input	multiphase	partial	src/gui/Dialogs.cpp:232
CFD-UG	Chapter 6: Multiphase Flow Interfaces	Capillary Pressure	multiphase	partial	src/gui/Dialogs.cpp:232
CFD-UG	Chapter 6: Multiphase Flow Interfaces	Phase Properties	multiphase	partial	src/gui/Dialogs.cpp:232; src/cad/CMakeLists.txt:42
CFD-UG	Chapter 6: Multiphase Flow Interfaces	Porous Matrix	multiphase	partial	src/gui/Dialogs.cpp:232; src/gui/Dialogs.cpp:368
CFD-UG	Chapter 6: Multiphase Flow Interfaces	Model Input	multiphase	partial	src/gui/Dialogs.cpp:232
CFD-UG	Chapter 6: Multiphase Flow Interfaces	Matrix Properties	multiphase	partial	src/gui/Dialogs.cpp:232; src/cad/CMakeLists.txt:42
CFD-UG	Chapter 6: Multiphase Flow Interfaces	Gravity	multiphase	partial	src/gui/Dialogs.cpp:232; src/dynamics/SixDof.cpp:72
CFD-UG	Chapter 6: Multiphase Flow Interfaces	Gravity	multiphase	partial	src/gui/Dialogs.cpp:232; src/dynamics/SixDof.cpp:72
CFD-UG	Chapter 6: Multiphase Flow Interfaces	Initial Values	multiphase	partial	src/gui/Dialogs.cpp:232; src/core/ThreadPool.cpp:57
CFD-UG	Chapter 6: Multiphase Flow Interfaces	Domain Selection	multiphase	partial	src/gui/Dialogs.cpp:232
CFD-UG	Chapter 6: Multiphase Flow Interfaces	Initial Values	multiphase	partial	src/gui/Dialogs.cpp:232; src/core/ThreadPool.cpp:57
CFD-UG	Chapter 6: Multiphase Flow Interfaces	Mass Source	multiphase	partial	src/gui/Dialogs.cpp:232
CFD-UG	Chapter 6: Multiphase Flow Interfaces	Mass Source	multiphase	partial	src/gui/Dialogs.cpp:232
CFD-UG	Chapter 6: Multiphase Flow Interfaces	Boundary Mass Source	multiphase	partial	src/gui/Dialogs.cpp:232
CFD-UG	Chapter 6: Multiphase Flow Interfaces	Boundary Mass Source	multiphase	partial	src/gui/Dialogs.cpp:232
CFD-UG	Chapter 6: Multiphase Flow Interfaces	No Flux	multiphase	partial	src/gui/Dialogs.cpp:232
CFD-UG	Chapter 6: Multiphase Flow Interfaces	Volume Fraction	multiphase	partial	src/gui/Dialogs.cpp:232; src/acoustics/FwhSurface.cpp:23
CFD-UG	Chapter 6: Multiphase Flow Interfaces	Volume Fraction	multiphase	partial	src/gui/Dialogs.cpp:232; src/acoustics/FwhSurface.cpp:23
CFD-UG	Chapter 6: Multiphase Flow Interfaces	Constraint Settings	multiphase	partial	src/meshing/AmrAdaptor.hpp:8; src/gui/Dialogs.cpp:232
CFD-UG	Chapter 6: Multiphase Flow Interfaces	Mass Flux	multiphase	partial	src/gui/Dialogs.cpp:232
CFD-UG	Chapter 6: Multiphase Flow Interfaces	Mass Flux	multiphase	partial	src/gui/Dialogs.cpp:232
CFD-UG	Chapter 6: Multiphase Flow Interfaces	Outflow	multiphase	partial	src/gui/Dialogs.cpp:232; src/gui/Dialogs.cpp:336
CFD-UG	Chapter 6: Multiphase Flow Interfaces	Open Boundary	multiphase	partial	src/gui/Dialogs.cpp:232
CFD-UG	Chapter 6: Multiphase Flow Interfaces	Exterior Volume Fraction	multiphase	present	src/gui/Dialogs.cpp:232; src/meshing/Connectivity.cpp:95; src/acoustics/FwhSurface.cpp:23
CFD-UG	Chapter 6: Multiphase Flow Interfaces	Interior Wall	bc	partial	src/gui/Dialogs.cpp:232; src/io/FluentMshReader.cpp:123
CFD-UG	Chapter 6: Multiphase Flow Interfaces	Porous Medium Discontinuity	multiphase	present	src/radiation/SurfaceToSurface.hpp:7; src/gui/Dialogs.cpp:232; src/gui/Dialogs.cpp:368
CFD-UG	Chapter 6: Multiphase Flow Interfaces	Porous Medium Discontinuity Settings	multiphase	present	src/radiation/SurfaceToSurface.hpp:7; src/gui/Dialogs.cpp:232; src/gui/Dialogs.cpp:368
CFD-UG	Chapter 6: Multiphase Flow Interfaces	Entry Capillary Pressure	multiphase	partial	src/gui/Dialogs.cpp:232
CFD-UG	Chapter 6: Multiphase Flow Interfaces	Constraint Settings	multiphase	partial	src/meshing/AmrAdaptor.hpp:8; src/gui/Dialogs.cpp:232
CFD-UG	Chapter 6: Multiphase Flow Interfaces	Continuity	multiphase	partial	src/gui/Dialogs.cpp:232; src/cad/Defeaturing.cpp:11
CFD-UG	Chapter 6: Multiphase Flow Interfaces	Constraint Settings	multiphase	partial	src/meshing/AmrAdaptor.hpp:8; src/gui/Dialogs.cpp:232
CFD-UG	Chapter 6: Multiphase Flow Interfaces	Periodic Condition	bc	present	src/gui/Dialogs.cpp:232; src/core/BoundaryConditionRegistry.hpp:13; src/core/BoundaryConditionRegistry.hpp:10
CFD-UG	Chapter 6: Multiphase Flow Interfaces	Boundary Selection	multiphase	partial	src/gui/Dialogs.cpp:232
CFD-UG	Chapter 6: Multiphase Flow Interfaces	The software usually automatically identifies the boundaries as either	multiphase	present	src/solver/SimpleAlgorithm.hpp:47; src/visualization/SceneGraph.hpp:10; src/gui/Dialogs.cpp:232
CFD-UG	Chapter 6: Multiphase Flow Interfaces	Destination Selection	multiphase	partial	src/core/CrashHandler.hpp:9; src/gui/Dialogs.cpp:232
CFD-UG	Chapter 6: Multiphase Flow Interfaces	Constraint Settings	multiphase	partial	src/meshing/AmrAdaptor.hpp:8; src/gui/Dialogs.cpp:232
CFD-UG	Chapter 6: Multiphase Flow Interfaces	Orientation Of Source	multiphase	partial	src/gui/Dialogs.cpp:232; src/cad/FeatureEdges.cpp:64
CFD-UG	Chapter 6: Multiphase Flow Interfaces	Orientation Of Destination	multiphase	present	src/core/CrashHandler.hpp:9; src/gui/Dialogs.cpp:232; src/cad/FeatureEdges.cpp:64
CFD-UG	Chapter 6: Multiphase Flow Interfaces	Mapping Between Source And Destination	multiphase	present	src/core/CrashHandler.hpp:9; src/gui/Dialogs.cpp:232; src/cad/CadKernel.hpp:75
CFD-UG	Chapter 6: Multiphase Flow Interfaces	Free-Porous Interface	multiphase	partial	src/gui/Dialogs.cpp:232; src/gui/Dialogs.cpp:368
CFD-UG	Chapter 6: Multiphase Flow Interfaces	Phases	multiphase	partial	src/gui/Dialogs.cpp:232; src/combustion/CanteraParser.cpp:143
CFD-UG	Chapter 6: Multiphase Flow Interfaces	Constraint Settings	multiphase	partial	src/meshing/AmrAdaptor.hpp:8; src/gui/Dialogs.cpp:232
CFD-UG	Chapter 6: Multiphase Flow Interfaces	T he P ha s e T r a n sp ort Mi xt u re Mod el	multiphase	partial	src/gui/Dialogs.cpp:232
CFD-UG	Chapter 6: Multiphase Flow Interfaces	Coupling Feature	multiphase	partial	src/cad/FeatureEdges.cpp:148; src/gui/Dialogs.cpp:232
CFD-UG	Chapter 6: Multiphase Flow Interfaces	Physics Interface Features	multiphase	present	src/cad/Defeaturing.hpp:6; src/gui/Dialogs.cpp:232; src/combustion/LaminarFiniteRate.cpp:110
CFD-UG	Chapter 6: Multiphase Flow Interfaces	In general, to add a node, go to the Physics toolbar, no matter what	multiphase	present	src/cad/FeatureEdges.hpp:11; src/gui/Dialogs.cpp:232; src/core/PluginRegistry.hpp:8
CFD-UG	Chapter 6: Multiphase Flow Interfaces	Phase Transport	turbulence	partial	src/gui/Dialogs.cpp:232; src/combustion/CanteraParser.hpp:10
CFD-UG	Chapter 6: Multiphase Flow Interfaces	Laminar Flow	multiphase	partial	src/gui/Dialogs.cpp:232; src/combustion/EddyDissipationConcept.hpp:15
CFD-UG	Chapter 6: Multiphase Flow Interfaces	Turbulent Flow, Algebraic Yplus	turbulence	present	src/gui/Dialogs.cpp:232; src/combustion/NoxThermalPromptFuel.hpp:12; src/combustion/GEquation.cpp:51
CFD-UG	Chapter 6: Multiphase Flow Interfaces	Turbulent Flow, L-Vel	turbulence	partial	src/gui/Dialogs.cpp:232; src/combustion/GEquation.cpp:51
CFD-UG	Chapter 6: Multiphase Flow Interfaces	Turbulent Flow, Sst	turbulence	partial	src/gui/Dialogs.cpp:232; src/combustion/GEquation.cpp:51
CFD-UG	Chapter 6: Multiphase Flow Interfaces	Turbulent Flow, Spalart–Allmaras	turbulence	present	src/gui/Dialogs.cpp:232; src/core/IWallDistanceService.hpp:12; src/core/IWallDistanceService.hpp:12
CFD-UG	Chapter 6: Multiphase Flow Interfaces	Turbulent Flow, V2-F	turbulence	partial	src/gui/Dialogs.cpp:232; src/combustion/GEquation.cpp:51
CFD-UG	Chapter 6: Multiphase Flow Interfaces	Settings	multiphase	n/a	
CFD-UG	Chapter 6: Multiphase Flow Interfaces	The Label is the default multiphysics coupling feature name.	multiphase	partial	src/cad/FeatureEdges.cpp:148; src/gui/Dialogs.cpp:232
CFD-UG	Chapter 6: Multiphase Flow Interfaces	Domain Selection	multiphase	partial	src/gui/Dialogs.cpp:232
CFD-UG	Chapter 6: Multiphase Flow Interfaces	When nodes are added from the context menu, you can select Manual (the default)	turbulence	present	src/core/PluginRegistry.hpp:8; src/gui/Dialogs.cpp:232; src/core/CrashHandler.cpp:99
CFD-UG	Chapter 6: Multiphase Flow Interfaces	Coupled Interfaces	multiphase	partial	src/gui/Dialogs.cpp:232; src/gui/DiagnosticsPanel.cpp:59
CFD-UG	Chapter 6: Multiphase Flow Interfaces	The default values depend on how this coupling node is created.	multiphase	present	src/gui_core/PanelRegistry.hpp:9; src/gui/Dialogs.cpp:232; src/gpu/RenderingBridge.hpp:39
CFD-UG	Chapter 6: Multiphase Flow Interfaces	Model Inputs	multiphase	partial	src/gui/Dialogs.cpp:232
CFD-UG	Chapter 6: Multiphase Flow Interfaces	Temperature	multiphase	partial	src/gui/Dialogs.cpp:232
CFD-UG	Chapter 6: Multiphase Flow Interfaces	Absolute Pressure	multiphase	partial	src/solver/DualTimeStepping.hpp:33; src/gui/Dialogs.cpp:232
CFD-UG	Chapter 6: Multiphase Flow Interfaces	Physical Model	multiphase	partial	src/gui/Dialogs.cpp:232; src/io/GmshReader.cpp:140
CFD-UG	Chapter 6: Multiphase Flow Interfaces	Dispersed Phase	multiphase	partial	src/gui/Dialogs.cpp:232; src/multiphase/DriftFlux.hpp:5
CFD-UG	Chapter 6: Multiphase Flow Interfaces	Slip Model	multiphase	partial	src/gui/Dialogs.cpp:232; src/gui/Dialogs.cpp:323
CFD-UG	Chapter 6: Multiphase Flow Interfaces	Include Diffusion Stress in Momentum Equation	multiphase	present	src/gui/Dialogs.cpp:232; src/acoustics/CurleAcoustics.hpp:24; src/combustion/SlfmFlamelet.hpp:6
CFD-UG	Chapter 6: Multiphase Flow Interfaces	Low Dispersed Phase Concentration	multiphase	present	src/core/BoundaryConditionRegistry.hpp:18; src/gui/Dialogs.cpp:232; src/multiphase/DriftFlux.hpp:5
CFD-UG	Chapter 6: Multiphase Flow Interfaces	Include Shear-Induced Migration	multiphase	present	src/core/RotatingFileSink.cpp:84; src/gui/Dialogs.cpp:232; src/emag/Mhd.hpp:14
CFD-UG	Chapter 6: Multiphase Flow Interfaces	Turbulence	turbulence	partial	src/gui/Dialogs.cpp:232
CFD-UG	Chapter 6: Multiphase Flow Interfaces	Continuous Phase Properties	multiphase	present	src/gui/Dialogs.cpp:232; src/adjoint/ContinuousAdjoint.hpp:6; src/cad/CMakeLists.txt:42
CFD-UG	Chapter 6: Multiphase Flow Interfaces	Dispersed Phase Properties	multiphase	present	src/gui/Dialogs.cpp:232; src/multiphase/DriftFlux.hpp:5; src/cad/CMakeLists.txt:42
CFD-UG	Chapter 6: Multiphase Flow Interfaces	If a physics interface is deleted and then added to the model again, then	multiphase	present	src/gpu/HostDeviceMirror.hpp:26; src/dynamics/SixDofCoupler.hpp:14; src/gui/Dialogs.cpp:232
CFD-UG	Chapter 6: Multiphase Flow Interfaces	The Nonisothermal Mixture Model	multiphase	partial	src/gui/Dialogs.cpp:232; src/combustion/FgmFlamelet.hpp:7
CFD-UG	Chapter 6: Multiphase Flow Interfaces	Settings for Physics Interfaces and Coupling Features	multiphase	present	src/cad/Defeaturing.hpp:6; src/gui/Dialogs.cpp:232; src/combustion/LaminarFiniteRate.cpp:110
CFD-UG	Chapter 6: Multiphase Flow Interfaces	Discretization order from temperature Lagrange	multiphase	present	src/solver/Solver.hpp:26; src/optimization/SimpTopology.cpp:154; src/gui/Dialogs.cpp:232
CFD-UG	Chapter 6: Multiphase Flow Interfaces	The Absolute pressure, pA (Model Input section)	multiphase	partial	src/solver/DualTimeStepping.hpp:33; src/gui/Dialogs.cpp:232
CFD-UG	Chapter 6: Multiphase Flow Interfaces	Discretization order from temperature Lagrange	multiphase	present	src/solver/Solver.hpp:26; src/optimization/SimpTopology.cpp:154; src/gui/Dialogs.cpp:232
CFD-UG	Chapter 6: Multiphase Flow Interfaces	The fluid-flow and heat-transfer interfaces are	turbulence	partial	src/gui/Dialogs.cpp:232; src/cad/IgesReader.cpp:45
CFD-UG	Chapter 6: Multiphase Flow Interfaces	The Phase Transport and Fluid Flow interfaces	turbulence	partial	src/gui/Dialogs.cpp:232; src/combustion/CanteraParser.hpp:10
CFD-UG	Chapter 6: Multiphase Flow Interfaces	The Phase Transport and Heat transfer	turbulence	present	src/gui/Dialogs.cpp:232; src/combustion/CanteraParser.hpp:10; src/cad/IgesReader.cpp:45
CFD-UG	Chapter 6: Multiphase Flow Interfaces	Coupling Features	multiphase	partial	src/cad/Defeaturing.hpp:6; src/gui/Dialogs.cpp:232
CFD-UG	Chapter 6: Multiphase Flow Interfaces	Physics Interface Features	multiphase	present	src/cad/Defeaturing.hpp:6; src/gui/Dialogs.cpp:232; src/combustion/LaminarFiniteRate.cpp:110
CFD-UG	Chapter 6: Multiphase Flow Interfaces	In general, to add a node, go to the Physics toolbar, no matter what	multiphase	present	src/cad/FeatureEdges.hpp:11; src/gui/Dialogs.cpp:232; src/core/PluginRegistry.hpp:8
CFD-UG	Chapter 6: Multiphase Flow Interfaces	Phase Transport	turbulence	partial	src/gui/Dialogs.cpp:232; src/combustion/CanteraParser.hpp:10
CFD-UG	Chapter 6: Multiphase Flow Interfaces	Laminar Flow	multiphase	partial	src/gui/Dialogs.cpp:232; src/combustion/EddyDissipationConcept.hpp:15
CFD-UG	Chapter 6: Multiphase Flow Interfaces	Turbulent Flow, Algebraic Yplus	turbulence	present	src/gui/Dialogs.cpp:232; src/combustion/NoxThermalPromptFuel.hpp:12; src/combustion/GEquation.cpp:51
CFD-UG	Chapter 6: Multiphase Flow Interfaces	Turbulent Flow, L-Vel	turbulence	partial	src/gui/Dialogs.cpp:232; src/combustion/GEquation.cpp:51
CFD-UG	Chapter 6: Multiphase Flow Interfaces	T U R B U L E N T F L O W , k-ε	multiphase	partial	src/gui/Dialogs.cpp:232
CFD-UG	Chapter 6: Multiphase Flow Interfaces	Turbulent Flow, Sst	turbulence	partial	src/gui/Dialogs.cpp:232; src/combustion/GEquation.cpp:51
CFD-UG	Chapter 6: Multiphase Flow Interfaces	Turbulent Flow, Spalart–Allmaras	turbulence	present	src/gui/Dialogs.cpp:232; src/core/IWallDistanceService.hpp:12; src/core/IWallDistanceService.hpp:12
CFD-UG	Chapter 6: Multiphase Flow Interfaces	Turbulent Flow, V2-F	turbulence	partial	src/gui/Dialogs.cpp:232; src/combustion/GEquation.cpp:51
CFD-UG	Chapter 6: Multiphase Flow Interfaces	Heat Transfer In Fluids	turbulence	present	src/multiphase/VolumeOfFluid.hpp:4; src/gui/Dialogs.cpp:232; src/cad/IgesReader.cpp:45
CFD-UG	Chapter 6: Multiphase Flow Interfaces	Settings	multiphase	n/a	
CFD-UG	Chapter 6: Multiphase Flow Interfaces	The Label is the default multiphysics coupling feature name.	multiphase	partial	src/cad/FeatureEdges.cpp:148; src/gui/Dialogs.cpp:232
CFD-UG	Chapter 6: Multiphase Flow Interfaces	Domain Selection	multiphase	partial	src/gui/Dialogs.cpp:232
CFD-UG	Chapter 6: Multiphase Flow Interfaces	When nodes are added from the context menu, you can select Manual (the default)	turbulence	present	src/core/PluginRegistry.hpp:8; src/gui/Dialogs.cpp:232; src/core/CrashHandler.cpp:99
CFD-UG	Chapter 6: Multiphase Flow Interfaces	Coupled Interfaces	multiphase	partial	src/gui/Dialogs.cpp:232; src/gui/DiagnosticsPanel.cpp:59
CFD-UG	Chapter 6: Multiphase Flow Interfaces	Model Inputs	multiphase	partial	src/gui/Dialogs.cpp:232
CFD-UG	Chapter 6: Multiphase Flow Interfaces	Temperature	multiphase	partial	src/gui/Dialogs.cpp:232
CFD-UG	Chapter 6: Multiphase Flow Interfaces	Absolute Pressure	multiphase	partial	src/solver/DualTimeStepping.hpp:33; src/gui/Dialogs.cpp:232
CFD-UG	Chapter 6: Multiphase Flow Interfaces	Continuous Phase Properties	multiphase	present	src/gui/Dialogs.cpp:232; src/adjoint/ContinuousAdjoint.hpp:6; src/cad/CMakeLists.txt:42
CFD-UG	Chapter 6: Multiphase Flow Interfaces	Heat conduction	multiphase	partial	src/emag/AvFormulation.hpp:48; src/gui/Dialogs.cpp:232
CFD-UG	Chapter 6: Multiphase Flow Interfaces	In this case the default is 0 W/(m·K). For the other options, enter values or	multiphase	partial	src/gui/PythonConsolePanel.cpp:74; src/gui/Dialogs.cpp:232
CFD-UG	Chapter 6: Multiphase Flow Interfaces	Fluid Material	multiphase	partial	src/gui/Dialogs.cpp:232; src/cad/FeatureEdges.hpp:9
CFD-UG	Chapter 6: Multiphase Flow Interfaces	Dispersed Phase Properties	multiphase	present	src/gui/Dialogs.cpp:232; src/multiphase/DriftFlux.hpp:5; src/cad/CMakeLists.txt:42
CFD-UG	Chapter 6: Multiphase Flow Interfaces	Heat conduction	multiphase	partial	src/emag/AvFormulation.hpp:48; src/gui/Dialogs.cpp:232
CFD-UG	Chapter 6: Multiphase Flow Interfaces	Fluid Material	multiphase	partial	src/gui/Dialogs.cpp:232; src/cad/FeatureEdges.hpp:9
CFD-UG	Chapter 6: Multiphase Flow Interfaces	If a physics interface is deleted and then added to the model again, then	multiphase	present	src/gpu/HostDeviceMirror.hpp:26; src/dynamics/SixDofCoupler.hpp:14; src/gui/Dialogs.cpp:232
CFD-UG	Chapter 6: Multiphase Flow Interfaces	Theory for the Two-Phase Flow	multiphase	partial	src/combustion/TfcModel.hpp:23; src/gui/Dialogs.cpp:232
CFD-UG	Chapter 6: Multiphase Flow Interfaces	Level Set and Phase Field Equations	multiphase	partial	src/gui/Dialogs.cpp:232; src/adjoint/ContinuousAdjoint.hpp:11
CFD-UG	Chapter 6: Multiphase Flow Interfaces	Using The Level Set Method	multiphase	partial	src/gui/Dialogs.cpp:232
CFD-UG	Chapter 6: Multiphase Flow Interfaces	Using The Phase Field Method	multiphase	partial	src/gui/Dialogs.cpp:232
CFD-UG	Chapter 6: Multiphase Flow Interfaces	V f, 1 = 1 – V f, 2	multiphase	partial	src/gui/Dialogs.cpp:232
CFD-UG	Chapter 6: Multiphase Flow Interfaces	V f, 2 – 0,5	multiphase	partial	src/gui/Dialogs.cpp:232
CFD-UG	Chapter 6: Multiphase Flow Interfaces	Force Terms	multiphase	present	src/gui/Dialogs.cpp:232; src/combustion/CanteraParser.cpp:99; src/core/RotatingFileSink.hpp:36
CFD-UG	Chapter 6: Multiphase Flow Interfaces	The Surface Tension Force for the Level Set Method	multiphase	present	src/gui/Dialogs.cpp:232; src/multiphase/PlicReconstruction.hpp:24; src/core/RotatingFileSink.hpp:36
CFD-UG	Chapter 6: Multiphase Flow Interfaces	The Surface Tension Force for the Phase Field Method	multiphase	present	src/gui/Dialogs.cpp:232; src/multiphase/PlicReconstruction.hpp:24; src/core/RotatingFileSink.hpp:36
CFD-UG	Chapter 6: Multiphase Flow Interfaces	The Gravity Force	multiphase	present	src/gui/Dialogs.cpp:232; src/dynamics/SixDof.cpp:72; src/core/RotatingFileSink.hpp:36
CFD-UG	Chapter 6: Multiphase Flow Interfaces	The User-Defined Volume Force	multiphase	partial	src/gui/Dialogs.cpp:232; src/core/RotatingFileSink.hpp:36
CFD-UG	Chapter 6: Multiphase Flow Interfaces	Conservative and Nonconservative Formulations	multiphase	partial	src/gui/Dialogs.cpp:232; src/gui/Dialogs.cpp:358
CFD-UG	Chapter 6: Multiphase Flow Interfaces	Phase Initialization	multiphase	partial	src/gui/Dialogs.cpp:232; src/gui/RibbonBar.cpp:41
CFD-UG	Chapter 6: Multiphase Flow Interfaces	Numerical Stabilization	multiphase	partial	src/solver/CompressibleFlux.hpp:42; src/gui/Dialogs.cpp:232
CFD-UG	Chapter 6: Multiphase Flow Interfaces	References for the Level Set and Phase Field Interfaces	multiphase	partial	src/gui/Dialogs.cpp:232
CFD-UG	Chapter 6: Multiphase Flow Interfaces	T he o r y f o r th e Two- Ph ase Th i n - Fi l m	multiphase	partial	src/gui/Dialogs.cpp:232
CFD-UG	Chapter 6: Multiphase Flow Interfaces	Phase Field Thin-Film Flow Equations	multiphase	present	src/gui/Dialogs.cpp:232; src/particles/ParticleEvaporation.hpp:14; src/cad/CadKernel.cpp:6
CFD-UG	Chapter 6: Multiphase Flow Interfaces	V f, 1 = 1 – V f, 2	multiphase	partial	src/gui/Dialogs.cpp:232
CFD-UG	Chapter 6: Multiphase Flow Interfaces	V f, 2 – 0,5	multiphase	partial	src/gui/Dialogs.cpp:232
CFD-UG	Chapter 6: Multiphase Flow Interfaces	Force Terms	multiphase	present	src/gui/Dialogs.cpp:232; src/combustion/CanteraParser.cpp:99; src/core/RotatingFileSink.hpp:36
CFD-UG	Chapter 6: Multiphase Flow Interfaces	The forces applied on the right-hand side of the momentum equation are due to	multiphase	present	src/gui/Dialogs.cpp:232; src/cad/StepReader.cpp:56; src/amr/AmrApplier.hpp:15
CFD-UG	Chapter 6: Multiphase Flow Interfaces	The Surface Tension Force for the Phase Field Method	multiphase	present	src/gui/Dialogs.cpp:232; src/multiphase/PlicReconstruction.hpp:24; src/core/RotatingFileSink.hpp:36
CFD-UG	Chapter 6: Multiphase Flow Interfaces	The User-Defined Volume Force	multiphase	partial	src/gui/Dialogs.cpp:232; src/core/RotatingFileSink.hpp:36
CFD-UG	Chapter 6: Multiphase Flow Interfaces	Conservative and Nonconservative Formulations	multiphase	partial	src/gui/Dialogs.cpp:232; src/gui/Dialogs.cpp:358
CFD-UG	Chapter 6: Multiphase Flow Interfaces	Phase Initialization	multiphase	partial	src/gui/Dialogs.cpp:232; src/gui/RibbonBar.cpp:41
CFD-UG	Chapter 6: Multiphase Flow Interfaces	Theory for the Three-Phase Flow	multiphase	present	src/combustion/TfcModel.hpp:23; src/gui/Dialogs.cpp:232; src/cad/Booleans.hpp:6
CFD-UG	Chapter 6: Multiphase Flow Interfaces	Laminar Flow Equations	multiphase	present	src/gui/Dialogs.cpp:232; src/combustion/EddyDissipationConcept.hpp:15; src/adjoint/ContinuousAdjoint.hpp:11
CFD-UG	Chapter 6: Multiphase Flow Interfaces	Ternary Phase-Field Equations	multiphase	partial	src/gui/Dialogs.cpp:232; src/adjoint/ContinuousAdjoint.hpp:11
CFD-UG	Chapter 6: Multiphase Flow Interfaces	Free Energy	multiphase	partial	src/gui/Dialogs.cpp:232
CFD-UG	Chapter 6: Multiphase Flow Interfaces	Σ C = σ BC + σ AC – σ AB	multiphase	partial	src/gui/Dialogs.cpp:232
CFD-UG	Chapter 6: Multiphase Flow Interfaces	Ternary Phase Field Parameters	multiphase	partial	src/gui/Dialogs.cpp:232
CFD-UG	Chapter 6: Multiphase Flow Interfaces	Surface Tension	multiphase	partial	src/gui/Dialogs.cpp:232; src/multiphase/PlicReconstruction.hpp:24
CFD-UG	Chapter 6: Multiphase Flow Interfaces	The surface tension force applied in the momentum equations (Equation 6-4) as a	multiphase	present	src/gui/Dialogs.cpp:232; src/multiphase/PlicReconstruction.hpp:24; src/amr/RefinementApplier.cpp:140
CFD-UG	Chapter 6: Multiphase Flow Interfaces	F st =	multiphase	partial	src/gui/Dialogs.cpp:232
CFD-UG	Chapter 6: Multiphase Flow Interfaces	Reference for the Three-Phase Flow, Phase Field Interface	multiphase	partial	src/gui/Dialogs.cpp:232; src/cad/Booleans.hpp:6
CFD-UG	Chapter 6: Multiphase Flow Interfaces	Domain Level Fluid Flow	multiphase	partial	src/gui/Dialogs.cpp:232
CFD-UG	Chapter 6: Multiphase Flow Interfaces	About the Moving Mesh	mesh	partial	src/gui/Dialogs.cpp:232; src/dynamics/SixDof.hpp:18
CFD-UG	Chapter 6: Multiphase Flow Interfaces	About the Fluid Interface Boundary Conditions	bc	partial	src/gui/Dialogs.cpp:232; src/core/BoundaryConditionRegistry.hpp:9
CFD-UG	Chapter 6: Multiphase Flow Interfaces	Fluid–Fluid Interface	multiphase	partial	src/gui/Dialogs.cpp:232
CFD-UG	Chapter 6: Multiphase Flow Interfaces	Mf 	multiphase	partial	src/gui/Dialogs.cpp:232
CFD-UG	Chapter 6: Multiphase Flow Interfaces	T	multiphase	partial	src/gui/Dialogs.cpp:232
CFD-UG	Chapter 6: Multiphase Flow Interfaces	T	multiphase	partial	src/gui/Dialogs.cpp:232
CFD-UG	Chapter 6: Multiphase Flow Interfaces	T	multiphase	partial	src/gui/Dialogs.cpp:232
CFD-UG	Chapter 6: Multiphase Flow Interfaces	Free Surface	multiphase	partial	src/gui/Dialogs.cpp:232
CFD-UG	Chapter 6: Multiphase Flow Interfaces	Contact Angle Boundary Conditions	bc	present	src/gui/Dialogs.cpp:232; src/multiphase/SurfaceTensionCsf.cpp:54; src/cad/CadKernel.hpp:22
CFD-UG	Chapter 6: Multiphase Flow Interfaces	References for the Two-Phase Flow, Moving Mesh Interface	mesh	partial	src/gui/Dialogs.cpp:232; src/dynamics/SixDof.hpp:18
CFD-UG	Chapter 6: Multiphase Flow Interfaces	Theory for the Bubbly Flow	multiphase	present	src/multiphase/DriftFlux.hpp:12; src/combustion/TfcModel.hpp:23; src/gui/Dialogs.cpp:232
CFD-UG	Chapter 6: Multiphase Flow Interfaces	The Bubbly Flow Equations	multiphase	present	src/multiphase/DriftFlux.hpp:12; src/gui/Dialogs.cpp:232; src/adjoint/ContinuousAdjoint.hpp:11
CFD-UG	Chapter 6: Multiphase Flow Interfaces	T 2	multiphase	partial	src/gui/Dialogs.cpp:232
CFD-UG	Chapter 6: Multiphase Flow Interfaces	In Equation 6-30, the variables are as follows:	multiphase	present	src/gui/Dialogs.cpp:232; src/dynamics/SixDof.hpp:17; src/adjoint/DiscreteAdjoint.hpp:15
CFD-UG	Chapter 6: Multiphase Flow Interfaces	By default, the Laminar Bubbly Flow interface uses Equation 6-33 and 6-34. To	multiphase	present	src/multiphase/DriftFlux.hpp:12; src/gui/Dialogs.cpp:232; src/combustion/EddyDissipationConcept.hpp:15
CFD-UG	Chapter 6: Multiphase Flow Interfaces	Mass Transfer And Interfacial Area	turbulence	present	src/multiphase/EulerianMultifluid.cpp:186; src/gui/Dialogs.cpp:232; src/cad/IgesReader.cpp:45
CFD-UG	Chapter 6: Multiphase Flow Interfaces	Slip Model	multiphase	partial	src/gui/Dialogs.cpp:232; src/gui/Dialogs.cpp:323
CFD-UG	Chapter 6: Multiphase Flow Interfaces	Here fD can be written as	multiphase	partial	src/gui/Dialogs.cpp:232; src/amr/AdaptiveRefinement.hpp:52
CFD-UG	Chapter 6: Multiphase Flow Interfaces	Schwarz and Turner (Ref. 4) proposed a linearized version of Equation 6-38	multiphase	partial	src/meshing/AmrAdaptor.hpp:9; src/gui/Dialogs.cpp:232
CFD-UG	Chapter 6: Multiphase Flow Interfaces	The Hadamard–Rybczynski model is appropriate for small spherical bubbles with	multiphase	present	src/multiphase/DriftFlux.hpp:5; src/multiphase/EulerianMultifluid.cpp:186; src/gpu/CgGpu.cpp:41
CFD-UG	Chapter 6: Multiphase Flow Interfaces	Turbulence Modeling in Bubbly Flow Applications	turbulence	present	src/multiphase/DriftFlux.hpp:12; src/core/Application.hpp:8; src/gui/Dialogs.cpp:232
CFD-UG	Chapter 6: Multiphase Flow Interfaces	S k = – C k φ g ∇p ⋅ u slip	multiphase	partial	src/gui/Dialogs.cpp:232; src/gui/Dialogs.cpp:323
CFD-UG	Chapter 6: Multiphase Flow Interfaces	References for the Bubbly Flow Interfaces	multiphase	partial	src/multiphase/DriftFlux.hpp:12; src/gui/Dialogs.cpp:232
CFD-UG	Chapter 6: Multiphase Flow Interfaces	T he o r y f o r t h e Mi xt u re Mod el	multiphase	partial	src/gui/Dialogs.cpp:232
CFD-UG	Chapter 6: Multiphase Flow Interfaces	The Mixture Model Equations	multiphase	present	src/gui/Dialogs.cpp:232; src/adjoint/ContinuousAdjoint.hpp:11; src/combustion/FgmFlamelet.hpp:7
CFD-UG	Chapter 6: Multiphase Flow Interfaces	The continuous phase volume fraction φc is	multiphase	present	src/gui/Dialogs.cpp:232; src/adjoint/ContinuousAdjoint.hpp:6; src/acoustics/FwhSurface.cpp:23
CFD-UG	Chapter 6: Multiphase Flow Interfaces	Mass Transfer And Interfacial Area	turbulence	present	src/multiphase/EulerianMultifluid.cpp:186; src/gui/Dialogs.cpp:232; src/cad/IgesReader.cpp:45
CFD-UG	Chapter 6: Multiphase Flow Interfaces	Mass-Averaged Mixture Velocity	multiphase	present	src/gui/Dialogs.cpp:232; src/combustion/TransportedPdf.hpp:15; src/combustion/FgmFlamelet.hpp:7
CFD-UG	Chapter 6: Multiphase Flow Interfaces	In previous versions of COMSOL Multiphysics (prior to version 5.4), the mixture	multiphase	present	src/io/GambitReader.cpp:318; src/meshing/Connectivity.hpp:24; src/gui/Dialogs.cpp:232
CFD-UG	Chapter 6: Multiphase Flow Interfaces	Dispersed Phase Boundary Condition Equations	bc	present	src/gui/Dialogs.cpp:232; src/multiphase/DriftFlux.hpp:5; src/core/BoundaryConditionRegistry.hpp:13
CFD-UG	Chapter 6: Multiphase Flow Interfaces	Dispersed Phase Concentration	multiphase	present	src/core/BoundaryConditionRegistry.hpp:18; src/gui/Dialogs.cpp:232; src/multiphase/DriftFlux.hpp:5
CFD-UG	Chapter 6: Multiphase Flow Interfaces	Enter the Dispersed phase volume fraction (dimensionless) in the φd0 field.	multiphase	present	src/gui/PythonConsolePanel.cpp:74; src/particles/SprayBreakup.hpp:23; src/gui/Dialogs.cpp:232
CFD-UG	Chapter 6: Multiphase Flow Interfaces	Dispersed Phase Outlet	bc	present	src/gui/Dialogs.cpp:232; src/multiphase/DriftFlux.hpp:5; src/core/BoundaryConditionRegistry.hpp:10
CFD-UG	Chapter 6: Multiphase Flow Interfaces	Dispersed Phase Flux	multiphase	partial	src/gui/Dialogs.cpp:232; src/multiphase/DriftFlux.hpp:5
CFD-UG	Chapter 6: Multiphase Flow Interfaces	Symmetry	bc	partial	src/gui/Dialogs.cpp:232; src/core/BoundaryConditionRegistry.hpp:10
CFD-UG	Chapter 6: Multiphase Flow Interfaces	No Dispersed Flux	multiphase	partial	src/gui/Dialogs.cpp:232; src/multiphase/DriftFlux.hpp:5
CFD-UG	Chapter 6: Multiphase Flow Interfaces	Turbulence Modeling in Mixture Models	turbulence	partial	src/gui/Dialogs.cpp:232; src/combustion/FgmFlamelet.hpp:7
CFD-UG	Chapter 6: Multiphase Flow Interfaces	Slip Velocity Models	multiphase	partial	src/gui/Dialogs.cpp:232; src/gui/Dialogs.cpp:323
CFD-UG	Chapter 6: Multiphase Flow Interfaces	C d = ----------  1 + A ( S p )Re p	multiphase	partial	src/gui/Dialogs.cpp:232
CFD-UG	Chapter 6: Multiphase Flow Interfaces	C ( Sp )	multiphase	partial	src/gui/Dialogs.cpp:232
CFD-UG	Chapter 6: Multiphase Flow Interfaces	References for the Mixture Model Interfaces	multiphase	partial	src/gui/Dialogs.cpp:232; src/combustion/FgmFlamelet.hpp:7
CFD-UG	Chapter 6: Multiphase Flow Interfaces	Theory for the Euler–Euler Model	multiphase	present	src/combustion/TfcModel.hpp:23; src/gui/Dialogs.cpp:232; src/combustion/EddyDissipationConcept.cpp:70
CFD-UG	Chapter 6: Multiphase Flow Interfaces	Mass Balance	multiphase	partial	src/gui/Dialogs.cpp:232; src/amr/AmrApplier.hpp:16
CFD-UG	Chapter 6: Multiphase Flow Interfaces	In order to control the mass balance of the two phases, the Euler–Euler Model	multiphase	present	src/gui/Dialogs.cpp:232; src/amr/AmrApplier.hpp:16; src/combustion/CanteraParser.cpp:143
CFD-UG	Chapter 6: Multiphase Flow Interfaces	Momentum Balance	multiphase	partial	src/gui/Dialogs.cpp:232; src/amr/AmrApplier.hpp:16
CFD-UG	Chapter 6: Multiphase Flow Interfaces	The momentum equations for the continuous and dispersed phases, using the	multiphase	present	src/gui/Dialogs.cpp:232; src/adjoint/ContinuousAdjoint.hpp:6; src/multiphase/DriftFlux.hpp:5
CFD-UG	Chapter 6: Multiphase Flow Interfaces	Viscosity Models	multiphase	partial	src/gui/Dialogs.cpp:232; src/adjoint/ContinuousAdjoint.hpp:42
CFD-UG	Chapter 6: Multiphase Flow Interfaces	Here φd,max is the maximum packing limit, by default 0.62 for solid particles.	multiphase	present	src/io/TecplotWriter.hpp:8; src/gui/Dialogs.cpp:232; src/acoustics/CurleAcoustics.hpp:25
CFD-UG	Chapter 6: Multiphase Flow Interfaces	Interphase Momentum Transfer	turbulence	present	src/gui/Dialogs.cpp:232; src/multiphase/EulerianMultifluid.cpp:79; src/cad/IgesReader.cpp:45
CFD-UG	Chapter 6: Multiphase Flow Interfaces	The drag force on the dispersed phase is equal to the one on the	multiphase	present	src/gui/Dialogs.cpp:232; src/multiphase/DriftFlux.hpp:5; src/cad/PersistentIdManager.cpp:15
CFD-UG	Chapter 6: Multiphase Flow Interfaces	Gidaspow	multiphase	partial	src/gui/Dialogs.cpp:232
CFD-UG	Chapter 6: Multiphase Flow Interfaces	Schiller–Naumann	multiphase	present	src/gui/Dialogs.cpp:232; src/multiphase/EulerianMultifluid.hpp:24; src/multiphase/EulerianMultifluid.hpp:24
CFD-UG	Chapter 6: Multiphase Flow Interfaces	Re p > 1000	multiphase	partial	src/gui/Dialogs.cpp:232
CFD-UG	Chapter 6: Multiphase Flow Interfaces	Hadamard–Rybczynski	multiphase	partial	src/gui/Dialogs.cpp:232
CFD-UG	Chapter 6: Multiphase Flow Interfaces	C d = ----------  --------------------	multiphase	partial	src/gui/Dialogs.cpp:232
CFD-UG	Chapter 6: Multiphase Flow Interfaces	Ishii–Zuber	multiphase	present	src/multiphase/EulerianMultifluid.hpp:24; src/multiphase/DriftFlux.cpp:73; src/gui/Dialogs.cpp:232
CFD-UG	Chapter 6: Multiphase Flow Interfaces	C D = 	multiphase	partial	src/gui/Dialogs.cpp:232
CFD-UG	Chapter 6: Multiphase Flow Interfaces	Haider–Levenspiel	multiphase	partial	src/gui/Dialogs.cpp:232
CFD-UG	Chapter 6: Multiphase Flow Interfaces	B ( Sp )	multiphase	partial	src/gui/Dialogs.cpp:232
CFD-UG	Chapter 6: Multiphase Flow Interfaces	C d = ----------  1 + A ( S p )Re p	multiphase	partial	src/gui/Dialogs.cpp:232
CFD-UG	Chapter 6: Multiphase Flow Interfaces	C ( Sp )	multiphase	partial	src/gui/Dialogs.cpp:232
CFD-UG	Chapter 6: Multiphase Flow Interfaces	Tomiyama and Others	multiphase	partial	src/io/GmshReader.cpp:332; src/gui/Dialogs.cpp:232
CFD-UG	Chapter 6: Multiphase Flow Interfaces	Fluid pure enough for Equation 6-80 to be valid is typically only achievable in	multiphase	present	src/gui/Dialogs.cpp:232; src/adjoint/DiscreteAdjoint.hpp:35; src/acoustics/CurleAcoustics.hpp:20
CFD-UG	Chapter 6: Multiphase Flow Interfaces	Solid Pressure	multiphase	partial	src/gui/Dialogs.cpp:232; src/acoustics/CurleAcoustics.hpp:8
CFD-UG	Chapter 6: Multiphase Flow Interfaces	Notes On The Implementation	multiphase	partial	src/cad/Defeaturing.cpp:5; src/gui/Dialogs.cpp:232
CFD-UG	Chapter 6: Multiphase Flow Interfaces	Some Notes on Boundary Conditions	bc	present	src/cad/Defeaturing.cpp:5; src/gui/Dialogs.cpp:232; src/core/BoundaryConditionRegistry.hpp:9
CFD-UG	Chapter 6: Multiphase Flow Interfaces	The k-ε Turbulence Model for the Euler–Euler Interface	turbulence	partial	src/gui/Dialogs.cpp:232; src/combustion/EddyDissipationConcept.cpp:70
CFD-UG	Chapter 6: Multiphase Flow Interfaces	Mixture Turbulence	turbulence	partial	src/gui/Dialogs.cpp:232; src/combustion/FgmFlamelet.hpp:7
CFD-UG	Chapter 6: Multiphase Flow Interfaces	The equations correspond to the standard two-equation k-ε model including	multiphase	present	src/core/BoundaryConditionRegistry.hpp:28; src/gui/Dialogs.cpp:232; src/adjoint/ContinuousAdjoint.hpp:11
CFD-UG	Chapter 6: Multiphase Flow Interfaces	Constant	multiphase	partial	src/gui/Dialogs.cpp:232; src/combustion/CanteraParser.cpp:230
CFD-UG	Chapter 6: Multiphase Flow Interfaces	Value	multiphase	partial	src/gui/Dialogs.cpp:232
CFD-UG	Chapter 6: Multiphase Flow Interfaces	Constant	multiphase	partial	src/gui/Dialogs.cpp:232; src/combustion/CanteraParser.cpp:230
CFD-UG	Chapter 6: Multiphase Flow Interfaces	Value	multiphase	partial	src/gui/Dialogs.cpp:232
CFD-UG	Chapter 6: Multiphase Flow Interfaces	Phase-Specific Turbulence	turbulence	partial	src/gui/Dialogs.cpp:232; src/combustion/ThermoNasaParser.hpp:55
CFD-UG	Chapter 6: Multiphase Flow Interfaces	The equations for each phase correspond to the standard two-equation k-ε model	multiphase	present	src/gui/Dialogs.cpp:232; src/adjoint/ContinuousAdjoint.hpp:11; src/acoustics/CurleAcoustics.cpp:29
CFD-UG	Chapter 6: Multiphase Flow Interfaces	Continuous	multiphase	partial	src/gui/Dialogs.cpp:232; src/adjoint/ContinuousAdjoint.hpp:6
CFD-UG	Chapter 6: Multiphase Flow Interfaces	Phase	multiphase	partial	src/gui/Dialogs.cpp:232
CFD-UG	Chapter 6: Multiphase Flow Interfaces	Constants	multiphase	partial	src/gui/Dialogs.cpp:232; src/gui/DiagnosticsPanel.cpp:60
CFD-UG	Chapter 6: Multiphase Flow Interfaces	Value	multiphase	partial	src/gui/Dialogs.cpp:232
CFD-UG	Chapter 6: Multiphase Flow Interfaces	Dispersed	multiphase	partial	src/gui/Dialogs.cpp:232; src/multiphase/DriftFlux.hpp:5
CFD-UG	Chapter 6: Multiphase Flow Interfaces	Phase	multiphase	partial	src/gui/Dialogs.cpp:232
CFD-UG	Chapter 6: Multiphase Flow Interfaces	Constants	multiphase	partial	src/gui/Dialogs.cpp:232; src/gui/DiagnosticsPanel.cpp:60
CFD-UG	Chapter 6: Multiphase Flow Interfaces	Value	multiphase	partial	src/gui/Dialogs.cpp:232
CFD-UG	Chapter 6: Multiphase Flow Interfaces	References for the Euler–Euler Model Interfaces	multiphase	partial	src/gui/Dialogs.cpp:232; src/combustion/EddyDissipationConcept.cpp:70
CFD-UG	Chapter 6: Multiphase Flow Interfaces	Theory for the Phase Transport	turbulence	present	src/combustion/TfcModel.hpp:23; src/gui/Dialogs.cpp:232; src/combustion/CanteraParser.hpp:10
CFD-UG	Chapter 6: Multiphase Flow Interfaces	Phase Transport in Free Flow	turbulence	partial	src/gui/Dialogs.cpp:232; src/combustion/CanteraParser.hpp:10
CFD-UG	Chapter 6: Multiphase Flow Interfaces	N	multiphase	partial	src/gui/Dialogs.cpp:232
CFD-UG	Chapter 6: Multiphase Flow Interfaces	Turbulent Mixing	turbulence	present	src/gui/Dialogs.cpp:232; src/combustion/EddyDissipationConcept.cpp:71; src/combustion/GEquation.cpp:51
CFD-UG	Chapter 6: Multiphase Flow Interfaces	Phase Transport in Porous Media	turbulence	present	src/gui/Dialogs.cpp:232; src/emag/AvFormulation.hpp:7; src/gui/Dialogs.cpp:368
CFD-UG	Chapter 6: Multiphase Flow Interfaces	Predefined Capillary Pressure and Relative Permeability Models	multiphase	present	src/gui/Dialogs.cpp:232; src/emag/AvFormulation.hpp:35; src/acoustics/FwhSurface.cpp:134
CFD-UG	Chapter 6: Multiphase Flow Interfaces	Porous Medium Discontinuity Boundary Condition	bc	present	src/radiation/SurfaceToSurface.hpp:7; src/gui/Dialogs.cpp:232; src/core/BoundaryConditionRegistry.hpp:13
CFD-UG	Chapter 6: Multiphase Flow Interfaces	Free-Porous Interface	multiphase	partial	src/gui/Dialogs.cpp:232; src/gui/Dialogs.cpp:368
CFD-UG	Chapter 6: Multiphase Flow Interfaces	References for the Phase Transport Interfaces	turbulence	partial	src/gui/Dialogs.cpp:232; src/combustion/CanteraParser.hpp:10
CFD-UG	Chapter 6: Multiphase Flow Interfaces	Theory for the Phase Transport	turbulence	present	src/combustion/TfcModel.hpp:23; src/gui/Dialogs.cpp:232; src/combustion/CanteraParser.hpp:10
CFD-UG	Chapter 6: Multiphase Flow Interfaces	N	multiphase	partial	src/gui/Dialogs.cpp:232
CFD-UG	Chapter 6: Multiphase Flow Interfaces	D md	multiphase	partial	src/gui/Dialogs.cpp:232
CFD-UG	Chapter 6: Multiphase Flow Interfaces	N	multiphase	partial	src/gui/Dialogs.cpp:232
CFD-UG	Chapter 6: Multiphase Flow Interfaces	Mixture Viscosity Models	multiphase	present	src/gui/Dialogs.cpp:232; src/adjoint/ContinuousAdjoint.hpp:42; src/combustion/FgmFlamelet.hpp:7
CFD-UG	Chapter 6: Multiphase Flow Interfaces	N	multiphase	partial	src/gui/Dialogs.cpp:232
CFD-UG	Chapter 6: Multiphase Flow Interfaces	Slip Velocity Models	multiphase	partial	src/gui/Dialogs.cpp:232; src/gui/Dialogs.cpp:323
CFD-UG	Chapter 6: Multiphase Flow Interfaces	B(S )	multiphase	partial	src/gui/Dialogs.cpp:232
CFD-UG	Chapter 6: Multiphase Flow Interfaces	C d,i = ------------- ( 1 + A ( S i )Re p,i i ) + -----------------------------------------Re p,i	multiphase	partial	src/gui/Dialogs.cpp:232
CFD-UG	Chapter 6: Multiphase Flow Interfaces	C d,i = -------------  --------------------	multiphase	partial	src/gui/Dialogs.cpp:232
CFD-UG	Chapter 6: Multiphase Flow Interfaces	Coupled Interfaces: Equations and Coupled Quantities	multiphase	present	src/combustion/TransportedPdf.hpp:15; src/gui/Dialogs.cpp:232; src/gui/DiagnosticsPanel.cpp:59
CFD-UG	Chapter 6: Multiphase Flow Interfaces	References	multiphase	n/a	
CFD-UG	Chapter 6: Multiphase Flow Interfaces	Theory for the Nonisothermal	multiphase	partial	src/combustion/TfcModel.hpp:23; src/gui/Dialogs.cpp:232
CFD-UG	Chapter 6: Multiphase Flow Interfaces	Mixture Material Properties for Heat Transfer	turbulence	present	src/gui/Dialogs.cpp:232; src/cad/CMakeLists.txt:42; src/combustion/FgmFlamelet.hpp:7
CFD-UG	Chapter 6: Multiphase Flow Interfaces	Cp	multiphase	partial	src/gui/Dialogs.cpp:232
CFD-UG	Chapter 6: Multiphase Flow Interfaces	C	multiphase	partial	src/gui/Dialogs.cpp:232
CFD-UG	Chapter 7: Porous Media and Subsurface Flow Interfaces	Chapter 7: Porous Media and Subsurface Flow Interfaces	ui	present	src/gui/Dialogs.cpp:232; src/emag/AvFormulation.hpp:7; src/gui/Dialogs.cpp:368
CFD-UG	Chapter 7: Porous Media and Subsurface Flow Interfaces	Modeling Porous Media and	ui	present	src/gui/Dialogs.cpp:232; src/emag/AvFormulation.hpp:7; src/gui/Dialogs.cpp:368
CFD-UG	Chapter 7: Porous Media and Subsurface Flow Interfaces	Compressibility	ui	present	src/gui/Dialogs.cpp:232; src/emag/AvFormulation.hpp:7; src/gui/Dialogs.cpp:368
CFD-UG	Chapter 7: Porous Media and Subsurface Flow Interfaces	Neglect	ui	present	src/gui/Dialogs.cpp:232; src/emag/AvFormulation.hpp:7; src/gui/Dialogs.cpp:368
CFD-UG	Chapter 7: Porous Media and Subsurface Flow Interfaces	Inertial Term	ui	present	src/gui/Dialogs.cpp:232; src/dynamics/SixDofCoupler.hpp:17; src/emag/AvFormulation.hpp:7
CFD-UG	Chapter 7: Porous Media and Subsurface Flow Interfaces	Pore Size	ui	present	src/gui/Dialogs.cpp:232; src/emag/AvFormulation.hpp:7; src/gui/Dialogs.cpp:368
CFD-UG	Chapter 7: Porous Media and Subsurface Flow Interfaces	Darcy’s Law	ui	present	src/gui/Dialogs.cpp:232; src/emag/AvFormulation.hpp:7; src/heat_transfer/Solidification.cpp:52
CFD-UG	Chapter 7: Porous Media and Subsurface Flow Interfaces	Compressible	ui	present	src/gui/Dialogs.cpp:232; src/emag/AvFormulation.hpp:7; src/io/ForcesReport.hpp:16
CFD-UG	Chapter 7: Porous Media and Subsurface Flow Interfaces	Low porosity and low	ui	present	src/heat_transfer/Solidification.hpp:4; src/gui/Dialogs.cpp:232; src/emag/AvFormulation.hpp:7
CFD-UG	Chapter 7: Porous Media and Subsurface Flow Interfaces	Low porosity and low	ui	present	src/heat_transfer/Solidification.hpp:4; src/gui/Dialogs.cpp:232; src/emag/AvFormulation.hpp:7
CFD-UG	Chapter 7: Porous Media and Subsurface Flow Interfaces	Physics	ui	n/a	
CFD-UG	Chapter 7: Porous Media and Subsurface Flow Interfaces	Interface Label	ui	present	src/gui/Dialogs.cpp:232; src/emag/AvFormulation.hpp:7; src/gui/Dialogs.cpp:368
CFD-UG	Chapter 7: Porous Media and Subsurface Flow Interfaces	Compressibility	ui	present	src/gui/Dialogs.cpp:232; src/emag/AvFormulation.hpp:7; src/gui/Dialogs.cpp:368
CFD-UG	Chapter 7: Porous Media and Subsurface Flow Interfaces	Neglect	ui	present	src/gui/Dialogs.cpp:232; src/emag/AvFormulation.hpp:7; src/gui/Dialogs.cpp:368
CFD-UG	Chapter 7: Porous Media and Subsurface Flow Interfaces	Inertial Term	ui	present	src/gui/Dialogs.cpp:232; src/dynamics/SixDofCoupler.hpp:17; src/emag/AvFormulation.hpp:7
CFD-UG	Chapter 7: Porous Media and Subsurface Flow Interfaces	Pore Size	ui	present	src/gui/Dialogs.cpp:232; src/emag/AvFormulation.hpp:7; src/gui/Dialogs.cpp:368
CFD-UG	Chapter 7: Porous Media and Subsurface Flow Interfaces	Incompressible	ui	present	src/gui/Dialogs.cpp:232; src/emag/AvFormulation.hpp:7; src/acoustics/CurleAcoustics.hpp:26
CFD-UG	Chapter 7: Porous Media and Subsurface Flow Interfaces	High permeability and	ui	present	src/gui/Dialogs.cpp:232; src/emag/AvFormulation.hpp:35; src/emag/AvFormulation.hpp:7
CFD-UG	Chapter 7: Porous Media and Subsurface Flow Interfaces	Incompressible	ui	present	src/gui/Dialogs.cpp:232; src/emag/AvFormulation.hpp:7; src/acoustics/CurleAcoustics.hpp:26
CFD-UG	Chapter 7: Porous Media and Subsurface Flow Interfaces	High permeability and	ui	present	src/gui/Dialogs.cpp:232; src/emag/AvFormulation.hpp:35; src/emag/AvFormulation.hpp:7
CFD-UG	Chapter 7: Porous Media and Subsurface Flow Interfaces	Darcy’S Law	ui	present	src/gui/Dialogs.cpp:232; src/emag/AvFormulation.hpp:7; src/heat_transfer/Solidification.cpp:52
CFD-UG	Chapter 7: Porous Media and Subsurface Flow Interfaces	Brinkman Equations	ui	present	src/gui/Dialogs.cpp:232; src/emag/AvFormulation.hpp:7; src/gui/Dialogs.cpp:368
CFD-UG	Chapter 7: Porous Media and Subsurface Flow Interfaces	Free And Porous Media Flow, Brinkman	ui	present	src/gui/Dialogs.cpp:232; src/emag/AvFormulation.hpp:7; src/gui/Dialogs.cpp:368
CFD-UG	Chapter 7: Porous Media and Subsurface Flow Interfaces	Free And Porous Media Flow, Darcy	ui	present	src/gui/Dialogs.cpp:232; src/emag/AvFormulation.hpp:7; src/heat_transfer/Solidification.cpp:52
CFD-UG	Chapter 7: Porous Media and Subsurface Flow Interfaces	Two-Phase Darcy’S Law	ui	present	src/gui/Dialogs.cpp:232; src/emag/AvFormulation.hpp:7; src/heat_transfer/Solidification.cpp:52
CFD-UG	Chapter 7: Porous Media and Subsurface Flow Interfaces	Coupling to Other Physics Interfaces	ui	present	src/gui/Dialogs.cpp:232; src/emag/AvFormulation.hpp:7; src/gui/Dialogs.cpp:368
CFD-UG	Chapter 7: Porous Media and Subsurface Flow Interfaces	The Darcy’s Law Interface	ui	present	src/gui/Dialogs.cpp:232; src/emag/AvFormulation.hpp:7; src/heat_transfer/Solidification.cpp:52
CFD-UG	Chapter 7: Porous Media and Subsurface Flow Interfaces	Settings	ui	n/a	
CFD-UG	Chapter 7: Porous Media and Subsurface Flow Interfaces	The Label is the default physics interface name.	ui	present	src/gui/Dialogs.cpp:232; src/emag/AvFormulation.hpp:7; src/gui/Dialogs.cpp:368
CFD-UG	Chapter 7: Porous Media and Subsurface Flow Interfaces	Physical Model	ui	present	src/gui/Dialogs.cpp:232; src/emag/AvFormulation.hpp:7; src/gui/Dialogs.cpp:368
CFD-UG	Chapter 7: Porous Media and Subsurface Flow Interfaces	Gravity Effects	ui	present	src/gui/Dialogs.cpp:232; src/emag/AvFormulation.hpp:7; src/dynamics/SixDof.cpp:72
CFD-UG	Chapter 7: Porous Media and Subsurface Flow Interfaces	The Darcy’S Law Interface	ui	present	src/gui/Dialogs.cpp:232; src/emag/AvFormulation.hpp:7; src/heat_transfer/Solidification.cpp:52
CFD-UG	Chapter 7: Porous Media and Subsurface Flow Interfaces	Enter a value for the acceleration of gravity. The default value g_const is the	ui	present	src/gui/PythonConsolePanel.cpp:74; src/gui/Dialogs.cpp:232; src/gui/Dialogs.cpp:151
CFD-UG	Chapter 7: Porous Media and Subsurface Flow Interfaces	Discretization	solver	present	src/solver/Solver.hpp:26; src/gui/Dialogs.cpp:232; src/emag/AvFormulation.hpp:7
CFD-UG	Chapter 7: Porous Media and Subsurface Flow Interfaces	Dependent Variables	ui	present	src/gui/Dialogs.cpp:232; src/emag/AvFormulation.hpp:7; src/io/CgnsWriter.cpp:14
CFD-UG	Chapter 7: Porous Media and Subsurface Flow Interfaces	The Darcy’S Law Interface	ui	present	src/gui/Dialogs.cpp:232; src/emag/AvFormulation.hpp:7; src/heat_transfer/Solidification.cpp:52
CFD-UG	Chapter 7: Porous Media and Subsurface Flow Interfaces	Domain	ui	n/a	
CFD-UG	Chapter 7: Porous Media and Subsurface Flow Interfaces	Boundary, Edge, And Point	ui	present	src/gui/Dialogs.cpp:232; src/emag/AvFormulation.hpp:7; src/gui/Dialogs.cpp:368
CFD-UG	Chapter 7: Porous Media and Subsurface Flow Interfaces	The relevant physics interface condition at interior boundaries is continuity:	bc	present	src/core/PluginRegistry.hpp:9; src/gui/Dialogs.cpp:232; src/emag/AvFormulation.hpp:7
CFD-UG	Chapter 7: Porous Media and Subsurface Flow Interfaces	Note that some of the above-mentioned domain or boundary conditions	bc	present	src/gui/Dialogs.cpp:232; src/emag/AvFormulation.hpp:7; src/gpu/GpuKernels.cpp:242
CFD-UG	Chapter 7: Porous Media and Subsurface Flow Interfaces	In general, to add a node, go to the Physics toolbar, no matter what	ui	present	src/cad/FeatureEdges.hpp:11; src/gui/Dialogs.cpp:232; src/emag/AvFormulation.hpp:7
CFD-UG	Chapter 7: Porous Media and Subsurface Flow Interfaces	For axisymmetric components, COMSOL Multiphysics takes the axial	bc	present	src/gpu/CgGpu.hpp:7; src/meshing/MedialAxisDecomposition.hpp:13; src/gui/Dialogs.cpp:232
CFD-UG	Chapter 7: Porous Media and Subsurface Flow Interfaces	In the COMSOL Multiphysics Reference Manual see Table 2-4 for links	ui	present	src/gui/Dialogs.cpp:232; src/emag/AvFormulation.hpp:7; src/gpu/GpuKernels.cpp:243
CFD-UG	Chapter 7: Porous Media and Subsurface Flow Interfaces	Porous Medium	ui	present	src/radiation/SurfaceToSurface.hpp:7; src/gui/Dialogs.cpp:232; src/emag/AvFormulation.hpp:7
CFD-UG	Chapter 7: Porous Media and Subsurface Flow Interfaces	The Darcy’S Law Interface	ui	present	src/gui/Dialogs.cpp:232; src/emag/AvFormulation.hpp:7; src/heat_transfer/Solidification.cpp:52
CFD-UG	Chapter 7: Porous Media and Subsurface Flow Interfaces	Coordinate System Selection	ui	present	src/gui/Dialogs.cpp:232; src/io/FaceBasedMeshReader.cpp:214; src/emag/AvFormulation.hpp:7
CFD-UG	Chapter 7: Porous Media and Subsurface Flow Interfaces	Flow Model	ui	present	src/gui/Dialogs.cpp:232; src/emag/AvFormulation.hpp:7; src/gui/Dialogs.cpp:368
CFD-UG	Chapter 7: Porous Media and Subsurface Flow Interfaces	Storage Model	ui	present	src/gui/Dialogs.cpp:232; src/emag/AvFormulation.hpp:7; src/gui/Dialogs.cpp:368
CFD-UG	Chapter 7: Porous Media and Subsurface Flow Interfaces	Note that some options are only available in some modules. For a detailed	ui	present	src/gui/Dialogs.cpp:232; src/emag/AvFormulation.hpp:7; src/gui/MainWindow.hpp:8
CFD-UG	Chapter 7: Porous Media and Subsurface Flow Interfaces	Location In User Interface	ui	present	src/gui/Dialogs.cpp:232; src/emag/AvFormulation.hpp:7; src/acoustics/CurleAcoustics.hpp:13
CFD-UG	Chapter 7: Porous Media and Subsurface Flow Interfaces	Ribbon	ui	present	src/gui/Dialogs.cpp:232; src/gui/MainWindow.hpp:6; src/emag/AvFormulation.hpp:7
CFD-UG	Chapter 7: Porous Media and Subsurface Flow Interfaces	Fluid	ui	present	src/gui/Dialogs.cpp:232; src/emag/AvFormulation.hpp:7; src/gui/Dialogs.cpp:368
CFD-UG	Chapter 7: Porous Media and Subsurface Flow Interfaces	Model Input	ui	present	src/gui/Dialogs.cpp:232; src/emag/AvFormulation.hpp:7; src/gui/Dialogs.cpp:368
CFD-UG	Chapter 7: Porous Media and Subsurface Flow Interfaces	The Darcy’S Law Interface	ui	present	src/gui/Dialogs.cpp:232; src/emag/AvFormulation.hpp:7; src/heat_transfer/Solidification.cpp:52
CFD-UG	Chapter 7: Porous Media and Subsurface Flow Interfaces	Fluid Properties	materials	present	src/gui/Dialogs.cpp:232; src/emag/AvFormulation.hpp:7; src/cad/CMakeLists.txt:42
CFD-UG	Chapter 7: Porous Media and Subsurface Flow Interfaces	Incompressible	ui	present	src/gui/Dialogs.cpp:232; src/emag/AvFormulation.hpp:7; src/acoustics/CurleAcoustics.hpp:26
CFD-UG	Chapter 7: Porous Media and Subsurface Flow Interfaces	Compressible	ui	present	src/gui/Dialogs.cpp:232; src/emag/AvFormulation.hpp:7; src/io/ForcesReport.hpp:16
CFD-UG	Chapter 7: Porous Media and Subsurface Flow Interfaces	Compressible, Linearized	ui	present	src/gui/Dialogs.cpp:232; src/emag/AvFormulation.hpp:7; src/io/ForcesReport.hpp:16
CFD-UG	Chapter 7: Porous Media and Subsurface Flow Interfaces	Ideal Gas	ui	present	src/gui/Dialogs.cpp:232; src/emag/AvFormulation.hpp:7; src/combustion/LaminarFiniteRate.hpp:22
CFD-UG	Chapter 7: Porous Media and Subsurface Flow Interfaces	Dynamic Viscosity	materials	present	src/gui/Dialogs.cpp:232; src/emag/AvFormulation.hpp:7; src/adjoint/ContinuousAdjoint.hpp:42
CFD-UG	Chapter 7: Porous Media and Subsurface Flow Interfaces	Constitutive Relation	ui	present	src/multiphase/DriftFlux.hpp:10; src/multiphase/MixtureModel.hpp:6; src/gui/Dialogs.cpp:232
CFD-UG	Chapter 7: Porous Media and Subsurface Flow Interfaces	Inelastic Non-Newtonian	ui	present	src/materials/FluidsCatalog.hpp:4; src/gui/Dialogs.cpp:232; src/emag/AvFormulation.hpp:7
CFD-UG	Chapter 7: Porous Media and Subsurface Flow Interfaces	Location In User Interface	ui	present	src/gui/Dialogs.cpp:232; src/emag/AvFormulation.hpp:7; src/acoustics/CurleAcoustics.hpp:13
CFD-UG	Chapter 7: Porous Media and Subsurface Flow Interfaces	Porous Matrix	ui	present	src/gui/Dialogs.cpp:232; src/emag/AvFormulation.hpp:7; src/gui/Dialogs.cpp:368
CFD-UG	Chapter 7: Porous Media and Subsurface Flow Interfaces	The Darcy’S Law Interface	ui	present	src/gui/Dialogs.cpp:232; src/emag/AvFormulation.hpp:7; src/heat_transfer/Solidification.cpp:52
CFD-UG	Chapter 7: Porous Media and Subsurface Flow Interfaces	Model Input	ui	present	src/gui/Dialogs.cpp:232; src/emag/AvFormulation.hpp:7; src/gui/Dialogs.cpp:368
CFD-UG	Chapter 7: Porous Media and Subsurface Flow Interfaces	Matrix Properties	ui	present	src/gui/Dialogs.cpp:232; src/emag/AvFormulation.hpp:7; src/cad/CMakeLists.txt:42
CFD-UG	Chapter 7: Porous Media and Subsurface Flow Interfaces	Darcian Flow	ui	present	src/gui/Dialogs.cpp:232; src/emag/AvFormulation.hpp:7; src/gui/Dialogs.cpp:368
CFD-UG	Chapter 7: Porous Media and Subsurface Flow Interfaces	Non-Darcian Flow	ui	present	src/gui/Dialogs.cpp:232; src/emag/AvFormulation.hpp:7; src/gui/Dialogs.cpp:368
CFD-UG	Chapter 7: Porous Media and Subsurface Flow Interfaces	Note that some options are only available in some modules. For a detailed	ui	present	src/gui/Dialogs.cpp:232; src/emag/AvFormulation.hpp:7; src/gui/MainWindow.hpp:8
CFD-UG	Chapter 7: Porous Media and Subsurface Flow Interfaces	Retention Model	ui	present	src/gui/Dialogs.cpp:232; src/emag/AvFormulation.hpp:7; src/gui/Dialogs.cpp:368
CFD-UG	Chapter 7: Porous Media and Subsurface Flow Interfaces	For an Unsaturated Porous Medium select between the following options for the	ui	present	src/radiation/SurfaceToSurface.hpp:7; src/gui/Dialogs.cpp:232; src/emag/AvFormulation.hpp:7
CFD-UG	Chapter 7: Porous Media and Subsurface Flow Interfaces	The Darcy’S Law Interface	ui	present	src/gui/Dialogs.cpp:232; src/emag/AvFormulation.hpp:7; src/heat_transfer/Solidification.cpp:52
CFD-UG	Chapter 7: Porous Media and Subsurface Flow Interfaces	Location In User Interface	ui	present	src/gui/Dialogs.cpp:232; src/emag/AvFormulation.hpp:7; src/acoustics/CurleAcoustics.hpp:13
CFD-UG	Chapter 7: Porous Media and Subsurface Flow Interfaces	Unsaturated Porous Medium	ui	present	src/radiation/SurfaceToSurface.hpp:7; src/gui/Dialogs.cpp:232; src/emag/AvFormulation.hpp:7
CFD-UG	Chapter 7: Porous Media and Subsurface Flow Interfaces	The Unsaturated Porous Medium feature has two default subfeatures: the Fluid	ui	present	src/radiation/SurfaceToSurface.hpp:7; src/cad/FeatureEdges.cpp:148; src/gui/Dialogs.cpp:232
CFD-UG	Chapter 7: Porous Media and Subsurface Flow Interfaces	Coordinate System Selection	ui	present	src/gui/Dialogs.cpp:232; src/io/FaceBasedMeshReader.cpp:214; src/emag/AvFormulation.hpp:7
CFD-UG	Chapter 7: Porous Media and Subsurface Flow Interfaces	Storage Model	ui	present	src/gui/Dialogs.cpp:232; src/emag/AvFormulation.hpp:7; src/gui/Dialogs.cpp:368
CFD-UG	Chapter 7: Porous Media and Subsurface Flow Interfaces	The Darcy’S Law Interface	ui	present	src/gui/Dialogs.cpp:232; src/emag/AvFormulation.hpp:7; src/heat_transfer/Solidification.cpp:52
CFD-UG	Chapter 7: Porous Media and Subsurface Flow Interfaces	Location In User Interface	ui	present	src/gui/Dialogs.cpp:232; src/emag/AvFormulation.hpp:7; src/acoustics/CurleAcoustics.hpp:13
CFD-UG	Chapter 7: Porous Media and Subsurface Flow Interfaces	Ribbon	ui	present	src/gui/Dialogs.cpp:232; src/gui/MainWindow.hpp:6; src/emag/AvFormulation.hpp:7
CFD-UG	Chapter 7: Porous Media and Subsurface Flow Interfaces	Dual Porosity Medium	ui	present	src/radiation/SurfaceToSurface.hpp:7; src/heat_transfer/Solidification.hpp:4; src/gui/Dialogs.cpp:232
CFD-UG	Chapter 7: Porous Media and Subsurface Flow Interfaces	Coordinate System Selection	ui	present	src/gui/Dialogs.cpp:232; src/io/FaceBasedMeshReader.cpp:214; src/emag/AvFormulation.hpp:7
CFD-UG	Chapter 7: Porous Media and Subsurface Flow Interfaces	Storage Model	ui	present	src/gui/Dialogs.cpp:232; src/emag/AvFormulation.hpp:7; src/gui/Dialogs.cpp:368
CFD-UG	Chapter 7: Porous Media and Subsurface Flow Interfaces	Choose from a list one of the following formulations:	ui	present	src/meshing/AdvancingFrontSurface.hpp:11; src/gui/Dialogs.cpp:232; src/emag/AvFormulation.hpp:7
CFD-UG	Chapter 7: Porous Media and Subsurface Flow Interfaces	Interporosity Flow	ui	present	src/gui/Dialogs.cpp:232; src/emag/AvFormulation.hpp:7; src/gui/Dialogs.cpp:368
CFD-UG	Chapter 7: Porous Media and Subsurface Flow Interfaces	Note that some options are only available in some modules. For a detailed	ui	present	src/gui/Dialogs.cpp:232; src/emag/AvFormulation.hpp:7; src/gui/MainWindow.hpp:8
CFD-UG	Chapter 7: Porous Media and Subsurface Flow Interfaces	The Darcy’S Law Interface	ui	present	src/gui/Dialogs.cpp:232; src/emag/AvFormulation.hpp:7; src/heat_transfer/Solidification.cpp:52
CFD-UG	Chapter 7: Porous Media and Subsurface Flow Interfaces	Location In User Interface	ui	present	src/gui/Dialogs.cpp:232; src/emag/AvFormulation.hpp:7; src/acoustics/CurleAcoustics.hpp:13
CFD-UG	Chapter 7: Porous Media and Subsurface Flow Interfaces	Context Menus	ui	present	src/gui_core/PanelRegistry.hpp:25; src/gui/Dialogs.cpp:232; src/emag/AvFormulation.hpp:7
CFD-UG	Chapter 7: Porous Media and Subsurface Flow Interfaces	Dual Permeability Medium	ui	present	src/radiation/SurfaceToSurface.hpp:7; src/gui/Dialogs.cpp:232; src/emag/AvFormulation.hpp:35
CFD-UG	Chapter 7: Porous Media and Subsurface Flow Interfaces	Coordinate System Selection	ui	present	src/gui/Dialogs.cpp:232; src/io/FaceBasedMeshReader.cpp:214; src/emag/AvFormulation.hpp:7
CFD-UG	Chapter 7: Porous Media and Subsurface Flow Interfaces	Storage Model	ui	present	src/gui/Dialogs.cpp:232; src/emag/AvFormulation.hpp:7; src/gui/Dialogs.cpp:368
CFD-UG	Chapter 7: Porous Media and Subsurface Flow Interfaces	Interporosity Flow	ui	present	src/gui/Dialogs.cpp:232; src/emag/AvFormulation.hpp:7; src/gui/Dialogs.cpp:368
CFD-UG	Chapter 7: Porous Media and Subsurface Flow Interfaces	Note that some options are only available in some modules. For a detailed	ui	present	src/gui/Dialogs.cpp:232; src/emag/AvFormulation.hpp:7; src/gui/MainWindow.hpp:8
CFD-UG	Chapter 7: Porous Media and Subsurface Flow Interfaces	Location In User Interface	ui	present	src/gui/Dialogs.cpp:232; src/emag/AvFormulation.hpp:7; src/acoustics/CurleAcoustics.hpp:13
CFD-UG	Chapter 7: Porous Media and Subsurface Flow Interfaces	Context Menus	ui	present	src/gui_core/PanelRegistry.hpp:25; src/gui/Dialogs.cpp:232; src/emag/AvFormulation.hpp:7
CFD-UG	Chapter 7: Porous Media and Subsurface Flow Interfaces	The Darcy’S Law Interface	ui	present	src/gui/Dialogs.cpp:232; src/emag/AvFormulation.hpp:7; src/heat_transfer/Solidification.cpp:52
CFD-UG	Chapter 7: Porous Media and Subsurface Flow Interfaces	Unsaturated Dual Permeability Medium	ui	present	src/radiation/SurfaceToSurface.hpp:7; src/gui/Dialogs.cpp:232; src/emag/AvFormulation.hpp:35
CFD-UG	Chapter 7: Porous Media and Subsurface Flow Interfaces	Coordinate System Selection	ui	present	src/gui/Dialogs.cpp:232; src/io/FaceBasedMeshReader.cpp:214; src/emag/AvFormulation.hpp:7
CFD-UG	Chapter 7: Porous Media and Subsurface Flow Interfaces	Storage Model	ui	present	src/gui/Dialogs.cpp:232; src/emag/AvFormulation.hpp:7; src/gui/Dialogs.cpp:368
CFD-UG	Chapter 7: Porous Media and Subsurface Flow Interfaces	Interporosity Flow	ui	present	src/gui/Dialogs.cpp:232; src/emag/AvFormulation.hpp:7; src/gui/Dialogs.cpp:368
CFD-UG	Chapter 7: Porous Media and Subsurface Flow Interfaces	Location In User Interface	ui	present	src/gui/Dialogs.cpp:232; src/emag/AvFormulation.hpp:7; src/acoustics/CurleAcoustics.hpp:13
CFD-UG	Chapter 7: Porous Media and Subsurface Flow Interfaces	Context Menus	ui	present	src/gui_core/PanelRegistry.hpp:25; src/gui/Dialogs.cpp:232; src/emag/AvFormulation.hpp:7
CFD-UG	Chapter 7: Porous Media and Subsurface Flow Interfaces	The Darcy’S Law Interface	ui	present	src/gui/Dialogs.cpp:232; src/emag/AvFormulation.hpp:7; src/heat_transfer/Solidification.cpp:52
CFD-UG	Chapter 7: Porous Media and Subsurface Flow Interfaces	Macropores	scripting	present	src/gui/Dialogs.cpp:232; src/emag/AvFormulation.hpp:7; src/gui/Dialogs.cpp:368
CFD-UG	Chapter 7: Porous Media and Subsurface Flow Interfaces	Model Input	ui	present	src/gui/Dialogs.cpp:232; src/emag/AvFormulation.hpp:7; src/gui/Dialogs.cpp:368
CFD-UG	Chapter 7: Porous Media and Subsurface Flow Interfaces	Volume Fraction	ui	present	src/gui/Dialogs.cpp:232; src/emag/AvFormulation.hpp:7; src/gui/Dialogs.cpp:368
CFD-UG	Chapter 7: Porous Media and Subsurface Flow Interfaces	Matrix Properties	ui	present	src/gui/Dialogs.cpp:232; src/emag/AvFormulation.hpp:7; src/cad/CMakeLists.txt:42
CFD-UG	Chapter 7: Porous Media and Subsurface Flow Interfaces	Retention Model	ui	present	src/gui/Dialogs.cpp:232; src/emag/AvFormulation.hpp:7; src/gui/Dialogs.cpp:368
CFD-UG	Chapter 7: Porous Media and Subsurface Flow Interfaces	Location In User Interface	ui	present	src/gui/Dialogs.cpp:232; src/emag/AvFormulation.hpp:7; src/acoustics/CurleAcoustics.hpp:13
CFD-UG	Chapter 7: Porous Media and Subsurface Flow Interfaces	The Darcy’S Law Interface	ui	present	src/gui/Dialogs.cpp:232; src/emag/AvFormulation.hpp:7; src/heat_transfer/Solidification.cpp:52
CFD-UG	Chapter 7: Porous Media and Subsurface Flow Interfaces	Micropores	ui	present	src/gui/Dialogs.cpp:232; src/emag/AvFormulation.hpp:7; src/gui/Dialogs.cpp:368
CFD-UG	Chapter 7: Porous Media and Subsurface Flow Interfaces	Model Input	ui	present	src/gui/Dialogs.cpp:232; src/emag/AvFormulation.hpp:7; src/gui/Dialogs.cpp:368
CFD-UG	Chapter 7: Porous Media and Subsurface Flow Interfaces	Matrix Properties	ui	present	src/gui/Dialogs.cpp:232; src/emag/AvFormulation.hpp:7; src/cad/CMakeLists.txt:42
CFD-UG	Chapter 7: Porous Media and Subsurface Flow Interfaces	Retention Model	ui	present	src/gui/Dialogs.cpp:232; src/emag/AvFormulation.hpp:7; src/gui/Dialogs.cpp:368
CFD-UG	Chapter 7: Porous Media and Subsurface Flow Interfaces	Initial Values	ui	present	src/gui/Dialogs.cpp:232; src/emag/AvFormulation.hpp:7; src/gui/Dialogs.cpp:368
CFD-UG	Chapter 7: Porous Media and Subsurface Flow Interfaces	Location In User Interface	ui	present	src/gui/Dialogs.cpp:232; src/emag/AvFormulation.hpp:7; src/acoustics/CurleAcoustics.hpp:13
CFD-UG	Chapter 7: Porous Media and Subsurface Flow Interfaces	The Darcy’S Law Interface	ui	present	src/gui/Dialogs.cpp:232; src/emag/AvFormulation.hpp:7; src/heat_transfer/Solidification.cpp:52
CFD-UG	Chapter 7: Porous Media and Subsurface Flow Interfaces	Mass Source	ui	present	src/gui/Dialogs.cpp:232; src/emag/AvFormulation.hpp:7; src/gui/Dialogs.cpp:368
CFD-UG	Chapter 7: Porous Media and Subsurface Flow Interfaces	Mass Source	ui	present	src/gui/Dialogs.cpp:232; src/emag/AvFormulation.hpp:7; src/gui/Dialogs.cpp:368
CFD-UG	Chapter 7: Porous Media and Subsurface Flow Interfaces	Location In User Interface	ui	present	src/gui/Dialogs.cpp:232; src/emag/AvFormulation.hpp:7; src/acoustics/CurleAcoustics.hpp:13
CFD-UG	Chapter 7: Porous Media and Subsurface Flow Interfaces	Ribbon	ui	present	src/gui/Dialogs.cpp:232; src/gui/MainWindow.hpp:6; src/emag/AvFormulation.hpp:7
CFD-UG	Chapter 7: Porous Media and Subsurface Flow Interfaces	Contributing Velocity	ui	present	src/gui/Dialogs.cpp:232; src/emag/AvFormulation.hpp:7; src/gui/Dialogs.cpp:368
CFD-UG	Chapter 7: Porous Media and Subsurface Flow Interfaces	Coordinate System Selection	ui	present	src/gui/Dialogs.cpp:232; src/io/FaceBasedMeshReader.cpp:214; src/emag/AvFormulation.hpp:7
CFD-UG	Chapter 7: Porous Media and Subsurface Flow Interfaces	Contributing Velocity	ui	present	src/gui/Dialogs.cpp:232; src/emag/AvFormulation.hpp:7; src/gui/Dialogs.cpp:368
CFD-UG	Chapter 7: Porous Media and Subsurface Flow Interfaces	Advanced	ui	present	src/gui/Dialogs.cpp:232; src/emag/AvFormulation.hpp:7; src/combustion/TransportedPdf.hpp:8
CFD-UG	Chapter 7: Porous Media and Subsurface Flow Interfaces	Location In User Interface	ui	present	src/gui/Dialogs.cpp:232; src/emag/AvFormulation.hpp:7; src/acoustics/CurleAcoustics.hpp:13
CFD-UG	Chapter 7: Porous Media and Subsurface Flow Interfaces	Context Menus	ui	present	src/gui_core/PanelRegistry.hpp:25; src/gui/Dialogs.cpp:232; src/emag/AvFormulation.hpp:7
CFD-UG	Chapter 7: Porous Media and Subsurface Flow Interfaces	Ribbon	ui	present	src/gui/Dialogs.cpp:232; src/gui/MainWindow.hpp:6; src/emag/AvFormulation.hpp:7
CFD-UG	Chapter 7: Porous Media and Subsurface Flow Interfaces	Initial Values	ui	present	src/gui/Dialogs.cpp:232; src/emag/AvFormulation.hpp:7; src/gui/Dialogs.cpp:368
CFD-UG	Chapter 7: Porous Media and Subsurface Flow Interfaces	The Darcy’S Law Interface	ui	present	src/gui/Dialogs.cpp:232; src/emag/AvFormulation.hpp:7; src/heat_transfer/Solidification.cpp:52
CFD-UG	Chapter 7: Porous Media and Subsurface Flow Interfaces	H = Hp + D	ui	present	src/gui/Dialogs.cpp:232; src/emag/AvFormulation.hpp:7; src/gui/Dialogs.cpp:368
CFD-UG	Chapter 7: Porous Media and Subsurface Flow Interfaces	Initial Values	ui	present	src/gui/Dialogs.cpp:232; src/emag/AvFormulation.hpp:7; src/gui/Dialogs.cpp:368
CFD-UG	Chapter 7: Porous Media and Subsurface Flow Interfaces	Location In User Interface	ui	present	src/gui/Dialogs.cpp:232; src/emag/AvFormulation.hpp:7; src/acoustics/CurleAcoustics.hpp:13
CFD-UG	Chapter 7: Porous Media and Subsurface Flow Interfaces	Ribbon	ui	present	src/gui/Dialogs.cpp:232; src/gui/MainWindow.hpp:6; src/emag/AvFormulation.hpp:7
CFD-UG	Chapter 7: Porous Media and Subsurface Flow Interfaces	Gravity	ui	present	src/gui/Dialogs.cpp:232; src/emag/AvFormulation.hpp:7; src/dynamics/SixDof.cpp:72
CFD-UG	Chapter 7: Porous Media and Subsurface Flow Interfaces	Coordinate System Selection	ui	present	src/gui/Dialogs.cpp:232; src/io/FaceBasedMeshReader.cpp:214; src/emag/AvFormulation.hpp:7
CFD-UG	Chapter 7: Porous Media and Subsurface Flow Interfaces	Gravity	ui	present	src/gui/Dialogs.cpp:232; src/emag/AvFormulation.hpp:7; src/dynamics/SixDof.cpp:72
CFD-UG	Chapter 7: Porous Media and Subsurface Flow Interfaces	Location In User Interface	ui	present	src/gui/Dialogs.cpp:232; src/emag/AvFormulation.hpp:7; src/acoustics/CurleAcoustics.hpp:13
CFD-UG	Chapter 7: Porous Media and Subsurface Flow Interfaces	Cross Section	ui	present	src/gui/Dialogs.cpp:232; src/emag/AvFormulation.hpp:7; src/gui/Dialogs.cpp:368
CFD-UG	Chapter 7: Porous Media and Subsurface Flow Interfaces	Cross Section	ui	present	src/gui/Dialogs.cpp:232; src/emag/AvFormulation.hpp:7; src/gui/Dialogs.cpp:368
CFD-UG	Chapter 7: Porous Media and Subsurface Flow Interfaces	The Darcy’S Law Interface	ui	present	src/gui/Dialogs.cpp:232; src/emag/AvFormulation.hpp:7; src/heat_transfer/Solidification.cpp:52
CFD-UG	Chapter 7: Porous Media and Subsurface Flow Interfaces	Location In User Interface	ui	present	src/gui/Dialogs.cpp:232; src/emag/AvFormulation.hpp:7; src/acoustics/CurleAcoustics.hpp:13
CFD-UG	Chapter 7: Porous Media and Subsurface Flow Interfaces	Ribbon	ui	present	src/gui/Dialogs.cpp:232; src/gui/MainWindow.hpp:6; src/emag/AvFormulation.hpp:7
CFD-UG	Chapter 7: Porous Media and Subsurface Flow Interfaces	Thickness	ui	present	src/gui/Dialogs.cpp:232; src/emag/AvFormulation.hpp:7; src/acoustics/FwhSurface.cpp:142
CFD-UG	Chapter 7: Porous Media and Subsurface Flow Interfaces	Thickness	ui	present	src/gui/Dialogs.cpp:232; src/emag/AvFormulation.hpp:7; src/acoustics/FwhSurface.cpp:142
CFD-UG	Chapter 7: Porous Media and Subsurface Flow Interfaces	Location In User Interface	ui	present	src/gui/Dialogs.cpp:232; src/emag/AvFormulation.hpp:7; src/acoustics/CurleAcoustics.hpp:13
CFD-UG	Chapter 7: Porous Media and Subsurface Flow Interfaces	Ribbon	ui	present	src/gui/Dialogs.cpp:232; src/gui/MainWindow.hpp:6; src/emag/AvFormulation.hpp:7
CFD-UG	Chapter 7: Porous Media and Subsurface Flow Interfaces	Porous Electrode Coupling	ui	present	src/emag/Mhd.hpp:39; src/gui/Dialogs.cpp:232; src/emag/AvFormulation.hpp:7
CFD-UG	Chapter 7: Porous Media and Subsurface Flow Interfaces	Species	ui	present	src/gui/Dialogs.cpp:232; src/emag/AvFormulation.hpp:7; src/gui/Dialogs.cpp:368
CFD-UG	Chapter 7: Porous Media and Subsurface Flow Interfaces	Location In User Interface	ui	present	src/gui/Dialogs.cpp:232; src/emag/AvFormulation.hpp:7; src/acoustics/CurleAcoustics.hpp:13
CFD-UG	Chapter 7: Porous Media and Subsurface Flow Interfaces	Ribbon	ui	present	src/gui/Dialogs.cpp:232; src/gui/MainWindow.hpp:6; src/emag/AvFormulation.hpp:7
CFD-UG	Chapter 7: Porous Media and Subsurface Flow Interfaces	Electrode Surface Coupling	ui	present	src/emag/Mhd.hpp:39; src/gui/Dialogs.cpp:232; src/emag/AvFormulation.hpp:7
CFD-UG	Chapter 7: Porous Media and Subsurface Flow Interfaces	Species	ui	present	src/gui/Dialogs.cpp:232; src/emag/AvFormulation.hpp:7; src/gui/Dialogs.cpp:368
CFD-UG	Chapter 7: Porous Media and Subsurface Flow Interfaces	The Darcy’S Law Interface	ui	present	src/gui/Dialogs.cpp:232; src/emag/AvFormulation.hpp:7; src/heat_transfer/Solidification.cpp:52
CFD-UG	Chapter 7: Porous Media and Subsurface Flow Interfaces	Location In User Interface	ui	present	src/gui/Dialogs.cpp:232; src/emag/AvFormulation.hpp:7; src/acoustics/CurleAcoustics.hpp:13
CFD-UG	Chapter 7: Porous Media and Subsurface Flow Interfaces	Ribbon	ui	present	src/gui/Dialogs.cpp:232; src/gui/MainWindow.hpp:6; src/emag/AvFormulation.hpp:7
CFD-UG	Chapter 7: Porous Media and Subsurface Flow Interfaces	Pressure	ui	present	src/gui/Dialogs.cpp:232; src/emag/AvFormulation.hpp:7; src/gui/Dialogs.cpp:368
CFD-UG	Chapter 7: Porous Media and Subsurface Flow Interfaces	Pair Selection	ui	present	src/gui/Dialogs.cpp:232; src/emag/AvFormulation.hpp:7; src/gui/Dialogs.cpp:368
CFD-UG	Chapter 7: Porous Media and Subsurface Flow Interfaces	Pressure	ui	present	src/gui/Dialogs.cpp:232; src/emag/AvFormulation.hpp:7; src/gui/Dialogs.cpp:368
CFD-UG	Chapter 7: Porous Media and Subsurface Flow Interfaces	Constraint Settings	ui	present	src/gui/Dialogs.cpp:232; src/meshing/AmrAdaptor.hpp:8; src/emag/AvFormulation.hpp:7
CFD-UG	Chapter 7: Porous Media and Subsurface Flow Interfaces	Location In User Interface	ui	present	src/gui/Dialogs.cpp:232; src/emag/AvFormulation.hpp:7; src/acoustics/CurleAcoustics.hpp:13
CFD-UG	Chapter 7: Porous Media and Subsurface Flow Interfaces	Ribbon	ui	present	src/gui/Dialogs.cpp:232; src/gui/MainWindow.hpp:6; src/emag/AvFormulation.hpp:7
CFD-UG	Chapter 7: Porous Media and Subsurface Flow Interfaces	Mass Flux	ui	present	src/gui/Dialogs.cpp:232; src/emag/AvFormulation.hpp:7; src/gui/Dialogs.cpp:368
CFD-UG	Chapter 7: Porous Media and Subsurface Flow Interfaces	Mass Flux	ui	present	src/gui/Dialogs.cpp:232; src/emag/AvFormulation.hpp:7; src/gui/Dialogs.cpp:368
CFD-UG	Chapter 7: Porous Media and Subsurface Flow Interfaces	Enter a value or expression for the Inward mass flux N0. A positive value of N0	scripting	present	src/gui/PythonConsolePanel.cpp:74; src/meshing/PrismLayerExtruder.hpp:39; src/gui/Dialogs.cpp:232
CFD-UG	Chapter 7: Porous Media and Subsurface Flow Interfaces	The Darcy’S Law Interface	ui	present	src/gui/Dialogs.cpp:232; src/emag/AvFormulation.hpp:7; src/heat_transfer/Solidification.cpp:52
CFD-UG	Chapter 7: Porous Media and Subsurface Flow Interfaces	Location In User Interface	ui	present	src/gui/Dialogs.cpp:232; src/emag/AvFormulation.hpp:7; src/acoustics/CurleAcoustics.hpp:13
CFD-UG	Chapter 7: Porous Media and Subsurface Flow Interfaces	Ribbon	ui	present	src/gui/Dialogs.cpp:232; src/gui/MainWindow.hpp:6; src/emag/AvFormulation.hpp:7
CFD-UG	Chapter 7: Porous Media and Subsurface Flow Interfaces	Line Mass Source	ui	present	src/gui/Dialogs.cpp:232; src/emag/AvFormulation.hpp:7; src/gui/Dialogs.cpp:368
CFD-UG	Chapter 7: Porous Media and Subsurface Flow Interfaces	Selection	ui	present	src/gui/Dialogs.cpp:232; src/emag/AvFormulation.hpp:7; src/gui/Dialogs.cpp:368
CFD-UG	Chapter 7: Porous Media and Subsurface Flow Interfaces	Model Dimension	ui	present	src/gui/Dialogs.cpp:232; src/emag/AvFormulation.hpp:7; src/gui/Dialogs.cpp:368
CFD-UG	Chapter 7: Porous Media and Subsurface Flow Interfaces	Applicable Geometrical Entity	ui	present	src/gui/Dialogs.cpp:232; src/emag/AvFormulation.hpp:7; src/gui/Dialogs.cpp:368
CFD-UG	Chapter 7: Porous Media and Subsurface Flow Interfaces	Line Mass Source	ui	present	src/gui/Dialogs.cpp:232; src/emag/AvFormulation.hpp:7; src/gui/Dialogs.cpp:368
CFD-UG	Chapter 7: Porous Media and Subsurface Flow Interfaces	Fracture Flow	ui	present	src/gui/Dialogs.cpp:232; src/emag/AvFormulation.hpp:7; src/gui/Dialogs.cpp:368
CFD-UG	Chapter 7: Porous Media and Subsurface Flow Interfaces	Location In User Interface	ui	present	src/gui/Dialogs.cpp:232; src/emag/AvFormulation.hpp:7; src/acoustics/CurleAcoustics.hpp:13
CFD-UG	Chapter 7: Porous Media and Subsurface Flow Interfaces	Point Mass Source	ui	present	src/gui/Dialogs.cpp:232; src/emag/AvFormulation.hpp:7; src/gui/Dialogs.cpp:368
CFD-UG	Chapter 7: Porous Media and Subsurface Flow Interfaces	Point Mass Source	ui	present	src/gui/Dialogs.cpp:232; src/emag/AvFormulation.hpp:7; src/gui/Dialogs.cpp:368
CFD-UG	Chapter 7: Porous Media and Subsurface Flow Interfaces	Location In User Interface	ui	present	src/gui/Dialogs.cpp:232; src/emag/AvFormulation.hpp:7; src/acoustics/CurleAcoustics.hpp:13
CFD-UG	Chapter 7: Porous Media and Subsurface Flow Interfaces	The Darcy’S Law Interface	ui	present	src/gui/Dialogs.cpp:232; src/emag/AvFormulation.hpp:7; src/heat_transfer/Solidification.cpp:52
CFD-UG	Chapter 7: Porous Media and Subsurface Flow Interfaces	Inlet	bc	present	src/gui/Dialogs.cpp:232; src/emag/AvFormulation.hpp:7; src/gui/Dialogs.cpp:368
CFD-UG	Chapter 7: Porous Media and Subsurface Flow Interfaces	Velocity	ui	present	src/gui/Dialogs.cpp:232; src/emag/AvFormulation.hpp:7; src/gui/Dialogs.cpp:368
CFD-UG	Chapter 7: Porous Media and Subsurface Flow Interfaces	Pressure	ui	present	src/gui/Dialogs.cpp:232; src/emag/AvFormulation.hpp:7; src/gui/Dialogs.cpp:368
CFD-UG	Chapter 7: Porous Media and Subsurface Flow Interfaces	Mass Flow	ui	present	src/gui/Dialogs.cpp:232; src/emag/AvFormulation.hpp:7; src/gui/Dialogs.cpp:368
CFD-UG	Chapter 7: Porous Media and Subsurface Flow Interfaces	Constraint Settings	ui	present	src/gui/Dialogs.cpp:232; src/meshing/AmrAdaptor.hpp:8; src/emag/AvFormulation.hpp:7
CFD-UG	Chapter 7: Porous Media and Subsurface Flow Interfaces	Location In User Interface	ui	present	src/gui/Dialogs.cpp:232; src/emag/AvFormulation.hpp:7; src/acoustics/CurleAcoustics.hpp:13
CFD-UG	Chapter 7: Porous Media and Subsurface Flow Interfaces	Ribbon	ui	present	src/gui/Dialogs.cpp:232; src/gui/MainWindow.hpp:6; src/emag/AvFormulation.hpp:7
CFD-UG	Chapter 7: Porous Media and Subsurface Flow Interfaces	The Darcy’S Law Interface	ui	present	src/gui/Dialogs.cpp:232; src/emag/AvFormulation.hpp:7; src/heat_transfer/Solidification.cpp:52
CFD-UG	Chapter 7: Porous Media and Subsurface Flow Interfaces	Symmetry	bc	present	src/gui/Dialogs.cpp:232; src/emag/AvFormulation.hpp:7; src/gui/Dialogs.cpp:368
CFD-UG	Chapter 7: Porous Media and Subsurface Flow Interfaces	Location In User Interface	ui	present	src/gui/Dialogs.cpp:232; src/emag/AvFormulation.hpp:7; src/acoustics/CurleAcoustics.hpp:13
CFD-UG	Chapter 7: Porous Media and Subsurface Flow Interfaces	Ribbon	ui	present	src/gui/Dialogs.cpp:232; src/gui/MainWindow.hpp:6; src/emag/AvFormulation.hpp:7
CFD-UG	Chapter 7: Porous Media and Subsurface Flow Interfaces	No Flow	ui	present	src/gui/Dialogs.cpp:232; src/emag/AvFormulation.hpp:7; src/gui/Dialogs.cpp:368
CFD-UG	Chapter 7: Porous Media and Subsurface Flow Interfaces	Location In User Interface	ui	present	src/gui/Dialogs.cpp:232; src/emag/AvFormulation.hpp:7; src/acoustics/CurleAcoustics.hpp:13
CFD-UG	Chapter 7: Porous Media and Subsurface Flow Interfaces	Ribbon	ui	present	src/gui/Dialogs.cpp:232; src/gui/MainWindow.hpp:6; src/emag/AvFormulation.hpp:7
CFD-UG	Chapter 7: Porous Media and Subsurface Flow Interfaces	Flux Discontinuity	ui	present	src/gui/Dialogs.cpp:232; src/emag/AvFormulation.hpp:7; src/gui/Dialogs.cpp:368
CFD-UG	Chapter 7: Porous Media and Subsurface Flow Interfaces	Mass Flux	ui	present	src/gui/Dialogs.cpp:232; src/emag/AvFormulation.hpp:7; src/gui/Dialogs.cpp:368
CFD-UG	Chapter 7: Porous Media and Subsurface Flow Interfaces	Location In User Interface	ui	present	src/gui/Dialogs.cpp:232; src/emag/AvFormulation.hpp:7; src/acoustics/CurleAcoustics.hpp:13
CFD-UG	Chapter 7: Porous Media and Subsurface Flow Interfaces	The Darcy’S Law Interface	ui	present	src/gui/Dialogs.cpp:232; src/emag/AvFormulation.hpp:7; src/heat_transfer/Solidification.cpp:52
CFD-UG	Chapter 7: Porous Media and Subsurface Flow Interfaces	Outlet	bc	present	src/gui/Dialogs.cpp:232; src/emag/AvFormulation.hpp:7; src/gui/Dialogs.cpp:368
CFD-UG	Chapter 7: Porous Media and Subsurface Flow Interfaces	Velocity	ui	present	src/gui/Dialogs.cpp:232; src/emag/AvFormulation.hpp:7; src/gui/Dialogs.cpp:368
CFD-UG	Chapter 7: Porous Media and Subsurface Flow Interfaces	Pressure	ui	present	src/gui/Dialogs.cpp:232; src/emag/AvFormulation.hpp:7; src/gui/Dialogs.cpp:368
CFD-UG	Chapter 7: Porous Media and Subsurface Flow Interfaces	Discharge	ui	present	src/particles/BlobInjector.hpp:11; src/gui/Dialogs.cpp:232; src/emag/AvFormulation.hpp:7
CFD-UG	Chapter 7: Porous Media and Subsurface Flow Interfaces	Location In User Interface	ui	present	src/gui/Dialogs.cpp:232; src/emag/AvFormulation.hpp:7; src/acoustics/CurleAcoustics.hpp:13
CFD-UG	Chapter 7: Porous Media and Subsurface Flow Interfaces	Ribbon	ui	present	src/gui/Dialogs.cpp:232; src/gui/MainWindow.hpp:6; src/emag/AvFormulation.hpp:7
CFD-UG	Chapter 7: Porous Media and Subsurface Flow Interfaces	Precipitation	ui	present	src/gui/Dialogs.cpp:232; src/emag/AvFormulation.hpp:7; src/gui/Dialogs.cpp:368
CFD-UG	Chapter 7: Porous Media and Subsurface Flow Interfaces	Location In User Interface	ui	present	src/gui/Dialogs.cpp:232; src/emag/AvFormulation.hpp:7; src/acoustics/CurleAcoustics.hpp:13
CFD-UG	Chapter 7: Porous Media and Subsurface Flow Interfaces	Periodic Condition	bc	present	src/gui/Dialogs.cpp:232; src/emag/AvFormulation.hpp:7; src/core/BoundaryConditionRegistry.hpp:13
CFD-UG	Chapter 7: Porous Media and Subsurface Flow Interfaces	Flow Condition	ui	present	src/gui/Dialogs.cpp:232; src/emag/AvFormulation.hpp:7; src/core/BoundaryConditionRegistry.hpp:13
CFD-UG	Chapter 7: Porous Media and Subsurface Flow Interfaces	The Darcy’S Law Interface	ui	present	src/gui/Dialogs.cpp:232; src/emag/AvFormulation.hpp:7; src/heat_transfer/Solidification.cpp:52
CFD-UG	Chapter 7: Porous Media and Subsurface Flow Interfaces	Boundary Selection And Orientation	ui	present	src/gui/Dialogs.cpp:232; src/emag/AvFormulation.hpp:7; src/gui/Dialogs.cpp:368
CFD-UG	Chapter 7: Porous Media and Subsurface Flow Interfaces	The software usually automatically identifies the boundaries as either	ui	present	src/solver/SimpleAlgorithm.hpp:47; src/visualization/SceneGraph.hpp:10; src/gui/Dialogs.cpp:232
CFD-UG	Chapter 7: Porous Media and Subsurface Flow Interfaces	Interior Wall	bc	present	src/gui/Dialogs.cpp:232; src/emag/AvFormulation.hpp:7; src/gui/Dialogs.cpp:368
CFD-UG	Chapter 7: Porous Media and Subsurface Flow Interfaces	Location In User Interface	ui	present	src/gui/Dialogs.cpp:232; src/emag/AvFormulation.hpp:7; src/acoustics/CurleAcoustics.hpp:13
CFD-UG	Chapter 7: Porous Media and Subsurface Flow Interfaces	Barrier	ui	present	src/gui/Dialogs.cpp:232; src/parallel/MpiContext.cpp:145; src/emag/AvFormulation.hpp:7
CFD-UG	Chapter 7: Porous Media and Subsurface Flow Interfaces	WALL	ui	present	src/gui/Dialogs.cpp:232; src/emag/AvFormulation.hpp:7; src/gui/Dialogs.cpp:368
CFD-UG	Chapter 7: Porous Media and Subsurface Flow Interfaces	Location In User Interface	ui	present	src/gui/Dialogs.cpp:232; src/emag/AvFormulation.hpp:7; src/acoustics/CurleAcoustics.hpp:13
CFD-UG	Chapter 7: Porous Media and Subsurface Flow Interfaces	Pressure Head	ui	present	src/gui/Dialogs.cpp:232; src/emag/AvFormulation.hpp:7; src/gui/SolverMonitorPanel.cpp:39
CFD-UG	Chapter 7: Porous Media and Subsurface Flow Interfaces	Pressure Head	ui	present	src/gui/Dialogs.cpp:232; src/emag/AvFormulation.hpp:7; src/gui/SolverMonitorPanel.cpp:39
CFD-UG	Chapter 7: Porous Media and Subsurface Flow Interfaces	Constraint Settings	ui	present	src/gui/Dialogs.cpp:232; src/meshing/AmrAdaptor.hpp:8; src/emag/AvFormulation.hpp:7
CFD-UG	Chapter 7: Porous Media and Subsurface Flow Interfaces	Location In User Interface	ui	present	src/gui/Dialogs.cpp:232; src/emag/AvFormulation.hpp:7; src/acoustics/CurleAcoustics.hpp:13
CFD-UG	Chapter 7: Porous Media and Subsurface Flow Interfaces	The Darcy’S Law Interface	ui	present	src/gui/Dialogs.cpp:232; src/emag/AvFormulation.hpp:7; src/heat_transfer/Solidification.cpp:52
CFD-UG	Chapter 7: Porous Media and Subsurface Flow Interfaces	Pairs > Pressure Head	ui	present	src/gui/Dialogs.cpp:232; src/emag/AvFormulation.hpp:7; src/gui/SolverMonitorPanel.cpp:39
CFD-UG	Chapter 7: Porous Media and Subsurface Flow Interfaces	Hydraulic Head	ui	present	src/gui/Dialogs.cpp:232; src/emag/AvFormulation.hpp:7; src/gui/SolverMonitorPanel.cpp:39
CFD-UG	Chapter 7: Porous Media and Subsurface Flow Interfaces	Hydraulic Head	ui	present	src/gui/Dialogs.cpp:232; src/emag/AvFormulation.hpp:7; src/gui/SolverMonitorPanel.cpp:39
CFD-UG	Chapter 7: Porous Media and Subsurface Flow Interfaces	Constraint Settings	ui	present	src/gui/Dialogs.cpp:232; src/meshing/AmrAdaptor.hpp:8; src/emag/AvFormulation.hpp:7
CFD-UG	Chapter 7: Porous Media and Subsurface Flow Interfaces	Location In User Interface	ui	present	src/gui/Dialogs.cpp:232; src/emag/AvFormulation.hpp:7; src/acoustics/CurleAcoustics.hpp:13
CFD-UG	Chapter 7: Porous Media and Subsurface Flow Interfaces	Atmosphere/Gauge	ui	present	src/acoustics/FwhSurface.hpp:86; src/gui/Dialogs.cpp:232; src/emag/AvFormulation.hpp:7
CFD-UG	Chapter 7: Porous Media and Subsurface Flow Interfaces	Constraint Settings	ui	present	src/gui/Dialogs.cpp:232; src/meshing/AmrAdaptor.hpp:8; src/emag/AvFormulation.hpp:7
CFD-UG	Chapter 7: Porous Media and Subsurface Flow Interfaces	Location In User Interface	ui	present	src/gui/Dialogs.cpp:232; src/emag/AvFormulation.hpp:7; src/acoustics/CurleAcoustics.hpp:13
CFD-UG	Chapter 7: Porous Media and Subsurface Flow Interfaces	Pervious Layer	ui	present	src/gui/Dialogs.cpp:232; src/emag/AvFormulation.hpp:7; src/gui/Dialogs.cpp:368
CFD-UG	Chapter 7: Porous Media and Subsurface Flow Interfaces	The Darcy’S Law Interface	ui	present	src/gui/Dialogs.cpp:232; src/emag/AvFormulation.hpp:7; src/heat_transfer/Solidification.cpp:52
CFD-UG	Chapter 7: Porous Media and Subsurface Flow Interfaces	Hb is the hydraulic head (SI unit: m) at the edge of the layer.	ui	present	src/gui/Dialogs.cpp:232; src/emag/AvFormulation.hpp:7; src/gui/SolverMonitorPanel.cpp:39
CFD-UG	Chapter 7: Porous Media and Subsurface Flow Interfaces	Pervious Layer	ui	present	src/gui/Dialogs.cpp:232; src/emag/AvFormulation.hpp:7; src/gui/Dialogs.cpp:368
CFD-UG	Chapter 7: Porous Media and Subsurface Flow Interfaces	Location In User Interface	ui	present	src/gui/Dialogs.cpp:232; src/emag/AvFormulation.hpp:7; src/acoustics/CurleAcoustics.hpp:13
CFD-UG	Chapter 7: Porous Media and Subsurface Flow Interfaces	Well	ui	present	src/gui/Dialogs.cpp:232; src/gpu/DeviceMemoryPool.hpp:33; src/emag/AvFormulation.hpp:7
CFD-UG	Chapter 7: Porous Media and Subsurface Flow Interfaces	Location In User Interface	ui	present	src/gui/Dialogs.cpp:232; src/emag/AvFormulation.hpp:7; src/acoustics/CurleAcoustics.hpp:13
CFD-UG	Chapter 7: Porous Media and Subsurface Flow Interfaces	Fracture	ui	present	src/gui/Dialogs.cpp:232; src/emag/AvFormulation.hpp:7; src/gui/Dialogs.cpp:368
CFD-UG	Chapter 7: Porous Media and Subsurface Flow Interfaces	The Darcy’S Law Interface	ui	present	src/gui/Dialogs.cpp:232; src/emag/AvFormulation.hpp:7; src/heat_transfer/Solidification.cpp:52
CFD-UG	Chapter 7: Porous Media and Subsurface Flow Interfaces	Coordinate System Selection	ui	present	src/gui/Dialogs.cpp:232; src/io/FaceBasedMeshReader.cpp:214; src/emag/AvFormulation.hpp:7
CFD-UG	Chapter 7: Porous Media and Subsurface Flow Interfaces	Aperture	ui	present	src/gui/Dialogs.cpp:232; src/emag/AvFormulation.hpp:7; src/gui/Dialogs.cpp:368
CFD-UG	Chapter 7: Porous Media and Subsurface Flow Interfaces	Flow Model	ui	present	src/gui/Dialogs.cpp:232; src/emag/AvFormulation.hpp:7; src/gui/Dialogs.cpp:368
CFD-UG	Chapter 7: Porous Media and Subsurface Flow Interfaces	Storage Model	ui	present	src/gui/Dialogs.cpp:232; src/emag/AvFormulation.hpp:7; src/gui/Dialogs.cpp:368
CFD-UG	Chapter 7: Porous Media and Subsurface Flow Interfaces	S = ε p χ f + ( 1 – ε p )χ p	ui	present	src/gui/Dialogs.cpp:232; src/emag/AvFormulation.hpp:7; src/gui/Dialogs.cpp:368
CFD-UG	Chapter 7: Porous Media and Subsurface Flow Interfaces	Fracture Model	ui	present	src/gui/Dialogs.cpp:232; src/emag/AvFormulation.hpp:7; src/gui/Dialogs.cpp:368
CFD-UG	Chapter 7: Porous Media and Subsurface Flow Interfaces	The Darcy’S Law Interface	ui	present	src/gui/Dialogs.cpp:232; src/emag/AvFormulation.hpp:7; src/heat_transfer/Solidification.cpp:52
CFD-UG	Chapter 7: Porous Media and Subsurface Flow Interfaces	Location In User Interface	ui	present	src/gui/Dialogs.cpp:232; src/emag/AvFormulation.hpp:7; src/acoustics/CurleAcoustics.hpp:13
CFD-UG	Chapter 7: Porous Media and Subsurface Flow Interfaces	Ribbon	ui	present	src/gui/Dialogs.cpp:232; src/gui/MainWindow.hpp:6; src/emag/AvFormulation.hpp:7
CFD-UG	Chapter 7: Porous Media and Subsurface Flow Interfaces	Fluid (Fracture)	ui	present	src/gui/Dialogs.cpp:232; src/emag/AvFormulation.hpp:7; src/gui/Dialogs.cpp:368
CFD-UG	Chapter 7: Porous Media and Subsurface Flow Interfaces	Model Input	ui	present	src/gui/Dialogs.cpp:232; src/emag/AvFormulation.hpp:7; src/gui/Dialogs.cpp:368
CFD-UG	Chapter 7: Porous Media and Subsurface Flow Interfaces	Fluid Properties	materials	present	src/gui/Dialogs.cpp:232; src/emag/AvFormulation.hpp:7; src/cad/CMakeLists.txt:42
CFD-UG	Chapter 7: Porous Media and Subsurface Flow Interfaces	Gas/Liquid	ui	present	src/gui/Dialogs.cpp:232; src/emag/AvFormulation.hpp:7; src/gui/Dialogs.cpp:368
CFD-UG	Chapter 7: Porous Media and Subsurface Flow Interfaces	Ideal Gas	ui	present	src/gui/Dialogs.cpp:232; src/emag/AvFormulation.hpp:7; src/combustion/LaminarFiniteRate.hpp:22
CFD-UG	Chapter 7: Porous Media and Subsurface Flow Interfaces	Location In User Interface	ui	present	src/gui/Dialogs.cpp:232; src/emag/AvFormulation.hpp:7; src/acoustics/CurleAcoustics.hpp:13
CFD-UG	Chapter 7: Porous Media and Subsurface Flow Interfaces	Fracture Material	materials	present	src/gui/Dialogs.cpp:232; src/emag/AvFormulation.hpp:7; src/gui/Dialogs.cpp:368
CFD-UG	Chapter 7: Porous Media and Subsurface Flow Interfaces	Model Input	ui	present	src/gui/Dialogs.cpp:232; src/emag/AvFormulation.hpp:7; src/gui/Dialogs.cpp:368
CFD-UG	Chapter 7: Porous Media and Subsurface Flow Interfaces	The Darcy’S Law Interface	ui	present	src/gui/Dialogs.cpp:232; src/emag/AvFormulation.hpp:7; src/heat_transfer/Solidification.cpp:52
CFD-UG	Chapter 7: Porous Media and Subsurface Flow Interfaces	Barrier Properties	ui	present	src/gui/Dialogs.cpp:232; src/parallel/MpiContext.cpp:145; src/emag/AvFormulation.hpp:7
CFD-UG	Chapter 7: Porous Media and Subsurface Flow Interfaces	Fracture Material Properties	materials	present	src/gui/Dialogs.cpp:232; src/emag/AvFormulation.hpp:7; src/cad/CMakeLists.txt:42
CFD-UG	Chapter 7: Porous Media and Subsurface Flow Interfaces	Location In User Interface	ui	present	src/gui/Dialogs.cpp:232; src/emag/AvFormulation.hpp:7; src/acoustics/CurleAcoustics.hpp:13
CFD-UG	Chapter 7: Porous Media and Subsurface Flow Interfaces	Context Menus	ui	present	src/gui_core/PanelRegistry.hpp:25; src/gui/Dialogs.cpp:232; src/emag/AvFormulation.hpp:7
CFD-UG	Chapter 7: Porous Media and Subsurface Flow Interfaces	The Darcy’S Law Interface	ui	present	src/gui/Dialogs.cpp:232; src/emag/AvFormulation.hpp:7; src/heat_transfer/Solidification.cpp:52
CFD-UG	Chapter 7: Porous Media and Subsurface Flow Interfaces	The Brinkman Equations Interface	ui	present	src/gui/Dialogs.cpp:232; src/emag/AvFormulation.hpp:7; src/gui/Dialogs.cpp:368
CFD-UG	Chapter 7: Porous Media and Subsurface Flow Interfaces	Settings	ui	n/a	
CFD-UG	Chapter 7: Porous Media and Subsurface Flow Interfaces	Physical Model	ui	present	src/gui/Dialogs.cpp:232; src/emag/AvFormulation.hpp:7; src/gui/Dialogs.cpp:368
CFD-UG	Chapter 7: Porous Media and Subsurface Flow Interfaces	Compressibility	ui	present	src/gui/Dialogs.cpp:232; src/emag/AvFormulation.hpp:7; src/gui/Dialogs.cpp:368
CFD-UG	Chapter 7: Porous Media and Subsurface Flow Interfaces	Swirl Flow	ui	present	src/particles/ConeInjector.cpp:36; src/gui/Dialogs.cpp:232; src/emag/AvFormulation.hpp:7
CFD-UG	Chapter 7: Porous Media and Subsurface Flow Interfaces	Neglect Inertial Term (Stokes–Brinkman Flow)	ui	present	src/gui/Dialogs.cpp:232; src/dynamics/SixDofCoupler.hpp:17; src/emag/AvFormulation.hpp:7
CFD-UG	Chapter 7: Porous Media and Subsurface Flow Interfaces	Include Gravity	ui	present	src/gui/Dialogs.cpp:232; src/emag/AvFormulation.hpp:7; src/dynamics/SixDof.cpp:72
CFD-UG	Chapter 7: Porous Media and Subsurface Flow Interfaces	Rotating Frame	dynamic	present	src/gui/Dialogs.cpp:232; src/emag/AvFormulation.hpp:7; src/gui/Dialogs.cpp:368
CFD-UG	Chapter 7: Porous Media and Subsurface Flow Interfaces	Include Buoyancy-Induced Turbulence	turbulence	present	src/gui/Dialogs.cpp:232; src/emag/AvFormulation.hpp:7; src/emag/Mhd.hpp:14
CFD-UG	Chapter 7: Porous Media and Subsurface Flow Interfaces	Porous Treatment of No Slip Condition	ui	present	src/multiphase/VolumeOfFluid.hpp:10; src/gui/Dialogs.cpp:232; src/emag/AvFormulation.hpp:7
CFD-UG	Chapter 7: Porous Media and Subsurface Flow Interfaces	Reference Pressure Level	ui	present	src/gui/Dialogs.cpp:232; src/emag/AvFormulation.hpp:7; src/gui/Dialogs.cpp:368
CFD-UG	Chapter 7: Porous Media and Subsurface Flow Interfaces	Reference Temperature Level	ui	present	src/gui/Dialogs.cpp:232; src/emag/AvFormulation.hpp:7; src/gui/Dialogs.cpp:368
CFD-UG	Chapter 7: Porous Media and Subsurface Flow Interfaces	Reference Position	ui	present	src/gui/Dialogs.cpp:232; src/emag/AvFormulation.hpp:7; src/gui/Dialogs.cpp:368
CFD-UG	Chapter 7: Porous Media and Subsurface Flow Interfaces	Turbulence	turbulence	present	src/gui/Dialogs.cpp:232; src/emag/AvFormulation.hpp:7; src/gui/Dialogs.cpp:368
CFD-UG	Chapter 7: Porous Media and Subsurface Flow Interfaces	Dependent Variables	ui	present	src/gui/Dialogs.cpp:232; src/emag/AvFormulation.hpp:7; src/io/CgnsWriter.cpp:14
CFD-UG	Chapter 7: Porous Media and Subsurface Flow Interfaces	Advanced Settings	ui	present	src/gui/Dialogs.cpp:232; src/emag/AvFormulation.hpp:7; src/combustion/TransportedPdf.hpp:8
CFD-UG	Chapter 7: Porous Media and Subsurface Flow Interfaces	In the COMSOL Multiphysics Reference Manual see Table 2-4 for links	ui	present	src/gui/Dialogs.cpp:232; src/emag/AvFormulation.hpp:7; src/gpu/GpuKernels.cpp:243
CFD-UG	Chapter 7: Porous Media and Subsurface Flow Interfaces	Porous Medium	ui	present	src/radiation/SurfaceToSurface.hpp:7; src/gui/Dialogs.cpp:232; src/emag/AvFormulation.hpp:7
CFD-UG	Chapter 7: Porous Media and Subsurface Flow Interfaces	Coordinate System Selection	ui	present	src/gui/Dialogs.cpp:232; src/io/FaceBasedMeshReader.cpp:214; src/emag/AvFormulation.hpp:7
CFD-UG	Chapter 7: Porous Media and Subsurface Flow Interfaces	Flow Model	ui	present	src/gui/Dialogs.cpp:232; src/emag/AvFormulation.hpp:7; src/gui/Dialogs.cpp:368
CFD-UG	Chapter 7: Porous Media and Subsurface Flow Interfaces	Porous Medium Turbulence Model	turbulence	present	src/radiation/SurfaceToSurface.hpp:7; src/gui/Dialogs.cpp:232; src/emag/AvFormulation.hpp:7
CFD-UG	Chapter 7: Porous Media and Subsurface Flow Interfaces	Distance Equation	ui	present	src/gui/Dialogs.cpp:232; src/emag/AvFormulation.hpp:7; src/gui/Dialogs.cpp:368
CFD-UG	Chapter 7: Porous Media and Subsurface Flow Interfaces	Location In User Interface	ui	present	src/gui/Dialogs.cpp:232; src/emag/AvFormulation.hpp:7; src/acoustics/CurleAcoustics.hpp:13
CFD-UG	Chapter 7: Porous Media and Subsurface Flow Interfaces	Fluid	ui	present	src/gui/Dialogs.cpp:232; src/emag/AvFormulation.hpp:7; src/gui/Dialogs.cpp:368
CFD-UG	Chapter 7: Porous Media and Subsurface Flow Interfaces	Model Input	ui	present	src/gui/Dialogs.cpp:232; src/emag/AvFormulation.hpp:7; src/gui/Dialogs.cpp:368
CFD-UG	Chapter 7: Porous Media and Subsurface Flow Interfaces	Fluid Properties	materials	present	src/gui/Dialogs.cpp:232; src/emag/AvFormulation.hpp:7; src/cad/CMakeLists.txt:42
CFD-UG	Chapter 7: Porous Media and Subsurface Flow Interfaces	Constitutive Relation	ui	present	src/multiphase/DriftFlux.hpp:10; src/multiphase/MixtureModel.hpp:6; src/gui/Dialogs.cpp:232
CFD-UG	Chapter 7: Porous Media and Subsurface Flow Interfaces	Inelastic Non-Newtonian	ui	present	src/materials/FluidsCatalog.hpp:4; src/gui/Dialogs.cpp:232; src/emag/AvFormulation.hpp:7
CFD-UG	Chapter 7: Porous Media and Subsurface Flow Interfaces	Location In User Interface	ui	present	src/gui/Dialogs.cpp:232; src/emag/AvFormulation.hpp:7; src/acoustics/CurleAcoustics.hpp:13
CFD-UG	Chapter 7: Porous Media and Subsurface Flow Interfaces	Porous Matrix	ui	present	src/gui/Dialogs.cpp:232; src/emag/AvFormulation.hpp:7; src/gui/Dialogs.cpp:368
CFD-UG	Chapter 7: Porous Media and Subsurface Flow Interfaces	Model Input	ui	present	src/gui/Dialogs.cpp:232; src/emag/AvFormulation.hpp:7; src/gui/Dialogs.cpp:368
CFD-UG	Chapter 7: Porous Media and Subsurface Flow Interfaces	Matrix Properties	ui	present	src/gui/Dialogs.cpp:232; src/emag/AvFormulation.hpp:7; src/cad/CMakeLists.txt:42
CFD-UG	Chapter 7: Porous Media and Subsurface Flow Interfaces	Location In User Interface	ui	present	src/gui/Dialogs.cpp:232; src/emag/AvFormulation.hpp:7; src/acoustics/CurleAcoustics.hpp:13
CFD-UG	Chapter 7: Porous Media and Subsurface Flow Interfaces	Context Menus	ui	present	src/gui_core/PanelRegistry.hpp:25; src/gui/Dialogs.cpp:232; src/emag/AvFormulation.hpp:7
CFD-UG	Chapter 7: Porous Media and Subsurface Flow Interfaces	Mass Source	ui	present	src/gui/Dialogs.cpp:232; src/emag/AvFormulation.hpp:7; src/gui/Dialogs.cpp:368
CFD-UG	Chapter 7: Porous Media and Subsurface Flow Interfaces	Domain Selection	ui	present	src/gui/Dialogs.cpp:232; src/emag/AvFormulation.hpp:7; src/gui/Dialogs.cpp:368
CFD-UG	Chapter 7: Porous Media and Subsurface Flow Interfaces	Mass Source	ui	present	src/gui/Dialogs.cpp:232; src/emag/AvFormulation.hpp:7; src/gui/Dialogs.cpp:368
CFD-UG	Chapter 7: Porous Media and Subsurface Flow Interfaces	Location In User Interface	ui	present	src/gui/Dialogs.cpp:232; src/emag/AvFormulation.hpp:7; src/acoustics/CurleAcoustics.hpp:13
CFD-UG	Chapter 7: Porous Media and Subsurface Flow Interfaces	Volume Force	ui	present	src/gui/Dialogs.cpp:232; src/emag/AvFormulation.hpp:7; src/gui/Dialogs.cpp:368
CFD-UG	Chapter 7: Porous Media and Subsurface Flow Interfaces	Volume Force	ui	present	src/gui/Dialogs.cpp:232; src/emag/AvFormulation.hpp:7; src/gui/Dialogs.cpp:368
CFD-UG	Chapter 7: Porous Media and Subsurface Flow Interfaces	Location In User Interface	ui	present	src/gui/Dialogs.cpp:232; src/emag/AvFormulation.hpp:7; src/acoustics/CurleAcoustics.hpp:13
CFD-UG	Chapter 7: Porous Media and Subsurface Flow Interfaces	Initial Values	ui	present	src/gui/Dialogs.cpp:232; src/emag/AvFormulation.hpp:7; src/gui/Dialogs.cpp:368
CFD-UG	Chapter 7: Porous Media and Subsurface Flow Interfaces	Initial Values	ui	present	src/gui/Dialogs.cpp:232; src/emag/AvFormulation.hpp:7; src/gui/Dialogs.cpp:368
CFD-UG	Chapter 7: Porous Media and Subsurface Flow Interfaces	Location In User Interface	ui	present	src/gui/Dialogs.cpp:232; src/emag/AvFormulation.hpp:7; src/acoustics/CurleAcoustics.hpp:13
CFD-UG	Chapter 7: Porous Media and Subsurface Flow Interfaces	Fluid Properties	materials	present	src/gui/Dialogs.cpp:232; src/emag/AvFormulation.hpp:7; src/cad/CMakeLists.txt:42
CFD-UG	Chapter 7: Porous Media and Subsurface Flow Interfaces	Model Inputs	ui	present	src/gui/Dialogs.cpp:232; src/emag/AvFormulation.hpp:7; src/gui/Dialogs.cpp:368
CFD-UG	Chapter 7: Porous Media and Subsurface Flow Interfaces	Temperature	ui	present	src/gui/Dialogs.cpp:232; src/emag/AvFormulation.hpp:7; src/gui/Dialogs.cpp:368
CFD-UG	Chapter 7: Porous Media and Subsurface Flow Interfaces	Absolute Pressure	ui	present	src/solver/DualTimeStepping.hpp:33; src/gui/Dialogs.cpp:232; src/emag/AvFormulation.hpp:7
CFD-UG	Chapter 7: Porous Media and Subsurface Flow Interfaces	Fluid Properties	materials	present	src/gui/Dialogs.cpp:232; src/emag/AvFormulation.hpp:7; src/cad/CMakeLists.txt:42
CFD-UG	Chapter 7: Porous Media and Subsurface Flow Interfaces	Location In User Interface	ui	present	src/gui/Dialogs.cpp:232; src/emag/AvFormulation.hpp:7; src/acoustics/CurleAcoustics.hpp:13
CFD-UG	Chapter 7: Porous Media and Subsurface Flow Interfaces	Gravity	ui	present	src/gui/Dialogs.cpp:232; src/emag/AvFormulation.hpp:7; src/dynamics/SixDof.cpp:72
CFD-UG	Chapter 7: Porous Media and Subsurface Flow Interfaces	Acceleration Of Gravity	ui	present	src/gui/Dialogs.cpp:232; src/gui/Dialogs.cpp:151; src/emag/AvFormulation.hpp:7
CFD-UG	Chapter 7: Porous Media and Subsurface Flow Interfaces	Location In User Interface	ui	present	src/gui/Dialogs.cpp:232; src/emag/AvFormulation.hpp:7; src/acoustics/CurleAcoustics.hpp:13
CFD-UG	Chapter 7: Porous Media and Subsurface Flow Interfaces	Rotating Frame	dynamic	present	src/gui/Dialogs.cpp:232; src/emag/AvFormulation.hpp:7; src/gui/Dialogs.cpp:368
CFD-UG	Chapter 7: Porous Media and Subsurface Flow Interfaces	Rotating Frame	dynamic	present	src/gui/Dialogs.cpp:232; src/emag/AvFormulation.hpp:7; src/gui/Dialogs.cpp:368
CFD-UG	Chapter 7: Porous Media and Subsurface Flow Interfaces	Location In User Interface	ui	present	src/gui/Dialogs.cpp:232; src/emag/AvFormulation.hpp:7; src/acoustics/CurleAcoustics.hpp:13
CFD-UG	Chapter 7: Porous Media and Subsurface Flow Interfaces	Media and Subsurface Flow branch (	ui	present	src/gui/Dialogs.cpp:232; src/emag/AvFormulation.hpp:7; src/io/GmshReader.cpp:10
CFD-UG	Chapter 7: Porous Media and Subsurface Flow Interfaces	Settings	ui	n/a	
CFD-UG	Chapter 7: Porous Media and Subsurface Flow Interfaces	The Label is the default physics interface name.	ui	present	src/gui/Dialogs.cpp:232; src/emag/AvFormulation.hpp:7; src/gui/Dialogs.cpp:368
CFD-UG	Chapter 7: Porous Media and Subsurface Flow Interfaces	Physical Model	ui	present	src/gui/Dialogs.cpp:232; src/emag/AvFormulation.hpp:7; src/gui/Dialogs.cpp:368
CFD-UG	Chapter 7: Porous Media and Subsurface Flow Interfaces	Compressibility	ui	present	src/gui/Dialogs.cpp:232; src/emag/AvFormulation.hpp:7; src/gui/Dialogs.cpp:368
CFD-UG	Chapter 7: Porous Media and Subsurface Flow Interfaces	Swirl Flow	ui	present	src/particles/ConeInjector.cpp:36; src/gui/Dialogs.cpp:232; src/emag/AvFormulation.hpp:7
CFD-UG	Chapter 7: Porous Media and Subsurface Flow Interfaces	Neglect Inertial Term	ui	present	src/gui/Dialogs.cpp:232; src/dynamics/SixDofCoupler.hpp:17; src/emag/AvFormulation.hpp:7
CFD-UG	Chapter 7: Porous Media and Subsurface Flow Interfaces	Enable porous media domains	ui	present	src/gui/Dialogs.cpp:232; src/emag/AvFormulation.hpp:7; src/combustion/ChemkinParser.cpp:163
CFD-UG	Chapter 7: Porous Media and Subsurface Flow Interfaces	Include Gravity	ui	present	src/gui/Dialogs.cpp:232; src/emag/AvFormulation.hpp:7; src/dynamics/SixDof.cpp:72
CFD-UG	Chapter 7: Porous Media and Subsurface Flow Interfaces	Rotating Frame	dynamic	present	src/gui/Dialogs.cpp:232; src/emag/AvFormulation.hpp:7; src/gui/Dialogs.cpp:368
CFD-UG	Chapter 7: Porous Media and Subsurface Flow Interfaces	Include Buoyancy-Induced Turbulence	turbulence	present	src/gui/Dialogs.cpp:232; src/emag/AvFormulation.hpp:7; src/emag/Mhd.hpp:14
CFD-UG	Chapter 7: Porous Media and Subsurface Flow Interfaces	Porous Treatment of No Slip Condition	ui	present	src/multiphase/VolumeOfFluid.hpp:10; src/gui/Dialogs.cpp:232; src/emag/AvFormulation.hpp:7
CFD-UG	Chapter 7: Porous Media and Subsurface Flow Interfaces	Reference Pressure Level	ui	present	src/gui/Dialogs.cpp:232; src/emag/AvFormulation.hpp:7; src/gui/Dialogs.cpp:368
CFD-UG	Chapter 7: Porous Media and Subsurface Flow Interfaces	Reference Temperature	ui	present	src/gui/Dialogs.cpp:232; src/emag/AvFormulation.hpp:7; src/gui/Dialogs.cpp:368
CFD-UG	Chapter 7: Porous Media and Subsurface Flow Interfaces	Reference Position	ui	present	src/gui/Dialogs.cpp:232; src/emag/AvFormulation.hpp:7; src/gui/Dialogs.cpp:368
CFD-UG	Chapter 7: Porous Media and Subsurface Flow Interfaces	Turbulence	turbulence	present	src/gui/Dialogs.cpp:232; src/emag/AvFormulation.hpp:7; src/gui/Dialogs.cpp:368
CFD-UG	Chapter 7: Porous Media and Subsurface Flow Interfaces	Dependent Variables	ui	present	src/gui/Dialogs.cpp:232; src/emag/AvFormulation.hpp:7; src/io/CgnsWriter.cpp:14
CFD-UG	Chapter 7: Porous Media and Subsurface Flow Interfaces	Note that some features are only available with certain COMSOL products (see	ui	present	src/io/GambitReader.hpp:10; src/cad/Defeaturing.hpp:6; src/gui/Dialogs.cpp:232
CFD-UG	Chapter 7: Porous Media and Subsurface Flow Interfaces	In the COMSOL Multiphysics Reference Manual see Table 2-4 for links	ui	present	src/gui/Dialogs.cpp:232; src/emag/AvFormulation.hpp:7; src/gpu/GpuKernels.cpp:243
CFD-UG	Chapter 7: Porous Media and Subsurface Flow Interfaces	Fluid Properties	materials	present	src/gui/Dialogs.cpp:232; src/emag/AvFormulation.hpp:7; src/cad/CMakeLists.txt:42
CFD-UG	Chapter 7: Porous Media and Subsurface Flow Interfaces	Fluid Properties	materials	present	src/gui/Dialogs.cpp:232; src/emag/AvFormulation.hpp:7; src/cad/CMakeLists.txt:42
CFD-UG	Chapter 7: Porous Media and Subsurface Flow Interfaces	Porous Medium	ui	present	src/radiation/SurfaceToSurface.hpp:7; src/gui/Dialogs.cpp:232; src/emag/AvFormulation.hpp:7
CFD-UG	Chapter 7: Porous Media and Subsurface Flow Interfaces	Flow Model	ui	present	src/gui/Dialogs.cpp:232; src/emag/AvFormulation.hpp:7; src/gui/Dialogs.cpp:368
CFD-UG	Chapter 7: Porous Media and Subsurface Flow Interfaces	Porous Medium Turbulence Model	turbulence	present	src/radiation/SurfaceToSurface.hpp:7; src/gui/Dialogs.cpp:232; src/emag/AvFormulation.hpp:7
CFD-UG	Chapter 7: Porous Media and Subsurface Flow Interfaces	Fluid	ui	present	src/gui/Dialogs.cpp:232; src/emag/AvFormulation.hpp:7; src/gui/Dialogs.cpp:368
CFD-UG	Chapter 7: Porous Media and Subsurface Flow Interfaces	Model Input	ui	present	src/gui/Dialogs.cpp:232; src/emag/AvFormulation.hpp:7; src/gui/Dialogs.cpp:368
CFD-UG	Chapter 7: Porous Media and Subsurface Flow Interfaces	Fluid Properties	materials	present	src/gui/Dialogs.cpp:232; src/emag/AvFormulation.hpp:7; src/cad/CMakeLists.txt:42
CFD-UG	Chapter 7: Porous Media and Subsurface Flow Interfaces	If the Polymer Flow Module license is available and for Darcian flow, also	ui	present	src/materials/SolidsCatalog.cpp:30; src/gui/Dialogs.cpp:232; src/emag/AvFormulation.hpp:7
CFD-UG	Chapter 7: Porous Media and Subsurface Flow Interfaces	Constitutive Relation	ui	present	src/multiphase/DriftFlux.hpp:10; src/multiphase/MixtureModel.hpp:6; src/gui/Dialogs.cpp:232
CFD-UG	Chapter 7: Porous Media and Subsurface Flow Interfaces	Inelastic Non-Newtonian	ui	present	src/materials/FluidsCatalog.hpp:4; src/gui/Dialogs.cpp:232; src/emag/AvFormulation.hpp:7
CFD-UG	Chapter 7: Porous Media and Subsurface Flow Interfaces	Porous Matrix	ui	present	src/gui/Dialogs.cpp:232; src/emag/AvFormulation.hpp:7; src/gui/Dialogs.cpp:368
CFD-UG	Chapter 7: Porous Media and Subsurface Flow Interfaces	Model Input	ui	present	src/gui/Dialogs.cpp:232; src/emag/AvFormulation.hpp:7; src/gui/Dialogs.cpp:368
CFD-UG	Chapter 7: Porous Media and Subsurface Flow Interfaces	Matrix Properties	ui	present	src/gui/Dialogs.cpp:232; src/emag/AvFormulation.hpp:7; src/cad/CMakeLists.txt:42
CFD-UG	Chapter 7: Porous Media and Subsurface Flow Interfaces	Mass Source	ui	present	src/gui/Dialogs.cpp:232; src/emag/AvFormulation.hpp:7; src/gui/Dialogs.cpp:368
CFD-UG	Chapter 7: Porous Media and Subsurface Flow Interfaces	Effective Mass Transport Parameters	turbulence	present	src/gui/Dialogs.cpp:232; src/emag/AvFormulation.hpp:7; src/combustion/SootMomMethod.cpp:83
CFD-UG	Chapter 7: Porous Media and Subsurface Flow Interfaces	Volume Force	ui	present	src/gui/Dialogs.cpp:232; src/emag/AvFormulation.hpp:7; src/gui/Dialogs.cpp:368
CFD-UG	Chapter 7: Porous Media and Subsurface Flow Interfaces	Volume Force	ui	present	src/gui/Dialogs.cpp:232; src/emag/AvFormulation.hpp:7; src/gui/Dialogs.cpp:368
CFD-UG	Chapter 7: Porous Media and Subsurface Flow Interfaces	Initial Values	ui	present	src/gui/Dialogs.cpp:232; src/emag/AvFormulation.hpp:7; src/gui/Dialogs.cpp:368
CFD-UG	Chapter 7: Porous Media and Subsurface Flow Interfaces	Initial Values	ui	present	src/gui/Dialogs.cpp:232; src/emag/AvFormulation.hpp:7; src/gui/Dialogs.cpp:368
CFD-UG	Chapter 7: Porous Media and Subsurface Flow Interfaces	Gravity	ui	present	src/gui/Dialogs.cpp:232; src/emag/AvFormulation.hpp:7; src/dynamics/SixDof.cpp:72
CFD-UG	Chapter 7: Porous Media and Subsurface Flow Interfaces	Acceleration Of Gravity	ui	present	src/gui/Dialogs.cpp:232; src/gui/Dialogs.cpp:151; src/emag/AvFormulation.hpp:7
CFD-UG	Chapter 7: Porous Media and Subsurface Flow Interfaces	Rotating Frame	dynamic	present	src/gui/Dialogs.cpp:232; src/emag/AvFormulation.hpp:7; src/gui/Dialogs.cpp:368
CFD-UG	Chapter 7: Porous Media and Subsurface Flow Interfaces	Rotating Frame	dynamic	present	src/gui/Dialogs.cpp:232; src/emag/AvFormulation.hpp:7; src/gui/Dialogs.cpp:368
CFD-UG	Chapter 7: Porous Media and Subsurface Flow Interfaces	In 2D axial symmetry, the axis of rotation is the symmetry axis.	bc	present	src/meshing/MedialAxisDecomposition.hpp:13; src/gui/Dialogs.cpp:232; src/emag/AvFormulation.hpp:7
CFD-UG	Chapter 7: Porous Media and Subsurface Flow Interfaces	Microfluidic Wall Conditions	ui	present	src/gui/Dialogs.cpp:232; src/emag/AvFormulation.hpp:7; src/gui/Dialogs.cpp:368
CFD-UG	Chapter 7: Porous Media and Subsurface Flow Interfaces	Boundary Condition	bc	present	src/gui/Dialogs.cpp:232; src/emag/AvFormulation.hpp:7; src/core/BoundaryConditionRegistry.hpp:13
CFD-UG	Chapter 7: Porous Media and Subsurface Flow Interfaces	Use Viscous Slip	ui	present	src/gui/Dialogs.cpp:232; src/emag/AvFormulation.hpp:7; src/io/ForcesReport.cpp:60
CFD-UG	Chapter 7: Porous Media and Subsurface Flow Interfaces	Use Thermal Creep	ui	present	src/gui/Dialogs.cpp:232; src/emag/AvFormulation.hpp:7; src/gui/Dialogs.cpp:368
CFD-UG	Chapter 7: Porous Media and Subsurface Flow Interfaces	Wall	ui	present	src/gui/Dialogs.cpp:232; src/emag/AvFormulation.hpp:7; src/gui/Dialogs.cpp:368
CFD-UG	Chapter 7: Porous Media and Subsurface Flow Interfaces	Boundary Condition	bc	present	src/gui/Dialogs.cpp:232; src/emag/AvFormulation.hpp:7; src/core/BoundaryConditionRegistry.hpp:13
CFD-UG	Chapter 7: Porous Media and Subsurface Flow Interfaces	Select a Boundary condition for the wall.	bc	present	src/gui/Dialogs.cpp:232; src/emag/AvFormulation.hpp:7; src/core/BoundaryConditionRegistry.hpp:13
CFD-UG	Chapter 7: Porous Media and Subsurface Flow Interfaces	No Slip	ui	present	src/gui/Dialogs.cpp:232; src/emag/AvFormulation.hpp:7; src/gui/Dialogs.cpp:323
CFD-UG	Chapter 7: Porous Media and Subsurface Flow Interfaces	Slip	ui	present	src/gui/Dialogs.cpp:232; src/emag/AvFormulation.hpp:7; src/gui/Dialogs.cpp:323
CFD-UG	Chapter 7: Porous Media and Subsurface Flow Interfaces	Leaking Wall	ui	present	src/gui/Dialogs.cpp:232; src/emag/AvFormulation.hpp:7; src/gui/Dialogs.cpp:368
CFD-UG	Chapter 7: Porous Media and Subsurface Flow Interfaces	Constraint Settings	ui	present	src/gui/Dialogs.cpp:232; src/meshing/AmrAdaptor.hpp:8; src/emag/AvFormulation.hpp:7
CFD-UG	Chapter 7: Porous Media and Subsurface Flow Interfaces	Physics Options.	ui	present	src/gui/Dialogs.cpp:232; src/emag/AvFormulation.hpp:7; src/gui/Dialogs.cpp:368
CFD-UG	Chapter 7: Porous Media and Subsurface Flow Interfaces	On the Constituent Physics Interfaces	ui	present	src/gui/Dialogs.cpp:232; src/emag/AvFormulation.hpp:7; src/gui/Dialogs.cpp:368
CFD-UG	Chapter 7: Porous Media and Subsurface Flow Interfaces	Settings For Physics Interfaces And Coupling Features	ui	present	src/cad/Defeaturing.hpp:6; src/gui/Dialogs.cpp:232; src/emag/AvFormulation.hpp:7
CFD-UG	Chapter 7: Porous Media and Subsurface Flow Interfaces	Free and Porous Media Flow Coupling (Multiphysics Coupling)	ui	present	src/gui/Dialogs.cpp:232; src/emag/AvFormulation.hpp:7; src/gui/Dialogs.cpp:368
CFD-UG	Chapter 7: Porous Media and Subsurface Flow Interfaces	Settings	ui	n/a	
CFD-UG	Chapter 7: Porous Media and Subsurface Flow Interfaces	The Label is the default multiphysics coupling feature name.	ui	present	src/cad/FeatureEdges.cpp:148; src/gui/Dialogs.cpp:232; src/emag/AvFormulation.hpp:7
CFD-UG	Chapter 7: Porous Media and Subsurface Flow Interfaces	Domain Selection	ui	present	src/gui/Dialogs.cpp:232; src/emag/AvFormulation.hpp:7; src/gui/Dialogs.cpp:368
CFD-UG	Chapter 7: Porous Media and Subsurface Flow Interfaces	When nodes are added from the context menu, you can select Manual (the default)	turbulence	present	src/core/PluginRegistry.hpp:8; src/gui/Dialogs.cpp:232; src/emag/AvFormulation.hpp:7
CFD-UG	Chapter 7: Porous Media and Subsurface Flow Interfaces	Coupled Interfaces	solver	present	src/gui/Dialogs.cpp:232; src/emag/AvFormulation.hpp:7; src/gui/DiagnosticsPanel.cpp:59
CFD-UG	Chapter 7: Porous Media and Subsurface Flow Interfaces	Coupling Settings	ui	present	src/gui/Dialogs.cpp:232; src/emag/AvFormulation.hpp:7; src/gui/Dialogs.cpp:368
CFD-UG	Chapter 7: Porous Media and Subsurface Flow Interfaces	This section defines the settings for the Free flow boundary condition.	bc	present	src/parallel/Parallel.cpp:6; src/gui/Dialogs.cpp:232; src/emag/AvFormulation.hpp:7
CFD-UG	Chapter 7: Porous Media and Subsurface Flow Interfaces	The Two-Phase Darcy’s Law Interface	ui	present	src/gui/Dialogs.cpp:232; src/emag/AvFormulation.hpp:7; src/heat_transfer/Solidification.cpp:52
CFD-UG	Chapter 7: Porous Media and Subsurface Flow Interfaces	Settings	ui	n/a	
CFD-UG	Chapter 7: Porous Media and Subsurface Flow Interfaces	The Label is the default physics interface name.	ui	present	src/gui/Dialogs.cpp:232; src/emag/AvFormulation.hpp:7; src/gui/Dialogs.cpp:368
CFD-UG	Chapter 7: Porous Media and Subsurface Flow Interfaces	Physical Model	ui	present	src/gui/Dialogs.cpp:232; src/emag/AvFormulation.hpp:7; src/gui/Dialogs.cpp:368
CFD-UG	Chapter 7: Porous Media and Subsurface Flow Interfaces	Dependent Variables	ui	present	src/gui/Dialogs.cpp:232; src/emag/AvFormulation.hpp:7; src/io/CgnsWriter.cpp:14
CFD-UG	Chapter 7: Porous Media and Subsurface Flow Interfaces	The Two-Phase Darcy’S Law Interface	ui	present	src/gui/Dialogs.cpp:232; src/emag/AvFormulation.hpp:7; src/heat_transfer/Solidification.cpp:52
CFD-UG	Chapter 7: Porous Media and Subsurface Flow Interfaces	Consistent Stabilization	ui	present	src/gui/Dialogs.cpp:232; src/emag/AvFormulation.hpp:7; src/core/Command.hpp:92
CFD-UG	Chapter 7: Porous Media and Subsurface Flow Interfaces	To display this section, click the Show More Options button (	ui	present	src/visualization/OrientationGizmo.cpp:43; src/gui/Dialogs.cpp:232; src/emag/AvFormulation.hpp:7
CFD-UG	Chapter 7: Porous Media and Subsurface Flow Interfaces	Discretization	solver	present	src/solver/Solver.hpp:26; src/gui/Dialogs.cpp:232; src/emag/AvFormulation.hpp:7
CFD-UG	Chapter 7: Porous Media and Subsurface Flow Interfaces	For axisymmetric models, COMSOL Multiphysics takes the axial	bc	present	src/gpu/CgGpu.hpp:7; src/meshing/MedialAxisDecomposition.hpp:13; src/gui/Dialogs.cpp:232
CFD-UG	Chapter 7: Porous Media and Subsurface Flow Interfaces	Fluid and Matrix Properties	ui	present	src/gui/Dialogs.cpp:232; src/emag/AvFormulation.hpp:7; src/cad/CMakeLists.txt:42
CFD-UG	Chapter 7: Porous Media and Subsurface Flow Interfaces	Capillary Model	ui	present	src/gui/Dialogs.cpp:232; src/emag/AvFormulation.hpp:7; src/gui/Dialogs.cpp:368
CFD-UG	Chapter 7: Porous Media and Subsurface Flow Interfaces	The list defaults to Capillary diffusion or choose Capillary pressure.	ui	present	src/meshing/AdvancingFrontSurface.hpp:11; src/gui/Dialogs.cpp:232; src/emag/AvFormulation.hpp:7
CFD-UG	Chapter 7: Porous Media and Subsurface Flow Interfaces	The Two-Phase Darcy’S Law Interface	ui	present	src/gui/Dialogs.cpp:232; src/emag/AvFormulation.hpp:7; src/heat_transfer/Solidification.cpp:52
CFD-UG	Chapter 7: Porous Media and Subsurface Flow Interfaces	Fluid 1 Properties	ui	present	src/gui/Dialogs.cpp:232; src/emag/AvFormulation.hpp:7; src/cad/CMakeLists.txt:42
CFD-UG	Chapter 7: Porous Media and Subsurface Flow Interfaces	Fluid 2 Properties	ui	present	src/gui/Dialogs.cpp:232; src/emag/AvFormulation.hpp:7; src/cad/CMakeLists.txt:42
CFD-UG	Chapter 7: Porous Media and Subsurface Flow Interfaces	Matrix Properties	ui	present	src/gui/Dialogs.cpp:232; src/emag/AvFormulation.hpp:7; src/cad/CMakeLists.txt:42
CFD-UG	Chapter 7: Porous Media and Subsurface Flow Interfaces	Initial Values	ui	present	src/gui/Dialogs.cpp:232; src/emag/AvFormulation.hpp:7; src/gui/Dialogs.cpp:368
CFD-UG	Chapter 7: Porous Media and Subsurface Flow Interfaces	Initial Values	ui	present	src/gui/Dialogs.cpp:232; src/emag/AvFormulation.hpp:7; src/gui/Dialogs.cpp:368
CFD-UG	Chapter 7: Porous Media and Subsurface Flow Interfaces	No Flux	ui	present	src/gui/Dialogs.cpp:232; src/emag/AvFormulation.hpp:7; src/gui/Dialogs.cpp:368
CFD-UG	Chapter 7: Porous Media and Subsurface Flow Interfaces	Pressure and Saturation	ui	present	src/gui/Dialogs.cpp:232; src/multiphase/CavitationSchnerrSauer.hpp:8; src/emag/AvFormulation.hpp:7
CFD-UG	Chapter 7: Porous Media and Subsurface Flow Interfaces	Pressure And Saturation	ui	present	src/gui/Dialogs.cpp:232; src/multiphase/CavitationSchnerrSauer.hpp:8; src/emag/AvFormulation.hpp:7
CFD-UG	Chapter 7: Porous Media and Subsurface Flow Interfaces	Mass Flux	ui	present	src/gui/Dialogs.cpp:232; src/emag/AvFormulation.hpp:7; src/gui/Dialogs.cpp:368
CFD-UG	Chapter 7: Porous Media and Subsurface Flow Interfaces	The Two-Phase Darcy’S Law Interface	ui	present	src/gui/Dialogs.cpp:232; src/emag/AvFormulation.hpp:7; src/heat_transfer/Solidification.cpp:52
CFD-UG	Chapter 7: Porous Media and Subsurface Flow Interfaces	Mass Flux And Saturation	ui	present	src/gui/Dialogs.cpp:232; src/multiphase/CavitationSchnerrSauer.hpp:8; src/emag/AvFormulation.hpp:7
CFD-UG	Chapter 7: Porous Media and Subsurface Flow Interfaces	Inlet	bc	present	src/gui/Dialogs.cpp:232; src/emag/AvFormulation.hpp:7; src/gui/Dialogs.cpp:368
CFD-UG	Chapter 7: Porous Media and Subsurface Flow Interfaces	Inlet	bc	present	src/gui/Dialogs.cpp:232; src/emag/AvFormulation.hpp:7; src/gui/Dialogs.cpp:368
CFD-UG	Chapter 7: Porous Media and Subsurface Flow Interfaces	Outlet	bc	present	src/gui/Dialogs.cpp:232; src/emag/AvFormulation.hpp:7; src/gui/Dialogs.cpp:368
CFD-UG	Chapter 7: Porous Media and Subsurface Flow Interfaces	Pressure	ui	present	src/gui/Dialogs.cpp:232; src/emag/AvFormulation.hpp:7; src/gui/Dialogs.cpp:368
CFD-UG	Chapter 7: Porous Media and Subsurface Flow Interfaces	Symmetry	bc	present	src/gui/Dialogs.cpp:232; src/emag/AvFormulation.hpp:7; src/gui/Dialogs.cpp:368
CFD-UG	Chapter 7: Porous Media and Subsurface Flow Interfaces	Interior Wall	bc	present	src/gui/Dialogs.cpp:232; src/emag/AvFormulation.hpp:7; src/gui/Dialogs.cpp:368
CFD-UG	Chapter 7: Porous Media and Subsurface Flow Interfaces	Thin Barrier	ui	present	src/gui/Dialogs.cpp:232; src/parallel/MpiContext.cpp:145; src/emag/AvFormulation.hpp:7
CFD-UG	Chapter 7: Porous Media and Subsurface Flow Interfaces	The Two-Phase Darcy’S Law Interface	ui	present	src/gui/Dialogs.cpp:232; src/emag/AvFormulation.hpp:7; src/heat_transfer/Solidification.cpp:52
CFD-UG	Chapter 7: Porous Media and Subsurface Flow Interfaces	T he M ult i pha s e Fl ow i n Porou s Med i a	ui	present	src/gui/Dialogs.cpp:232; src/emag/AvFormulation.hpp:7; src/gui/Dialogs.cpp:368
CFD-UG	Chapter 7: Porous Media and Subsurface Flow Interfaces	On the Constituent Physics Interfaces	ui	present	src/gui/Dialogs.cpp:232; src/emag/AvFormulation.hpp:7; src/gui/Dialogs.cpp:368
CFD-UG	Chapter 7: Porous Media and Subsurface Flow Interfaces	Settings For Physics Interfaces And Coupling Features	ui	present	src/cad/Defeaturing.hpp:6; src/gui/Dialogs.cpp:232; src/emag/AvFormulation.hpp:7
CFD-UG	Chapter 7: Porous Media and Subsurface Flow Interfaces	When physics interfaces are added using the predefined couplings, for example	ui	present	src/materials/RealGasEos.hpp:45; src/multiphase/EulerianMultifluid.hpp:72; src/gui/Dialogs.cpp:232
CFD-UG	Chapter 7: Porous Media and Subsurface Flow Interfaces	In the Darcy’s Law interface, linear shape functions are	ui	present	src/gui/Dialogs.cpp:232; src/emag/AvFormulation.hpp:7; src/heat_transfer/Solidification.cpp:52
CFD-UG	Chapter 7: Porous Media and Subsurface Flow Interfaces	The Domain Selection is the same as that of the	ui	present	src/gui/Dialogs.cpp:232; src/emag/AvFormulation.hpp:7; src/gui/Dialogs.cpp:368
CFD-UG	Chapter 7: Porous Media and Subsurface Flow Interfaces	Multiphase Flow in Porous Media (Multiphysics Coupling)	multiphase	present	src/gui/Dialogs.cpp:232; src/emag/AvFormulation.hpp:7; src/gui/Dialogs.cpp:368
CFD-UG	Chapter 7: Porous Media and Subsurface Flow Interfaces	Settings	ui	n/a	
CFD-UG	Chapter 7: Porous Media and Subsurface Flow Interfaces	The Label is the default multiphysics coupling feature name.	ui	present	src/cad/FeatureEdges.cpp:148; src/gui/Dialogs.cpp:232; src/emag/AvFormulation.hpp:7
CFD-UG	Chapter 7: Porous Media and Subsurface Flow Interfaces	Domain Selection	ui	present	src/gui/Dialogs.cpp:232; src/emag/AvFormulation.hpp:7; src/gui/Dialogs.cpp:368
CFD-UG	Chapter 7: Porous Media and Subsurface Flow Interfaces	When nodes are added from the context menu, you can select Manual (the default)	turbulence	present	src/core/PluginRegistry.hpp:8; src/gui/Dialogs.cpp:232; src/emag/AvFormulation.hpp:7
CFD-UG	Chapter 7: Porous Media and Subsurface Flow Interfaces	Coupled Interfaces	solver	present	src/gui/Dialogs.cpp:232; src/emag/AvFormulation.hpp:7; src/gui/DiagnosticsPanel.cpp:59
CFD-UG	Chapter 7: Porous Media and Subsurface Flow Interfaces	The default values depend on how the coupling node is created.	ui	present	src/gui_core/PanelRegistry.hpp:9; src/gui/Dialogs.cpp:232; src/gpu/RenderingBridge.hpp:39
CFD-UG	Chapter 7: Porous Media and Subsurface Flow Interfaces	Settings	ui	n/a	
CFD-UG	Chapter 7: Porous Media and Subsurface Flow Interfaces	The Label is the default multiphysics coupling feature name.	ui	present	src/cad/FeatureEdges.cpp:148; src/gui/Dialogs.cpp:232; src/emag/AvFormulation.hpp:7
CFD-UG	Chapter 7: Porous Media and Subsurface Flow Interfaces	Point Or Edge Selection	ui	present	src/gui/Dialogs.cpp:232; src/emag/AvFormulation.hpp:7; src/gui/Dialogs.cpp:368
CFD-UG	Chapter 7: Porous Media and Subsurface Flow Interfaces	When nodes are added from the context menu, you can select Manual (the default)	turbulence	present	src/core/PluginRegistry.hpp:8; src/gui/Dialogs.cpp:232; src/emag/AvFormulation.hpp:7
CFD-UG	Chapter 7: Porous Media and Subsurface Flow Interfaces	Coupled Interfaces	solver	present	src/gui/Dialogs.cpp:232; src/emag/AvFormulation.hpp:7; src/gui/DiagnosticsPanel.cpp:59
CFD-UG	Chapter 7: Porous Media and Subsurface Flow Interfaces	Phases	ui	present	src/gui/Dialogs.cpp:232; src/emag/AvFormulation.hpp:7; src/combustion/CanteraParser.cpp:143
CFD-UG	Chapter 7: Porous Media and Subsurface Flow Interfaces	Fraction of total volumetric flow rate	ui	present	src/gui/Dialogs.cpp:232; src/emag/AvFormulation.hpp:7; src/meshing/OctreeMesher.hpp:54
CFD-UG	Chapter 7: Porous Media and Subsurface Flow Interfaces	Outflow	ui	present	src/gui/Dialogs.cpp:232; src/emag/AvFormulation.hpp:7; src/gui/Dialogs.cpp:336
CFD-UG	Chapter 7: Porous Media and Subsurface Flow Interfaces	N	ui	present	src/gui/Dialogs.cpp:232; src/emag/AvFormulation.hpp:7; src/gui/Dialogs.cpp:368
CFD-UG	Chapter 7: Porous Media and Subsurface Flow Interfaces	Settings	ui	n/a	
CFD-UG	Chapter 7: Porous Media and Subsurface Flow Interfaces	The Label is the default multiphysics coupling feature name.	ui	present	src/cad/FeatureEdges.cpp:148; src/gui/Dialogs.cpp:232; src/emag/AvFormulation.hpp:7
CFD-UG	Chapter 7: Porous Media and Subsurface Flow Interfaces	Boundary Selection	ui	present	src/gui/Dialogs.cpp:232; src/emag/AvFormulation.hpp:7; src/gui/Dialogs.cpp:368
CFD-UG	Chapter 7: Porous Media and Subsurface Flow Interfaces	When nodes are added from the context menu, you can select Manual (the default)	turbulence	present	src/core/PluginRegistry.hpp:8; src/gui/Dialogs.cpp:232; src/emag/AvFormulation.hpp:7
CFD-UG	Chapter 7: Porous Media and Subsurface Flow Interfaces	Coupled Interfaces	solver	present	src/gui/Dialogs.cpp:232; src/emag/AvFormulation.hpp:7; src/gui/DiagnosticsPanel.cpp:59
CFD-UG	Chapter 7: Porous Media and Subsurface Flow Interfaces	Shell Properties	ui	present	src/gui/Dialogs.cpp:232; src/emag/AvFormulation.hpp:7; src/cad/Healing.hpp:10
CFD-UG	Chapter 7: Porous Media and Subsurface Flow Interfaces	Model Input	ui	present	src/gui/Dialogs.cpp:232; src/emag/AvFormulation.hpp:7; src/gui/Dialogs.cpp:368
CFD-UG	Chapter 7: Porous Media and Subsurface Flow Interfaces	Matrix Properties	ui	present	src/gui/Dialogs.cpp:232; src/emag/AvFormulation.hpp:7; src/cad/CMakeLists.txt:42
CFD-UG	Chapter 7: Porous Media and Subsurface Flow Interfaces	Capillary Pressure	ui	present	src/gui/Dialogs.cpp:232; src/emag/AvFormulation.hpp:7; src/gui/Dialogs.cpp:368
CFD-UG	Chapter 7: Porous Media and Subsurface Flow Interfaces	Phase Properties	ui	present	src/gui/Dialogs.cpp:232; src/emag/AvFormulation.hpp:7; src/cad/CMakeLists.txt:42
CFD-UG	Chapter 7: Porous Media and Subsurface Flow Interfaces	Initial Values	ui	present	src/gui/Dialogs.cpp:232; src/emag/AvFormulation.hpp:7; src/gui/Dialogs.cpp:368
CFD-UG	Chapter 7: Porous Media and Subsurface Flow Interfaces	The Multiphase Free and Porous	multiphase	present	src/gui/Dialogs.cpp:232; src/emag/AvFormulation.hpp:7; src/gui/Dialogs.cpp:368
CFD-UG	Chapter 7: Porous Media and Subsurface Flow Interfaces	On the Constituent Physics Interfaces	ui	present	src/gui/Dialogs.cpp:232; src/emag/AvFormulation.hpp:7; src/gui/Dialogs.cpp:368
CFD-UG	Chapter 7: Porous Media and Subsurface Flow Interfaces	Settings For Physics Interfaces And Coupling Features	ui	present	src/cad/Defeaturing.hpp:6; src/gui/Dialogs.cpp:232; src/emag/AvFormulation.hpp:7
CFD-UG	Chapter 7: Porous Media and Subsurface Flow Interfaces	When physics interfaces are added using the predefined couplings, for example	ui	present	src/materials/RealGasEos.hpp:45; src/multiphase/EulerianMultifluid.hpp:72; src/gui/Dialogs.cpp:232
CFD-UG	Chapter 7: Porous Media and Subsurface Flow Interfaces	In the Darcy’s Law interface, linear shape functions are	ui	present	src/gui/Dialogs.cpp:232; src/emag/AvFormulation.hpp:7; src/heat_transfer/Solidification.cpp:52
CFD-UG	Chapter 7: Porous Media and Subsurface Flow Interfaces	The Domain Selection is the same as that of the	ui	present	src/gui/Dialogs.cpp:232; src/emag/AvFormulation.hpp:7; src/gui/Dialogs.cpp:368
CFD-UG	Chapter 7: Porous Media and Subsurface Flow Interfaces	The Domain Selection is the same as that of the	ui	present	src/gui/Dialogs.cpp:232; src/emag/AvFormulation.hpp:7; src/gui/Dialogs.cpp:368
CFD-UG	Chapter 7: Porous Media and Subsurface Flow Interfaces	The Boundary Selection is the same as that of the	ui	present	src/gui/Dialogs.cpp:232; src/emag/AvFormulation.hpp:7; src/gui/Dialogs.cpp:368
CFD-UG	Chapter 7: Porous Media and Subsurface Flow Interfaces	Coupling Features	ui	present	src/cad/Defeaturing.hpp:6; src/gui/Dialogs.cpp:232; src/emag/AvFormulation.hpp:7
CFD-UG	Chapter 7: Porous Media and Subsurface Flow Interfaces	The Thin-Film and Porous Media Flow	ui	present	src/gui/Dialogs.cpp:232; src/emag/AvFormulation.hpp:7; src/particles/ParticleEvaporation.hpp:14
CFD-UG	Chapter 7: Porous Media and Subsurface Flow Interfaces	On the Constituent Physics Interfaces	ui	present	src/gui/Dialogs.cpp:232; src/emag/AvFormulation.hpp:7; src/gui/Dialogs.cpp:368
CFD-UG	Chapter 7: Porous Media and Subsurface Flow Interfaces	Settings For Physics Interfaces And Coupling Features	ui	present	src/cad/Defeaturing.hpp:6; src/gui/Dialogs.cpp:232; src/emag/AvFormulation.hpp:7
CFD-UG	Chapter 7: Porous Media and Subsurface Flow Interfaces	When physics interfaces are added using the predefined coupling, for example	ui	present	src/materials/RealGasEos.hpp:45; src/gui/Dialogs.cpp:232; src/emag/AvFormulation.hpp:7
CFD-UG	Chapter 7: Porous Media and Subsurface Flow Interfaces	Thin-Film and Porous Media Flow (Multiphysics Coupling)	ui	present	src/gui/Dialogs.cpp:232; src/emag/AvFormulation.hpp:7; src/particles/ParticleEvaporation.hpp:14
CFD-UG	Chapter 7: Porous Media and Subsurface Flow Interfaces	Settings	ui	n/a	
CFD-UG	Chapter 7: Porous Media and Subsurface Flow Interfaces	The Label is the default multiphysics coupling feature name.	ui	present	src/cad/FeatureEdges.cpp:148; src/gui/Dialogs.cpp:232; src/emag/AvFormulation.hpp:7
CFD-UG	Chapter 7: Porous Media and Subsurface Flow Interfaces	Boundary Selection	ui	present	src/gui/Dialogs.cpp:232; src/emag/AvFormulation.hpp:7; src/gui/Dialogs.cpp:368
CFD-UG	Chapter 7: Porous Media and Subsurface Flow Interfaces	When nodes are added from the context menu, you can select Manual (the default)	turbulence	present	src/core/PluginRegistry.hpp:8; src/gui/Dialogs.cpp:232; src/emag/AvFormulation.hpp:7
CFD-UG	Chapter 7: Porous Media and Subsurface Flow Interfaces	Coupled Interfaces	solver	present	src/gui/Dialogs.cpp:232; src/emag/AvFormulation.hpp:7; src/gui/DiagnosticsPanel.cpp:59
CFD-UG	Chapter 7: Porous Media and Subsurface Flow Interfaces	Coupling	ui	present	src/gui/Dialogs.cpp:232; src/emag/AvFormulation.hpp:7; src/gui/Dialogs.cpp:368
CFD-UG	Chapter 7: Porous Media and Subsurface Flow Interfaces	Theory for the Darcy’s Law Interface	ui	present	src/combustion/TfcModel.hpp:23; src/gui/Dialogs.cpp:232; src/emag/AvFormulation.hpp:7
CFD-UG	Chapter 7: Porous Media and Subsurface Flow Interfaces	About Darcy’s Law	ui	present	src/gui/Dialogs.cpp:232; src/emag/AvFormulation.hpp:7; src/heat_transfer/Solidification.cpp:52
CFD-UG	Chapter 7: Porous Media and Subsurface Flow Interfaces	Theory For The Darcy’S Law Interface	ui	present	src/combustion/TfcModel.hpp:23; src/gui/Dialogs.cpp:232; src/emag/AvFormulation.hpp:7
CFD-UG	Chapter 7: Porous Media and Subsurface Flow Interfaces	Darcy’s Law — Equation Formulation	ui	present	src/gui/Dialogs.cpp:232; src/acoustics/FwhSurface.cpp:116; src/emag/AvFormulation.hpp:7
CFD-UG	Chapter 7: Porous Media and Subsurface Flow Interfaces	Storage Models	ui	present	src/gui/Dialogs.cpp:232; src/emag/AvFormulation.hpp:7; src/gui/Dialogs.cpp:368
CFD-UG	Chapter 7: Porous Media and Subsurface Flow Interfaces	Theory For The Darcy’S Law Interface	ui	present	src/combustion/TfcModel.hpp:23; src/gui/Dialogs.cpp:232; src/emag/AvFormulation.hpp:7
CFD-UG	Chapter 7: Porous Media and Subsurface Flow Interfaces	Storage models are only available for the Subsurface Flow Module and	ui	present	src/gui/Dialogs.cpp:232; src/emag/AvFormulation.hpp:7; src/amr/AdaptiveRefinement.hpp:11
CFD-UG	Chapter 7: Porous Media and Subsurface Flow Interfaces	Average Linear Velocity	ui	present	src/gui/Dialogs.cpp:232; src/emag/AvFormulation.hpp:7; src/cad/StepReader.cpp:32
CFD-UG	Chapter 7: Porous Media and Subsurface Flow Interfaces	Dual Porosity and Dual Permeability Theory	ui	present	src/heat_transfer/Solidification.hpp:4; src/combustion/TfcModel.hpp:23; src/gui/Dialogs.cpp:232
CFD-UG	Chapter 7: Porous Media and Subsurface Flow Interfaces	Dual Porosity Medium	ui	present	src/radiation/SurfaceToSurface.hpp:7; src/heat_transfer/Solidification.hpp:4; src/gui/Dialogs.cpp:232
CFD-UG	Chapter 7: Porous Media and Subsurface Flow Interfaces	Dual Permeability Medium	ui	present	src/radiation/SurfaceToSurface.hpp:7; src/gui/Dialogs.cpp:232; src/emag/AvFormulation.hpp:35
CFD-UG	Chapter 7: Porous Media and Subsurface Flow Interfaces	Unsaturated Dual Permeability Medium	ui	present	src/radiation/SurfaceToSurface.hpp:7; src/gui/Dialogs.cpp:232; src/emag/AvFormulation.hpp:35
CFD-UG	Chapter 7: Porous Media and Subsurface Flow Interfaces	Theory For The Darcy’S Law Interface	ui	present	src/combustion/TfcModel.hpp:23; src/gui/Dialogs.cpp:232; src/emag/AvFormulation.hpp:7
CFD-UG	Chapter 7: Porous Media and Subsurface Flow Interfaces	C m,M ∂p M	ui	present	src/gui/Dialogs.cpp:232; src/emag/AvFormulation.hpp:7; src/gui/Dialogs.cpp:368
CFD-UG	Chapter 7: Porous Media and Subsurface Flow Interfaces	Interporosity Flow	ui	present	src/gui/Dialogs.cpp:232; src/emag/AvFormulation.hpp:7; src/gui/Dialogs.cpp:368
CFD-UG	Chapter 7: Porous Media and Subsurface Flow Interfaces	Theory For The Darcy’S Law Interface	ui	present	src/combustion/TfcModel.hpp:23; src/gui/Dialogs.cpp:232; src/emag/AvFormulation.hpp:7
CFD-UG	Chapter 7: Porous Media and Subsurface Flow Interfaces	Theory for the Brinkman Equations	ui	present	src/combustion/TfcModel.hpp:23; src/gui/Dialogs.cpp:232; src/emag/AvFormulation.hpp:7
CFD-UG	Chapter 7: Porous Media and Subsurface Flow Interfaces	About the Brinkman Equations	ui	present	src/gui/Dialogs.cpp:232; src/emag/AvFormulation.hpp:7; src/gui/Dialogs.cpp:368
CFD-UG	Chapter 7: Porous Media and Subsurface Flow Interfaces	The Free and Porous Media Flow, Brinkman Interface	ui	present	src/gui/Dialogs.cpp:232; src/emag/AvFormulation.hpp:7; src/gui/Dialogs.cpp:368
CFD-UG	Chapter 7: Porous Media and Subsurface Flow Interfaces	Brinkman Equations Theory	ui	present	src/combustion/TfcModel.hpp:23; src/gui/Dialogs.cpp:232; src/emag/AvFormulation.hpp:7
CFD-UG	Chapter 7: Porous Media and Subsurface Flow Interfaces	The Forchheimer and Ergun drag options add a viscous force proportional to the	ui	present	src/combustion/TransportedPdf.cpp:139; src/gui/Dialogs.cpp:232; src/emag/AvFormulation.hpp:7
CFD-UG	Chapter 7: Porous Media and Subsurface Flow Interfaces	References for the Brinkman Equations Interface	ui	present	src/gui/Dialogs.cpp:232; src/emag/AvFormulation.hpp:7; src/gui/Dialogs.cpp:368
CFD-UG	Chapter 7: Porous Media and Subsurface Flow Interfaces	Theory for the Free and Porous	ui	present	src/combustion/TfcModel.hpp:23; src/gui/Dialogs.cpp:232; src/emag/AvFormulation.hpp:7
CFD-UG	Chapter 7: Porous Media and Subsurface Flow Interfaces	Reference for the Free and Porous Media Flow, Brinkman Interface	ui	present	src/gui/Dialogs.cpp:232; src/emag/AvFormulation.hpp:7; src/gui/Dialogs.cpp:368
CFD-UG	Chapter 7: Porous Media and Subsurface Flow Interfaces	Theory for the Free and Porous	ui	present	src/combustion/TfcModel.hpp:23; src/gui/Dialogs.cpp:232; src/emag/AvFormulation.hpp:7
CFD-UG	Chapter 7: Porous Media and Subsurface Flow Interfaces	The same limit for the Beavers–Joseph–Saffman condition results in the No slip	ui	present	src/gui/Dialogs.cpp:232; src/particles/LagrangianTracker.cpp:126; src/emag/AvFormulation.hpp:7
CFD-UG	Chapter 7: Porous Media and Subsurface Flow Interfaces	Ls	ui	present	src/gui/Dialogs.cpp:232; src/emag/AvFormulation.hpp:7; src/gui/Dialogs.cpp:368
CFD-UG	Chapter 7: Porous Media and Subsurface Flow Interfaces	Here Ls is a slip length, and ub a user-defined interfacial velocity.	ui	present	src/multiphase/EulerianMultifluid.cpp:186; src/gui/Dialogs.cpp:232; src/emag/AvFormulation.hpp:7
CFD-UG	Chapter 7: Porous Media and Subsurface Flow Interfaces	References	ui	n/a	
CFD-UG	Chapter 7: Porous Media and Subsurface Flow Interfaces	Theory for the Two-Phase Darcy’s	ui	present	src/combustion/TfcModel.hpp:23; src/gui/Dialogs.cpp:232; src/emag/AvFormulation.hpp:7
CFD-UG	Chapter 7: Porous Media and Subsurface Flow Interfaces	Theory For The Two-Phase Darcy’S Law Interface	ui	present	src/combustion/TfcModel.hpp:23; src/gui/Dialogs.cpp:232; src/emag/AvFormulation.hpp:7
CFD-UG	Chapter 7: Porous Media and Subsurface Flow Interfaces	Capillary Pressure Models	ui	present	src/gui/Dialogs.cpp:232; src/emag/AvFormulation.hpp:7; src/gui/Dialogs.cpp:368
CFD-UG	Chapter 7: Porous Media and Subsurface Flow Interfaces	References for the Two-Phase Darcy’s Law Interface	ui	present	src/gui/Dialogs.cpp:232; src/emag/AvFormulation.hpp:7; src/heat_transfer/Solidification.cpp:52
CFD-UG	Chapter 7: Porous Media and Subsurface Flow Interfaces	Theory For The Two-Phase Darcy’S Law Interface	ui	present	src/combustion/TfcModel.hpp:23; src/gui/Dialogs.cpp:232; src/emag/AvFormulation.hpp:7
CFD-UG	Chapter 7: Porous Media and Subsurface Flow Interfaces	Theory for the Multiphase Flow in	multiphase	present	src/combustion/TfcModel.hpp:23; src/gui/Dialogs.cpp:232; src/emag/AvFormulation.hpp:7
CFD-UG	Chapter 7: Porous Media and Subsurface Flow Interfaces	One phase pressure can be chosen independently so that N − 1 capillary pressure	ui	present	src/io/StarCdReader.cpp:8; src/gui/Dialogs.cpp:232; src/emag/AvFormulation.hpp:7
CFD-UG	Chapter 7: Porous Media and Subsurface Flow Interfaces	Pressure-Saturation Formulation	ui	present	src/gui/Dialogs.cpp:232; src/multiphase/CavitationSchnerrSauer.hpp:8; src/acoustics/FwhSurface.cpp:116
CFD-UG	Chapter 7: Porous Media and Subsurface Flow Interfaces	The equations for the saturations si, (i ≠ ic) are given by Equation 7-54 and	ui	present	src/gui/Dialogs.cpp:232; src/emag/AvFormulation.hpp:7; src/gui/Dialogs.cpp:368
CFD-UG	Chapter 7: Porous Media and Subsurface Flow Interfaces	Mass Source and Boundary Mass Source	ui	present	src/gui/Dialogs.cpp:232; src/emag/AvFormulation.hpp:7; src/gui/Dialogs.cpp:368
CFD-UG	Chapter 7: Porous Media and Subsurface Flow Interfaces	Boundary Conditions	bc	present	src/gui/Dialogs.cpp:232; src/emag/AvFormulation.hpp:7; src/gui/Dialogs.cpp:368
CFD-UG	Chapter 7: Porous Media and Subsurface Flow Interfaces	Thin Barrier (Multiphysics Coupling)	ui	present	src/gui/Dialogs.cpp:232; src/parallel/MpiContext.cpp:145; src/emag/AvFormulation.hpp:7
CFD-UG	Chapter 7: Porous Media and Subsurface Flow Interfaces	References	ui	n/a	
CFD-UG	Chapter 7: Porous Media and Subsurface Flow Interfaces	Theory for the Thin-Film and Porous	ui	present	src/combustion/TfcModel.hpp:23; src/gui/Dialogs.cpp:232; src/emag/AvFormulation.hpp:7
CFD-UG	Chapter 7: Porous Media and Subsurface Flow Interfaces	Also, a mass source/sink term is added to the Reynolds equation or the modified	ui	present	src/adjoint/DiscreteAdjoint.cpp:78; src/gui/Dialogs.cpp:232; src/emag/AvFormulation.hpp:7
CFD-UG	Chapter 7: Porous Media and Subsurface Flow Interfaces	Beavers–Joseph Slip Condition	ui	present	src/gui/Dialogs.cpp:232; src/emag/AvFormulation.hpp:7; src/gui/Dialogs.cpp:323
CFD-UG	Chapter 7: Porous Media and Subsurface Flow Interfaces	References for the Thin-Film and Porous Media Flow Interface	ui	present	src/gui/Dialogs.cpp:232; src/emag/AvFormulation.hpp:7; src/particles/ParticleEvaporation.hpp:14
CFD-UG	Chapter 8: Chemical Species Transport Interfaces	Chapter 8: Chemical Species Transport Interfaces	turbulence	partial	src/gui/Dialogs.cpp:232; src/combustion/CanteraParser.hpp:10
CFD-UG	Chapter 8: Chemical Species Transport Interfaces	Modeling Chemical Species Transport	turbulence	partial	src/gui/Dialogs.cpp:232; src/combustion/CanteraParser.hpp:10
CFD-UG	Chapter 8: Chemical Species Transport Interfaces	Selecting the Right Physics Interface	turbulence	present	src/gui/Dialogs.cpp:232; src/combustion/LaminarFiniteRate.cpp:110; src/combustion/CanteraParser.hpp:10
CFD-UG	Chapter 8: Chemical Species Transport Interfaces	Reacting Flow	turbulence	partial	src/gui/Dialogs.cpp:232; src/combustion/CanteraParser.hpp:10
CFD-UG	Chapter 8: Chemical Species Transport Interfaces	Reacting Flow In Porous Media	turbulence	present	src/gui/Dialogs.cpp:232; src/emag/AvFormulation.hpp:7; src/gui/Dialogs.cpp:368
CFD-UG	Chapter 8: Chemical Species Transport Interfaces	High Mach Number Reacting Flow	turbulence	present	src/acoustics/CurleAcoustics.hpp:7; src/gui/Dialogs.cpp:232; src/combustion/TfcModel.hpp:24
CFD-UG	Chapter 8: Chemical Species Transport Interfaces	The High Mach Number Reacting Turbulent Flow, Spalart–Allmaras Interface (	turbulence	present	src/acoustics/CurleAcoustics.hpp:7; src/gui/Dialogs.cpp:232; src/core/IWallDistanceService.hpp:12
CFD-UG	Chapter 8: Chemical Species Transport Interfaces	High Mach Number Reacting Flow, Diluted Species	turbulence	present	src/acoustics/CurleAcoustics.hpp:7; src/gui/Dialogs.cpp:232; src/combustion/TfcModel.hpp:24
CFD-UG	Chapter 8: Chemical Species Transport Interfaces	Coupling to Other Physics Interfaces	turbulence	present	src/gui/Dialogs.cpp:232; src/combustion/LaminarFiniteRate.cpp:110; src/combustion/CanteraParser.hpp:10
CFD-UG	Chapter 8: Chemical Species Transport Interfaces	Adding a Chemical Species Transport Interface	turbulence	partial	src/gui/Dialogs.cpp:232; src/combustion/CanteraParser.hpp:10
CFD-UG	Chapter 8: Chemical Species Transport Interfaces	The Transport of Diluted Species	turbulence	partial	src/gui/Dialogs.cpp:232; src/combustion/CanteraParser.hpp:10
CFD-UG	Chapter 8: Chemical Species Transport Interfaces	Settings	turbulence	n/a	
CFD-UG	Chapter 8: Chemical Species Transport Interfaces	The Label is the default physics interface name.	turbulence	present	src/gui/Dialogs.cpp:232; src/combustion/LaminarFiniteRate.cpp:110; src/combustion/CanteraParser.hpp:10
CFD-UG	Chapter 8: Chemical Species Transport Interfaces	Domain Selection	turbulence	partial	src/gui/Dialogs.cpp:232; src/combustion/CanteraParser.hpp:10
CFD-UG	Chapter 8: Chemical Species Transport Interfaces	Out-Of-Plane Thickness	turbulence	present	src/gui/Dialogs.cpp:232; src/acoustics/FwhSurface.cpp:142; src/combustion/CanteraParser.hpp:10
CFD-UG	Chapter 8: Chemical Species Transport Interfaces	Cross-Sectional Area	turbulence	partial	src/gui/Dialogs.cpp:232; src/combustion/CanteraParser.hpp:10
CFD-UG	Chapter 8: Chemical Species Transport Interfaces	Transport Mechanisms	turbulence	present	src/combustion/CanteraParser.hpp:7; src/gui/Dialogs.cpp:232; src/combustion/CanteraParser.hpp:10
CFD-UG	Chapter 8: Chemical Species Transport Interfaces	Mass Transport in Porous Media	turbulence	present	src/gui/Dialogs.cpp:232; src/emag/AvFormulation.hpp:7; src/gui/Dialogs.cpp:368
CFD-UG	Chapter 8: Chemical Species Transport Interfaces	Consistent Stabilization	turbulence	present	src/gui/Dialogs.cpp:232; src/core/Command.hpp:92; src/combustion/CanteraParser.hpp:10
CFD-UG	Chapter 8: Chemical Species Transport Interfaces	Inconsistent Stabilization	turbulence	partial	src/gui/Dialogs.cpp:232; src/combustion/CanteraParser.hpp:10
CFD-UG	Chapter 8: Chemical Species Transport Interfaces	Advanced Settings	turbulence	present	src/gui/Dialogs.cpp:232; src/combustion/TransportedPdf.hpp:8; src/combustion/CanteraParser.hpp:10
CFD-UG	Chapter 8: Chemical Species Transport Interfaces	Discretization	turbulence	present	src/solver/Solver.hpp:26; src/gui/Dialogs.cpp:232; src/combustion/CanteraParser.hpp:10
CFD-UG	Chapter 8: Chemical Species Transport Interfaces	The Compute boundary fluxes checkbox is activated by default so that COMSOL	turbulence	present	src/turbulence/Models.cpp:62; src/io/VtuReader.hpp:39; src/gui/Dialogs.cpp:232
CFD-UG	Chapter 8: Chemical Species Transport Interfaces	Dependent Variables	turbulence	present	src/gui/Dialogs.cpp:232; src/io/CgnsWriter.cpp:14; src/adjoint/DiscreteAdjoint.hpp:15
CFD-UG	Chapter 8: Chemical Species Transport Interfaces	Further Reading	turbulence	present	src/io/MeshFormats.hpp:7; src/meshing/SnappyHexMesher.hpp:53; src/gui/Dialogs.cpp:232
CFD-UG	Chapter 8: Chemical Species Transport Interfaces	Settings	turbulence	n/a	
CFD-UG	Chapter 8: Chemical Species Transport Interfaces	Further Reading	turbulence	present	src/io/MeshFormats.hpp:7; src/meshing/SnappyHexMesher.hpp:53; src/gui/Dialogs.cpp:232
CFD-UG	Chapter 8: Chemical Species Transport Interfaces	Web link: www.comsol.com/model/	turbulence	present	src/gui/Dialogs.cpp:232; src/cad/CMakeLists.txt:35; src/combustion/CanteraParser.hpp:10
CFD-UG	Chapter 8: Chemical Species Transport Interfaces	Some features require certain add-on modules. For details see www.comsol.com/	turbulence	present	src/io/GambitReader.hpp:10; src/cad/Defeaturing.hpp:6; src/gui/Dialogs.cpp:232
CFD-UG	Chapter 8: Chemical Species Transport Interfaces	For axisymmetric components, COMSOL Multiphysics takes the axial	bc	present	src/gpu/CgGpu.hpp:7; src/meshing/MedialAxisDecomposition.hpp:13; src/gui/Dialogs.cpp:232
CFD-UG	Chapter 8: Chemical Species Transport Interfaces	In the COMSOL Multiphysics Reference Manual, see Table 2-4 for links	turbulence	present	src/gui/Dialogs.cpp:232; src/gpu/GpuKernels.cpp:243; src/combustion/CanteraParser.hpp:10
CFD-UG	Chapter 8: Chemical Species Transport Interfaces	Prescribing Conditions on Fluid–Solid Interfaces	turbulence	present	src/optimization/SimpTopology.hpp:17; src/gui/Dialogs.cpp:232; src/combustion/CanteraParser.hpp:10
CFD-UG	Chapter 8: Chemical Species Transport Interfaces	Species Properties	turbulence	present	src/gui/Dialogs.cpp:232; src/cad/CMakeLists.txt:42; src/combustion/CanteraParser.hpp:10
CFD-UG	Chapter 8: Chemical Species Transport Interfaces	Charge	turbulence	present	src/emag/Mhd.hpp:11; src/gui/Dialogs.cpp:232; src/combustion/CanteraParser.hpp:10
CFD-UG	Chapter 8: Chemical Species Transport Interfaces	Activity	turbulence	partial	src/gui/Dialogs.cpp:232; src/combustion/CanteraParser.hpp:10
CFD-UG	Chapter 8: Chemical Species Transport Interfaces	Fluid	turbulence	partial	src/gui/Dialogs.cpp:232; src/combustion/CanteraParser.hpp:10
CFD-UG	Chapter 8: Chemical Species Transport Interfaces	Model Inputs	turbulence	partial	src/gui/Dialogs.cpp:232; src/combustion/CanteraParser.hpp:10
CFD-UG	Chapter 8: Chemical Species Transport Interfaces	Convection	turbulence	present	src/gui/Dialogs.cpp:232; src/combustion/TransportedPdf.hpp:10; src/combustion/CanteraParser.hpp:10
CFD-UG	Chapter 8: Chemical Species Transport Interfaces	Diffusion	turbulence	present	src/gui/Dialogs.cpp:232; src/combustion/SlfmFlamelet.hpp:6; src/combustion/CanteraParser.hpp:10
CFD-UG	Chapter 8: Chemical Species Transport Interfaces	Migration In Electric Field	turbulence	present	src/core/RotatingFileSink.cpp:84; src/gui/Dialogs.cpp:232; src/emag/AvFormulation.hpp:6
CFD-UG	Chapter 8: Chemical Species Transport Interfaces	Example Models	turbulence	present	src/materials/RealGasEos.hpp:45; src/gui/Dialogs.cpp:232; src/combustion/CanteraParser.hpp:10
CFD-UG	Chapter 8: Chemical Species Transport Interfaces	Web link: www.comsol.com/model/separation-through-dialysis-258	turbulence	present	src/turbulence/GammaReThetaTransition.cpp:161; src/gui/Dialogs.cpp:232; src/cad/CMakeLists.txt:35
CFD-UG	Chapter 8: Chemical Species Transport Interfaces	Web link: www.comsol.com/model/	turbulence	present	src/gui/Dialogs.cpp:232; src/cad/CMakeLists.txt:35; src/combustion/CanteraParser.hpp:10
CFD-UG	Chapter 8: Chemical Species Transport Interfaces	Solid	turbulence	n/a	
CFD-UG	Chapter 8: Chemical Species Transport Interfaces	Diffusion	turbulence	present	src/gui/Dialogs.cpp:232; src/combustion/SlfmFlamelet.hpp:6; src/combustion/CanteraParser.hpp:10
CFD-UG	Chapter 8: Chemical Species Transport Interfaces	Advanced	turbulence	present	src/gui/Dialogs.cpp:232; src/combustion/TransportedPdf.hpp:8; src/combustion/CanteraParser.hpp:10
CFD-UG	Chapter 8: Chemical Species Transport Interfaces	Initial Values	turbulence	present	src/gui/Dialogs.cpp:232; src/core/ThreadPool.cpp:57; src/combustion/CanteraParser.hpp:10
CFD-UG	Chapter 8: Chemical Species Transport Interfaces	Domain Selection	turbulence	partial	src/gui/Dialogs.cpp:232; src/combustion/CanteraParser.hpp:10
CFD-UG	Chapter 8: Chemical Species Transport Interfaces	Initial Values	turbulence	present	src/gui/Dialogs.cpp:232; src/core/ThreadPool.cpp:57; src/combustion/CanteraParser.hpp:10
CFD-UG	Chapter 8: Chemical Species Transport Interfaces	Mass-Based Concentrations	turbulence	present	src/gui/Dialogs.cpp:232; src/combustion/EddyDissipationConcept.cpp:41; src/combustion/CanteraParser.hpp:10
CFD-UG	Chapter 8: Chemical Species Transport Interfaces	Mixture Properties	turbulence	present	src/gui/Dialogs.cpp:232; src/cad/CMakeLists.txt:42; src/combustion/FgmFlamelet.hpp:7
CFD-UG	Chapter 8: Chemical Species Transport Interfaces	Reactions	turbulence	partial	src/gui/Dialogs.cpp:232; src/combustion/CanteraParser.hpp:10
CFD-UG	Chapter 8: Chemical Species Transport Interfaces	Domain Selection	turbulence	partial	src/gui/Dialogs.cpp:232; src/combustion/CanteraParser.hpp:10
CFD-UG	Chapter 8: Chemical Species Transport Interfaces	Reaction Rates	turbulence	present	src/gui/Dialogs.cpp:232; src/combustion/CanteraParser.hpp:11; src/combustion/CanteraParser.hpp:11
CFD-UG	Chapter 8: Chemical Species Transport Interfaces	Reacting Volume	turbulence	partial	src/gui/Dialogs.cpp:232; src/combustion/CanteraParser.hpp:10
CFD-UG	Chapter 8: Chemical Species Transport Interfaces	Heat Source	turbulence	partial	src/gui/Dialogs.cpp:232; src/combustion/CanteraParser.hpp:10
CFD-UG	Chapter 8: Chemical Species Transport Interfaces	Further Reading	turbulence	present	src/io/MeshFormats.hpp:7; src/meshing/SnappyHexMesher.hpp:53; src/gui/Dialogs.cpp:232
CFD-UG	Chapter 8: Chemical Species Transport Interfaces	Web link: www.comsol.com/model/	turbulence	present	src/gui/Dialogs.cpp:232; src/cad/CMakeLists.txt:35; src/combustion/CanteraParser.hpp:10
CFD-UG	Chapter 8: Chemical Species Transport Interfaces	No Flux	turbulence	partial	src/gui/Dialogs.cpp:232; src/combustion/CanteraParser.hpp:10
CFD-UG	Chapter 8: Chemical Species Transport Interfaces	Convection	turbulence	present	src/gui/Dialogs.cpp:232; src/combustion/TransportedPdf.hpp:10; src/combustion/CanteraParser.hpp:10
CFD-UG	Chapter 8: Chemical Species Transport Interfaces	Inflow	turbulence	present	src/heat_transfer/ConjugateHeatTransfer.cpp:87; src/gui/Dialogs.cpp:232; src/combustion/CanteraParser.hpp:10
CFD-UG	Chapter 8: Chemical Species Transport Interfaces	Concentration	turbulence	present	src/core/BoundaryConditionRegistry.hpp:18; src/gui/Dialogs.cpp:232; src/combustion/CanteraParser.hpp:10
CFD-UG	Chapter 8: Chemical Species Transport Interfaces	For the concentration of each species c0,c (SI unit: mol/m3), enter a value or	turbulence	present	src/core/BoundaryConditionRegistry.hpp:18; src/gui/PythonConsolePanel.cpp:74; src/gui/Dialogs.cpp:232
CFD-UG	Chapter 8: Chemical Species Transport Interfaces	Boundary Condition Type	bc	present	src/gui/Dialogs.cpp:232; src/core/BoundaryConditionRegistry.hpp:13; src/combustion/CanteraParser.hpp:10
CFD-UG	Chapter 8: Chemical Species Transport Interfaces	The option Concentration constraint constrains the concentration values on the	turbulence	present	src/core/BoundaryConditionRegistry.hpp:18; src/gui/Dialogs.cpp:232; src/meshing/AmrAdaptor.hpp:8
CFD-UG	Chapter 8: Chemical Species Transport Interfaces	Constraint Settings	turbulence	present	src/gui/Dialogs.cpp:232; src/meshing/AmrAdaptor.hpp:8; src/combustion/CanteraParser.hpp:10
CFD-UG	Chapter 8: Chemical Species Transport Interfaces	Further Reading	turbulence	present	src/io/MeshFormats.hpp:7; src/meshing/SnappyHexMesher.hpp:53; src/gui/Dialogs.cpp:232
CFD-UG	Chapter 8: Chemical Species Transport Interfaces	Outflow	turbulence	present	src/gui/Dialogs.cpp:232; src/gui/Dialogs.cpp:336; src/combustion/CanteraParser.hpp:10
CFD-UG	Chapter 8: Chemical Species Transport Interfaces	Concentration	turbulence	present	src/core/BoundaryConditionRegistry.hpp:18; src/gui/Dialogs.cpp:232; src/combustion/CanteraParser.hpp:10
CFD-UG	Chapter 8: Chemical Species Transport Interfaces	Concentration	turbulence	present	src/core/BoundaryConditionRegistry.hpp:18; src/gui/Dialogs.cpp:232; src/combustion/CanteraParser.hpp:10
CFD-UG	Chapter 8: Chemical Species Transport Interfaces	Constraint Settings	turbulence	present	src/gui/Dialogs.cpp:232; src/meshing/AmrAdaptor.hpp:8; src/combustion/CanteraParser.hpp:10
CFD-UG	Chapter 8: Chemical Species Transport Interfaces	Flux	turbulence	partial	src/gui/Dialogs.cpp:232; src/combustion/CanteraParser.hpp:10
CFD-UG	Chapter 8: Chemical Species Transport Interfaces	Convection	turbulence	present	src/gui/Dialogs.cpp:232; src/combustion/TransportedPdf.hpp:10; src/combustion/CanteraParser.hpp:10
CFD-UG	Chapter 8: Chemical Species Transport Interfaces	When including the convection, the prescribed flux is defined as	turbulence	present	src/morphing/RbfMorpher.hpp:6; src/core/BoundaryConditionRegistry.hpp:28; src/gui/Dialogs.cpp:232
CFD-UG	Chapter 8: Chemical Species Transport Interfaces	Inward Flux	turbulence	present	src/meshing/PrismLayerExtruder.hpp:39; src/gui/Dialogs.cpp:232; src/combustion/CanteraParser.hpp:10
CFD-UG	Chapter 8: Chemical Species Transport Interfaces	External convection	turbulence	present	src/gui/Dialogs.cpp:232; src/combustion/TransportedPdf.hpp:10; src/combustion/FgmFlamelet.hpp:46
CFD-UG	Chapter 8: Chemical Species Transport Interfaces	Symmetry	bc	present	src/gui/Dialogs.cpp:232; src/core/BoundaryConditionRegistry.hpp:10; src/combustion/CanteraParser.hpp:10
CFD-UG	Chapter 8: Chemical Species Transport Interfaces	Flux Discontinuity	turbulence	partial	src/gui/Dialogs.cpp:232; src/combustion/CanteraParser.hpp:10
CFD-UG	Chapter 8: Chemical Species Transport Interfaces	J = – D∇c	turbulence	partial	src/gui/Dialogs.cpp:232; src/combustion/CanteraParser.hpp:10
CFD-UG	Chapter 8: Chemical Species Transport Interfaces	Flux Discontinuity	turbulence	partial	src/gui/Dialogs.cpp:232; src/combustion/CanteraParser.hpp:10
CFD-UG	Chapter 8: Chemical Species Transport Interfaces	In this section the jump in species flux (or surface source) is specified.	turbulence	present	src/gui/Dialogs.cpp:232; src/amr/AdaptiveRefinement.cpp:55; src/combustion/CanteraParser.hpp:10
CFD-UG	Chapter 8: Chemical Species Transport Interfaces	Partition Condition	turbulence	present	src/gui/Dialogs.cpp:232; src/core/BoundaryConditionRegistry.hpp:13; src/combustion/CanteraParser.hpp:10
CFD-UG	Chapter 8: Chemical Species Transport Interfaces	Further Reading	turbulence	present	src/io/MeshFormats.hpp:7; src/meshing/SnappyHexMesher.hpp:53; src/gui/Dialogs.cpp:232
CFD-UG	Chapter 8: Chemical Species Transport Interfaces	Periodic Condition	bc	present	src/gui/Dialogs.cpp:232; src/core/BoundaryConditionRegistry.hpp:13; src/core/BoundaryConditionRegistry.hpp:10
CFD-UG	Chapter 8: Chemical Species Transport Interfaces	Boundary Selection	turbulence	partial	src/gui/Dialogs.cpp:232; src/combustion/CanteraParser.hpp:10
CFD-UG	Chapter 8: Chemical Species Transport Interfaces	Destination Selection	turbulence	present	src/core/CrashHandler.hpp:9; src/gui/Dialogs.cpp:232; src/combustion/CanteraParser.hpp:10
CFD-UG	Chapter 8: Chemical Species Transport Interfaces	For more complex geometries, it might be necessary to specify the destination	turbulence	present	src/solver/WallDistance.hpp:17; src/core/CrashHandler.hpp:9; src/gui/Dialogs.cpp:232
CFD-UG	Chapter 8: Chemical Species Transport Interfaces	Constraint Settings	turbulence	present	src/gui/Dialogs.cpp:232; src/meshing/AmrAdaptor.hpp:8; src/combustion/CanteraParser.hpp:10
CFD-UG	Chapter 8: Chemical Species Transport Interfaces	Orientation Of Source	turbulence	present	src/gui/Dialogs.cpp:232; src/cad/FeatureEdges.cpp:64; src/combustion/CanteraParser.hpp:10
CFD-UG	Chapter 8: Chemical Species Transport Interfaces	Orientation Of Destination	turbulence	present	src/core/CrashHandler.hpp:9; src/gui/Dialogs.cpp:232; src/cad/FeatureEdges.cpp:64
CFD-UG	Chapter 8: Chemical Species Transport Interfaces	Mapping Between Source And Destination	turbulence	present	src/core/CrashHandler.hpp:9; src/gui/Dialogs.cpp:232; src/cad/CadKernel.hpp:75
CFD-UG	Chapter 8: Chemical Species Transport Interfaces	Further Reading	turbulence	present	src/io/MeshFormats.hpp:7; src/meshing/SnappyHexMesher.hpp:53; src/gui/Dialogs.cpp:232
CFD-UG	Chapter 8: Chemical Species Transport Interfaces	Line Mass Source	turbulence	partial	src/gui/Dialogs.cpp:232; src/combustion/CanteraParser.hpp:10
CFD-UG	Chapter 8: Chemical Species Transport Interfaces	Selection	turbulence	partial	src/gui/Dialogs.cpp:232; src/combustion/CanteraParser.hpp:10
CFD-UG	Chapter 8: Chemical Species Transport Interfaces	Model Dimension	turbulence	present	src/gui/Dialogs.cpp:232; src/adjoint/DiscreteAdjoint.hpp:37; src/combustion/CanteraParser.hpp:10
CFD-UG	Chapter 8: Chemical Species Transport Interfaces	Applicable Geometrical Entity	turbulence	present	src/gui/Dialogs.cpp:232; src/cad/PersistentIdManager.cpp:14; src/combustion/CanteraParser.hpp:10
CFD-UG	Chapter 8: Chemical Species Transport Interfaces	Species Source	turbulence	partial	src/gui/Dialogs.cpp:232; src/combustion/CanteraParser.hpp:10
CFD-UG	Chapter 8: Chemical Species Transport Interfaces	Further Reading	turbulence	present	src/io/MeshFormats.hpp:7; src/meshing/SnappyHexMesher.hpp:53; src/gui/Dialogs.cpp:232
CFD-UG	Chapter 8: Chemical Species Transport Interfaces	Point Mass Source	turbulence	partial	src/gui/Dialogs.cpp:232; src/combustion/CanteraParser.hpp:10
CFD-UG	Chapter 8: Chemical Species Transport Interfaces	Species Source	turbulence	partial	src/gui/Dialogs.cpp:232; src/combustion/CanteraParser.hpp:10
CFD-UG	Chapter 8: Chemical Species Transport Interfaces	Further Reading	turbulence	present	src/io/MeshFormats.hpp:7; src/meshing/SnappyHexMesher.hpp:53; src/gui/Dialogs.cpp:232
CFD-UG	Chapter 8: Chemical Species Transport Interfaces	Open Boundary	turbulence	partial	src/gui/Dialogs.cpp:232; src/combustion/CanteraParser.hpp:10
CFD-UG	Chapter 8: Chemical Species Transport Interfaces	Exterior Concentration	turbulence	present	src/core/BoundaryConditionRegistry.hpp:18; src/gui/Dialogs.cpp:232; src/meshing/Connectivity.cpp:95
CFD-UG	Chapter 8: Chemical Species Transport Interfaces	Thin Diffusion Barrier	turbulence	present	src/gui/Dialogs.cpp:232; src/parallel/MpiContext.cpp:145; src/combustion/SlfmFlamelet.hpp:6
CFD-UG	Chapter 8: Chemical Species Transport Interfaces	Thin Diffusion Barrier	turbulence	present	src/gui/Dialogs.cpp:232; src/parallel/MpiContext.cpp:145; src/combustion/SlfmFlamelet.hpp:6
CFD-UG	Chapter 8: Chemical Species Transport Interfaces	Thin Impermeable Barrier	turbulence	present	src/acoustics/FwhSurface.hpp:5; src/gui/Dialogs.cpp:232; src/parallel/MpiContext.cpp:145
CFD-UG	Chapter 8: Chemical Species Transport Interfaces	Equilibrium Reaction	turbulence	present	src/combustion/EddyDissipationConcept.cpp:72; src/gui/Dialogs.cpp:232; src/combustion/CanteraParser.hpp:11
CFD-UG	Chapter 8: Chemical Species Transport Interfaces	Equilibrium Condition	turbulence	present	src/combustion/EddyDissipationConcept.cpp:72; src/gui/Dialogs.cpp:232; src/core/BoundaryConditionRegistry.hpp:13
CFD-UG	Chapter 8: Chemical Species Transport Interfaces	The Chemistry list shows two ways to define an equilibrium reaction.	turbulence	present	src/gui/PropertyEditorV2.hpp:12; src/combustion/EddyDissipationConcept.cpp:72; src/gui/Dialogs.cpp:232
CFD-UG	Chapter 8: Chemical Species Transport Interfaces	Stoichiometric Coefficients	turbulence	present	src/gui/Dialogs.cpp:232; src/combustion/ThermoNasaParser.cpp:147; src/combustion/CanteraParser.hpp:10
CFD-UG	Chapter 8: Chemical Species Transport Interfaces	This section is available when the Chemistry list is set to None.	turbulence	present	src/gui/Dialogs.cpp:232; src/combustion/CanteraParser.hpp:6; src/amr/AdaptiveRefinement.hpp:11
CFD-UG	Chapter 8: Chemical Species Transport Interfaces	Heat Source	turbulence	partial	src/gui/Dialogs.cpp:232; src/combustion/CanteraParser.hpp:10
CFD-UG	Chapter 8: Chemical Species Transport Interfaces	Surface Reactions	turbulence	partial	src/gui/Dialogs.cpp:232; src/combustion/CanteraParser.hpp:10
CFD-UG	Chapter 8: Chemical Species Transport Interfaces	Surface Reaction Rate	turbulence	present	src/gui/Dialogs.cpp:232; src/combustion/CanteraParser.hpp:11; src/combustion/CanteraParser.hpp:10
CFD-UG	Chapter 8: Chemical Species Transport Interfaces	Further Reading	turbulence	present	src/io/MeshFormats.hpp:7; src/meshing/SnappyHexMesher.hpp:53; src/gui/Dialogs.cpp:232
CFD-UG	Chapter 8: Chemical Species Transport Interfaces	Surface Equilibrium Reaction	turbulence	present	src/combustion/EddyDissipationConcept.cpp:72; src/gui/Dialogs.cpp:232; src/combustion/CanteraParser.hpp:11
CFD-UG	Chapter 8: Chemical Species Transport Interfaces	Fast Irreversible Surface Reaction	turbulence	present	src/cad/ObjReader.hpp:39; src/gui/Dialogs.cpp:232; src/combustion/CanteraParser.hpp:11
CFD-UG	Chapter 8: Chemical Species Transport Interfaces	Porous Electrode Coupling	turbulence	present	src/emag/Mhd.hpp:39; src/gui/Dialogs.cpp:232; src/gui/Dialogs.cpp:368
CFD-UG	Chapter 8: Chemical Species Transport Interfaces	Reaction Coefficients	turbulence	present	src/gui/Dialogs.cpp:232; src/combustion/ThermoNasaParser.cpp:147; src/combustion/CanteraParser.hpp:11
CFD-UG	Chapter 8: Chemical Species Transport Interfaces	Electrode Surface Coupling	turbulence	present	src/emag/Mhd.hpp:39; src/gui/Dialogs.cpp:232; src/combustion/CanteraParser.hpp:10
CFD-UG	Chapter 8: Chemical Species Transport Interfaces	Porous Medium	turbulence	present	src/radiation/SurfaceToSurface.hpp:7; src/gui/Dialogs.cpp:232; src/gui/Dialogs.cpp:368
CFD-UG	Chapter 8: Chemical Species Transport Interfaces	Fluid (Porous Medium)	turbulence	present	src/radiation/SurfaceToSurface.hpp:7; src/gui/Dialogs.cpp:232; src/gui/Dialogs.cpp:368
CFD-UG	Chapter 8: Chemical Species Transport Interfaces	Model Inputs	turbulence	partial	src/gui/Dialogs.cpp:232; src/combustion/CanteraParser.hpp:10
CFD-UG	Chapter 8: Chemical Species Transport Interfaces	Convection	turbulence	present	src/gui/Dialogs.cpp:232; src/combustion/TransportedPdf.hpp:10; src/combustion/CanteraParser.hpp:10
CFD-UG	Chapter 8: Chemical Species Transport Interfaces	Diffusion	turbulence	present	src/gui/Dialogs.cpp:232; src/combustion/SlfmFlamelet.hpp:6; src/combustion/CanteraParser.hpp:10
CFD-UG	Chapter 8: Chemical Species Transport Interfaces	Migration In Electric Field	turbulence	present	src/core/RotatingFileSink.cpp:84; src/gui/Dialogs.cpp:232; src/emag/AvFormulation.hpp:6
CFD-UG	Chapter 8: Chemical Species Transport Interfaces	Porous Matrix	turbulence	present	src/gui/Dialogs.cpp:232; src/gui/Dialogs.cpp:368; src/combustion/CanteraParser.hpp:10
CFD-UG	Chapter 8: Chemical Species Transport Interfaces	Dispersion	turbulence	partial	src/gui/Dialogs.cpp:232; src/combustion/CanteraParser.hpp:10
CFD-UG	Chapter 8: Chemical Species Transport Interfaces	Unsaturated Porous Medium	turbulence	present	src/radiation/SurfaceToSurface.hpp:7; src/gui/Dialogs.cpp:232; src/gui/Dialogs.cpp:368
CFD-UG	Chapter 8: Chemical Species Transport Interfaces	Liquid	turbulence	n/a	
CFD-UG	Chapter 8: Chemical Species Transport Interfaces	Model Inputs	turbulence	partial	src/gui/Dialogs.cpp:232; src/combustion/CanteraParser.hpp:10
CFD-UG	Chapter 8: Chemical Species Transport Interfaces	Saturation	turbulence	present	src/gui/Dialogs.cpp:232; src/multiphase/CavitationSchnerrSauer.hpp:8; src/combustion/CanteraParser.hpp:10
CFD-UG	Chapter 8: Chemical Species Transport Interfaces	Select Saturation or Liquid volume fraction from the list.	turbulence	present	src/gui/Dialogs.cpp:232; src/multiphase/CavitationSchnerrSauer.hpp:8; src/emag/Mhd.hpp:5
CFD-UG	Chapter 8: Chemical Species Transport Interfaces	Convection	turbulence	present	src/gui/Dialogs.cpp:232; src/combustion/TransportedPdf.hpp:10; src/combustion/CanteraParser.hpp:10
CFD-UG	Chapter 8: Chemical Species Transport Interfaces	Diffusion	turbulence	present	src/gui/Dialogs.cpp:232; src/combustion/SlfmFlamelet.hpp:6; src/combustion/CanteraParser.hpp:10
CFD-UG	Chapter 8: Chemical Species Transport Interfaces	Migration In Electric Field	turbulence	present	src/core/RotatingFileSink.cpp:84; src/gui/Dialogs.cpp:232; src/emag/AvFormulation.hpp:6
CFD-UG	Chapter 8: Chemical Species Transport Interfaces	Gas	turbulence	n/a	
CFD-UG	Chapter 8: Chemical Species Transport Interfaces	Diffusion	turbulence	present	src/gui/Dialogs.cpp:232; src/combustion/SlfmFlamelet.hpp:6; src/combustion/CanteraParser.hpp:10
CFD-UG	Chapter 8: Chemical Species Transport Interfaces	Volatilization	turbulence	partial	src/gui/Dialogs.cpp:232; src/combustion/CanteraParser.hpp:10
CFD-UG	Chapter 8: Chemical Species Transport Interfaces	Adsorption	turbulence	partial	src/gui/Dialogs.cpp:232; src/combustion/CanteraParser.hpp:10
CFD-UG	Chapter 8: Chemical Species Transport Interfaces	Matrix Properties	turbulence	present	src/gui/Dialogs.cpp:232; src/cad/CMakeLists.txt:42; src/combustion/CanteraParser.hpp:10
CFD-UG	Chapter 8: Chemical Species Transport Interfaces	Adsorption	turbulence	partial	src/gui/Dialogs.cpp:232; src/combustion/CanteraParser.hpp:10
CFD-UG	Chapter 8: Chemical Species Transport Interfaces	K P = -------P- = --------------------------2	turbulence	partial	src/gui/Dialogs.cpp:232; src/combustion/CanteraParser.hpp:10
CFD-UG	Chapter 8: Chemical Species Transport Interfaces	KL c	turbulence	partial	src/gui/Dialogs.cpp:232; src/combustion/CanteraParser.hpp:10
CFD-UG	Chapter 8: Chemical Species Transport Interfaces	Enter a Langmuir constant kL,c (SI unit: m3/mol) and an Adsorption maximum	turbulence	present	src/gui/PythonConsolePanel.cpp:74; src/gui/Dialogs.cpp:232; src/gpu/DeviceMemoryPool.hpp:66
CFD-UG	Chapter 8: Chemical Species Transport Interfaces	Enter a Freundlich constant kF,c (SI unit: mol/kg), a Freundlich exponent NF,c	turbulence	present	src/gui/PythonConsolePanel.cpp:74; src/materials/Janaf.cpp:32; src/gui/Dialogs.cpp:232
CFD-UG	Chapter 8: Chemical Species Transport Interfaces	K P = -------P- = ----------------------------------------------------------------2	turbulence	partial	src/gui/Dialogs.cpp:232; src/combustion/CanteraParser.hpp:10
CFD-UG	Chapter 8: Chemical Species Transport Interfaces	Further Reading	turbulence	present	src/io/MeshFormats.hpp:7; src/meshing/SnappyHexMesher.hpp:53; src/gui/Dialogs.cpp:232
CFD-UG	Chapter 8: Chemical Species Transport Interfaces	Volatilization	turbulence	partial	src/gui/Dialogs.cpp:232; src/combustion/CanteraParser.hpp:10
CFD-UG	Chapter 8: Chemical Species Transport Interfaces	Volatilization	turbulence	partial	src/gui/Dialogs.cpp:232; src/combustion/CanteraParser.hpp:10
CFD-UG	Chapter 8: Chemical Species Transport Interfaces	Species Source	turbulence	partial	src/gui/Dialogs.cpp:232; src/combustion/CanteraParser.hpp:10
CFD-UG	Chapter 8: Chemical Species Transport Interfaces	Domain Selection	turbulence	partial	src/gui/Dialogs.cpp:232; src/combustion/CanteraParser.hpp:10
CFD-UG	Chapter 8: Chemical Species Transport Interfaces	Species Source	turbulence	partial	src/gui/Dialogs.cpp:232; src/combustion/CanteraParser.hpp:10
CFD-UG	Chapter 8: Chemical Species Transport Interfaces	Further Reading	turbulence	present	src/io/MeshFormats.hpp:7; src/meshing/SnappyHexMesher.hpp:53; src/gui/Dialogs.cpp:232
CFD-UG	Chapter 8: Chemical Species Transport Interfaces	More information about how to use hygroscopic swelling can be found in the	turbulence	present	src/gui/Dialogs.cpp:232; src/cad/ObjReader.hpp:7; src/amr/AdaptiveRefinement.cpp:31
CFD-UG	Chapter 8: Chemical Species Transport Interfaces	Out-of-Plane Flux	turbulence	partial	src/gui/Dialogs.cpp:232; src/combustion/CanteraParser.hpp:10
CFD-UG	Chapter 8: Chemical Species Transport Interfaces	Jdown	turbulence	partial	src/gui/Dialogs.cpp:232; src/combustion/CanteraParser.hpp:10
CFD-UG	Chapter 8: Chemical Species Transport Interfaces	Upside Inward Flux	turbulence	present	src/meshing/PrismLayerExtruder.hpp:39; src/gui/Dialogs.cpp:232; src/combustion/CanteraParser.hpp:10
CFD-UG	Chapter 8: Chemical Species Transport Interfaces	Downside Inward Flux	turbulence	present	src/meshing/PrismLayerExtruder.hpp:39; src/gui/Dialogs.cpp:232; src/combustion/CanteraParser.hpp:10
CFD-UG	Chapter 8: Chemical Species Transport Interfaces	Further Reading	turbulence	present	src/io/MeshFormats.hpp:7; src/meshing/SnappyHexMesher.hpp:53; src/gui/Dialogs.cpp:232
CFD-UG	Chapter 8: Chemical Species Transport Interfaces	Fracture	turbulence	partial	src/gui/Dialogs.cpp:232; src/combustion/CanteraParser.hpp:10
CFD-UG	Chapter 8: Chemical Species Transport Interfaces	Fracture Properties	turbulence	present	src/gui/Dialogs.cpp:232; src/cad/CMakeLists.txt:42; src/combustion/CanteraParser.hpp:10
CFD-UG	Chapter 8: Chemical Species Transport Interfaces	Specify a value for the Fracture thickness dfr.	turbulence	present	src/gui/Dialogs.cpp:232; src/acoustics/FwhSurface.cpp:142; src/combustion/CanteraParser.hpp:10
CFD-UG	Chapter 8: Chemical Species Transport Interfaces	Fluid (Fracture)	turbulence	partial	src/gui/Dialogs.cpp:232; src/combustion/CanteraParser.hpp:10
CFD-UG	Chapter 8: Chemical Species Transport Interfaces	Model Inputs	turbulence	partial	src/gui/Dialogs.cpp:232; src/combustion/CanteraParser.hpp:10
CFD-UG	Chapter 8: Chemical Species Transport Interfaces	Convection	turbulence	present	src/gui/Dialogs.cpp:232; src/combustion/TransportedPdf.hpp:10; src/combustion/CanteraParser.hpp:10
CFD-UG	Chapter 8: Chemical Species Transport Interfaces	Diffusion	turbulence	present	src/gui/Dialogs.cpp:232; src/combustion/SlfmFlamelet.hpp:6; src/combustion/CanteraParser.hpp:10
CFD-UG	Chapter 8: Chemical Species Transport Interfaces	The Diffusion settings are similar to those for the diffusion coefficients in	turbulence	present	src/gui/Dialogs.cpp:232; src/combustion/SlfmFlamelet.hpp:6; src/combustion/ThermoNasaParser.cpp:147
CFD-UG	Chapter 8: Chemical Species Transport Interfaces	Fracture Material	turbulence	present	src/gui/Dialogs.cpp:232; src/combustion/CanteraParser.hpp:10; src/cad/FeatureEdges.hpp:9
CFD-UG	Chapter 8: Chemical Species Transport Interfaces	The Transport of Concentrated	turbulence	partial	src/gui/Dialogs.cpp:232; src/combustion/CanteraParser.hpp:10
CFD-UG	Chapter 8: Chemical Species Transport Interfaces	Species Transport branch (	turbulence	present	src/gui/Dialogs.cpp:232; src/io/GmshReader.cpp:10; src/combustion/CanteraParser.hpp:10
CFD-UG	Chapter 8: Chemical Species Transport Interfaces	Settings	turbulence	n/a	
CFD-UG	Chapter 8: Chemical Species Transport Interfaces	The Label is the default physics interface name.	turbulence	present	src/gui/Dialogs.cpp:232; src/combustion/LaminarFiniteRate.cpp:110; src/combustion/CanteraParser.hpp:10
CFD-UG	Chapter 8: Chemical Species Transport Interfaces	Equation	turbulence	partial	src/gui/Dialogs.cpp:232; src/combustion/CanteraParser.hpp:10
CFD-UG	Chapter 8: Chemical Species Transport Interfaces	Out-Of-Plane Thickness	turbulence	present	src/gui/Dialogs.cpp:232; src/acoustics/FwhSurface.cpp:142; src/combustion/CanteraParser.hpp:10
CFD-UG	Chapter 8: Chemical Species Transport Interfaces	Cross-Sectional Area	turbulence	partial	src/gui/Dialogs.cpp:232; src/combustion/CanteraParser.hpp:10
CFD-UG	Chapter 8: Chemical Species Transport Interfaces	Transport Mechanisms	turbulence	present	src/combustion/CanteraParser.hpp:7; src/gui/Dialogs.cpp:232; src/combustion/CanteraParser.hpp:10
CFD-UG	Chapter 8: Chemical Species Transport Interfaces	Diffusion Model	turbulence	present	src/gui/Dialogs.cpp:232; src/combustion/SlfmFlamelet.hpp:6; src/combustion/CanteraParser.hpp:10
CFD-UG	Chapter 8: Chemical Species Transport Interfaces	Additional Transport Mechanisms	turbulence	present	src/combustion/CanteraParser.hpp:7; src/turbulence/GammaReThetaTransition.hpp:5; src/gui/Dialogs.cpp:232
CFD-UG	Chapter 8: Chemical Species Transport Interfaces	Migration in Electric Field	turbulence	present	src/core/RotatingFileSink.cpp:84; src/gui/Dialogs.cpp:232; src/emag/AvFormulation.hpp:6
CFD-UG	Chapter 8: Chemical Species Transport Interfaces	Mass Transport in Porous Media	turbulence	present	src/gui/Dialogs.cpp:232; src/emag/AvFormulation.hpp:7; src/gui/Dialogs.cpp:368
CFD-UG	Chapter 8: Chemical Species Transport Interfaces	Maxwell–Stefan Diffusion Model	turbulence	present	src/particles/ParticleHeating.cpp:15; src/gui/Dialogs.cpp:232; src/combustion/SlfmFlamelet.hpp:6
CFD-UG	Chapter 8: Chemical Species Transport Interfaces	Q	turbulence	partial	src/gui/Dialogs.cpp:232; src/combustion/CanteraParser.hpp:10
CFD-UG	Chapter 8: Chemical Species Transport Interfaces	Mixture-Averaged Diffusion Model	turbulence	present	src/gui/Dialogs.cpp:232; src/combustion/TransportedPdf.hpp:15; src/combustion/SlfmFlamelet.hpp:6
CFD-UG	Chapter 8: Chemical Species Transport Interfaces	Fick’s Law Diffusion Model	turbulence	present	src/gui/Dialogs.cpp:232; src/combustion/SlfmFlamelet.hpp:6; src/combustion/CanteraParser.hpp:10
CFD-UG	Chapter 8: Chemical Species Transport Interfaces	Species	turbulence	partial	src/gui/Dialogs.cpp:232; src/combustion/CanteraParser.hpp:10
CFD-UG	Chapter 8: Chemical Species Transport Interfaces	Consistent And Inconsistent Stabilization	turbulence	present	src/gui/Dialogs.cpp:232; src/core/Command.hpp:92; src/combustion/CanteraParser.hpp:10
CFD-UG	Chapter 8: Chemical Species Transport Interfaces	Advanced Settings	turbulence	present	src/gui/Dialogs.cpp:232; src/combustion/TransportedPdf.hpp:8; src/combustion/CanteraParser.hpp:10
CFD-UG	Chapter 8: Chemical Species Transport Interfaces	Regularization	turbulence	present	src/gui/Dialogs.cpp:232; src/morphing/RbfMorpher.cpp:103; src/combustion/CanteraParser.hpp:10
CFD-UG	Chapter 8: Chemical Species Transport Interfaces	Diffusion	turbulence	present	src/gui/Dialogs.cpp:232; src/combustion/SlfmFlamelet.hpp:6; src/combustion/CanteraParser.hpp:10
CFD-UG	Chapter 8: Chemical Species Transport Interfaces	Pseudo Time Stepping	turbulence	present	src/gui/RibbonContent.cpp:78; src/gui/Dialogs.cpp:232; src/combustion/GEquation.cpp:68
CFD-UG	Chapter 8: Chemical Species Transport Interfaces	Discretization	turbulence	present	src/solver/Solver.hpp:26; src/gui/Dialogs.cpp:232; src/combustion/CanteraParser.hpp:10
CFD-UG	Chapter 8: Chemical Species Transport Interfaces	Web link: www.comsol.com/model/	turbulence	present	src/gui/Dialogs.cpp:232; src/cad/CMakeLists.txt:35; src/combustion/CanteraParser.hpp:10
CFD-UG	Chapter 8: Chemical Species Transport Interfaces	Dependent Variables	turbulence	present	src/gui/Dialogs.cpp:232; src/io/CgnsWriter.cpp:14; src/adjoint/DiscreteAdjoint.hpp:15
CFD-UG	Chapter 8: Chemical Species Transport Interfaces	Add or remove species in the model and also change the names of the dependent	turbulence	present	src/gui/Dialogs.cpp:232; src/io/CgnsWriter.cpp:14; src/cad/Defeaturing.cpp:6
CFD-UG	Chapter 8: Chemical Species Transport Interfaces	The species are dependent variables, and their names must be unique with	turbulence	present	src/gui/Dialogs.cpp:232; src/io/CgnsWriter.cpp:14; src/adjoint/DiscreteAdjoint.hpp:15
CFD-UG	Chapter 8: Chemical Species Transport Interfaces	Adding a Chemical Species Transport Interface	turbulence	partial	src/gui/Dialogs.cpp:232; src/combustion/CanteraParser.hpp:10
CFD-UG	Chapter 8: Chemical Species Transport Interfaces	Settings	turbulence	n/a	
CFD-UG	Chapter 8: Chemical Species Transport Interfaces	In the COMSOL Multiphysics Reference Manual see Table 2-4 for links	turbulence	present	src/gui/Dialogs.cpp:232; src/gpu/GpuKernels.cpp:243; src/combustion/CanteraParser.hpp:10
CFD-UG	Chapter 8: Chemical Species Transport Interfaces	For axisymmetric components, COMSOL Multiphysics takes the axial	bc	present	src/gpu/CgGpu.hpp:7; src/meshing/MedialAxisDecomposition.hpp:13; src/gui/Dialogs.cpp:232
CFD-UG	Chapter 8: Chemical Species Transport Interfaces	Prescribing Conditions on Fluid–Solid Interfaces	turbulence	present	src/optimization/SimpTopology.hpp:17; src/gui/Dialogs.cpp:232; src/combustion/CanteraParser.hpp:10
CFD-UG	Chapter 8: Chemical Species Transport Interfaces	Species Properties	turbulence	present	src/gui/Dialogs.cpp:232; src/cad/CMakeLists.txt:42; src/combustion/CanteraParser.hpp:10
CFD-UG	Chapter 8: Chemical Species Transport Interfaces	Molar Mass	turbulence	present	src/combustion/LaminarFiniteRate.cpp:77; src/gui/Dialogs.cpp:232; src/combustion/CanteraParser.hpp:10
CFD-UG	Chapter 8: Chemical Species Transport Interfaces	Charge	turbulence	present	src/emag/Mhd.hpp:11; src/gui/Dialogs.cpp:232; src/combustion/CanteraParser.hpp:10
CFD-UG	Chapter 8: Chemical Species Transport Interfaces	Fluid	turbulence	partial	src/gui/Dialogs.cpp:232; src/combustion/CanteraParser.hpp:10
CFD-UG	Chapter 8: Chemical Species Transport Interfaces	Model Inputs	turbulence	partial	src/gui/Dialogs.cpp:232; src/combustion/CanteraParser.hpp:10
CFD-UG	Chapter 8: Chemical Species Transport Interfaces	Specify the temperature and pressure to be used in the physics interface. The	turbulence	present	src/gui/Dialogs.cpp:232; src/combustion/LaminarFiniteRate.cpp:110; src/combustion/CanteraParser.hpp:10
CFD-UG	Chapter 8: Chemical Species Transport Interfaces	Temperature	turbulence	partial	src/gui/Dialogs.cpp:232; src/combustion/CanteraParser.hpp:10
CFD-UG	Chapter 8: Chemical Species Transport Interfaces	Density	turbulence	partial	src/gui/Dialogs.cpp:232; src/combustion/CanteraParser.hpp:10
CFD-UG	Chapter 8: Chemical Species Transport Interfaces	Mixture Density	turbulence	present	src/gui/Dialogs.cpp:232; src/combustion/FgmFlamelet.hpp:7; src/combustion/CanteraParser.hpp:10
CFD-UG	Chapter 8: Chemical Species Transport Interfaces	Convection	turbulence	present	src/gui/Dialogs.cpp:232; src/combustion/TransportedPdf.hpp:10; src/combustion/CanteraParser.hpp:10
CFD-UG	Chapter 8: Chemical Species Transport Interfaces	Select the source of the Velocity field u:	turbulence	partial	src/gui/Dialogs.cpp:232; src/combustion/CanteraParser.hpp:10
CFD-UG	Chapter 8: Chemical Species Transport Interfaces	Diffusion	turbulence	present	src/gui/Dialogs.cpp:232; src/combustion/SlfmFlamelet.hpp:6; src/combustion/CanteraParser.hpp:10
CFD-UG	Chapter 8: Chemical Species Transport Interfaces	Maxwell–Stefan Diffusivity Matrix	turbulence	present	src/particles/ParticleHeating.cpp:15; src/gui/Dialogs.cpp:232; src/combustion/LaminarFiniteRate.cpp:36
CFD-UG	Chapter 8: Chemical Species Transport Interfaces	Diffusion Coefficient	turbulence	present	src/gui/Dialogs.cpp:232; src/combustion/SlfmFlamelet.hpp:6; src/combustion/CanteraParser.cpp:230
CFD-UG	Chapter 8: Chemical Species Transport Interfaces	To model thermal diffusion, prescribe the Thermal diffusion coefficients D i	turbulence	present	src/solver/NscbcBoundary.hpp:17; src/gui/Dialogs.cpp:232; src/combustion/SlfmFlamelet.hpp:6
CFD-UG	Chapter 8: Chemical Species Transport Interfaces	Migration In Electric Field	turbulence	present	src/core/RotatingFileSink.cpp:84; src/gui/Dialogs.cpp:232; src/emag/AvFormulation.hpp:6
CFD-UG	Chapter 8: Chemical Species Transport Interfaces	Electric Potential	turbulence	present	src/gui/Dialogs.cpp:232; src/emag/AvFormulation.hpp:6; src/emag/AvFormulation.hpp:6
CFD-UG	Chapter 8: Chemical Species Transport Interfaces	Porous Medium	turbulence	present	src/radiation/SurfaceToSurface.hpp:7; src/gui/Dialogs.cpp:232; src/gui/Dialogs.cpp:368
CFD-UG	Chapter 8: Chemical Species Transport Interfaces	Fluid (Porous Medium)	turbulence	present	src/radiation/SurfaceToSurface.hpp:7; src/gui/Dialogs.cpp:232; src/gui/Dialogs.cpp:368
CFD-UG	Chapter 8: Chemical Species Transport Interfaces	Model Inputs	turbulence	partial	src/gui/Dialogs.cpp:232; src/combustion/CanteraParser.hpp:10
CFD-UG	Chapter 8: Chemical Species Transport Interfaces	Density	turbulence	partial	src/gui/Dialogs.cpp:232; src/combustion/CanteraParser.hpp:10
CFD-UG	Chapter 8: Chemical Species Transport Interfaces	Mixture Density	turbulence	present	src/gui/Dialogs.cpp:232; src/combustion/FgmFlamelet.hpp:7; src/combustion/CanteraParser.hpp:10
CFD-UG	Chapter 8: Chemical Species Transport Interfaces	Convection	turbulence	present	src/gui/Dialogs.cpp:232; src/combustion/TransportedPdf.hpp:10; src/combustion/CanteraParser.hpp:10
CFD-UG	Chapter 8: Chemical Species Transport Interfaces	Select the source of the Velocity field u:	turbulence	partial	src/gui/Dialogs.cpp:232; src/combustion/CanteraParser.hpp:10
CFD-UG	Chapter 8: Chemical Species Transport Interfaces	Diffusion	turbulence	present	src/gui/Dialogs.cpp:232; src/combustion/SlfmFlamelet.hpp:6; src/combustion/CanteraParser.hpp:10
CFD-UG	Chapter 8: Chemical Species Transport Interfaces	Migration In Electric Field	turbulence	present	src/core/RotatingFileSink.cpp:84; src/gui/Dialogs.cpp:232; src/emag/AvFormulation.hpp:6
CFD-UG	Chapter 8: Chemical Species Transport Interfaces	Porous Matrix	turbulence	present	src/gui/Dialogs.cpp:232; src/gui/Dialogs.cpp:368; src/combustion/CanteraParser.hpp:10
CFD-UG	Chapter 8: Chemical Species Transport Interfaces	Electrode Surface Coupling	turbulence	present	src/emag/Mhd.hpp:39; src/gui/Dialogs.cpp:232; src/combustion/CanteraParser.hpp:10
CFD-UG	Chapter 8: Chemical Species Transport Interfaces	Mass Transfer To Other Phases	turbulence	present	src/gui/Dialogs.cpp:232; src/combustion/CanteraParser.cpp:143; src/combustion/CanteraParser.hpp:10
CFD-UG	Chapter 8: Chemical Species Transport Interfaces	When using the Reacting Flow coupling feature to model coupled momentum and	turbulence	present	src/cad/FeatureEdges.cpp:148; src/gui/Dialogs.cpp:232; src/gui/DiagnosticsPanel.cpp:59
CFD-UG	Chapter 8: Chemical Species Transport Interfaces	Reaction	turbulence	present	src/gui/Dialogs.cpp:232; src/combustion/CanteraParser.hpp:11; src/combustion/CanteraParser.hpp:10
CFD-UG	Chapter 8: Chemical Species Transport Interfaces	Reaction Rate	turbulence	present	src/gui/Dialogs.cpp:232; src/combustion/CanteraParser.hpp:11; src/combustion/CanteraParser.hpp:10
CFD-UG	Chapter 8: Chemical Species Transport Interfaces	Rate Constants	turbulence	present	src/gui/Dialogs.cpp:232; src/gui/DiagnosticsPanel.cpp:60; src/combustion/CanteraParser.hpp:10
CFD-UG	Chapter 8: Chemical Species Transport Interfaces	Turbulent Flow	turbulence	present	src/gui/Dialogs.cpp:232; src/combustion/GEquation.cpp:51; src/combustion/CanteraParser.hpp:10
CFD-UG	Chapter 8: Chemical Species Transport Interfaces	Regularization	turbulence	present	src/gui/Dialogs.cpp:232; src/morphing/RbfMorpher.cpp:103; src/combustion/CanteraParser.hpp:10
CFD-UG	Chapter 8: Chemical Species Transport Interfaces	Enthalpy Of Reaction	turbulence	present	src/gui/Dialogs.cpp:232; src/combustion/LaminarFiniteRate.cpp:63; src/combustion/CanteraParser.hpp:11
CFD-UG	Chapter 8: Chemical Species Transport Interfaces	Reaction Sources	turbulence	present	src/gui/Dialogs.cpp:232; src/combustion/CanteraParser.hpp:11; src/combustion/CanteraParser.hpp:10
CFD-UG	Chapter 8: Chemical Species Transport Interfaces	Reactions	turbulence	partial	src/gui/Dialogs.cpp:232; src/combustion/CanteraParser.hpp:10
CFD-UG	Chapter 8: Chemical Species Transport Interfaces	Reacting Volume	turbulence	partial	src/gui/Dialogs.cpp:232; src/combustion/CanteraParser.hpp:10
CFD-UG	Chapter 8: Chemical Species Transport Interfaces	This section is available when the Chemistry list is set to User defined.	turbulence	present	src/gui/Dialogs.cpp:232; src/combustion/CanteraParser.hpp:6; src/amr/AdaptiveRefinement.hpp:11
CFD-UG	Chapter 8: Chemical Species Transport Interfaces	Heat Source	turbulence	partial	src/gui/Dialogs.cpp:232; src/combustion/CanteraParser.hpp:10
CFD-UG	Chapter 8: Chemical Species Transport Interfaces	Initial Values	turbulence	present	src/gui/Dialogs.cpp:232; src/core/ThreadPool.cpp:57; src/combustion/CanteraParser.hpp:10
CFD-UG	Chapter 8: Chemical Species Transport Interfaces	Initial Values	turbulence	present	src/gui/Dialogs.cpp:232; src/core/ThreadPool.cpp:57; src/combustion/CanteraParser.hpp:10
CFD-UG	Chapter 8: Chemical Species Transport Interfaces	Initial Mixture Density	turbulence	present	src/gui/Dialogs.cpp:232; src/core/ThreadPool.cpp:57; src/combustion/FgmFlamelet.hpp:7
CFD-UG	Chapter 8: Chemical Species Transport Interfaces	Mass Fraction	turbulence	present	src/gui/Dialogs.cpp:232; src/combustion/CanteraParser.hpp:10; src/acoustics/FwhSurface.cpp:23
CFD-UG	Chapter 8: Chemical Species Transport Interfaces	Mass Fraction	turbulence	present	src/gui/Dialogs.cpp:232; src/combustion/CanteraParser.hpp:10; src/acoustics/FwhSurface.cpp:23
CFD-UG	Chapter 8: Chemical Species Transport Interfaces	Mass Transfer To Other Phases	turbulence	present	src/gui/Dialogs.cpp:232; src/combustion/CanteraParser.cpp:143; src/combustion/CanteraParser.hpp:10
CFD-UG	Chapter 8: Chemical Species Transport Interfaces	When using the Reacting Flow coupling feature to model coupled momentum and	turbulence	present	src/cad/FeatureEdges.cpp:148; src/gui/Dialogs.cpp:232; src/gui/DiagnosticsPanel.cpp:59
CFD-UG	Chapter 8: Chemical Species Transport Interfaces	Constraint Settings	turbulence	present	src/gui/Dialogs.cpp:232; src/meshing/AmrAdaptor.hpp:8; src/combustion/CanteraParser.hpp:10
CFD-UG	Chapter 8: Chemical Species Transport Interfaces	Flux	turbulence	partial	src/gui/Dialogs.cpp:232; src/combustion/CanteraParser.hpp:10
CFD-UG	Chapter 8: Chemical Species Transport Interfaces	Convection	turbulence	present	src/gui/Dialogs.cpp:232; src/combustion/TransportedPdf.hpp:10; src/combustion/CanteraParser.hpp:10
CFD-UG	Chapter 8: Chemical Species Transport Interfaces	Mass Transfer To Other Phases	turbulence	present	src/gui/Dialogs.cpp:232; src/combustion/CanteraParser.cpp:143; src/combustion/CanteraParser.hpp:10
CFD-UG	Chapter 8: Chemical Species Transport Interfaces	When using the Reacting Flow coupling feature to model coupled momentum and	turbulence	present	src/cad/FeatureEdges.cpp:148; src/gui/Dialogs.cpp:232; src/gui/DiagnosticsPanel.cpp:59
CFD-UG	Chapter 8: Chemical Species Transport Interfaces	Inward Flux	turbulence	present	src/meshing/PrismLayerExtruder.hpp:39; src/gui/Dialogs.cpp:232; src/combustion/CanteraParser.hpp:10
CFD-UG	Chapter 8: Chemical Species Transport Interfaces	External convection	turbulence	present	src/gui/Dialogs.cpp:232; src/combustion/TransportedPdf.hpp:10; src/combustion/FgmFlamelet.hpp:46
CFD-UG	Chapter 8: Chemical Species Transport Interfaces	Inflow	turbulence	present	src/heat_transfer/ConjugateHeatTransfer.cpp:87; src/gui/Dialogs.cpp:232; src/combustion/CanteraParser.hpp:10
CFD-UG	Chapter 8: Chemical Species Transport Interfaces	Inflow	turbulence	present	src/heat_transfer/ConjugateHeatTransfer.cpp:87; src/gui/Dialogs.cpp:232; src/combustion/CanteraParser.hpp:10
CFD-UG	Chapter 8: Chemical Species Transport Interfaces	Select a Mixture specification:	turbulence	present	src/io/EnSightGoldWriter.cpp:6; src/gui/Dialogs.cpp:232; src/combustion/FgmFlamelet.hpp:7
CFD-UG	Chapter 8: Chemical Species Transport Interfaces	Constraint Settings	turbulence	present	src/gui/Dialogs.cpp:232; src/meshing/AmrAdaptor.hpp:8; src/combustion/CanteraParser.hpp:10
CFD-UG	Chapter 8: Chemical Species Transport Interfaces	No Flux	turbulence	partial	src/gui/Dialogs.cpp:232; src/combustion/CanteraParser.hpp:10
CFD-UG	Chapter 8: Chemical Species Transport Interfaces	Out-of-Plane Flux	turbulence	partial	src/gui/Dialogs.cpp:232; src/combustion/CanteraParser.hpp:10
CFD-UG	Chapter 8: Chemical Species Transport Interfaces	Upside Inward Flux	turbulence	present	src/meshing/PrismLayerExtruder.hpp:39; src/gui/Dialogs.cpp:232; src/combustion/CanteraParser.hpp:10
CFD-UG	Chapter 8: Chemical Species Transport Interfaces	Downside Inward Flux	turbulence	present	src/meshing/PrismLayerExtruder.hpp:39; src/gui/Dialogs.cpp:232; src/combustion/CanteraParser.hpp:10
CFD-UG	Chapter 8: Chemical Species Transport Interfaces	Further Reading	turbulence	present	src/io/MeshFormats.hpp:7; src/meshing/SnappyHexMesher.hpp:53; src/gui/Dialogs.cpp:232
CFD-UG	Chapter 8: Chemical Species Transport Interfaces	Outflow	turbulence	present	src/gui/Dialogs.cpp:232; src/gui/Dialogs.cpp:336; src/combustion/CanteraParser.hpp:10
CFD-UG	Chapter 8: Chemical Species Transport Interfaces	Symmetry	bc	present	src/gui/Dialogs.cpp:232; src/core/BoundaryConditionRegistry.hpp:10; src/combustion/CanteraParser.hpp:10
CFD-UG	Chapter 8: Chemical Species Transport Interfaces	Flux Discontinuity	turbulence	partial	src/gui/Dialogs.cpp:232; src/combustion/CanteraParser.hpp:10
CFD-UG	Chapter 8: Chemical Species Transport Interfaces	N = ( ρω i u + j i )	turbulence	partial	src/gui/Dialogs.cpp:232; src/combustion/CanteraParser.hpp:10
CFD-UG	Chapter 8: Chemical Species Transport Interfaces	Flux Discontinuity	turbulence	partial	src/gui/Dialogs.cpp:232; src/combustion/CanteraParser.hpp:10
CFD-UG	Chapter 8: Chemical Species Transport Interfaces	Open Boundary	turbulence	partial	src/gui/Dialogs.cpp:232; src/combustion/CanteraParser.hpp:10
CFD-UG	Chapter 8: Chemical Species Transport Interfaces	Exterior Composition	turbulence	present	src/gui/Dialogs.cpp:232; src/meshing/Connectivity.cpp:95; src/combustion/CanteraParser.cpp:215
CFD-UG	Chapter 8: Chemical Species Transport Interfaces	Enter a value or expression for the species composition. Select:	turbulence	present	src/gui/PythonConsolePanel.cpp:74; src/gui/Dialogs.cpp:232; src/core/Command.hpp:104
CFD-UG	Chapter 8: Chemical Species Transport Interfaces	Equilibrium Reaction	turbulence	present	src/combustion/EddyDissipationConcept.cpp:72; src/gui/Dialogs.cpp:232; src/combustion/CanteraParser.hpp:11
CFD-UG	Chapter 8: Chemical Species Transport Interfaces	Equilibrium Condition	turbulence	present	src/combustion/EddyDissipationConcept.cpp:72; src/gui/Dialogs.cpp:232; src/core/BoundaryConditionRegistry.hpp:13
CFD-UG	Chapter 8: Chemical Species Transport Interfaces	Stoichiometric Coefficients	turbulence	present	src/gui/Dialogs.cpp:232; src/combustion/ThermoNasaParser.cpp:147; src/combustion/CanteraParser.hpp:10
CFD-UG	Chapter 8: Chemical Species Transport Interfaces	Heat Source	turbulence	partial	src/gui/Dialogs.cpp:232; src/combustion/CanteraParser.hpp:10
CFD-UG	Chapter 8: Chemical Species Transport Interfaces	Surface Equilibrium Reaction	turbulence	present	src/combustion/EddyDissipationConcept.cpp:72; src/gui/Dialogs.cpp:232; src/combustion/CanteraParser.hpp:11
CFD-UG	Chapter 8: Chemical Species Transport Interfaces	Mass Transfer To Other Phases	turbulence	present	src/gui/Dialogs.cpp:232; src/combustion/CanteraParser.cpp:143; src/combustion/CanteraParser.hpp:10
CFD-UG	Chapter 8: Chemical Species Transport Interfaces	When using the Reacting Flow coupling feature to model coupled momentum and	turbulence	present	src/cad/FeatureEdges.cpp:148; src/gui/Dialogs.cpp:232; src/gui/DiagnosticsPanel.cpp:59
CFD-UG	Chapter 8: Chemical Species Transport Interfaces	The Vapor Flow Multiphysics	turbulence	present	src/gui/Dialogs.cpp:232; src/multiphase/CavitationKunz.cpp:46; src/combustion/CanteraParser.hpp:10
CFD-UG	Chapter 8: Chemical Species Transport Interfaces	The Reacting Flow, Concentrated	turbulence	partial	src/gui/Dialogs.cpp:232; src/combustion/CanteraParser.hpp:10
CFD-UG	Chapter 8: Chemical Species Transport Interfaces	On The Constituent Physics Interfaces	turbulence	present	src/gui/Dialogs.cpp:232; src/combustion/LaminarFiniteRate.cpp:110; src/combustion/CanteraParser.hpp:10
CFD-UG	Chapter 8: Chemical Species Transport Interfaces	On The Constituent Physics Interfaces	turbulence	present	src/gui/Dialogs.cpp:232; src/combustion/LaminarFiniteRate.cpp:110; src/combustion/CanteraParser.hpp:10
CFD-UG	Chapter 8: Chemical Species Transport Interfaces	The equations solved by the Turbulent Flow, k-ε interface are the Navier–Stokes	turbulence	present	src/gui/Dialogs.cpp:232; src/adjoint/ContinuousAdjoint.hpp:11; src/multiphase/EulerianMultifluid.hpp:25
CFD-UG	Chapter 8: Chemical Species Transport Interfaces	On The Constituent Physics Interfaces	turbulence	present	src/gui/Dialogs.cpp:232; src/combustion/LaminarFiniteRate.cpp:110; src/combustion/CanteraParser.hpp:10
CFD-UG	Chapter 8: Chemical Species Transport Interfaces	The equations solved by the Turbulent Flow k-ω interface are the Navier–Stokes	turbulence	present	src/gui/Dialogs.cpp:232; src/adjoint/ContinuousAdjoint.hpp:11; src/multiphase/EulerianMultifluid.hpp:25
CFD-UG	Chapter 8: Chemical Species Transport Interfaces	On The Constituent Physics Interfaces	turbulence	present	src/gui/Dialogs.cpp:232; src/combustion/LaminarFiniteRate.cpp:110; src/combustion/CanteraParser.hpp:10
CFD-UG	Chapter 8: Chemical Species Transport Interfaces	The equations solved by the Turbulent Flow, SST interface are the Navier–Stokes	turbulence	present	src/gui/Dialogs.cpp:232; src/adjoint/ContinuousAdjoint.hpp:11; src/multiphase/EulerianMultifluid.hpp:25
CFD-UG	Chapter 8: Chemical Species Transport Interfaces	On The Constituent Physics Interfaces	turbulence	present	src/gui/Dialogs.cpp:232; src/combustion/LaminarFiniteRate.cpp:110; src/combustion/CanteraParser.hpp:10
CFD-UG	Chapter 8: Chemical Species Transport Interfaces	The pressure, velocity, and temperature variables of the Reacting Flow	turbulence	present	src/gui/Dialogs.cpp:232; src/adjoint/DiscreteAdjoint.hpp:15; src/combustion/CanteraParser.hpp:10
CFD-UG	Chapter 8: Chemical Species Transport Interfaces	Domain Level Synchronization	turbulence	partial	src/gui/Dialogs.cpp:232; src/combustion/CanteraParser.hpp:10
CFD-UG	Chapter 8: Chemical Species Transport Interfaces	The Stefan Velocity	turbulence	present	src/particles/ParticleHeating.cpp:15; src/gui/Dialogs.cpp:232; src/combustion/CanteraParser.hpp:10
CFD-UG	Chapter 8: Chemical Species Transport Interfaces	Mass Transfer To Other Phases In Porous Media	turbulence	present	src/gui/Dialogs.cpp:232; src/emag/AvFormulation.hpp:7; src/combustion/CanteraParser.cpp:143
CFD-UG	Chapter 8: Chemical Species Transport Interfaces	When coupled to the Brinkman Equations interface, the Reacting Flow node	turbulence	present	src/gui/Dialogs.cpp:232; src/gui/DiagnosticsPanel.cpp:59; src/adjoint/ContinuousAdjoint.hpp:11
CFD-UG	Chapter 8: Chemical Species Transport Interfaces	Turbulent Mass Transfer	turbulence	present	src/gui/Dialogs.cpp:232; src/combustion/GEquation.cpp:51; src/combustion/CanteraParser.hpp:10
CFD-UG	Chapter 8: Chemical Species Transport Interfaces	When a turbulence model is used, the Reacting Flow coupling applies turbulence	turbulence	present	src/gui/Dialogs.cpp:232; src/gui/ThemeManager.hpp:9; src/combustion/CanteraParser.hpp:10
CFD-UG	Chapter 8: Chemical Species Transport Interfaces	Settings	turbulence	n/a	
CFD-UG	Chapter 8: Chemical Species Transport Interfaces	The Label is the default multiphysics coupling feature name.	turbulence	present	src/cad/FeatureEdges.cpp:148; src/gui/Dialogs.cpp:232; src/combustion/CanteraParser.hpp:10
CFD-UG	Chapter 8: Chemical Species Transport Interfaces	Domain Selection	turbulence	partial	src/gui/Dialogs.cpp:232; src/combustion/CanteraParser.hpp:10
CFD-UG	Chapter 8: Chemical Species Transport Interfaces	The Reacting Flow coupling is automatically defined on the intersection of the	turbulence	present	src/solver/SimpleAlgorithm.hpp:47; src/gui/Dialogs.cpp:232; src/cad/Healing.hpp:11
CFD-UG	Chapter 8: Chemical Species Transport Interfaces	Coupled Interfaces	turbulence	present	src/gui/Dialogs.cpp:232; src/gui/DiagnosticsPanel.cpp:59; src/combustion/CanteraParser.hpp:10
CFD-UG	Chapter 8: Chemical Species Transport Interfaces	The default values depend on how this coupling node is created.	turbulence	present	src/gui_core/PanelRegistry.hpp:9; src/gui/Dialogs.cpp:232; src/gpu/RenderingBridge.hpp:39
CFD-UG	Chapter 8: Chemical Species Transport Interfaces	Mass Transport Turbulence Model	turbulence	partial	src/gui/Dialogs.cpp:232; src/combustion/CanteraParser.hpp:10
CFD-UG	Chapter 8: Chemical Species Transport Interfaces	Heat Transfer Turbulence Model	turbulence	present	src/gui/Dialogs.cpp:232; src/combustion/CanteraParser.hpp:10; src/cad/IgesReader.cpp:45
CFD-UG	Chapter 8: Chemical Species Transport Interfaces	Physics Interface Features	turbulence	present	src/cad/Defeaturing.hpp:6; src/gui/Dialogs.cpp:232; src/combustion/LaminarFiniteRate.cpp:110
CFD-UG	Chapter 8: Chemical Species Transport Interfaces	In general, to add a node, go to the Physics toolbar, no matter what	turbulence	present	src/cad/FeatureEdges.hpp:11; src/gui/Dialogs.cpp:232; src/core/PluginRegistry.hpp:8
CFD-UG	Chapter 8: Chemical Species Transport Interfaces	Laminar Flow	turbulence	present	src/gui/Dialogs.cpp:232; src/combustion/EddyDissipationConcept.hpp:15; src/combustion/CanteraParser.hpp:10
CFD-UG	Chapter 8: Chemical Species Transport Interfaces	Turbulent Flow, Sst	turbulence	present	src/gui/Dialogs.cpp:232; src/combustion/GEquation.cpp:51; src/combustion/CanteraParser.hpp:10
CFD-UG	Chapter 8: Chemical Species Transport Interfaces	Transport Of Concentrated Species	turbulence	partial	src/gui/Dialogs.cpp:232; src/combustion/CanteraParser.hpp:10
CFD-UG	Chapter 8: Chemical Species Transport Interfaces	The Reacting Flow, Diluted Species	turbulence	partial	src/gui/Dialogs.cpp:232; src/combustion/CanteraParser.hpp:10
CFD-UG	Chapter 8: Chemical Species Transport Interfaces	The Reacting Laminar Flow, Diluted Species Interface	turbulence	present	src/gui/Dialogs.cpp:232; src/combustion/EddyDissipationConcept.hpp:15; src/combustion/CanteraParser.hpp:10
CFD-UG	Chapter 8: Chemical Species Transport Interfaces	On the constituent physics interfaces:	turbulence	present	src/gui/Dialogs.cpp:232; src/combustion/LaminarFiniteRate.cpp:110; src/combustion/CanteraParser.hpp:10
CFD-UG	Chapter 8: Chemical Species Transport Interfaces	The Reacting Flow, Diluted Species Coupling Feature	turbulence	present	src/cad/FeatureEdges.cpp:148; src/gui/Dialogs.cpp:232; src/combustion/CanteraParser.hpp:10
CFD-UG	Chapter 8: Chemical Species Transport Interfaces	Domain Level Synchronization	turbulence	partial	src/gui/Dialogs.cpp:232; src/combustion/CanteraParser.hpp:10
CFD-UG	Chapter 8: Chemical Species Transport Interfaces	The Reacting Flow, Diluted Species coupling synchronizes the features from a	turbulence	present	src/cad/Defeaturing.hpp:6; src/gui/Dialogs.cpp:232; src/combustion/CanteraParser.hpp:10
CFD-UG	Chapter 8: Chemical Species Transport Interfaces	Turbulent Mass Transfer	turbulence	present	src/gui/Dialogs.cpp:232; src/combustion/GEquation.cpp:51; src/combustion/CanteraParser.hpp:10
CFD-UG	Chapter 8: Chemical Species Transport Interfaces	Settings	turbulence	n/a	
CFD-UG	Chapter 8: Chemical Species Transport Interfaces	The Label is the default multiphysics coupling feature name.	turbulence	present	src/cad/FeatureEdges.cpp:148; src/gui/Dialogs.cpp:232; src/combustion/CanteraParser.hpp:10
CFD-UG	Chapter 8: Chemical Species Transport Interfaces	Domain Selection	turbulence	partial	src/gui/Dialogs.cpp:232; src/combustion/CanteraParser.hpp:10
CFD-UG	Chapter 8: Chemical Species Transport Interfaces	Coupled Interfaces	turbulence	present	src/gui/Dialogs.cpp:232; src/gui/DiagnosticsPanel.cpp:59; src/combustion/CanteraParser.hpp:10
CFD-UG	Chapter 8: Chemical Species Transport Interfaces	If a physics interface is deleted and then added to the model again, then	turbulence	present	src/gpu/HostDeviceMirror.hpp:26; src/dynamics/SixDofCoupler.hpp:14; src/gui/Dialogs.cpp:232
CFD-UG	Chapter 8: Chemical Species Transport Interfaces	Turbulence	turbulence	partial	src/gui/Dialogs.cpp:232; src/combustion/CanteraParser.hpp:10
CFD-UG	Chapter 8: Chemical Species Transport Interfaces	Physics Interface Features	turbulence	present	src/cad/Defeaturing.hpp:6; src/gui/Dialogs.cpp:232; src/combustion/LaminarFiniteRate.cpp:110
CFD-UG	Chapter 8: Chemical Species Transport Interfaces	In general, to add a node, go to the Physics toolbar, no matter what	turbulence	present	src/cad/FeatureEdges.hpp:11; src/gui/Dialogs.cpp:232; src/core/PluginRegistry.hpp:8
CFD-UG	Chapter 8: Chemical Species Transport Interfaces	Laminar Flow	turbulence	present	src/gui/Dialogs.cpp:232; src/combustion/EddyDissipationConcept.hpp:15; src/combustion/CanteraParser.hpp:10
CFD-UG	Chapter 8: Chemical Species Transport Interfaces	Turbulent Flow, Sst	turbulence	present	src/gui/Dialogs.cpp:232; src/combustion/GEquation.cpp:51; src/combustion/CanteraParser.hpp:10
CFD-UG	Chapter 8: Chemical Species Transport Interfaces	Transport Of Diluted Species	turbulence	partial	src/gui/Dialogs.cpp:232; src/combustion/CanteraParser.hpp:10
CFD-UG	Chapter 8: Chemical Species Transport Interfaces	The Reacting Flow in Porous Media	turbulence	present	src/gui/Dialogs.cpp:232; src/emag/AvFormulation.hpp:7; src/gui/Dialogs.cpp:368
CFD-UG	Chapter 8: Chemical Species Transport Interfaces	Model Builder.	turbulence	present	src/gui/Dialogs.cpp:232; src/cad/BrepIo.cpp:23; src/combustion/CanteraParser.hpp:10
CFD-UG	Chapter 8: Chemical Species Transport Interfaces	On the constituent physics interfaces:	turbulence	present	src/gui/Dialogs.cpp:232; src/combustion/LaminarFiniteRate.cpp:110; src/combustion/CanteraParser.hpp:10
CFD-UG	Chapter 8: Chemical Species Transport Interfaces	The Reacting Flow, Diluted Species Coupling Feature	turbulence	present	src/cad/FeatureEdges.cpp:148; src/gui/Dialogs.cpp:232; src/combustion/CanteraParser.hpp:10
CFD-UG	Chapter 8: Chemical Species Transport Interfaces	The Reacting Flow Coupling Feature	turbulence	present	src/cad/FeatureEdges.cpp:148; src/gui/Dialogs.cpp:232; src/combustion/CanteraParser.hpp:10
CFD-UG	Chapter 8: Chemical Species Transport Interfaces	Physics Interface Features	turbulence	present	src/cad/Defeaturing.hpp:6; src/gui/Dialogs.cpp:232; src/combustion/LaminarFiniteRate.cpp:110
CFD-UG	Chapter 8: Chemical Species Transport Interfaces	Brinkman Equations	turbulence	present	src/gui/Dialogs.cpp:232; src/adjoint/ContinuousAdjoint.hpp:11; src/combustion/CanteraParser.hpp:10
CFD-UG	Chapter 8: Chemical Species Transport Interfaces	Transport Of Diluted Species	turbulence	partial	src/gui/Dialogs.cpp:232; src/combustion/CanteraParser.hpp:10
CFD-UG	Chapter 8: Chemical Species Transport Interfaces	Transport Of Concentrated Species	turbulence	partial	src/gui/Dialogs.cpp:232; src/combustion/CanteraParser.hpp:10
CFD-UG	Chapter 8: Chemical Species Transport Interfaces	The Nonisothermal Reacting Flow	turbulence	partial	src/gui/Dialogs.cpp:232; src/combustion/CanteraParser.hpp:10
CFD-UG	Chapter 8: Chemical Species Transport Interfaces	The Nonisothermal Reacting Laminar Flow Interface	turbulence	present	src/gui/Dialogs.cpp:232; src/combustion/EddyDissipationConcept.hpp:15; src/combustion/CanteraParser.hpp:10
CFD-UG	Chapter 8: Chemical Species Transport Interfaces	The Nonisothermal Reacting Turbulent Flow, k-ε Interface	turbulence	present	src/gui/Dialogs.cpp:232; src/combustion/GEquation.cpp:51; src/combustion/CanteraParser.hpp:10
CFD-UG	Chapter 8: Chemical Species Transport Interfaces	The equations solved by the Turbulent Flow, SST interface are the Navier–Stokes	turbulence	present	src/gui/Dialogs.cpp:232; src/adjoint/ContinuousAdjoint.hpp:11; src/multiphase/EulerianMultifluid.hpp:25
CFD-UG	Chapter 8: Chemical Species Transport Interfaces	On the constituent physics interfaces:	turbulence	present	src/gui/Dialogs.cpp:232; src/combustion/LaminarFiniteRate.cpp:110; src/combustion/CanteraParser.hpp:10
CFD-UG	Chapter 8: Chemical Species Transport Interfaces	The Reacting Flow Coupling Feature	turbulence	present	src/cad/FeatureEdges.cpp:148; src/gui/Dialogs.cpp:232; src/combustion/CanteraParser.hpp:10
CFD-UG	Chapter 8: Chemical Species Transport Interfaces	Physics Interface Features	turbulence	present	src/cad/Defeaturing.hpp:6; src/gui/Dialogs.cpp:232; src/combustion/LaminarFiniteRate.cpp:110
CFD-UG	Chapter 8: Chemical Species Transport Interfaces	In general, to add a node, go to the Physics toolbar, no matter what	turbulence	present	src/cad/FeatureEdges.hpp:11; src/gui/Dialogs.cpp:232; src/core/PluginRegistry.hpp:8
CFD-UG	Chapter 8: Chemical Species Transport Interfaces	Chemistry	turbulence	present	src/gui/Dialogs.cpp:232; src/combustion/CanteraParser.hpp:6; src/combustion/CanteraParser.hpp:10
CFD-UG	Chapter 8: Chemical Species Transport Interfaces	Laminar Flow	turbulence	present	src/gui/Dialogs.cpp:232; src/combustion/EddyDissipationConcept.hpp:15; src/combustion/CanteraParser.hpp:10
CFD-UG	Chapter 8: Chemical Species Transport Interfaces	Turbulent Flow	turbulence	present	src/gui/Dialogs.cpp:232; src/combustion/GEquation.cpp:51; src/combustion/CanteraParser.hpp:10
CFD-UG	Chapter 8: Chemical Species Transport Interfaces	Transport Of Concentrated Species	turbulence	partial	src/gui/Dialogs.cpp:232; src/combustion/CanteraParser.hpp:10
CFD-UG	Chapter 8: Chemical Species Transport Interfaces	Heat Transfer	turbulence	present	src/gui/Dialogs.cpp:232; src/combustion/CanteraParser.hpp:10; src/cad/IgesReader.cpp:45
CFD-UG	Chapter 8: Chemical Species Transport Interfaces	T he Hi g h M a c h N u m b er R eact i n g Fl ow	turbulence	partial	src/gui/Dialogs.cpp:232; src/combustion/CanteraParser.hpp:10
CFD-UG	Chapter 8: Chemical Species Transport Interfaces	It combines the High Mach Number Flow, Laminar interface, the Transport of	turbulence	present	src/solver/PimpleAlgorithm.hpp:6; src/acoustics/CurleAcoustics.hpp:7; src/gui/Dialogs.cpp:232
CFD-UG	Chapter 8: Chemical Species Transport Interfaces	Domain Level Synchronization	turbulence	partial	src/gui/Dialogs.cpp:232; src/combustion/CanteraParser.hpp:10
CFD-UG	Chapter 8: Chemical Species Transport Interfaces	The Stefan Velocity	turbulence	present	src/particles/ParticleHeating.cpp:15; src/gui/Dialogs.cpp:232; src/combustion/CanteraParser.hpp:10
CFD-UG	Chapter 8: Chemical Species Transport Interfaces	The High Mach Number Reacting Flow coupling feature automatically couples mass	turbulence	present	src/solver/SimpleAlgorithm.hpp:47; src/acoustics/CurleAcoustics.hpp:7; src/cad/FeatureEdges.cpp:148
CFD-UG	Chapter 8: Chemical Species Transport Interfaces	Turbulent Mass Transfer	turbulence	present	src/gui/Dialogs.cpp:232; src/combustion/GEquation.cpp:51; src/combustion/CanteraParser.hpp:10
CFD-UG	Chapter 8: Chemical Species Transport Interfaces	Settings	turbulence	n/a	
CFD-UG	Chapter 8: Chemical Species Transport Interfaces	The Label is the default multiphysics coupling feature name.	turbulence	present	src/cad/FeatureEdges.cpp:148; src/gui/Dialogs.cpp:232; src/combustion/CanteraParser.hpp:10
CFD-UG	Chapter 8: Chemical Species Transport Interfaces	Domain Selection	turbulence	partial	src/gui/Dialogs.cpp:232; src/combustion/CanteraParser.hpp:10
CFD-UG	Chapter 8: Chemical Species Transport Interfaces	The High Mach Number Reacting Flow coupling is automatically defined on the	turbulence	present	src/solver/SimpleAlgorithm.hpp:47; src/acoustics/CurleAcoustics.hpp:7; src/gui/Dialogs.cpp:232
CFD-UG	Chapter 8: Chemical Species Transport Interfaces	Coupled Interfaces	turbulence	present	src/gui/Dialogs.cpp:232; src/gui/DiagnosticsPanel.cpp:59; src/combustion/CanteraParser.hpp:10
CFD-UG	Chapter 8: Chemical Species Transport Interfaces	Click the Go to Source buttons (	turbulence	present	src/visualization/OrientationGizmo.cpp:43; src/gui/RibbonContent.hpp:10; src/gui/Dialogs.cpp:232
CFD-UG	Chapter 8: Chemical Species Transport Interfaces	Mass Transport Turbulence Model	turbulence	partial	src/gui/Dialogs.cpp:232; src/combustion/CanteraParser.hpp:10
CFD-UG	Chapter 8: Chemical Species Transport Interfaces	Physics Interface Features	turbulence	present	src/cad/Defeaturing.hpp:6; src/gui/Dialogs.cpp:232; src/combustion/LaminarFiniteRate.cpp:110
CFD-UG	Chapter 8: Chemical Species Transport Interfaces	In general, to add a node, go to the Physics toolbar, no matter what	turbulence	present	src/cad/FeatureEdges.hpp:11; src/gui/Dialogs.cpp:232; src/core/PluginRegistry.hpp:8
CFD-UG	Chapter 8: Chemical Species Transport Interfaces	High Mach Number Flow	turbulence	present	src/acoustics/CurleAcoustics.hpp:7; src/gui/Dialogs.cpp:232; src/combustion/TfcModel.hpp:24
CFD-UG	Chapter 8: Chemical Species Transport Interfaces	Transport Of Concentrated Species	turbulence	partial	src/gui/Dialogs.cpp:232; src/combustion/CanteraParser.hpp:10
CFD-UG	Chapter 8: Chemical Species Transport Interfaces	Chemistry	turbulence	present	src/gui/Dialogs.cpp:232; src/combustion/CanteraParser.hpp:6; src/combustion/CanteraParser.hpp:10
CFD-UG	Chapter 8: Chemical Species Transport Interfaces	The High Mach Number Reacting	turbulence	present	src/acoustics/CurleAcoustics.hpp:7; src/gui/Dialogs.cpp:232; src/combustion/TfcModel.hpp:24
CFD-UG	Chapter 8: Chemical Species Transport Interfaces	The High Mach Number Reacting Laminar Flow, Diluted Species	turbulence	present	src/acoustics/CurleAcoustics.hpp:7; src/gui/Dialogs.cpp:232; src/combustion/EddyDissipationConcept.hpp:15
CFD-UG	Chapter 8: Chemical Species Transport Interfaces	Domain Level Synchronization	turbulence	partial	src/gui/Dialogs.cpp:232; src/combustion/CanteraParser.hpp:10
CFD-UG	Chapter 8: Chemical Species Transport Interfaces	The Stefan Velocity	turbulence	present	src/particles/ParticleHeating.cpp:15; src/gui/Dialogs.cpp:232; src/combustion/CanteraParser.hpp:10
CFD-UG	Chapter 8: Chemical Species Transport Interfaces	The High Mach Number Reacting Flow coupling feature automatically couples mass	turbulence	present	src/solver/SimpleAlgorithm.hpp:47; src/acoustics/CurleAcoustics.hpp:7; src/cad/FeatureEdges.cpp:148
CFD-UG	Chapter 8: Chemical Species Transport Interfaces	Turbulent Mass Transfer	turbulence	present	src/gui/Dialogs.cpp:232; src/combustion/GEquation.cpp:51; src/combustion/CanteraParser.hpp:10
CFD-UG	Chapter 8: Chemical Species Transport Interfaces	Settings	turbulence	n/a	
CFD-UG	Chapter 8: Chemical Species Transport Interfaces	The Label is the default multiphysics coupling feature name.	turbulence	present	src/cad/FeatureEdges.cpp:148; src/gui/Dialogs.cpp:232; src/combustion/CanteraParser.hpp:10
CFD-UG	Chapter 8: Chemical Species Transport Interfaces	Domain Selection	turbulence	partial	src/gui/Dialogs.cpp:232; src/combustion/CanteraParser.hpp:10
CFD-UG	Chapter 8: Chemical Species Transport Interfaces	The High Mach Number Reacting Flow coupling is automatically defined on the	turbulence	present	src/solver/SimpleAlgorithm.hpp:47; src/acoustics/CurleAcoustics.hpp:7; src/gui/Dialogs.cpp:232
CFD-UG	Chapter 8: Chemical Species Transport Interfaces	Coupled Interfaces	turbulence	present	src/gui/Dialogs.cpp:232; src/gui/DiagnosticsPanel.cpp:59; src/combustion/CanteraParser.hpp:10
CFD-UG	Chapter 8: Chemical Species Transport Interfaces	For more information on turbulent mass transfer at walls, see the section Mass	turbulence	present	src/gui/Dialogs.cpp:232; src/cad/ObjReader.hpp:7; src/core/IWallDistanceService.hpp:10
CFD-UG	Chapter 8: Chemical Species Transport Interfaces	Mass Transport Turbulence Model	turbulence	partial	src/gui/Dialogs.cpp:232; src/combustion/CanteraParser.hpp:10
CFD-UG	Chapter 8: Chemical Species Transport Interfaces	Physics Interface Features	turbulence	present	src/cad/Defeaturing.hpp:6; src/gui/Dialogs.cpp:232; src/combustion/LaminarFiniteRate.cpp:110
CFD-UG	Chapter 8: Chemical Species Transport Interfaces	In general, to add a node, go to the Physics toolbar, no matter what	turbulence	present	src/cad/FeatureEdges.hpp:11; src/gui/Dialogs.cpp:232; src/core/PluginRegistry.hpp:8
CFD-UG	Chapter 8: Chemical Species Transport Interfaces	High Mach Number Flow	turbulence	present	src/acoustics/CurleAcoustics.hpp:7; src/gui/Dialogs.cpp:232; src/combustion/TfcModel.hpp:24
CFD-UG	Chapter 8: Chemical Species Transport Interfaces	Transport Of Diluted Species	turbulence	partial	src/gui/Dialogs.cpp:232; src/combustion/CanteraParser.hpp:10
CFD-UG	Chapter 8: Chemical Species Transport Interfaces	The Dispersed Two-Phase Flow with	turbulence	present	src/gui/Dialogs.cpp:232; src/multiphase/DriftFlux.hpp:5; src/combustion/CanteraParser.hpp:10
CFD-UG	Chapter 8: Chemical Species Transport Interfaces	The Dispersed Two-Phase Laminar Flow with Species Transport	turbulence	present	src/gui/Dialogs.cpp:232; src/multiphase/DriftFlux.hpp:5; src/combustion/EddyDissipationConcept.hpp:15
CFD-UG	Chapter 8: Chemical Species Transport Interfaces	On the constituent physics interfaces:	turbulence	present	src/gui/Dialogs.cpp:232; src/combustion/LaminarFiniteRate.cpp:110; src/combustion/CanteraParser.hpp:10
CFD-UG	Chapter 8: Chemical Species Transport Interfaces	Domain Level Synchronization	turbulence	partial	src/gui/Dialogs.cpp:232; src/combustion/CanteraParser.hpp:10
CFD-UG	Chapter 8: Chemical Species Transport Interfaces	Solute Extraction	turbulence	present	src/gui/Dialogs.cpp:232; src/cad/FeatureEdges.hpp:4; src/combustion/CanteraParser.hpp:10
CFD-UG	Chapter 8: Chemical Species Transport Interfaces	When modeling phase transfer with a net mass change between the phases, and a	turbulence	present	src/gui/Dialogs.cpp:232; src/combustion/CanteraParser.cpp:143; src/combustion/GEquation.hpp:47
CFD-UG	Chapter 8: Chemical Species Transport Interfaces	Turbulent Mass Transfer	turbulence	present	src/gui/Dialogs.cpp:232; src/combustion/GEquation.cpp:51; src/combustion/CanteraParser.hpp:10
CFD-UG	Chapter 8: Chemical Species Transport Interfaces	When a turbulence model is used, the Dispersed Two-Phase Flow, Diluted Species	turbulence	present	src/gui/Dialogs.cpp:232; src/multiphase/DriftFlux.hpp:5; src/combustion/CanteraParser.hpp:10
CFD-UG	Chapter 8: Chemical Species Transport Interfaces	Settings	turbulence	n/a	
CFD-UG	Chapter 8: Chemical Species Transport Interfaces	The Label is the default multiphysics coupling feature name.	turbulence	present	src/cad/FeatureEdges.cpp:148; src/gui/Dialogs.cpp:232; src/combustion/CanteraParser.hpp:10
CFD-UG	Chapter 8: Chemical Species Transport Interfaces	Domain Selection	turbulence	partial	src/gui/Dialogs.cpp:232; src/combustion/CanteraParser.hpp:10
CFD-UG	Chapter 8: Chemical Species Transport Interfaces	Coupled Interfaces	turbulence	present	src/gui/Dialogs.cpp:232; src/gui/DiagnosticsPanel.cpp:59; src/combustion/CanteraParser.hpp:10
CFD-UG	Chapter 8: Chemical Species Transport Interfaces	The default values depend on how this coupling node is created.	turbulence	present	src/gui_core/PanelRegistry.hpp:9; src/gui/Dialogs.cpp:232; src/gpu/RenderingBridge.hpp:39
CFD-UG	Chapter 8: Chemical Species Transport Interfaces	If a physics interface is deleted and then added to the model again, then	turbulence	present	src/gpu/HostDeviceMirror.hpp:26; src/dynamics/SixDofCoupler.hpp:14; src/gui/Dialogs.cpp:232
CFD-UG	Chapter 8: Chemical Species Transport Interfaces	Turbulence	turbulence	partial	src/gui/Dialogs.cpp:232; src/combustion/CanteraParser.hpp:10
CFD-UG	Chapter 8: Chemical Species Transport Interfaces	Physics Interface Features	turbulence	present	src/cad/Defeaturing.hpp:6; src/gui/Dialogs.cpp:232; src/combustion/LaminarFiniteRate.cpp:110
CFD-UG	Chapter 8: Chemical Species Transport Interfaces	In general, to add a node, go to the Physics toolbar, no matter what	turbulence	present	src/cad/FeatureEdges.hpp:11; src/gui/Dialogs.cpp:232; src/core/PluginRegistry.hpp:8
CFD-UG	Chapter 8: Chemical Species Transport Interfaces	Mixture Model, Laminar Flow	turbulence	present	src/gui/Dialogs.cpp:232; src/combustion/EddyDissipationConcept.hpp:15; src/combustion/FgmFlamelet.hpp:7
CFD-UG	Chapter 8: Chemical Species Transport Interfaces	Mixture Model, Sst	turbulence	present	src/gui/Dialogs.cpp:232; src/combustion/FgmFlamelet.hpp:7; src/combustion/CanteraParser.hpp:10
CFD-UG	Chapter 8: Chemical Species Transport Interfaces	Continuous Phase Transport Of Diluted Species And Dispersed	turbulence	present	src/gui/Dialogs.cpp:232; src/adjoint/ContinuousAdjoint.hpp:6; src/multiphase/DriftFlux.hpp:5
CFD-UG	Chapter 8: Chemical Species Transport Interfaces	Phase Transport Of Diluted Species	turbulence	partial	src/gui/Dialogs.cpp:232; src/combustion/CanteraParser.hpp:10
CFD-UG	Chapter 8: Chemical Species Transport Interfaces	The Continuous Phase Transport of Diluted Species Interface	turbulence	present	src/gui/Dialogs.cpp:232; src/adjoint/ContinuousAdjoint.hpp:6; src/combustion/CanteraParser.hpp:10
CFD-UG	Chapter 8: Chemical Species Transport Interfaces	Transport Mechanisms	turbulence	present	src/combustion/CanteraParser.hpp:7; src/gui/Dialogs.cpp:232; src/combustion/CanteraParser.hpp:10
CFD-UG	Chapter 8: Chemical Species Transport Interfaces	The Dispersed Phase Transport of Diluted Species Interface	turbulence	present	src/gui/Dialogs.cpp:232; src/multiphase/DriftFlux.hpp:5; src/combustion/CanteraParser.hpp:10
CFD-UG	Chapter 8: Chemical Species Transport Interfaces	Transport Mechanisms	turbulence	present	src/combustion/CanteraParser.hpp:7; src/gui/Dialogs.cpp:232; src/combustion/CanteraParser.hpp:10
CFD-UG	Chapter 8: Chemical Species Transport Interfaces	Transport Properties	turbulence	present	src/gui/Dialogs.cpp:232; src/cad/CMakeLists.txt:42; src/combustion/CanteraParser.hpp:10
CFD-UG	Chapter 8: Chemical Species Transport Interfaces	The following equations are solved for the total species concentration in the	turbulence	present	src/core/BoundaryConditionRegistry.hpp:18; src/gui/Dialogs.cpp:232; src/multiphase/EulerianMultifluid.hpp:25
CFD-UG	Chapter 8: Chemical Species Transport Interfaces	Model Inputs	turbulence	partial	src/gui/Dialogs.cpp:232; src/combustion/CanteraParser.hpp:10
CFD-UG	Chapter 8: Chemical Species Transport Interfaces	Volume Fraction	turbulence	present	src/gui/Dialogs.cpp:232; src/combustion/CanteraParser.hpp:10; src/acoustics/FwhSurface.cpp:23
CFD-UG	Chapter 8: Chemical Species Transport Interfaces	Two-Phase Flow, Diluted Species coupling feature, the volume fraction is	turbulence	present	src/cad/FeatureEdges.cpp:148; src/gui/Dialogs.cpp:232; src/combustion/CanteraParser.hpp:10
CFD-UG	Chapter 8: Chemical Species Transport Interfaces	Convection	turbulence	present	src/gui/Dialogs.cpp:232; src/combustion/TransportedPdf.hpp:10; src/combustion/CanteraParser.hpp:10
CFD-UG	Chapter 8: Chemical Species Transport Interfaces	Diffusion	turbulence	present	src/gui/Dialogs.cpp:232; src/combustion/SlfmFlamelet.hpp:6; src/combustion/CanteraParser.hpp:10
CFD-UG	Chapter 8: Chemical Species Transport Interfaces	T he o r y f o r th e Tran sp ort of D i l u t ed	turbulence	partial	src/gui/Dialogs.cpp:232; src/combustion/CanteraParser.hpp:10
CFD-UG	Chapter 8: Chemical Species Transport Interfaces	Mass Balance Equation	turbulence	present	src/gui/Dialogs.cpp:232; src/amr/AmrApplier.hpp:16; src/combustion/CanteraParser.hpp:10
CFD-UG	Chapter 8: Chemical Species Transport Interfaces	Equation 8-20 in its form above includes the transport mechanisms diffusion and	turbulence	present	src/combustion/CanteraParser.hpp:7; src/combustion/ThermoNasaParser.hpp:57; src/gui/Dialogs.cpp:232
CFD-UG	Chapter 8: Chemical Species Transport Interfaces	Equilibrium Reaction Theory	turbulence	present	src/combustion/TfcModel.hpp:23; src/combustion/EddyDissipationConcept.cpp:72; src/gui/Dialogs.cpp:232
CFD-UG	Chapter 8: Chemical Species Transport Interfaces	Defining the stoichiometric coefficients positive for products and negative for	turbulence	present	src/gui/Dialogs.cpp:232; src/combustion/CanteraParser.cpp:82; src/combustion/ThermoNasaParser.cpp:147
CFD-UG	Chapter 8: Chemical Species Transport Interfaces	Equilibrium Reactions And Inflow Boundary Conditions	bc	present	src/heat_transfer/ConjugateHeatTransfer.cpp:87; src/combustion/EddyDissipationConcept.cpp:72; src/gui/Dialogs.cpp:232
CFD-UG	Chapter 8: Chemical Species Transport Interfaces	Equilibrium Reactions And Concentration Boundary	turbulence	present	src/core/BoundaryConditionRegistry.hpp:18; src/combustion/EddyDissipationConcept.cpp:72; src/gui/Dialogs.cpp:232
CFD-UG	Chapter 8: Chemical Species Transport Interfaces	Conditions	turbulence	present	src/gui/Dialogs.cpp:232; src/combustion/CanteraParser.hpp:10; src/core/BoundaryConditionRegistry.hpp:9
CFD-UG	Chapter 8: Chemical Species Transport Interfaces	No special treatment is made with regards to input concentration values of the	turbulence	present	src/core/BoundaryConditionRegistry.hpp:18; src/meshing/StlImporter.hpp:14; src/multiphase/VolumeOfFluid.hpp:10
CFD-UG	Chapter 8: Chemical Species Transport Interfaces	Equilibrium Reactions And Time-Dependent Simulations	turbulence	present	src/combustion/EddyDissipationConcept.cpp:72; src/gui/Dialogs.cpp:232; src/io/CgnsWriter.cpp:14
CFD-UG	Chapter 8: Chemical Species Transport Interfaces	Material Balance Formulation	turbulence	present	src/gui/Dialogs.cpp:232; src/amr/AmrApplier.hpp:16; src/acoustics/FwhSurface.cpp:116
CFD-UG	Chapter 8: Chemical Species Transport Interfaces	Solving a Diffusion Equation Only	turbulence	present	src/gui/MainWindow.cpp:193; src/gui/Dialogs.cpp:232; src/combustion/SlfmFlamelet.hpp:6
CFD-UG	Chapter 8: Chemical Species Transport Interfaces	Mass Sources for Species Transport	turbulence	partial	src/gui/Dialogs.cpp:232; src/combustion/CanteraParser.hpp:10
CFD-UG	Chapter 8: Chemical Species Transport Interfaces	Point Source	turbulence	partial	src/gui/Dialogs.cpp:232; src/combustion/CanteraParser.hpp:10
CFD-UG	Chapter 8: Chemical Species Transport Interfaces	The finite element representation of Equation 8-24 corresponds to a finite	turbulence	present	src/materials/TabulatedProperty.hpp:99; src/combustion/CanteraParser.hpp:10; src/gui/Dialogs.cpp:232
CFD-UG	Chapter 8: Chemical Species Transport Interfaces	Line Source	turbulence	partial	src/gui/Dialogs.cpp:232; src/combustion/CanteraParser.hpp:10
CFD-UG	Chapter 8: Chemical Species Transport Interfaces	For the Reacting Flow in Porous Media, Diluted Species interface, which	turbulence	present	src/gui/Dialogs.cpp:232; src/emag/AvFormulation.hpp:7; src/gui/Dialogs.cpp:368
CFD-UG	Chapter 8: Chemical Species Transport Interfaces	Adding Transport Through Migration	turbulence	present	src/core/RotatingFileSink.cpp:84; src/gui/Dialogs.cpp:232; src/combustion/CanteraParser.hpp:10
CFD-UG	Chapter 8: Chemical Species Transport Interfaces	J i = – D i ∇c i – z i u m, i Fc i ∇V	turbulence	partial	src/gui/Dialogs.cpp:232; src/combustion/CanteraParser.hpp:10
CFD-UG	Chapter 8: Chemical Species Transport Interfaces	Supporting Electrolytes	turbulence	present	src/solver/PeriodicPairing.hpp:4; src/gui/Dialogs.cpp:232; src/combustion/CanteraParser.hpp:10
CFD-UG	Chapter 8: Chemical Species Transport Interfaces	Crosswind Diffusion	turbulence	present	src/gui/Dialogs.cpp:232; src/combustion/SlfmFlamelet.hpp:6; src/combustion/CanteraParser.hpp:10
CFD-UG	Chapter 8: Chemical Species Transport Interfaces	Do Carmo And Galeão	turbulence	partial	src/gui/Dialogs.cpp:232; src/combustion/CanteraParser.hpp:10
CFD-UG	Chapter 8: Chemical Species Transport Interfaces	This is the formulation described in Numerical Stabilization in the COMSOL	turbulence	present	src/zones/FanHexZone.hpp:7; src/solver/CompressibleFlux.hpp:42; src/gui/Dialogs.cpp:232
CFD-UG	Chapter 8: Chemical Species Transport Interfaces	Codina	turbulence	partial	src/gui/Dialogs.cpp:232; src/combustion/CanteraParser.hpp:10
CFD-UG	Chapter 8: Chemical Species Transport Interfaces	Danckwerts Inflow Boundary Condition	bc	present	src/heat_transfer/ConjugateHeatTransfer.cpp:87; src/gui/Dialogs.cpp:232; src/core/BoundaryConditionRegistry.hpp:13
CFD-UG	Chapter 8: Chemical Species Transport Interfaces	Variably Saturated Porous Media	turbulence	present	src/multiphase/RpiWallBoiling.hpp:7; src/gui/Dialogs.cpp:232; src/emag/AvFormulation.hpp:7
CFD-UG	Chapter 8: Chemical Species Transport Interfaces	On the left-hand side of Equation 8-31, the first three terms correspond to the	turbulence	present	src/gui/Dialogs.cpp:232; src/amr/AmrApplier.hpp:15; src/combustion/CanteraParser.cpp:99
CFD-UG	Chapter 8: Chemical Species Transport Interfaces	Adsorption	turbulence	partial	src/gui/Dialogs.cpp:232; src/combustion/CanteraParser.hpp:10
CFD-UG	Chapter 8: Chemical Species Transport Interfaces	Volatilization	turbulence	partial	src/gui/Dialogs.cpp:232; src/combustion/CanteraParser.hpp:10
CFD-UG	Chapter 8: Chemical Species Transport Interfaces	Saturated Porous Media	turbulence	present	src/multiphase/RpiWallBoiling.hpp:7; src/gui/Dialogs.cpp:232; src/emag/AvFormulation.hpp:7
CFD-UG	Chapter 8: Chemical Species Transport Interfaces	Convection in Porous Media	turbulence	present	src/gui/Dialogs.cpp:232; src/emag/AvFormulation.hpp:7; src/combustion/TransportedPdf.hpp:10
CFD-UG	Chapter 8: Chemical Species Transport Interfaces	Saturated	turbulence	present	src/multiphase/RpiWallBoiling.hpp:7; src/gui/Dialogs.cpp:232; src/combustion/CanteraParser.hpp:10
CFD-UG	Chapter 8: Chemical Species Transport Interfaces	Unsaturated	turbulence	partial	src/gui/Dialogs.cpp:232; src/combustion/CanteraParser.hpp:10
CFD-UG	Chapter 8: Chemical Species Transport Interfaces	Material Balance Formulation	turbulence	present	src/gui/Dialogs.cpp:232; src/amr/AmrApplier.hpp:16; src/acoustics/FwhSurface.cpp:116
CFD-UG	Chapter 8: Chemical Species Transport Interfaces	Diffusion in Porous Media	turbulence	present	src/gui/Dialogs.cpp:232; src/emag/AvFormulation.hpp:7; src/combustion/SlfmFlamelet.hpp:6
CFD-UG	Chapter 8: Chemical Species Transport Interfaces	Free Flow	turbulence	partial	src/gui/Dialogs.cpp:232; src/combustion/CanteraParser.hpp:10
CFD-UG	Chapter 8: Chemical Species Transport Interfaces	Saturated Porous Media	turbulence	present	src/multiphase/RpiWallBoiling.hpp:7; src/gui/Dialogs.cpp:232; src/emag/AvFormulation.hpp:7
CFD-UG	Chapter 8: Chemical Species Transport Interfaces	Unsaturated Porous Media	turbulence	present	src/gui/Dialogs.cpp:232; src/emag/AvFormulation.hpp:7; src/gui/Dialogs.cpp:368
CFD-UG	Chapter 8: Chemical Species Transport Interfaces	Dispersion	turbulence	partial	src/gui/Dialogs.cpp:232; src/combustion/CanteraParser.hpp:10
CFD-UG	Chapter 8: Chemical Species Transport Interfaces	Adsorption	turbulence	partial	src/gui/Dialogs.cpp:232; src/combustion/CanteraParser.hpp:10
CFD-UG	Chapter 8: Chemical Species Transport Interfaces	KL c	turbulence	partial	src/gui/Dialogs.cpp:232; src/combustion/CanteraParser.hpp:10
CFD-UG	Chapter 8: Chemical Species Transport Interfaces	Langmuir	turbulence	partial	src/gui/Dialogs.cpp:232; src/combustion/CanteraParser.hpp:10
CFD-UG	Chapter 8: Chemical Species Transport Interfaces	Freundlich	turbulence	partial	src/gui/Dialogs.cpp:232; src/combustion/CanteraParser.hpp:10
CFD-UG	Chapter 8: Chemical Species Transport Interfaces	KB c0 c	turbulence	partial	src/gui/Dialogs.cpp:232; src/combustion/CanteraParser.hpp:10
CFD-UG	Chapter 8: Chemical Species Transport Interfaces	The above equations contains the following parameters:	turbulence	present	src/gui/Dialogs.cpp:232; src/combustion/ThermoNasaParser.cpp:48; src/adjoint/ContinuousAdjoint.hpp:11
CFD-UG	Chapter 8: Chemical Species Transport Interfaces	Reactions	turbulence	partial	src/gui/Dialogs.cpp:232; src/combustion/CanteraParser.hpp:10
CFD-UG	Chapter 8: Chemical Species Transport Interfaces	Radioactive decay — liquid	turbulence	present	src/gui/Dialogs.cpp:232; src/combustion/SlfmFlamelet.hpp:18; src/emag/Mhd.hpp:5
CFD-UG	Chapter 8: Chemical Species Transport Interfaces	Reaction — gas	turbulence	present	src/gui/Dialogs.cpp:232; src/combustion/CanteraParser.hpp:11; src/combustion/CanteraParser.hpp:10
CFD-UG	Chapter 8: Chemical Species Transport Interfaces	In Equation 8-38, T denotes the current absolute temperature, TR denotes the	turbulence	present	src/solver/DualTimeStepping.hpp:33; src/gui/Dialogs.cpp:232; src/combustion/CanteraParser.hpp:10
CFD-UG	Chapter 8: Chemical Species Transport Interfaces	Mass Transport in Fractures	turbulence	partial	src/gui/Dialogs.cpp:232; src/combustion/CanteraParser.hpp:10
CFD-UG	Chapter 8: Chemical Species Transport Interfaces	References	turbulence	n/a	
CFD-UG	Chapter 8: Chemical Species Transport Interfaces	About Turbulent Mixing	turbulence	present	src/gui/Dialogs.cpp:232; src/combustion/EddyDissipationConcept.cpp:71; src/combustion/GEquation.cpp:51
CFD-UG	Chapter 8: Chemical Species Transport Interfaces	Theory for the Transport of	turbulence	present	src/combustion/TfcModel.hpp:23; src/gui/Dialogs.cpp:232; src/combustion/CanteraParser.hpp:10
CFD-UG	Chapter 8: Chemical Species Transport Interfaces	Multicomponent Mass Transport	turbulence	partial	src/gui/Dialogs.cpp:232; src/combustion/CanteraParser.hpp:10
CFD-UG	Chapter 8: Chemical Species Transport Interfaces	Q − 1 of the species equations are independent and possible to solve for using	turbulence	present	src/gui/Dialogs.cpp:232; src/core/BoundaryConditionRegistry.hpp:119; src/adjoint/ContinuousAdjoint.hpp:11
CFD-UG	Chapter 8: Chemical Species Transport Interfaces	Multicomponent Diffusion: Mixture-Averaged Approximation	turbulence	present	src/gui/Dialogs.cpp:232; src/combustion/TransportedPdf.hpp:15; src/emag/Mhd.hpp:5
CFD-UG	Chapter 8: Chemical Species Transport Interfaces	For this assumption, using Equation 8-47 together with the Maxwell–Stefan	turbulence	present	src/particles/ParticleHeating.cpp:15; src/dynamics/SixDof.hpp:16; src/gui/Dialogs.cpp:232
CFD-UG	Chapter 8: Chemical Species Transport Interfaces	The Mixture-Averaged Diffusion Coefficient	turbulence	present	src/gui/Dialogs.cpp:232; src/combustion/TransportedPdf.hpp:15; src/combustion/SlfmFlamelet.hpp:6
CFD-UG	Chapter 8: Chemical Species Transport Interfaces	Mixture Diffusion Correction	turbulence	present	src/gui/Dialogs.cpp:232; src/combustion/SlfmFlamelet.hpp:6; src/ibm/ImmersedBoundary.hpp:58
CFD-UG	Chapter 8: Chemical Species Transport Interfaces	Hence the correction velocity is:	turbulence	present	src/materials/MaterialAssignment.hpp:8; src/gui/Dialogs.cpp:232; src/ibm/ImmersedBoundary.hpp:58
CFD-UG	Chapter 8: Chemical Species Transport Interfaces	Additional Transport Mechanisms	turbulence	present	src/combustion/CanteraParser.hpp:7; src/turbulence/GammaReThetaTransition.hpp:5; src/gui/Dialogs.cpp:232
CFD-UG	Chapter 8: Chemical Species Transport Interfaces	Multispecies Diffusion: Fick’s Law Approximation	turbulence	present	src/gui/Dialogs.cpp:232; src/emag/Mhd.hpp:5; src/combustion/SlfmFlamelet.hpp:6
CFD-UG	Chapter 8: Chemical Species Transport Interfaces	F	turbulence	partial	src/gui/Dialogs.cpp:232; src/combustion/CanteraParser.hpp:10
CFD-UG	Chapter 8: Chemical Species Transport Interfaces	F	turbulence	partial	src/gui/Dialogs.cpp:232; src/combustion/CanteraParser.hpp:10
CFD-UG	Chapter 8: Chemical Species Transport Interfaces	Multicomponent Thermal Diffusion	turbulence	present	src/gui/Dialogs.cpp:232; src/combustion/SlfmFlamelet.hpp:6; src/combustion/NoxThermalPromptFuel.cpp:23
CFD-UG	Chapter 8: Chemical Species Transport Interfaces	Q	turbulence	partial	src/gui/Dialogs.cpp:232; src/combustion/CanteraParser.hpp:10
CFD-UG	Chapter 8: Chemical Species Transport Interfaces	Turbulent Mixing	turbulence	present	src/gui/Dialogs.cpp:232; src/combustion/EddyDissipationConcept.cpp:71; src/combustion/GEquation.cpp:51
CFD-UG	Chapter 8: Chemical Species Transport Interfaces	Regularization of Reaction Rate Expression	turbulence	present	src/gui/Dialogs.cpp:232; src/morphing/RbfMorpher.cpp:103; src/core/Command.hpp:104
CFD-UG	Chapter 8: Chemical Species Transport Interfaces	References for the Transport of Concentrated Species Interface	turbulence	partial	src/gui/Dialogs.cpp:232; src/combustion/CanteraParser.hpp:10
CFD-UG	Chapter 8: Chemical Species Transport Interfaces	Theory for the Reacting Flow	turbulence	present	src/combustion/TfcModel.hpp:23; src/gui/Dialogs.cpp:232; src/combustion/CanteraParser.hpp:10
CFD-UG	Chapter 8: Chemical Species Transport Interfaces	Pseudo Time Stepping for Mass Transport	turbulence	present	src/gui/RibbonContent.cpp:78; src/gui/Dialogs.cpp:232; src/combustion/GEquation.cpp:68
CFD-UG	Chapter 8: Chemical Species Transport Interfaces	The Stefan Velocity	turbulence	present	src/particles/ParticleHeating.cpp:15; src/gui/Dialogs.cpp:232; src/combustion/CanteraParser.hpp:10
CFD-UG	Chapter 8: Chemical Species Transport Interfaces	Using a Reacting Flow interface, the Stefan velocity, defined in the manner of	turbulence	present	src/particles/ParticleHeating.cpp:15; src/gui/Dialogs.cpp:232; src/combustion/CanteraParser.hpp:10
CFD-UG	Chapter 8: Chemical Species Transport Interfaces	The Chemical Reaction Rate	turbulence	present	src/gui/Dialogs.cpp:232; src/combustion/CanteraParser.hpp:11; src/combustion/CanteraParser.hpp:10
CFD-UG	Chapter 8: Chemical Species Transport Interfaces	Nonisothermal Reacting Flow	turbulence	partial	src/gui/Dialogs.cpp:232; src/combustion/CanteraParser.hpp:10
CFD-UG	Chapter 8: Chemical Species Transport Interfaces	N – 1)	turbulence	partial	src/gui/Dialogs.cpp:232; src/combustion/CanteraParser.hpp:10
CFD-UG	Chapter 8: Chemical Species Transport Interfaces	Assuming the same velocity for the convection term of all components, the mass	turbulence	present	src/meshing/TetrahedralMesher.cpp:73; src/gui/Dialogs.cpp:232; src/combustion/TransportedPdf.hpp:10
CFD-UG	Chapter 8: Chemical Species Transport Interfaces	N	turbulence	partial	src/gui/Dialogs.cpp:232; src/combustion/CanteraParser.hpp:10
CFD-UG	Chapter 8: Chemical Species Transport Interfaces	Turbulent Mass Transport Models	turbulence	present	src/gui/Dialogs.cpp:232; src/combustion/GEquation.cpp:51; src/combustion/CanteraParser.hpp:10
CFD-UG	Chapter 8: Chemical Species Transport Interfaces	Kays–Crawford	turbulence	partial	src/gui/Dialogs.cpp:232; src/combustion/CanteraParser.hpp:10
CFD-UG	Chapter 8: Chemical Species Transport Interfaces	Assuming that the turbulent transport mechanisms of heat and mass processes are	turbulence	present	src/combustion/CanteraParser.hpp:7; src/multiphase/CavitationKunz.hpp:7; src/meshing/TetrahedralMesher.cpp:73
CFD-UG	Chapter 8: Chemical Species Transport Interfaces	High Schmidt Number Model	turbulence	present	src/adjoint/DiscreteAdjoint.cpp:78; src/gui/Dialogs.cpp:232; src/combustion/TfcModel.hpp:24
CFD-UG	Chapter 8: Chemical Species Transport Interfaces	Mass Transport Wall Functions	bc	partial	src/gui/Dialogs.cpp:232; src/combustion/CanteraParser.hpp:10
CFD-UG	Chapter 8: Chemical Species Transport Interfaces	Sc T	turbulence	partial	src/gui/Dialogs.cpp:232; src/combustion/CanteraParser.hpp:10
CFD-UG	Chapter 8: Chemical Species Transport Interfaces	Turbulent Reactions	turbulence	present	src/gui/Dialogs.cpp:232; src/combustion/GEquation.cpp:51; src/combustion/CanteraParser.hpp:10
CFD-UG	Chapter 8: Chemical Species Transport Interfaces	Mean Value Closure	turbulence	present	src/gui/Dialogs.cpp:232; src/cad/Healing.hpp:8; src/combustion/CanteraParser.hpp:10
CFD-UG	Chapter 8: Chemical Species Transport Interfaces	A mean turbulent production rate can be obtained by directly applying the mean	turbulence	present	src/combustion/EddyDissipationConcept.hpp:14; src/gui/Dialogs.cpp:232; src/solver/LinearSolvers.cpp:128
CFD-UG	Chapter 8: Chemical Species Transport Interfaces	Eddy Dissipation Model	turbulence	present	src/gui/Dialogs.cpp:232; src/combustion/EddyDissipationConcept.hpp:6; src/combustion/EddyDissipationConcept.hpp:6
CFD-UG	Chapter 8: Chemical Species Transport Interfaces	The eddy-dissipation model for the mean reaction rate originally developed by	turbulence	present	src/gpu/DeviceMemoryPool.hpp:81; src/gui/Dialogs.cpp:232; src/combustion/EddyDissipationConcept.hpp:6
CFD-UG	Chapter 8: Chemical Species Transport Interfaces	The model assumes that both the Reynolds and Damköhler numbers are sufficiently	turbulence	present	src/meshing/OversetInterpolation.hpp:11; src/gui/Dialogs.cpp:232; src/combustion/FgmFlamelet.cpp:45
CFD-UG	Chapter 8: Chemical Species Transport Interfaces	The Reaction Source Term for Turbulent Flow	turbulence	present	src/gui/Dialogs.cpp:232; src/combustion/GEquation.cpp:51; src/combustion/CanteraParser.hpp:11
CFD-UG	Chapter 8: Chemical Species Transport Interfaces	Large Eddy Simulation	turbulence	present	src/gui/Dialogs.cpp:232; src/combustion/EddyDissipationConcept.hpp:6; src/cad/Booleans.hpp:8
CFD-UG	Chapter 8: Chemical Species Transport Interfaces	Sc T	turbulence	partial	src/gui/Dialogs.cpp:232; src/combustion/CanteraParser.hpp:10
CFD-UG	Chapter 8: Chemical Species Transport Interfaces	Theory for the Interior Fan Boundary Condition	bc	present	src/combustion/TfcModel.hpp:23; src/gui/Dialogs.cpp:232; src/core/BoundaryConditionRegistry.hpp:13
CFD-UG	Chapter 8: Chemical Species Transport Interfaces	Γ	turbulence	partial	src/gui/Dialogs.cpp:232; src/combustion/CanteraParser.hpp:10
CFD-UG	Chapter 8: Chemical Species Transport Interfaces	References for the Reacting Flow Interfaces	turbulence	partial	src/gui/Dialogs.cpp:232; src/combustion/CanteraParser.hpp:10
CFD-UG	Chapter 9: Thin-Film Flow Interfaces	Chapter 9: Thin-Film Flow Interfaces	ui	present	src/gui/Dialogs.cpp:232; src/particles/ParticleEvaporation.hpp:14; src/cad/CadKernel.cpp:6
CFD-UG	Chapter 9: Thin-Film Flow Interfaces	In this chapter	ui	present	src/gui/Dialogs.cpp:232; src/particles/ParticleEvaporation.hpp:14; src/cad/CadKernel.cpp:6
CFD-UG	Chapter 9: Thin-Film Flow Interfaces	T he T hi n- Fi lm Fl ow In t erfaces	ui	present	src/gui/Dialogs.cpp:232; src/particles/ParticleEvaporation.hpp:14; src/cad/CadKernel.cpp:6
CFD-UG	Chapter 9: Thin-Film Flow Interfaces	Space Dimension	ui	present	src/gui/Dialogs.cpp:232; src/particles/ParticleEvaporation.hpp:14; src/cad/CadKernel.cpp:6
CFD-UG	Chapter 9: Thin-Film Flow Interfaces	Geometric Entity Level	ui	present	src/gui/Dialogs.cpp:232; src/meshing/BlockMeshDict.hpp:45; src/particles/ParticleEvaporation.hpp:14
CFD-UG	Chapter 9: Thin-Film Flow Interfaces	Thin-Film Flow	ui	present	src/gui/Dialogs.cpp:232; src/particles/ParticleEvaporation.hpp:14; src/cad/CadKernel.cpp:6
CFD-UG	Chapter 9: Thin-Film Flow Interfaces	Thin-Film Flow, Domain	ui	present	src/gui/Dialogs.cpp:232; src/particles/ParticleEvaporation.hpp:14; src/cad/CadKernel.cpp:6
CFD-UG	Chapter 9: Thin-Film Flow Interfaces	Domains	ui	present	src/gui/Dialogs.cpp:232; src/particles/ParticleEvaporation.hpp:14; src/cad/CadKernel.cpp:6
CFD-UG	Chapter 9: Thin-Film Flow Interfaces	Settings	ui	n/a	
CFD-UG	Chapter 9: Thin-Film Flow Interfaces	The Label is the default physics interface name.	ui	present	src/gui/Dialogs.cpp:232; src/particles/ParticleEvaporation.hpp:14; src/cad/CadKernel.cpp:6
CFD-UG	Chapter 9: Thin-Film Flow Interfaces	Physical Model	ui	present	src/gui/Dialogs.cpp:232; src/particles/ParticleEvaporation.hpp:14; src/cad/CadKernel.cpp:6
CFD-UG	Chapter 9: Thin-Film Flow Interfaces	Reference Pressure	ui	present	src/gui/Dialogs.cpp:232; src/particles/ParticleEvaporation.hpp:14; src/cad/CadKernel.cpp:6
CFD-UG	Chapter 9: Thin-Film Flow Interfaces	Discretization	solver	present	src/solver/Solver.hpp:26; src/gui/Dialogs.cpp:232; src/particles/ParticleEvaporation.hpp:14
CFD-UG	Chapter 9: Thin-Film Flow Interfaces	Dependent Variables	ui	present	src/gui/Dialogs.cpp:232; src/io/CgnsWriter.cpp:14; src/adjoint/DiscreteAdjoint.hpp:15
CFD-UG	Chapter 9: Thin-Film Flow Interfaces	Settings	ui	n/a	
CFD-UG	Chapter 9: Thin-Film Flow Interfaces	The Label is the default physics interface name.	ui	present	src/gui/Dialogs.cpp:232; src/particles/ParticleEvaporation.hpp:14; src/cad/CadKernel.cpp:6
CFD-UG	Chapter 9: Thin-Film Flow Interfaces	The Thin-Film Flow Interface (2D)	ui	present	src/gui/Dialogs.cpp:232; src/particles/ParticleEvaporation.hpp:14; src/cad/CadKernel.cpp:6
CFD-UG	Chapter 9: Thin-Film Flow Interfaces	In the COMSOL Multiphysics Reference Manual see Table 2-4 for links	ui	present	src/gui/Dialogs.cpp:232; src/gpu/GpuKernels.cpp:243; src/particles/ParticleEvaporation.hpp:14
CFD-UG	Chapter 9: Thin-Film Flow Interfaces	Fluid-Film Properties	ui	present	src/gui/Dialogs.cpp:232; src/cad/CMakeLists.txt:42; src/particles/ParticleEvaporation.hpp:14
CFD-UG	Chapter 9: Thin-Film Flow Interfaces	Reference Surface Properties	ui	present	src/gui/Dialogs.cpp:232; src/cad/CMakeLists.txt:42; src/particles/ParticleEvaporation.hpp:14
CFD-UG	Chapter 9: Thin-Film Flow Interfaces	Wall Properties	ui	present	src/gui/Dialogs.cpp:232; src/cad/CMakeLists.txt:42; src/particles/ParticleEvaporation.hpp:14
CFD-UG	Chapter 9: Thin-Film Flow Interfaces	Base Properties	ui	present	src/gui/Dialogs.cpp:232; src/cad/CMakeLists.txt:42; src/particles/ParticleEvaporation.hpp:14
CFD-UG	Chapter 9: Thin-Film Flow Interfaces	See Wall Properties above for details to help you decide whether the additional	ui	present	src/particles/ParcelCoalescence.hpp:12; src/turbulence/GammaReThetaTransition.hpp:5; src/gui/Dialogs.cpp:232
CFD-UG	Chapter 9: Thin-Film Flow Interfaces	Fluid Properties	materials	present	src/gui/Dialogs.cpp:232; src/cad/CMakeLists.txt:42; src/particles/ParticleEvaporation.hpp:14
CFD-UG	Chapter 9: Thin-Film Flow Interfaces	Film Flow Model	ui	present	src/gui/Dialogs.cpp:232; src/particles/ParticleEvaporation.hpp:14; src/cad/CadKernel.cpp:6
CFD-UG	Chapter 9: Thin-Film Flow Interfaces	No-slip Walls	ui	present	src/gui/Dialogs.cpp:232; src/core/IWallDistanceService.hpp:10; src/gui/Dialogs.cpp:323
CFD-UG	Chapter 9: Thin-Film Flow Interfaces	Slip at Walls	ui	present	src/gui/Dialogs.cpp:232; src/core/IWallDistanceService.hpp:10; src/gui/Dialogs.cpp:323
CFD-UG	Chapter 9: Thin-Film Flow Interfaces	Rarefied-Total Accommodation for Gas (Modified Reynolds Equation)	ui	present	src/adjoint/DiscreteAdjoint.cpp:78; src/gui/Dialogs.cpp:232; src/combustion/TfcModel.hpp:24
CFD-UG	Chapter 9: Thin-Film Flow Interfaces	Rarefied-General Accommodation for Gas (Modified Reynolds Equation)	ui	present	src/adjoint/DiscreteAdjoint.cpp:78; src/gui/Dialogs.cpp:232; src/combustion/TfcModel.hpp:24
CFD-UG	Chapter 9: Thin-Film Flow Interfaces	User Defined-Relative Flow Function	ui	present	src/gui/Dialogs.cpp:232; src/particles/ParticleEvaporation.hpp:14; src/cad/CadKernel.cpp:6
CFD-UG	Chapter 9: Thin-Film Flow Interfaces	User Defined — General	ui	present	src/gui/Dialogs.cpp:232; src/particles/ParticleEvaporation.hpp:14; src/cad/CadKernel.cpp:6
CFD-UG	Chapter 9: Thin-Film Flow Interfaces	Border	ui	present	src/gui/PropertyEditorV2.cpp:258; src/gui/Dialogs.cpp:232; src/particles/ParticleEvaporation.hpp:14
CFD-UG	Chapter 9: Thin-Film Flow Interfaces	Border Settings	ui	present	src/gui/PropertyEditorV2.cpp:258; src/gui/Dialogs.cpp:232; src/particles/ParticleEvaporation.hpp:14
CFD-UG	Chapter 9: Thin-Film Flow Interfaces	Λ	ui	present	src/gui/Dialogs.cpp:232; src/particles/ParticleEvaporation.hpp:14; src/cad/CadKernel.cpp:6
CFD-UG	Chapter 9: Thin-Film Flow Interfaces	Perforations	ui	present	src/gui/Dialogs.cpp:232; src/particles/ParticleEvaporation.hpp:14; src/cad/CadKernel.cpp:6
CFD-UG	Chapter 9: Thin-Film Flow Interfaces	Perforations	ui	present	src/gui/Dialogs.cpp:232; src/particles/ParticleEvaporation.hpp:14; src/cad/CadKernel.cpp:6
CFD-UG	Chapter 9: Thin-Film Flow Interfaces	Select a Perforation admittance — User defined (the default) or Bao model.	ui	present	src/gui/Dialogs.cpp:232; src/particles/ParticleEvaporation.hpp:14; src/cad/CadKernel.cpp:6
CFD-UG	Chapter 9: Thin-Film Flow Interfaces	Initial Values	ui	present	src/gui/Dialogs.cpp:232; src/particles/ParticleEvaporation.hpp:14; src/cad/CadKernel.cpp:6
CFD-UG	Chapter 9: Thin-Film Flow Interfaces	Initial Values	ui	present	src/gui/Dialogs.cpp:232; src/particles/ParticleEvaporation.hpp:14; src/cad/CadKernel.cpp:6
CFD-UG	Chapter 9: Thin-Film Flow Interfaces	Inlet	bc	present	src/gui/Dialogs.cpp:232; src/particles/ParticleEvaporation.hpp:14; src/cad/CadKernel.cpp:6
CFD-UG	Chapter 9: Thin-Film Flow Interfaces	Inlet Settings	bc	present	src/gui/Dialogs.cpp:232; src/particles/ParticleEvaporation.hpp:14; src/cad/CadKernel.cpp:6
CFD-UG	Chapter 9: Thin-Film Flow Interfaces	Outlet	bc	present	src/gui/Dialogs.cpp:232; src/particles/ParticleEvaporation.hpp:14; src/cad/CadKernel.cpp:6
CFD-UG	Chapter 9: Thin-Film Flow Interfaces	Outlet Settings	bc	present	src/gui/Dialogs.cpp:232; src/particles/ParticleEvaporation.hpp:14; src/cad/CadKernel.cpp:6
CFD-UG	Chapter 9: Thin-Film Flow Interfaces	Wall	ui	present	src/gui/Dialogs.cpp:232; src/particles/ParticleEvaporation.hpp:14; src/cad/CadKernel.cpp:6
CFD-UG	Chapter 9: Thin-Film Flow Interfaces	Interior Wall	bc	present	src/gui/Dialogs.cpp:232; src/particles/ParticleEvaporation.hpp:14; src/cad/CadKernel.cpp:6
CFD-UG	Chapter 9: Thin-Film Flow Interfaces	Symmetry	bc	present	src/gui/Dialogs.cpp:232; src/particles/ParticleEvaporation.hpp:14; src/cad/CadKernel.cpp:6
CFD-UG	Chapter 9: Thin-Film Flow Interfaces	Mass Source	ui	present	src/gui/Dialogs.cpp:232; src/particles/ParticleEvaporation.hpp:14; src/cad/CadKernel.cpp:6
CFD-UG	Chapter 9: Thin-Film Flow Interfaces	Theory for the Thin-Film Flow	ui	present	src/combustion/TfcModel.hpp:23; src/gui/Dialogs.cpp:232; src/particles/ParticleEvaporation.hpp:14
CFD-UG	Chapter 9: Thin-Film Flow Interfaces	Thin-Film Flow	ui	present	src/gui/Dialogs.cpp:232; src/particles/ParticleEvaporation.hpp:14; src/cad/CadKernel.cpp:6
CFD-UG	Chapter 9: Thin-Film Flow Interfaces	The Reynolds Equation	ui	present	src/gui/Dialogs.cpp:232; src/combustion/TfcModel.hpp:24; src/particles/ParticleEvaporation.hpp:14
CFD-UG	Chapter 9: Thin-Film Flow Interfaces	X	ui	present	src/gui/Dialogs.cpp:232; src/particles/ParticleEvaporation.hpp:14; src/cad/CadKernel.cpp:6
CFD-UG	Chapter 9: Thin-Film Flow Interfaces	Flow Models	ui	present	src/gui/Dialogs.cpp:232; src/particles/ParticleEvaporation.hpp:14; src/cad/CadKernel.cpp:6
CFD-UG	Chapter 9: Thin-Film Flow Interfaces	General Slip Boundary Condition	bc	present	src/gui/Dialogs.cpp:232; src/gui/Dialogs.cpp:323; src/particles/ParticleEvaporation.hpp:14
CFD-UG	Chapter 9: Thin-Film Flow Interfaces	General Slip Flow Model	ui	present	src/gui/Dialogs.cpp:232; src/gui/Dialogs.cpp:323; src/particles/ParticleEvaporation.hpp:14
CFD-UG	Chapter 9: Thin-Film Flow Interfaces	Variable	ui	present	src/gui/Dialogs.cpp:232; src/particles/ParticleEvaporation.hpp:14; src/cad/CadKernel.cpp:6
CFD-UG	Chapter 9: Thin-Film Flow Interfaces	Definition	ui	n/a	
CFD-UG	Chapter 9: Thin-Film Flow Interfaces	Nonslip Flow Model Lsw=Lsb=0	ui	present	src/gui/Dialogs.cpp:232; src/particles/ParticleEvaporation.hpp:14; src/cad/CadKernel.cpp:6
CFD-UG	Chapter 9: Thin-Film Flow Interfaces	The Modified Reynolds Equation — Gas Flow	ui	present	src/adjoint/DiscreteAdjoint.cpp:78; src/gui/Dialogs.cpp:232; src/combustion/TfcModel.hpp:24
CFD-UG	Chapter 9: Thin-Film Flow Interfaces	Slip Boundary Condition For Gases	bc	present	src/gui/Dialogs.cpp:232; src/materials/FluidsCatalog.cpp:18; src/gui/Dialogs.cpp:323
CFD-UG	Chapter 9: Thin-Film Flow Interfaces	Flow Models for Rarefied Gases	ui	present	src/gui/Dialogs.cpp:232; src/materials/FluidsCatalog.cpp:18; src/particles/ParticleEvaporation.hpp:14
CFD-UG	Chapter 9: Thin-Film Flow Interfaces	Frequency-Domain Formulation	ui	present	src/gui/Dialogs.cpp:232; src/emag/AvFormulation.hpp:7; src/acoustics/FwhSurface.cpp:116
CFD-UG	Chapter 9: Thin-Film Flow Interfaces	Here the tilde denotes a harmonically varying component. The components marked	ui	present	src/scripting/UdfHost.hpp:11; src/gui/Dialogs.cpp:232; src/amr/AmrApplier.cpp:42
CFD-UG	Chapter 9: Thin-Film Flow Interfaces	So the following result holds:	ui	present	src/gui/Dialogs.cpp:232; src/core/BoundaryConditionRegistry.hpp:22; src/particles/ParticleEvaporation.hpp:14
CFD-UG	Chapter 9: Thin-Film Flow Interfaces	Linearizing Equation 9-21 gives	ui	present	src/gui/Dialogs.hpp:7; src/gui/Dialogs.cpp:232; src/particles/ParticleEvaporation.hpp:14
CFD-UG	Chapter 9: Thin-Film Flow Interfaces	Equation 9-19 can be used to substitute for the time derivative of the harmonic	ui	present	src/adjoint/DiscreteAdjoint.cpp:107; src/gui/Dialogs.cpp:232; src/combustion/SootMomMethod.hpp:19
CFD-UG	Chapter 9: Thin-Film Flow Interfaces	Boundary Conditions	bc	present	src/gui/Dialogs.cpp:232; src/particles/ParticleEvaporation.hpp:14; src/cad/CadKernel.cpp:6
CFD-UG	Chapter 9: Thin-Film Flow Interfaces	Cavitation	multiphase	present	src/gui/Dialogs.cpp:232; src/multiphase/CavitationKunz.cpp:16; src/particles/ParticleEvaporation.hpp:14
CFD-UG	Chapter 9: Thin-Film Flow Interfaces	A variable θ can be defined, given by	ui	present	src/gui/Dialogs.cpp:232; src/particles/ParticleEvaporation.hpp:14; src/cad/CadKernel.cpp:6
CFD-UG	Chapter 9: Thin-Film Flow Interfaces	Note About Results Postprocessing	postprocessing	present	src/core/TaskGraph.hpp:14; src/gui/Dialogs.cpp:232; src/gpu/GpuKernels.cpp:242
CFD-UG	Chapter 9: Thin-Film Flow Interfaces	References for the Thin-Film Flow Interfaces	ui	present	src/gui/Dialogs.cpp:232; src/particles/ParticleEvaporation.hpp:14; src/cad/CadKernel.cpp:6
CFD-UG	Chapter 10: Shallow Water Interface	Chapter 10: Shallow Water Interface	ui	partial	src/materials/FluidsCatalog.cpp:40
CFD-UG	Chapter 10: Shallow Water Interface	In this chapter	ui	partial	src/materials/FluidsCatalog.cpp:40
CFD-UG	Chapter 10: Shallow Water Interface	T he S ha llo w W at er E q u at i on s, Ti m e	ui	partial	src/materials/FluidsCatalog.cpp:40
CFD-UG	Chapter 10: Shallow Water Interface	Settings	ui	n/a	
CFD-UG	Chapter 10: Shallow Water Interface	Physical Model	ui	partial	src/materials/FluidsCatalog.cpp:40; src/io/GmshReader.cpp:140
CFD-UG	Chapter 10: Shallow Water Interface	Advanced Settings	ui	partial	src/combustion/TransportedPdf.hpp:8; src/materials/FluidsCatalog.cpp:40
CFD-UG	Chapter 10: Shallow Water Interface	In the COMSOL Multiphysics Reference Manual:	ui	partial	src/materials/FluidsCatalog.cpp:40
CFD-UG	Chapter 10: Shallow Water Interface	Discretization	solver	partial	src/solver/Solver.hpp:26; src/materials/FluidsCatalog.cpp:40
CFD-UG	Chapter 10: Shallow Water Interface	Dependent Variables	ui	present	src/io/CgnsWriter.cpp:14; src/adjoint/DiscreteAdjoint.hpp:15; src/materials/FluidsCatalog.cpp:40
CFD-UG	Chapter 10: Shallow Water Interface	In the COMSOL Multiphysics Reference Manual see Table 2-4 for links	ui	partial	src/gpu/GpuKernels.cpp:243; src/materials/FluidsCatalog.cpp:40
CFD-UG	Chapter 10: Shallow Water Interface	Domain Properties	ui	partial	src/materials/FluidsCatalog.cpp:40; src/cad/CMakeLists.txt:42
CFD-UG	Chapter 10: Shallow Water Interface	Bottom Topography	ui	partial	src/materials/FluidsCatalog.cpp:40; src/amr/AdaptiveRefinement.hpp:8
CFD-UG	Chapter 10: Shallow Water Interface	Material	materials	n/a	
CFD-UG	Chapter 10: Shallow Water Interface	Domain Source	ui	partial	src/materials/FluidsCatalog.cpp:40
CFD-UG	Chapter 10: Shallow Water Interface	Initial Values	ui	partial	src/materials/FluidsCatalog.cpp:40; src/core/ThreadPool.cpp:57
CFD-UG	Chapter 10: Shallow Water Interface	Initial Values	ui	partial	src/materials/FluidsCatalog.cpp:40; src/core/ThreadPool.cpp:57
CFD-UG	Chapter 10: Shallow Water Interface	Inlet	bc	partial	src/materials/FluidsCatalog.cpp:40; src/core/BoundaryConditionRegistry.hpp:10
CFD-UG	Chapter 10: Shallow Water Interface	Flow Properties	ui	partial	src/materials/FluidsCatalog.cpp:40; src/cad/CMakeLists.txt:42
CFD-UG	Chapter 10: Shallow Water Interface	Outlet	bc	partial	src/materials/FluidsCatalog.cpp:40; src/core/BoundaryConditionRegistry.hpp:10
CFD-UG	Chapter 10: Shallow Water Interface	Flow Properties	ui	partial	src/materials/FluidsCatalog.cpp:40; src/cad/CMakeLists.txt:42
CFD-UG	Chapter 10: Shallow Water Interface	Wall	ui	partial	src/materials/FluidsCatalog.cpp:40
CFD-UG	Chapter 10: Shallow Water Interface	Symmetry	bc	partial	src/materials/FluidsCatalog.cpp:40; src/core/BoundaryConditionRegistry.hpp:10
CFD-UG	Chapter 10: Shallow Water Interface	Boundary Selection	ui	partial	src/materials/FluidsCatalog.cpp:40
CFD-UG	Chapter 10: Shallow Water Interface	For 2D axial symmetry, a boundary condition does not need to be defined for the	bc	present	src/meshing/MedialAxisDecomposition.hpp:13; src/materials/FluidsCatalog.cpp:40; src/core/BoundaryConditionRegistry.hpp:13
CFD-UG	Chapter 10: Shallow Water Interface	Interior Wall	bc	partial	src/materials/FluidsCatalog.cpp:40; src/io/FluentMshReader.cpp:123
CFD-UG	Chapter 10: Shallow Water Interface	Water Source	ui	partial	src/materials/FluidsCatalog.cpp:40
CFD-UG	Chapter 10: Shallow Water Interface	Theory for the Shallow Water	ui	partial	src/combustion/TfcModel.hpp:23; src/materials/FluidsCatalog.cpp:40
CFD-UG	Chapter 10: Shallow Water Interface	The Shallow Water Equations	ui	partial	src/materials/FluidsCatalog.cpp:40; src/adjoint/ContinuousAdjoint.hpp:11
CFD-UG	Chapter 10: Shallow Water Interface	The continuity equation is recovered from Equation 10-1 when assuming no	ui	present	src/ibm/DirectForcingIbm.hpp:17; src/meshing/TetrahedralMesher.cpp:73; src/materials/FluidsCatalog.cpp:40
CFD-UG	Chapter 10: Shallow Water Interface	See Chapter 2 in Ref. 1 for more details. Equation 10-6, Equation 10-7, and	ui	partial	src/materials/FluidsCatalog.cpp:40
CFD-UG	Chapter 10: Shallow Water Interface	The Numerical Method	ui	partial	src/solver/CompressibleFlux.hpp:42; src/materials/FluidsCatalog.cpp:40
CFD-UG	Chapter 10: Shallow Water Interface	Wave Speed and Flow Regimes	ui	present	src/particles/WallFilm.hpp:5; src/particles/SprayBreakup.cpp:45; src/materials/FluidsCatalog.cpp:40
CFD-UG	Chapter 10: Shallow Water Interface	Forces on Boundaries	ui	present	src/cad/StepReader.cpp:56; src/materials/FluidsCatalog.cpp:40; src/core/IWallDistanceService.hpp:27
CFD-UG	Chapter 10: Shallow Water Interface	Fp =	ui	partial	src/materials/FluidsCatalog.cpp:40
CFD-UG	Chapter 10: Shallow Water Interface	References for the Shallow Water Equations Interfaces	ui	present	src/gui/Dialogs.cpp:232; src/materials/FluidsCatalog.cpp:40; src/adjoint/ContinuousAdjoint.hpp:11
CFD-UG	Chapter 11: Mathematics, Moving Interface Branch	Chapter 11: Mathematics, Moving Interface Branch	ui	present	src/morphing/FfdBox.hpp:13; src/dynamics/SixDof.hpp:18; src/io/GmshReader.cpp:10
CFD-UG	Chapter 11: Mathematics, Moving Interface Branch	T he L e v e l S e t In t erface	ui	present	src/morphing/FfdBox.hpp:13; src/dynamics/SixDof.hpp:18; src/io/GmshReader.cpp:10
CFD-UG	Chapter 11: Mathematics, Moving Interface Branch	Settings	ui	n/a	
CFD-UG	Chapter 11: Mathematics, Moving Interface Branch	The Label is the default physics interface name.	ui	present	src/morphing/FfdBox.hpp:13; src/dynamics/SixDof.hpp:18; src/io/GmshReader.cpp:10
CFD-UG	Chapter 11: Mathematics, Moving Interface Branch	Stabilization	ui	present	src/morphing/FfdBox.hpp:13; src/dynamics/SixDof.hpp:18; src/io/GmshReader.cpp:10
CFD-UG	Chapter 11: Mathematics, Moving Interface Branch	To display this section, click the Show More Options button (	ui	present	src/morphing/FfdBox.hpp:13; src/visualization/OrientationGizmo.cpp:43; src/gui/ConsolePanel.hpp:6
CFD-UG	Chapter 11: Mathematics, Moving Interface Branch	Advanced Settings	ui	present	src/morphing/FfdBox.hpp:13; src/combustion/TransportedPdf.hpp:8; src/dynamics/SixDof.hpp:18
CFD-UG	Chapter 11: Mathematics, Moving Interface Branch	Discretization	solver	present	src/morphing/FfdBox.hpp:13; src/solver/Solver.hpp:26; src/dynamics/SixDof.hpp:18
CFD-UG	Chapter 11: Mathematics, Moving Interface Branch	Dependent Variables	ui	present	src/morphing/FfdBox.hpp:13; src/io/CgnsWriter.cpp:14; src/adjoint/DiscreteAdjoint.hpp:15
CFD-UG	Chapter 11: Mathematics, Moving Interface Branch	Settings	ui	n/a	
CFD-UG	Chapter 11: Mathematics, Moving Interface Branch	Domain, Boundary, and Pair Nodes for the Level Set Interface	turbulence	present	src/morphing/FfdBox.hpp:13; src/dynamics/SixDof.hpp:18; src/io/GmshReader.cpp:10
CFD-UG	Chapter 11: Mathematics, Moving Interface Branch	Described for the Laminar Flow interface.	ui	present	src/morphing/FfdBox.hpp:13; src/zones/FanHexZone.hpp:7; src/dynamics/SixDof.hpp:18
CFD-UG	Chapter 11: Mathematics, Moving Interface Branch	Boundary conditions for axial symmetry boundaries are not required. For	bc	present	src/morphing/FfdBox.hpp:13; src/meshing/MedialAxisDecomposition.hpp:13; src/dynamics/SixDof.hpp:18
CFD-UG	Chapter 11: Mathematics, Moving Interface Branch	In the COMSOL Multiphysics Reference Manual see Table 2-4 for links	ui	present	src/morphing/FfdBox.hpp:13; src/gpu/GpuKernels.cpp:243; src/dynamics/SixDof.hpp:18
CFD-UG	Chapter 11: Mathematics, Moving Interface Branch	Level Set Model	ui	present	src/morphing/FfdBox.hpp:13; src/dynamics/SixDof.hpp:18; src/io/GmshReader.cpp:10
CFD-UG	Chapter 11: Mathematics, Moving Interface Branch	Level Set Parameters	scripting	present	src/morphing/FfdBox.hpp:13; src/dynamics/SixDof.hpp:18; src/io/GmshReader.cpp:10
CFD-UG	Chapter 11: Mathematics, Moving Interface Branch	Convection	ui	present	src/morphing/FfdBox.hpp:13; src/combustion/TransportedPdf.hpp:10; src/dynamics/SixDof.hpp:18
CFD-UG	Chapter 11: Mathematics, Moving Interface Branch	Porous Medium	ui	present	src/morphing/FfdBox.hpp:13; src/radiation/SurfaceToSurface.hpp:7; src/dynamics/SixDof.hpp:18
CFD-UG	Chapter 11: Mathematics, Moving Interface Branch	Porous Matrix	ui	present	src/morphing/FfdBox.hpp:13; src/dynamics/SixDof.hpp:18; src/io/GmshReader.cpp:10
CFD-UG	Chapter 11: Mathematics, Moving Interface Branch	Matrix Properties	ui	present	src/morphing/FfdBox.hpp:13; src/dynamics/SixDof.hpp:18; src/cad/CMakeLists.txt:42
CFD-UG	Chapter 11: Mathematics, Moving Interface Branch	Initial Values	ui	present	src/morphing/FfdBox.hpp:13; src/dynamics/SixDof.hpp:18; src/io/GmshReader.cpp:10
CFD-UG	Chapter 11: Mathematics, Moving Interface Branch	Initial Values	ui	present	src/morphing/FfdBox.hpp:13; src/dynamics/SixDof.hpp:18; src/io/GmshReader.cpp:10
CFD-UG	Chapter 11: Mathematics, Moving Interface Branch	Inlet	bc	present	src/morphing/FfdBox.hpp:13; src/dynamics/SixDof.hpp:18; src/io/GmshReader.cpp:10
CFD-UG	Chapter 11: Mathematics, Moving Interface Branch	Level Set Condition	ui	present	src/morphing/FfdBox.hpp:13; src/dynamics/SixDof.hpp:18; src/io/GmshReader.cpp:10
CFD-UG	Chapter 11: Mathematics, Moving Interface Branch	Specify Level Set Condition according to one of the following options:	ui	present	src/morphing/FfdBox.hpp:13; src/amr/AmrApplier.hpp:51; src/dynamics/SixDof.hpp:18
CFD-UG	Chapter 11: Mathematics, Moving Interface Branch	No Flow	ui	present	src/morphing/FfdBox.hpp:13; src/dynamics/SixDof.hpp:18; src/io/GmshReader.cpp:10
CFD-UG	Chapter 11: Mathematics, Moving Interface Branch	Open Boundary	ui	present	src/morphing/FfdBox.hpp:13; src/dynamics/SixDof.hpp:18; src/io/GmshReader.cpp:10
CFD-UG	Chapter 11: Mathematics, Moving Interface Branch	Level Set Condition	ui	present	src/morphing/FfdBox.hpp:13; src/dynamics/SixDof.hpp:18; src/io/GmshReader.cpp:10
CFD-UG	Chapter 11: Mathematics, Moving Interface Branch	Specify Level Set Condition according to one of the following options:	ui	present	src/morphing/FfdBox.hpp:13; src/amr/AmrApplier.hpp:51; src/dynamics/SixDof.hpp:18
CFD-UG	Chapter 11: Mathematics, Moving Interface Branch	Thin Barrier	ui	present	src/morphing/FfdBox.hpp:13; src/parallel/MpiContext.cpp:145; src/dynamics/SixDof.hpp:18
CFD-UG	Chapter 11: Mathematics, Moving Interface Branch	Continuity	ui	present	src/morphing/FfdBox.hpp:13; src/dynamics/SixDof.hpp:18; src/io/GmshReader.cpp:10
CFD-UG	Chapter 11: Mathematics, Moving Interface Branch	Location In User Interface	ui	present	src/morphing/FfdBox.hpp:13; src/acoustics/CurleAcoustics.hpp:13; src/dynamics/SixDof.hpp:18
CFD-UG	Chapter 11: Mathematics, Moving Interface Branch	The Phase Field in Fluids Interface	ui	present	src/morphing/FfdBox.hpp:13; src/multiphase/VolumeOfFluid.hpp:4; src/dynamics/SixDof.hpp:18
CFD-UG	Chapter 11: Mathematics, Moving Interface Branch	Settings	ui	n/a	
CFD-UG	Chapter 11: Mathematics, Moving Interface Branch	The Label is the default physics interface name.	ui	present	src/morphing/FfdBox.hpp:13; src/dynamics/SixDof.hpp:18; src/io/GmshReader.cpp:10
CFD-UG	Chapter 11: Mathematics, Moving Interface Branch	Advanced Settings	ui	present	src/morphing/FfdBox.hpp:13; src/combustion/TransportedPdf.hpp:8; src/dynamics/SixDof.hpp:18
CFD-UG	Chapter 11: Mathematics, Moving Interface Branch	To display this section, click the Show More Options button (	ui	present	src/morphing/FfdBox.hpp:13; src/visualization/OrientationGizmo.cpp:43; src/gui/ConsolePanel.hpp:6
CFD-UG	Chapter 11: Mathematics, Moving Interface Branch	Discretization	solver	present	src/morphing/FfdBox.hpp:13; src/solver/Solver.hpp:26; src/dynamics/SixDof.hpp:18
CFD-UG	Chapter 11: Mathematics, Moving Interface Branch	Dependent Variables	ui	present	src/morphing/FfdBox.hpp:13; src/io/CgnsWriter.cpp:14; src/adjoint/DiscreteAdjoint.hpp:15
CFD-UG	Chapter 11: Mathematics, Moving Interface Branch	In the COMSOL Multiphysics Reference Manual see Table 2-4 for links	ui	present	src/morphing/FfdBox.hpp:13; src/gpu/GpuKernels.cpp:243; src/dynamics/SixDof.hpp:18
CFD-UG	Chapter 11: Mathematics, Moving Interface Branch	Phase Field Model	ui	present	src/morphing/FfdBox.hpp:13; src/dynamics/SixDof.hpp:18; src/io/GmshReader.cpp:10
CFD-UG	Chapter 11: Mathematics, Moving Interface Branch	Phase Field Parameters	scripting	present	src/morphing/FfdBox.hpp:13; src/dynamics/SixDof.hpp:18; src/io/GmshReader.cpp:10
CFD-UG	Chapter 11: Mathematics, Moving Interface Branch	External Free Energy	ui	present	src/morphing/FfdBox.hpp:13; src/dynamics/SixDof.hpp:18; src/combustion/FgmFlamelet.hpp:46
CFD-UG	Chapter 11: Mathematics, Moving Interface Branch	Convection	ui	present	src/morphing/FfdBox.hpp:13; src/combustion/TransportedPdf.hpp:10; src/dynamics/SixDof.hpp:18
CFD-UG	Chapter 11: Mathematics, Moving Interface Branch	Initial Values	ui	present	src/morphing/FfdBox.hpp:13; src/dynamics/SixDof.hpp:18; src/io/GmshReader.cpp:10
CFD-UG	Chapter 11: Mathematics, Moving Interface Branch	Initial Values	ui	present	src/morphing/FfdBox.hpp:13; src/dynamics/SixDof.hpp:18; src/io/GmshReader.cpp:10
CFD-UG	Chapter 11: Mathematics, Moving Interface Branch	Specify the Phase field variable as one of the following:	ui	present	src/morphing/FfdBox.hpp:13; src/dynamics/SixDof.hpp:18; src/io/GmshReader.cpp:10
CFD-UG	Chapter 11: Mathematics, Moving Interface Branch	Settings	ui	n/a	
CFD-UG	Chapter 11: Mathematics, Moving Interface Branch	Specify Phase field Condition according to one of the following options:	ui	present	src/morphing/FfdBox.hpp:13; src/amr/AmrApplier.hpp:51; src/dynamics/SixDof.hpp:18
CFD-UG	Chapter 11: Mathematics, Moving Interface Branch	Wetted Wall	ui	present	src/morphing/FfdBox.hpp:13; src/dynamics/SixDof.hpp:6; src/dynamics/SixDof.hpp:18
CFD-UG	Chapter 11: Mathematics, Moving Interface Branch	The contact angle θw can be defined directly or from Young’s equation, which	ui	present	src/morphing/FfdBox.hpp:13; src/multiphase/SurfaceTensionCsf.cpp:9; src/multiphase/SurfaceTensionCsf.cpp:54
CFD-UG	Chapter 11: Mathematics, Moving Interface Branch	Wetted Wall	ui	present	src/morphing/FfdBox.hpp:13; src/dynamics/SixDof.hpp:6; src/dynamics/SixDof.hpp:18
CFD-UG	Chapter 11: Mathematics, Moving Interface Branch	Interior Wetted Wall	bc	present	src/morphing/FfdBox.hpp:13; src/dynamics/SixDof.hpp:6; src/dynamics/SixDof.hpp:18
CFD-UG	Chapter 11: Mathematics, Moving Interface Branch	Wetted Wall	ui	present	src/morphing/FfdBox.hpp:13; src/dynamics/SixDof.hpp:6; src/dynamics/SixDof.hpp:18
CFD-UG	Chapter 11: Mathematics, Moving Interface Branch	Continuity	ui	present	src/morphing/FfdBox.hpp:13; src/dynamics/SixDof.hpp:18; src/io/GmshReader.cpp:10
CFD-UG	Chapter 11: Mathematics, Moving Interface Branch	Location In User Interface	ui	present	src/morphing/FfdBox.hpp:13; src/acoustics/CurleAcoustics.hpp:13; src/dynamics/SixDof.hpp:18
CFD-UG	Chapter 11: Mathematics, Moving Interface Branch	The Phase Field Thin-Film Flow	ui	present	src/morphing/FfdBox.hpp:13; src/dynamics/SixDof.hpp:18; src/particles/ParticleEvaporation.hpp:14
CFD-UG	Chapter 11: Mathematics, Moving Interface Branch	Settings	ui	n/a	
CFD-UG	Chapter 11: Mathematics, Moving Interface Branch	The Label is the default physics interface name.	ui	present	src/morphing/FfdBox.hpp:13; src/dynamics/SixDof.hpp:18; src/io/GmshReader.cpp:10
CFD-UG	Chapter 11: Mathematics, Moving Interface Branch	Advanced Settings	ui	present	src/morphing/FfdBox.hpp:13; src/combustion/TransportedPdf.hpp:8; src/dynamics/SixDof.hpp:18
CFD-UG	Chapter 11: Mathematics, Moving Interface Branch	To display this section, click the Show More Options button (	ui	present	src/morphing/FfdBox.hpp:13; src/visualization/OrientationGizmo.cpp:43; src/gui/ConsolePanel.hpp:6
CFD-UG	Chapter 11: Mathematics, Moving Interface Branch	Discretization	solver	present	src/morphing/FfdBox.hpp:13; src/solver/Solver.hpp:26; src/dynamics/SixDof.hpp:18
CFD-UG	Chapter 11: Mathematics, Moving Interface Branch	Dependent Variables	ui	present	src/morphing/FfdBox.hpp:13; src/io/CgnsWriter.cpp:14; src/adjoint/DiscreteAdjoint.hpp:15
CFD-UG	Chapter 11: Mathematics, Moving Interface Branch	In the COMSOL Multiphysics Reference Manual see Table 2-4 for links	ui	present	src/morphing/FfdBox.hpp:13; src/gpu/GpuKernels.cpp:243; src/dynamics/SixDof.hpp:18
CFD-UG	Chapter 11: Mathematics, Moving Interface Branch	Phase Field Model	ui	present	src/morphing/FfdBox.hpp:13; src/dynamics/SixDof.hpp:18; src/io/GmshReader.cpp:10
CFD-UG	Chapter 11: Mathematics, Moving Interface Branch	Phase Field Parameters	scripting	present	src/morphing/FfdBox.hpp:13; src/dynamics/SixDof.hpp:18; src/io/GmshReader.cpp:10
CFD-UG	Chapter 11: Mathematics, Moving Interface Branch	External Free Energy	ui	present	src/morphing/FfdBox.hpp:13; src/dynamics/SixDof.hpp:18; src/combustion/FgmFlamelet.hpp:46
CFD-UG	Chapter 11: Mathematics, Moving Interface Branch	Convection	ui	present	src/morphing/FfdBox.hpp:13; src/combustion/TransportedPdf.hpp:10; src/dynamics/SixDof.hpp:18
CFD-UG	Chapter 11: Mathematics, Moving Interface Branch	Wetted Wall	ui	present	src/morphing/FfdBox.hpp:13; src/dynamics/SixDof.hpp:6; src/dynamics/SixDof.hpp:18
CFD-UG	Chapter 11: Mathematics, Moving Interface Branch	Wetted Wall	ui	present	src/morphing/FfdBox.hpp:13; src/dynamics/SixDof.hpp:6; src/dynamics/SixDof.hpp:18
CFD-UG	Chapter 11: Mathematics, Moving Interface Branch	Interior Wetted Wall	bc	present	src/morphing/FfdBox.hpp:13; src/dynamics/SixDof.hpp:6; src/dynamics/SixDof.hpp:18
CFD-UG	Chapter 11: Mathematics, Moving Interface Branch	Wetted Wall	ui	present	src/morphing/FfdBox.hpp:13; src/dynamics/SixDof.hpp:6; src/dynamics/SixDof.hpp:18
CFD-UG	Chapter 11: Mathematics, Moving Interface Branch	The Ternary Phase Field Interface	ui	present	src/morphing/FfdBox.hpp:13; src/dynamics/SixDof.hpp:18; src/io/GmshReader.cpp:10
CFD-UG	Chapter 11: Mathematics, Moving Interface Branch	Interface branch (	ui	present	src/morphing/FfdBox.hpp:13; src/dynamics/SixDof.hpp:18; src/io/GmshReader.cpp:10
CFD-UG	Chapter 11: Mathematics, Moving Interface Branch	Settings	ui	n/a	
CFD-UG	Chapter 11: Mathematics, Moving Interface Branch	The Label is the default physics interface name.	ui	present	src/morphing/FfdBox.hpp:13; src/dynamics/SixDof.hpp:18; src/io/GmshReader.cpp:10
CFD-UG	Chapter 11: Mathematics, Moving Interface Branch	Dependent Variables	ui	present	src/morphing/FfdBox.hpp:13; src/io/CgnsWriter.cpp:14; src/adjoint/DiscreteAdjoint.hpp:15
CFD-UG	Chapter 11: Mathematics, Moving Interface Branch	This interface defines the dependent variables (fields):	ui	present	src/parallel/Parallel.cpp:6; src/morphing/FfdBox.hpp:13; src/io/CgnsWriter.cpp:14
CFD-UG	Chapter 11: Mathematics, Moving Interface Branch	Mixture Properties	ui	present	src/morphing/FfdBox.hpp:13; src/dynamics/SixDof.hpp:18; src/cad/CMakeLists.txt:42
CFD-UG	Chapter 11: Mathematics, Moving Interface Branch	Model Inputs	ui	present	src/morphing/FfdBox.hpp:13; src/dynamics/SixDof.hpp:18; src/io/GmshReader.cpp:10
CFD-UG	Chapter 11: Mathematics, Moving Interface Branch	Temperature	ui	present	src/morphing/FfdBox.hpp:13; src/dynamics/SixDof.hpp:18; src/io/GmshReader.cpp:10
CFD-UG	Chapter 11: Mathematics, Moving Interface Branch	Phase Field Parameters	scripting	present	src/morphing/FfdBox.hpp:13; src/dynamics/SixDof.hpp:18; src/io/GmshReader.cpp:10
CFD-UG	Chapter 11: Mathematics, Moving Interface Branch	Surface Tension	ui	present	src/morphing/FfdBox.hpp:13; src/multiphase/PlicReconstruction.hpp:24; src/dynamics/SixDof.hpp:18
CFD-UG	Chapter 11: Mathematics, Moving Interface Branch	Convection	ui	present	src/morphing/FfdBox.hpp:13; src/combustion/TransportedPdf.hpp:10; src/dynamics/SixDof.hpp:18
CFD-UG	Chapter 11: Mathematics, Moving Interface Branch	Initial Values	ui	present	src/morphing/FfdBox.hpp:13; src/dynamics/SixDof.hpp:18; src/io/GmshReader.cpp:10
CFD-UG	Chapter 11: Mathematics, Moving Interface Branch	Initial Values	ui	present	src/morphing/FfdBox.hpp:13; src/dynamics/SixDof.hpp:18; src/io/GmshReader.cpp:10
CFD-UG	Chapter 11: Mathematics, Moving Interface Branch	Inlet	bc	present	src/morphing/FfdBox.hpp:13; src/dynamics/SixDof.hpp:18; src/io/GmshReader.cpp:10
CFD-UG	Chapter 11: Mathematics, Moving Interface Branch	Inlet	bc	present	src/morphing/FfdBox.hpp:13; src/dynamics/SixDof.hpp:18; src/io/GmshReader.cpp:10
CFD-UG	Chapter 11: Mathematics, Moving Interface Branch	Outlet	bc	present	src/morphing/FfdBox.hpp:13; src/dynamics/SixDof.hpp:18; src/io/GmshReader.cpp:10
CFD-UG	Chapter 11: Mathematics, Moving Interface Branch	Symmetry	bc	present	src/morphing/FfdBox.hpp:13; src/dynamics/SixDof.hpp:18; src/io/GmshReader.cpp:10
CFD-UG	Chapter 11: Mathematics, Moving Interface Branch	Wetted Wall	ui	present	src/morphing/FfdBox.hpp:13; src/dynamics/SixDof.hpp:6; src/dynamics/SixDof.hpp:18
CFD-UG	Chapter 11: Mathematics, Moving Interface Branch	Wetted Wall	ui	present	src/morphing/FfdBox.hpp:13; src/dynamics/SixDof.hpp:6; src/dynamics/SixDof.hpp:18
CFD-UG	Chapter 11: Mathematics, Moving Interface Branch	Theory for the Level Set Interface	ui	present	src/morphing/FfdBox.hpp:13; src/combustion/TfcModel.hpp:23; src/dynamics/SixDof.hpp:18
CFD-UG	Chapter 11: Mathematics, Moving Interface Branch	The Level Set Method	ui	present	src/morphing/FfdBox.hpp:13; src/dynamics/SixDof.hpp:18; src/io/GmshReader.cpp:10
CFD-UG	Chapter 11: Mathematics, Moving Interface Branch	The Level Set Equation in Porous Domains	ui	present	src/morphing/FfdBox.hpp:13; src/dynamics/SixDof.hpp:18; src/io/GmshReader.cpp:10
CFD-UG	Chapter 11: Mathematics, Moving Interface Branch	Initializing the Level Set Function	ui	present	src/morphing/FfdBox.hpp:13; src/dynamics/SixDof.hpp:18; src/io/GmshReader.cpp:10
CFD-UG	Chapter 11: Mathematics, Moving Interface Branch	Variables For Geometric Properties of the Interface	ui	present	src/morphing/FfdBox.hpp:13; src/adjoint/DiscreteAdjoint.hpp:15; src/meshing/BlockMeshDict.hpp:45
CFD-UG	Chapter 11: Mathematics, Moving Interface Branch	Reference for the Level Set Interface	ui	present	src/morphing/FfdBox.hpp:13; src/dynamics/SixDof.hpp:18; src/io/GmshReader.cpp:10
CFD-UG	Chapter 11: Mathematics, Moving Interface Branch	Theory for the Phase Field in Fluids	ui	present	src/morphing/FfdBox.hpp:13; src/multiphase/VolumeOfFluid.hpp:4; src/combustion/TfcModel.hpp:23
CFD-UG	Chapter 11: Mathematics, Moving Interface Branch	About the Phase Field Method	ui	present	src/morphing/FfdBox.hpp:13; src/dynamics/SixDof.hpp:18; src/io/GmshReader.cpp:10
CFD-UG	Chapter 11: Mathematics, Moving Interface Branch	The Equations for the Phase Field Method	ui	present	src/morphing/FfdBox.hpp:13; src/dynamics/SixDof.hpp:18; src/io/GmshReader.cpp:10
CFD-UG	Chapter 11: Mathematics, Moving Interface Branch	F ( φ, ∇φ, T ) =	ui	present	src/morphing/FfdBox.hpp:13; src/dynamics/SixDof.hpp:18; src/io/GmshReader.cpp:10
CFD-UG	Chapter 11: Mathematics, Moving Interface Branch	Additional Sources of Free Energy	ui	present	src/morphing/FfdBox.hpp:13; src/turbulence/GammaReThetaTransition.hpp:5; src/dynamics/SixDof.hpp:18
CFD-UG	Chapter 11: Mathematics, Moving Interface Branch	Initializing the Phase Field Function	ui	present	src/morphing/FfdBox.hpp:13; src/dynamics/SixDof.hpp:18; src/io/GmshReader.cpp:10
CFD-UG	Chapter 11: Mathematics, Moving Interface Branch	Variables and Expressions	scripting	present	src/morphing/FfdBox.hpp:13; src/adjoint/DiscreteAdjoint.hpp:15; src/dynamics/SixDof.hpp:18
CFD-UG	Chapter 11: Mathematics, Moving Interface Branch	Reference for the Phase Field in Fluids Interface	ui	present	src/morphing/FfdBox.hpp:13; src/multiphase/VolumeOfFluid.hpp:4; src/dynamics/SixDof.hpp:18
CFD-UG	Chapter 11: Mathematics, Moving Interface Branch	Theory for the Phase Field Thin-Film	ui	present	src/morphing/FfdBox.hpp:13; src/combustion/TfcModel.hpp:23; src/dynamics/SixDof.hpp:18
CFD-UG	Chapter 11: Mathematics, Moving Interface Branch	About the Phase Field Thin-Film Flow Method	ui	present	src/morphing/FfdBox.hpp:13; src/dynamics/SixDof.hpp:18; src/particles/ParticleEvaporation.hpp:14
CFD-UG	Chapter 11: Mathematics, Moving Interface Branch	The Equations for the Phase Field Thin-Film Flow Method	ui	present	src/morphing/FfdBox.hpp:13; src/dynamics/SixDof.hpp:18; src/particles/ParticleEvaporation.hpp:14
CFD-UG	Chapter 11: Mathematics, Moving Interface Branch	Additional Sources of Free Energy	ui	present	src/morphing/FfdBox.hpp:13; src/turbulence/GammaReThetaTransition.hpp:5; src/dynamics/SixDof.hpp:18
CFD-UG	Chapter 11: Mathematics, Moving Interface Branch	Variables and Expressions	scripting	present	src/morphing/FfdBox.hpp:13; src/adjoint/DiscreteAdjoint.hpp:15; src/dynamics/SixDof.hpp:18
CFD-UG	Chapter 11: Mathematics, Moving Interface Branch	This variable is available in the physics interface as the interface normal	ui	present	src/morphing/FfdBox.hpp:13; src/dynamics/SixDof.hpp:18; src/amr/AdaptiveRefinement.hpp:11
CFD-UG	Chapter 11: Mathematics, Moving Interface Branch	Theory for the Ternary Phase Field	ui	present	src/morphing/FfdBox.hpp:13; src/combustion/TfcModel.hpp:23; src/dynamics/SixDof.hpp:18
CFD-UG	Chapter 11: Mathematics, Moving Interface Branch	About the Phase Field Method	ui	present	src/morphing/FfdBox.hpp:13; src/dynamics/SixDof.hpp:18; src/io/GmshReader.cpp:10
CFD-UG	Chapter 11: Mathematics, Moving Interface Branch	The Equations of the Ternary Phase Field Method	ui	present	src/morphing/FfdBox.hpp:13; src/dynamics/SixDof.hpp:18; src/io/GmshReader.cpp:10
CFD-UG	Chapter 11: Mathematics, Moving Interface Branch	References for the Ternary Phase Field Interface	ui	present	src/morphing/FfdBox.hpp:13; src/dynamics/SixDof.hpp:18; src/io/GmshReader.cpp:10
CFD-UG	Chapter 12: Glossary	Chapter 12: Glossary	other	n/a	
CFD-UG	Chapter 12: Glossary	Glossary of Terms	other	partial	src/combustion/CanteraParser.cpp:99
CFD-UG	Chapter 12: Glossary	Mach number Dimensionless number equal to the flow velocity over the speed of	other	present	src/acoustics/CurleAcoustics.hpp:7; src/particles/SprayBreakup.hpp:23; src/cad/PersistentIdManager.cpp:15
CFD-UG	Chapter 12: Glossary	SST turbulence model The Shear Stress Transport model is a two-equation	turbulence	present	src/acoustics/CurleAcoustics.hpp:24; src/core/IWallDistanceService.hpp:18; src/combustion/CanteraParser.hpp:10
CFD-UG	Chapter 12: Glossary	PDEs by artificially adding upwinding in the streamline direction.	turbulence	partial	src/combustion/GEquation.cpp:70; src/visualization/LicFilter.hpp:7
CFD-UG	Chapter 12: Glossary	Basset force 686	other	partial	src/core/RotatingFileSink.hpp:36
CFD-UG	Chapter 12: Glossary	C	other	n/a	
CFD-UG	Chapter 12: Glossary	Cahn–Hilliard equation 1132, 1143	other	absent	
CFD-UG	Chapter 12: Glossary	CFL number	solver	absent	
CFD-UG	Chapter 12: Glossary	Darcy’s law 727	other	partial	src/heat_transfer/Solidification.cpp:52
CFD-UG	Chapter 12: Glossary	Euler–Euler interface 587	ui	partial	src/combustion/EddyDissipationConcept.cpp:70
CFD-UG	Chapter 12: Glossary	Darcy’s law 748	other	partial	src/heat_transfer/Solidification.cpp:52
CFD-UG	Chapter 12: Glossary	Couette flow 1068	other	absent	
CFD-UG	Chapter 12: Glossary	Damköhler number 1038	other	partial	src/combustion/FgmFlamelet.cpp:45; src/combustion/FgmFlamelet.cpp:45
CFD-UG	Chapter 12: Glossary	EB-RSM turbulence model 110	turbulence	absent	
CFD-UG	Chapter 12: Glossary	Brinkman equations theory 834	theory	partial	src/combustion/TfcModel.hpp:23; src/adjoint/ContinuousAdjoint.hpp:11
CFD-UG	Chapter 12: Glossary	Eötvös number 669	other	absent	
CFD-UG	Chapter 12: Glossary	Equilibrium Reaction	combustion	partial	src/combustion/EddyDissipationConcept.cpp:72; src/combustion/CanteraParser.hpp:11
CFD-UG	Chapter 12: Glossary	Ergun packed bed expression 687	scripting	partial	src/io/Hdf5ResultStore.hpp:38; src/core/Command.hpp:104
CFD-UG	Chapter 12: Glossary	Ettehadieh solid pressure model 691	other	partial	src/acoustics/CurleAcoustics.hpp:8
CFD-UG	Chapter 12: Glossary	Euler–Euler equations 691	other	partial	src/combustion/EddyDissipationConcept.cpp:70; src/adjoint/ContinuousAdjoint.hpp:11
CFD-UG	Chapter 12: Glossary	Darcy’s law 761	other	partial	src/heat_transfer/Solidification.cpp:52
CFD-UG	Chapter 12: Glossary	Euler–Euler model, turbulent flow (ee)	turbulence	partial	src/combustion/EddyDissipationConcept.cpp:70; src/combustion/GEquation.cpp:51
CFD-UG	Chapter 12: Glossary	Fukui and Kaneko 1075	other	absent	
CFD-UG	Chapter 12: Glossary	G	other	n/a	
CFD-UG	Chapter 12: Glossary	Fick’s law approximation diffusion 1024	other	partial	src/emag/Mhd.hpp:5; src/combustion/SlfmFlamelet.hpp:6
CFD-UG	Chapter 12: Glossary	Fick’s law diffusion model 906	other	partial	src/combustion/SlfmFlamelet.hpp:6
CFD-UG	Chapter 12: Glossary	Gidaspow and Ettehadieh solid pressure	other	partial	src/acoustics/CurleAcoustics.hpp:8
CFD-UG	Chapter 12: Glossary	H	other	n/a	
CFD-UG	Chapter 12: Glossary	Gidaspow model 687	other	absent	
CFD-UG	Chapter 12: Glossary	Gidaspow solid pressure model 691	other	partial	src/acoustics/CurleAcoustics.hpp:8
CFD-UG	Chapter 12: Glossary	Ginzburg-Landau equation 1139	other	absent	
CFD-UG	Chapter 12: Glossary	Ginzburg–Landau equation 1133	other	absent	
CFD-UG	Chapter 12: Glossary	I	other	n/a	
CFD-UG	Chapter 12: Glossary	CFL number 89, 509, 546, 584, 780	solver	absent	
CFD-UG	Chapter 12: Glossary	Kármán constant 379, 1038	other	partial	src/combustion/CanteraParser.cpp:230
CFD-UG	Chapter 12: Glossary	Kays–Crawford models 376	other	absent	
CFD-UG	Chapter 12: Glossary	Knudsen number 1074	other	absent	
CFD-UG	Chapter 12: Glossary	M	other	n/a	
CFD-UG	Chapter 12: Glossary	MEMS Module 801	other	partial	src/acoustics/CurleAcoustics.hpp:19
CFD-UG	Chapter 12: Glossary	Neumann condition 257	other	partial	src/core/BoundaryConditionRegistry.hpp:13
CFD-UG	Chapter 12: Glossary	Darcy’s law 760	other	partial	src/heat_transfer/Solidification.cpp:52
CFD-UG	Chapter 12: Glossary	Ohm’s law 1006	other	n/a	
CFD-UG	Chapter 12: Glossary	Darcy’s law 762	other	partial	src/heat_transfer/Solidification.cpp:52
CFD-UG	Chapter 12: Glossary	P	other	n/a	
CFD-UG	Chapter 12: Glossary	Brinkman equations 780	other	partial	src/adjoint/ContinuousAdjoint.hpp:11
CFD-UG	Chapter 12: Glossary	Darcy’s law interface 727	ui	partial	src/heat_transfer/Solidification.cpp:52
CFD-UG	Chapter 12: Glossary	Euler–Euler interface 587	ui	partial	src/combustion/EddyDissipationConcept.cpp:70
CFD-UG	Chapter 12: Glossary	Reynolds stress tensor 243, 254	turbulence	present	src/acoustics/CurleAcoustics.hpp:24; src/combustion/TfcModel.hpp:24; src/dynamics/SixDof.hpp:40
CFD-UG	Chapter 12: Glossary	Reynolds-averaged Navier–Stokes. See	other	present	src/adjoint/ContinuousAdjoint.hpp:11; src/adjoint/ContinuousAdjoint.hpp:11; src/combustion/TransportedPdf.hpp:15
CFD-UG	Chapter 12: Glossary	RANS.	turbulence	partial	src/solver/WallDistance.cpp:9
CFD-UG	Chapter 12: Glossary	RANS	turbulence	partial	src/solver/WallDistance.cpp:9
CFD-UG	Chapter 12: Glossary	Rans-Evm	turbulence	partial	src/solver/WallDistance.cpp:9
CFD-UG	Chapter 12: Glossary	Schmidt number 678, 694, 696, 707, 1034	other	partial	src/adjoint/DiscreteAdjoint.cpp:78
CFD-UG	Chapter 12: Glossary	Reacting Volume 873	other	absent	
CFD-UG	Chapter 12: Glossary	Reynolds stress model 243	turbulence	partial	src/acoustics/CurleAcoustics.hpp:24; src/combustion/TfcModel.hpp:24
CFD-UG	Chapter 12: Glossary	S	other	n/a	
CFD-UG	Chapter 12: Glossary	Hadamard–Rybczynski 679	other	absent	
CFD-UG	Chapter 12: Glossary	Schiller-Naumann 711	other	partial	src/multiphase/EulerianMultifluid.hpp:24; src/multiphase/EulerianMultifluid.hpp:24
CFD-UG	Chapter 12: Glossary	Schiller–Naumann 679	other	partial	src/multiphase/EulerianMultifluid.hpp:24; src/multiphase/EulerianMultifluid.hpp:24
CFD-UG	Chapter 12: Glossary	Haider-Levenspiel 711	other	absent	
CFD-UG	Chapter 12: Glossary	Reynolds number 679, 711	other	partial	src/combustion/TfcModel.hpp:24
CFD-UG	Chapter 12: Glossary	Soret effect 1025	other	absent	
CFD-UG	Chapter 12: Glossary	Eb-Rsm 110	other	n/a	
CFD-UG	Chapter 12: Glossary	L-Vel 92, 250	other	n/a	
CFD-UG	Chapter 12: Glossary	Spalart–Allmaras 103, 278	turbulence	partial	src/core/IWallDistanceService.hpp:12; src/core/IWallDistanceService.hpp:12
CFD-UG	Chapter 12: Glossary	Ssg-Lrr 108	other	n/a	
CFD-UG	Chapter 12: Glossary	Sst 99	turbulence	n/a	
CFD-UG	Chapter 12: Glossary	Thin Impermeable Barrier 883	other	present	src/acoustics/FwhSurface.hpp:5; src/parallel/MpiContext.cpp:145; src/cad/CadKernel.cpp:6
CFD-UG	Chapter 12: Glossary	Rans 245	turbulence	partial	src/solver/WallDistance.cpp:9
CFD-UG	Chapter 12: Glossary	Brinkman equations 786	other	partial	src/adjoint/ContinuousAdjoint.hpp:11
CFD-UG	Chapter 12: Glossary	U	other	n/a	
CFD-UG	Chapter 12: Glossary	W wall (node)	other	absent	
CFD-SG	Introduction to the CFD Module	Introduction to the CFD Module	other	partial	src/acoustics/CurleAcoustics.hpp:19
CFD-SG	Contents	Contents	other	n/a	
CFD-SG	Introduction	Introduction	other	n/a	
CFD-SG	Aspects of CFD Simulations	Aspects of CFD Simulations	other	absent	
CFD-SG	The CFD Module Physics Interfaces	The CFD Module Physics Interfaces	ui	present	src/gui/Dialogs.cpp:232; src/combustion/LaminarFiniteRate.cpp:110; src/acoustics/CurleAcoustics.hpp:19
CFD-SG	The CFD Module Physics Interfaces	Single-Phase Flow	ui	present	src/gui/Dialogs.cpp:232; src/combustion/LaminarFiniteRate.cpp:110; src/acoustics/CurleAcoustics.hpp:19
CFD-SG	The CFD Module Physics Interfaces	Multiphase Flow	multiphase	present	src/gui/Dialogs.cpp:232; src/combustion/LaminarFiniteRate.cpp:110; src/acoustics/CurleAcoustics.hpp:19
CFD-SG	The CFD Module Physics Interfaces	Porous Media And Subsurface Flow	ui	present	src/gui/Dialogs.cpp:232; src/emag/AvFormulation.hpp:7; src/gui/Dialogs.cpp:368
CFD-SG	The CFD Module Physics Interfaces	Nonisothermal Flow	ui	present	src/gui/Dialogs.cpp:232; src/combustion/LaminarFiniteRate.cpp:110; src/acoustics/CurleAcoustics.hpp:19
CFD-SG	The CFD Module Physics Interfaces	High Mach Number Flow	ui	present	src/acoustics/CurleAcoustics.hpp:7; src/gui/Dialogs.cpp:232; src/combustion/TfcModel.hpp:24
CFD-SG	The CFD Module Physics Interfaces	Fluid-Structure Interaction	ui	present	src/gui/Dialogs.cpp:232; src/combustion/EddyDissipationConcept.hpp:4; src/cad/StepReader.hpp:7
CFD-SG	The CFD Module Physics Interfaces	Thin-Film Flow	ui	present	src/gui/Dialogs.cpp:232; src/particles/ParticleEvaporation.hpp:14; src/cad/CadKernel.cpp:6
CFD-SG	The CFD Module Physics Interfaces	Shallow Water Equations	ui	present	src/gui/Dialogs.cpp:232; src/materials/FluidsCatalog.cpp:40; src/combustion/LaminarFiniteRate.cpp:110
CFD-SG	The CFD Module Physics Interfaces	Reacting Flow	ui	present	src/gui/Dialogs.cpp:232; src/combustion/LaminarFiniteRate.cpp:110; src/acoustics/CurleAcoustics.hpp:19
CFD-SG	The CFD Module Physics Interfaces	Reacting Flow In Porous Media	ui	present	src/gui/Dialogs.cpp:232; src/emag/AvFormulation.hpp:7; src/gui/Dialogs.cpp:368
CFD-SG	The CFD Module Physics Interfaces	Nonisothermal Reacting Flow	ui	present	src/gui/Dialogs.cpp:232; src/combustion/LaminarFiniteRate.cpp:110; src/acoustics/CurleAcoustics.hpp:19
CFD-SG	The CFD Module Physics Interfaces	High Mach Number Reacting Flow	ui	present	src/acoustics/CurleAcoustics.hpp:7; src/gui/Dialogs.cpp:232; src/combustion/TfcModel.hpp:24
CFD-SG	The CFD Module Physics Interfaces	Dispersed Two-Phase Flow with Species Transport	turbulence	present	src/gui/Dialogs.cpp:232; src/multiphase/DriftFlux.hpp:5; src/combustion/LaminarFiniteRate.cpp:110
CFD-SG	The CFD Module Physics Interfaces	Solid Thin-Film Damping	parallel	present	src/gui/Dialogs.cpp:232; src/core/IWallDistanceService.hpp:13; src/particles/ParticleEvaporation.hpp:14
CFD-SG	Physics Interface Guide by Space Dimension and Study Type	Physics Interface Guide by Space Dimension and Study Type	ui	present	src/adjoint/DiscreteAdjoint.hpp:37; src/combustion/LaminarFiniteRate.cpp:110; src/combustion/SlfmFlamelet.hpp:6
CFD-SG	Tutorial Model — Backstep	Tutorial Model — Backstep	validation	absent	
CFD-SG	Tutorial Model — Backstep	Model Geometry	geometry	absent	
CFD-SG	Tutorial Model — Backstep	Domain Equations and Boundary Conditions	bc	partial	src/adjoint/ContinuousAdjoint.hpp:11; src/core/BoundaryConditionRegistry.hpp:9
CFD-SG	Tutorial Model — Backstep	Results	validation	n/a	
CFD-SG	Tutorial Model — Backstep	Model Wizard	workflow	absent	
CFD-SG	Tutorial Model — Backstep	Global Definitions — Parameters	scripting	partial	src/porous/PorousMedia.hpp:47; src/core/RotatingFileSink.hpp:39
CFD-SG	Tutorial Model — Backstep	Materials	materials	n/a	
CFD-SG	Tutorial Model — Backstep	Laminar Flow	validation	partial	src/combustion/EddyDissipationConcept.hpp:15
CFD-SG	Tutorial Model — Backstep	Inlet 1	bc	partial	src/core/BoundaryConditionRegistry.hpp:10
CFD-SG	Tutorial Model — Backstep	Symmetry 1	bc	partial	src/core/BoundaryConditionRegistry.hpp:10
CFD-SG	Tutorial Model — Backstep	Outlet 1	bc	partial	src/core/BoundaryConditionRegistry.hpp:10
CFD-SG	Tutorial Model — Backstep	Mesh 1	mesh	absent	
CFD-SG	Tutorial Model — Backstep	Study 1	validation	absent	
CFD-SG	Tutorial Model — Backstep	Results	validation	n/a	
CFD-SG	Tutorial Model — Water Purification Reactor	Tutorial Model — Water Purification Reactor	validation	partial	src/combustion/EddyDissipationConcept.hpp:14; src/materials/FluidsCatalog.cpp:40
CFD-SG	Tutorial Model — Water Purification Reactor	Model Geometry	geometry	partial	src/combustion/EddyDissipationConcept.hpp:14; src/materials/FluidsCatalog.cpp:40
CFD-SG	Tutorial Model — Water Purification Reactor	Domain Equations and Boundary Conditions	bc	present	src/combustion/EddyDissipationConcept.hpp:14; src/materials/FluidsCatalog.cpp:40; src/adjoint/ContinuousAdjoint.hpp:11
CFD-SG	Tutorial Model — Water Purification Reactor	Notes About the Implementation	validation	present	src/cad/Defeaturing.cpp:5; src/combustion/EddyDissipationConcept.hpp:14; src/materials/FluidsCatalog.cpp:40
CFD-SG	Tutorial Model — Water Purification Reactor	Results	validation	n/a	
CFD-SG	Tutorial Model — Water Purification Reactor	Reference	validation	n/a	
CFD-SG	Tutorial Model — Water Purification Reactor	Model Wizard	workflow	partial	src/combustion/EddyDissipationConcept.hpp:14; src/materials/FluidsCatalog.cpp:40
CFD-SG	Tutorial Model — Water Purification Reactor	Global Definitions — Parameters	scripting	present	src/porous/PorousMedia.hpp:47; src/combustion/EddyDissipationConcept.hpp:14; src/materials/FluidsCatalog.cpp:40
CFD-SG	Tutorial Model — Water Purification Reactor	Geometry 1	geometry	partial	src/combustion/EddyDissipationConcept.hpp:14; src/materials/FluidsCatalog.cpp:40
CFD-SG	Tutorial Model — Water Purification Reactor	Materials	materials	n/a	
CFD-SG	Tutorial Model — Water Purification Reactor	Inlet 1	bc	present	src/combustion/EddyDissipationConcept.hpp:14; src/materials/FluidsCatalog.cpp:40; src/core/BoundaryConditionRegistry.hpp:10
CFD-SG	Tutorial Model — Water Purification Reactor	Symmetry 1	bc	present	src/combustion/EddyDissipationConcept.hpp:14; src/materials/FluidsCatalog.cpp:40; src/core/BoundaryConditionRegistry.hpp:10
CFD-SG	Tutorial Model — Water Purification Reactor	Outlet 1	bc	present	src/combustion/EddyDissipationConcept.hpp:14; src/materials/FluidsCatalog.cpp:40; src/core/BoundaryConditionRegistry.hpp:10
CFD-SG	Tutorial Model — Water Purification Reactor	Size 2	validation	partial	src/combustion/EddyDissipationConcept.hpp:14; src/materials/FluidsCatalog.cpp:40
CFD-SG	Tutorial Model — Water Purification Reactor	Boundary Layer Properties 1	validation	present	src/combustion/EddyDissipationConcept.hpp:14; src/materials/FluidsCatalog.cpp:40; src/cad/CMakeLists.txt:42
CFD-SG	Tutorial Model — Water Purification Reactor	Study 1	validation	partial	src/combustion/EddyDissipationConcept.hpp:14; src/materials/FluidsCatalog.cpp:40
CFD-SG	Tutorial Model — Water Purification Reactor	Results	validation	n/a	
OF-UG	OpenFOAM User Guide	OpenFOAM User Guide	other	n/a	
OF-UG	Contents	Contents	other	n/a	
OF-UG	Contents	Chapter 1: Introduction	other	n/a	
OF-UG	Contents	Chapter 2: Tutorials	validation	n/a	
OF-UG	Contents	Chapter 3: Applications and libraries	other	partial	src/core/Application.hpp:8; src/core/PluginLoader.hpp:6
OF-UG	Contents	Chapter 4: OpenFOAM cases	other	n/a	
OF-UG	Contents	Chapter 5: Mesh generation and conversion	mesh	partial	src/core/BoundaryConditionRegistry.hpp:51; src/gpu/RenderingBridge.hpp:34
OF-UG	Contents	Chapter 6: Boundary conditions	bc	partial	src/core/BoundaryConditionRegistry.hpp:9
OF-UG	Contents	Chapter 7: Post-processing	postprocessing	partial	src/acoustics/CurleAcoustics.hpp:26; src/acoustics/CurleAcoustics.hpp:26
OF-UG	Contents	Chapter 8: Models and physical properties	other	partial	src/cad/CMakeLists.txt:42; src/io/GmshReader.cpp:140
OF-UG	Chapter 1: Introduction	Chapter 1: Introduction	other	n/a	
OF-UG	Chapter 2: Tutorials	Chapter 2: Tutorials	validation	n/a	
OF-UG	Chapter 2: Tutorials	2.1.1 Pre-processing	validation	partial	src/acoustics/CurleAcoustics.hpp:26
OF-UG	Chapter 2: Tutorials	2.1.2 Mesh generation	mesh	partial	src/gpu/RenderingBridge.hpp:34
OF-UG	Chapter 2: Tutorials	2.1.3 Viewing the mesh	mesh	absent	
OF-UG	Chapter 2: Tutorials	2.1.4 Boundary and initial conditions	validation	partial	src/core/ThreadPool.cpp:57; src/core/BoundaryConditionRegistry.hpp:9
OF-UG	Chapter 2: Tutorials	2.1.5 Physical properties	validation	partial	src/cad/CMakeLists.txt:42; src/io/GmshReader.cpp:140
OF-UG	Chapter 2: Tutorials	2.1.6 Momentum transport	turbulence	partial	src/combustion/CanteraParser.hpp:10
OF-UG	Chapter 2: Tutorials	2.1.7 Control	validation	partial	src/adjoint/ContinuousAdjoint.hpp:51
OF-UG	Chapter 2: Tutorials	2.1.8 Discretisation and linear-solver settings	solver	partial	src/emag/AvFormulation.hpp:15
OF-UG	Chapter 2: Tutorials	2.1.9 Running an application	validation	partial	src/acoustics/FwhSurface.hpp:62
OF-UG	Chapter 2: Tutorials	2.1.10 Time selection in ParaView	validation	partial	src/io/EnSightGoldWriter.hpp:7
OF-UG	Chapter 2: Tutorials	2.1.11 Colouring surfaces	validation	partial	src/cad/Defeaturing.cpp:7
OF-UG	Chapter 2: Tutorials	2.1.12 Cutting plane (slice)	validation	partial	src/core/PluginRegistry.hpp:9
OF-UG	Chapter 2: Tutorials	2.1.13 Vector plots	validation	partial	src/gui/ResidualPlot.hpp:7
OF-UG	Chapter 2: Tutorials	2.1.14 Popular ﬁlters in ParaView	validation	partial	src/io/EnSightGoldWriter.hpp:7
OF-UG	Chapter 2: Tutorials	2.1.15 Contours	postprocessing	partial	src/gui/RibbonContent.cpp:97
OF-UG	Chapter 2: Tutorials	2.1.16 Streamline plots	postprocessing	partial	src/gui/ResidualPlot.hpp:7; src/visualization/LicFilter.hpp:7
OF-UG	Chapter 2: Tutorials	2.1.17 Inlet boundary condition	bc	partial	src/core/BoundaryConditionRegistry.hpp:13; src/core/BoundaryConditionRegistry.hpp:10
OF-UG	Chapter 2: Tutorials	2.1.18 Turbulence model	turbulence	absent	
OF-UG	Chapter 2: Tutorials	2.2 Breaking of a dam	validation	absent	
OF-UG	Chapter 2: Tutorials	2.2.1 Mesh generation	mesh	partial	src/gpu/RenderingBridge.hpp:34
OF-UG	Chapter 2: Tutorials	2.2.3 Phases	validation	partial	src/combustion/CanteraParser.cpp:143
OF-UG	Chapter 2: Tutorials	2.2.4 Setting initial ﬁelds	validation	partial	src/core/Command.hpp:7; src/core/ThreadPool.cpp:57
OF-UG	Chapter 2: Tutorials	2.2.5 Fluid properties	materials	partial	src/cad/CMakeLists.txt:42
OF-UG	Chapter 2: Tutorials	2.2.6 Gravity	validation	partial	src/dynamics/SixDof.cpp:72
OF-UG	Chapter 2: Tutorials	2.2.7 Turbulence modelling	turbulence	absent	
OF-UG	Chapter 2: Tutorials	2.2.8 Time step control	solver	partial	src/adjoint/ContinuousAdjoint.hpp:51
OF-UG	Chapter 2: Tutorials	2.2.9 Discretisation schemes	solver	partial	src/emag/AvFormulation.hpp:15; src/gui/Dialogs.hpp:14
OF-UG	Chapter 2: Tutorials	2.2.10 Linear-solver control	solver	partial	src/adjoint/ContinuousAdjoint.hpp:51
OF-UG	Chapter 2: Tutorials	2.2.11 Running the code	validation	partial	src/acoustics/FwhSurface.hpp:62
OF-UG	Chapter 2: Tutorials	2.2.13 Running in parallel	parallel	partial	src/acoustics/FwhSurface.hpp:62
OF-UG	Chapter 2: Tutorials	2.2.14 Post-processing a case run in parallel	postprocessing	partial	src/acoustics/CurleAcoustics.hpp:26; src/acoustics/CurleAcoustics.hpp:26
OF-UG	Chapter 2: Tutorials	2.3 Stress analysis of a plate with a hole	validation	present	src/solver/bc/PorousJumpBc.hpp:4; src/gpu/GpuKernels.cpp:331; src/cad/Defeaturing.cpp:8
OF-UG	Chapter 2: Tutorials	2.3.1 Mesh generation	mesh	partial	src/gpu/RenderingBridge.hpp:34
OF-UG	Chapter 2: Tutorials	2.3.2 Boundary and initial conditions	validation	partial	src/core/ThreadPool.cpp:57; src/core/BoundaryConditionRegistry.hpp:9
OF-UG	Chapter 2: Tutorials	2.3.3 Physical properties	validation	partial	src/cad/CMakeLists.txt:42; src/io/GmshReader.cpp:140
OF-UG	Chapter 2: Tutorials	2.3.4 Control	validation	partial	src/adjoint/ContinuousAdjoint.hpp:51
OF-UG	Chapter 2: Tutorials	2.3.5 Discretisation schemes and linear-solver control	solver	present	src/emag/AvFormulation.hpp:15; src/gui/Dialogs.hpp:14; src/adjoint/ContinuousAdjoint.hpp:51
OF-UG	Chapter 2: Tutorials	2.3.6 Running the code	validation	partial	src/acoustics/FwhSurface.hpp:62
OF-UG	Chapter 2: Tutorials	2.0 Distance, y (m)	validation	absent	
OF-UG	Chapter 3: Applications and libraries	Chapter 3: Applications and libraries	other	partial	src/core/Application.hpp:8; src/core/PluginLoader.hpp:6
OF-UG	Chapter 3: Applications and libraries	3.1 The programming language of OpenFOAM	other	partial	src/core/Application.hpp:8; src/core/PluginLoader.hpp:6
OF-UG	Chapter 3: Applications and libraries	3.2 Compiling applications and libraries	parallel	partial	src/core/Application.hpp:8; src/core/PluginLoader.hpp:6
OF-UG	Chapter 3: Applications and libraries	3.2.1 Header .H ﬁles	other	partial	src/core/Application.hpp:8; src/core/PluginLoader.hpp:6
OF-UG	Chapter 3: Applications and libraries	3.2.2 Compiling with wmake	parallel	partial	src/core/Application.hpp:8; src/core/PluginLoader.hpp:6
OF-UG	Chapter 3: Applications and libraries	3.2.3 Including headers	other	present	src/core/Application.hpp:8; src/core/PluginLoader.hpp:6; src/core/BoundaryConditionRegistry.hpp:28
OF-UG	Chapter 3: Applications and libraries	3.2.4 Linking to libraries	other	present	src/core/Application.hpp:8; src/core/PluginLoader.hpp:6; src/meshing/HexSweepMesher.hpp:7
OF-UG	Chapter 3: Applications and libraries	3.2.5 Source ﬁles to be compiled	parallel	present	src/core/Application.hpp:8; src/core/PluginLoader.hpp:6; src/io/Hdf5ResultStore.hpp:8
OF-UG	Chapter 3: Applications and libraries	3.2.6 Running wmake	other	present	src/core/Application.hpp:8; src/core/PluginLoader.hpp:6; src/acoustics/FwhSurface.hpp:62
OF-UG	Chapter 3: Applications and libraries	3.2.8 Removing dependency lists: wclean	other	present	src/core/Application.hpp:8; src/core/PluginLoader.hpp:6; src/cad/ObjReader.hpp:15
OF-UG	Chapter 3: Applications and libraries	3.2.9 Compiling libraries	parallel	partial	src/core/Application.hpp:8; src/core/PluginLoader.hpp:6
OF-UG	Chapter 3: Applications and libraries	3.2.10 Compilation example: the foamRun application	parallel	present	src/materials/RealGasEos.hpp:45; src/gpu/GpuKernels.cpp:242; src/core/Application.hpp:8
OF-UG	Chapter 3: Applications and libraries	3.2.11 Debug messaging and optimisation switches	other	present	src/core/Application.hpp:8; src/core/PluginLoader.hpp:6; src/core/Logger.hpp:28
OF-UG	Chapter 3: Applications and libraries	3.2.12 Dynamic linking at run-time	other	present	src/core/Application.hpp:8; src/core/PluginLoader.hpp:6; src/meshing/HexSweepMesher.hpp:7
OF-UG	Chapter 3: Applications and libraries	3.3 Running applications	other	present	src/core/Application.hpp:8; src/core/PluginLoader.hpp:6; src/acoustics/FwhSurface.hpp:62
OF-UG	Chapter 3: Applications and libraries	3.4 Running applications in parallel	parallel	present	src/core/Application.hpp:8; src/core/PluginLoader.hpp:6; src/acoustics/FwhSurface.hpp:62
OF-UG	Chapter 3: Applications and libraries	3.4.1 Decomposition of mesh and initial ﬁeld data	mesh	present	src/core/Application.hpp:8; src/core/PluginLoader.hpp:6; src/meshing/MedialAxisDecomposition.cpp:123
OF-UG	Chapter 3: Applications and libraries	3.4.2 File input/output in parallel	parallel	partial	src/core/Application.hpp:8; src/core/PluginLoader.hpp:6
OF-UG	Chapter 3: Applications and libraries	3.4.3 Running a decomposed case	other	present	src/core/Application.hpp:8; src/core/PluginLoader.hpp:6; src/acoustics/FwhSurface.hpp:62
OF-UG	Chapter 3: Applications and libraries	3.4.4 Distributing data across several disks	other	present	src/turbulence/KKLOmegaTransition.cpp:194; src/core/Application.hpp:8; src/core/PluginLoader.hpp:6
OF-UG	Chapter 3: Applications and libraries	3.4.5 Post-processing parallel processed cases	postprocessing	present	src/particles/DemCollision.hpp:49; src/core/Application.hpp:8; src/core/PluginLoader.hpp:6
OF-UG	Chapter 3: Applications and libraries	3.5 Solver modules	solver	present	src/core/Application.hpp:8; src/core/PluginLoader.hpp:6; src/cad/CadKernel.cpp:7
OF-UG	Chapter 3: Applications and libraries	3.5.1 Single-phase modules	other	present	src/core/Application.hpp:8; src/core/PluginLoader.hpp:6; src/cad/CadKernel.cpp:7
OF-UG	Chapter 3: Applications and libraries	3.5.2 Multiphase/VoF ﬂow modules	multiphase	present	src/core/Application.hpp:8; src/core/PluginLoader.hpp:6; src/cad/CadKernel.cpp:7
OF-UG	Chapter 3: Applications and libraries	3.5.3 Solid modules	other	present	src/core/Application.hpp:8; src/core/PluginLoader.hpp:6; src/cad/CadKernel.cpp:7
OF-UG	Chapter 3: Applications and libraries	3.5.4 Film modules	other	present	src/core/Application.hpp:8; src/core/PluginLoader.hpp:6; src/cad/CadKernel.cpp:7
OF-UG	Chapter 3: Applications and libraries	3.5.5 Utility modules	other	present	src/core/Application.hpp:8; src/core/PluginLoader.hpp:6; src/cad/CadKernel.cpp:7
OF-UG	Chapter 3: Applications and libraries	3.5.6 Base classes for solver modules	solver	present	src/core/Application.hpp:8; src/gui_core/PanelRegistry.hpp:6; src/core/PluginLoader.hpp:6
OF-UG	Chapter 3: Applications and libraries	3.6 Standard solvers	solver	present	src/core/Application.hpp:8; src/core/PluginLoader.hpp:6; src/combustion/CanteraParser.hpp:13
OF-UG	Chapter 3: Applications and libraries	3.6.1 Main solver applications	solver	present	src/core/Application.hpp:8; src/core/PluginLoader.hpp:6; src/gpu/CudaContext.hpp:32
OF-UG	Chapter 3: Applications and libraries	3.6.2 Legacy solver applications	solver	present	src/core/Application.hpp:8; src/core/PluginLoader.hpp:6; src/cad/IgesReader.hpp:4
OF-UG	Chapter 3: Applications and libraries	3.7 Standard utilities	other	present	src/core/Application.hpp:8; src/core/PluginLoader.hpp:6; src/acoustics/CurleAcoustics.cpp:29
OF-UG	Chapter 3: Applications and libraries	3.7.1 Pre-processing	other	present	src/core/Application.hpp:8; src/core/PluginLoader.hpp:6; src/acoustics/CurleAcoustics.hpp:26
OF-UG	Chapter 3: Applications and libraries	3.7.2 Mesh generation	mesh	present	src/core/Application.hpp:8; src/core/PluginLoader.hpp:6; src/gpu/RenderingBridge.hpp:34
OF-UG	Chapter 3: Applications and libraries	3.7.3 Mesh conversion	mesh	present	src/core/Application.hpp:8; src/core/BoundaryConditionRegistry.hpp:51; src/core/PluginLoader.hpp:6
OF-UG	Chapter 3: Applications and libraries	3.7.4 Mesh manipulation	mesh	partial	src/core/Application.hpp:8; src/core/PluginLoader.hpp:6
OF-UG	Chapter 3: Applications and libraries	3.7.5 Other mesh tools	mesh	present	src/core/Application.hpp:8; src/core/PluginLoader.hpp:6; src/io/EnSightGoldWriter.hpp:8
OF-UG	Chapter 3: Applications and libraries	3.7.7 Post-processing data converters	postprocessing	present	src/io/GambitReader.hpp:10; src/core/Application.hpp:8; src/core/PluginLoader.hpp:6
OF-UG	Chapter 3: Applications and libraries	3.7.8 Lagrangian post-processing	multiphase	present	src/core/Application.hpp:8; src/core/PluginLoader.hpp:6; src/ibm/DirectForcingIbm.hpp:7
OF-UG	Chapter 3: Applications and libraries	3.7.9 Surface mesh (e.g. OBJ/STL) tools	mesh	present	src/core/Application.hpp:8; src/core/PluginLoader.hpp:6; src/io/EnSightGoldWriter.hpp:8
OF-UG	Chapter 3: Applications and libraries	3.7.10 Parallel processing	parallel	present	src/core/Application.hpp:8; src/core/PluginLoader.hpp:6; src/acoustics/CurleAcoustics.hpp:26
OF-UG	Chapter 3: Applications and libraries	3.7.11 Thermophysical-related utilities	other	present	src/materials/SolidsCatalog.hpp:7; src/combustion/EddyDissipationConcept.hpp:4; src/core/Application.hpp:8
OF-UG	Chapter 3: Applications and libraries	3.7.12 Miscellaneous utilities	other	partial	src/core/Application.hpp:8; src/core/PluginLoader.hpp:6
OF-UG	Chapter 4: OpenFOAM cases	Chapter 4: OpenFOAM cases	other	n/a	
OF-UG	Chapter 4: OpenFOAM cases	4.1 File structure of OpenFOAM cases	other	partial	src/cad/StepReader.hpp:7
OF-UG	Chapter 4: OpenFOAM cases	4.2 Basic input/output ﬁle format	other	partial	src/rom/PodDmd.cpp:192
OF-UG	Chapter 4: OpenFOAM cases	4.2.1 General syntax rules	other	partial	src/gpu/CudaContext.hpp:17; src/core/ConfigStore.cpp:56
OF-UG	Chapter 4: OpenFOAM cases	4.2.2 Dictionaries	other	absent	
OF-UG	Chapter 4: OpenFOAM cases	4.2.6 Dimensional units	other	partial	src/solver/NscbcBoundary.cpp:5; src/cad/ShapeHandleInternal.hpp:7
OF-UG	Chapter 4: OpenFOAM cases	4.2.7 Units and unit conversion	other	partial	src/core/BoundaryConditionRegistry.hpp:51; src/cad/ShapeHandleInternal.hpp:7
OF-UG	Chapter 4: OpenFOAM cases	4.2.8 Dimensioned types	other	absent	
OF-UG	Chapter 4: OpenFOAM cases	4.2.9 Fields	other	n/a	
OF-UG	Chapter 4: OpenFOAM cases	4.2.10 Macro expansion	scripting	partial	src/gui/RibbonContent.cpp:108; src/amr/RefinementApplier.cpp:6
OF-UG	Chapter 4: OpenFOAM cases	4.2.11 Including ﬁles	other	partial	src/core/BoundaryConditionRegistry.hpp:28
OF-UG	Chapter 4: OpenFOAM cases	4.2.12 Environment variables	other	partial	src/gpu/CudaContext.hpp:77; src/adjoint/DiscreteAdjoint.hpp:15
OF-UG	Chapter 4: OpenFOAM cases	4.2.14 Keyword ordering	other	partial	src/meshing/BlockMeshDict.cpp:185; src/io/FaceBasedMeshReader.hpp:43
OF-UG	Chapter 4: OpenFOAM cases	4.2.15 Inline calculations	other	partial	src/solver/DualTimeStepping.hpp:20
OF-UG	Chapter 4: OpenFOAM cases	4.2.16 Inline code	other	absent	
OF-UG	Chapter 4: OpenFOAM cases	4.2.17 Conditionals	other	absent	
OF-UG	Chapter 4: OpenFOAM cases	4.3 Global controls	other	partial	src/gui/SolverMonitorPanel.hpp:9; src/core/RotatingFileSink.hpp:39
OF-UG	Chapter 4: OpenFOAM cases	4.3.1 Overriding global controls	other	partial	src/gui/SolverMonitorPanel.hpp:9; src/core/RotatingFileSink.hpp:39
OF-UG	Chapter 4: OpenFOAM cases	4.4 Time and data input/output control	other	partial	src/adjoint/ContinuousAdjoint.hpp:51
OF-UG	Chapter 4: OpenFOAM cases	4.4.1 Modules	other	partial	src/cad/CadKernel.cpp:7
OF-UG	Chapter 4: OpenFOAM cases	4.4.2 Time control	other	partial	src/adjoint/ContinuousAdjoint.hpp:51
OF-UG	Chapter 4: OpenFOAM cases	4.4.3 Data writing	other	partial	src/io/CgnsWriter.cpp:115
OF-UG	Chapter 4: OpenFOAM cases	4.4.4 Other settings	other	n/a	
OF-UG	Chapter 4: OpenFOAM cases	4.5 Numerical schemes	solver	partial	src/solver/CompressibleFlux.hpp:42; src/gui/Dialogs.hpp:14
OF-UG	Chapter 4: OpenFOAM cases	4.5.1 Time schemes	solver	partial	src/gui/Dialogs.hpp:14
OF-UG	Chapter 4: OpenFOAM cases	4.5.2 Gradient schemes	solver	partial	src/gui/Dialogs.hpp:14
OF-UG	Chapter 4: OpenFOAM cases	4.5.3 Divergence schemes	solver	partial	src/emag/Mhd.cpp:8; src/gui/Dialogs.hpp:14
OF-UG	Chapter 4: OpenFOAM cases	4.5.4 Surface normal gradient schemes	solver	partial	src/gui/Dialogs.hpp:14
OF-UG	Chapter 4: OpenFOAM cases	4.5.5 Laplacian schemes	solver	partial	src/meshing/Mesher.hpp:13; src/gui/Dialogs.hpp:14
OF-UG	Chapter 4: OpenFOAM cases	4.5.6 Interpolation schemes	solver	partial	src/gui/Dialogs.hpp:14; src/acoustics/FwhSurface.cpp:22
OF-UG	Chapter 4: OpenFOAM cases	4.6.1 Linear solver control	solver	partial	src/adjoint/ContinuousAdjoint.hpp:51
OF-UG	Chapter 4: OpenFOAM cases	4.6.2 Solution tolerances	other	partial	src/cad/Healing.cpp:35
OF-UG	Chapter 4: OpenFOAM cases	4.6.3 Preconditioned conjugate gradient solvers	solver	present	src/adjoint/DiscreteAdjoint.cpp:58; src/combustion/CanteraParser.hpp:13; src/core/IWallDistanceService.hpp:14
OF-UG	Chapter 4: OpenFOAM cases	4.6.4 Smooth solvers	solver	partial	src/meshing/MeshSmoother.cpp:40; src/combustion/CanteraParser.hpp:13
OF-UG	Chapter 4: OpenFOAM cases	4.6.5 Geometric-algebraic multi-grid solvers	mesh	present	src/combustion/NoxThermalPromptFuel.hpp:12; src/combustion/CanteraParser.hpp:13; src/meshing/BlockMeshDict.hpp:45
OF-UG	Chapter 4: OpenFOAM cases	4.6.6 Solution under-relaxation	other	partial	src/combustion/EddyDissipationConcept.cpp:72
OF-UG	Chapter 4: OpenFOAM cases	4.6.7 SIMPLE and PIMPLE algorithms	solver	partial	src/gpu/HostDeviceMirror.hpp:175; src/solver/PimpleAlgorithm.hpp:4
OF-UG	Chapter 4: OpenFOAM cases	4.6.8 Pressure referencing	other	absent	
OF-UG	Chapter 4: OpenFOAM cases	4.7.1 General ﬁle management	other	partial	src/radiation/SolarLoad.hpp:5
OF-UG	Chapter 4: OpenFOAM cases	4.7.2 The foamDictionary utility	other	partial	src/core/Command.hpp:19
OF-UG	Chapter 4: OpenFOAM cases	4.7.4 GAMG;	other	absent	
OF-UG	Chapter 4: OpenFOAM cases	4.7.5 The foamInfo script	other	partial	src/gui/RibbonContent.cpp:110
OF-UG	Chapter 4: OpenFOAM cases	4.7.6 The foamToC utility	other	partial	src/core/Command.hpp:19
OF-UG	Chapter 4: OpenFOAM cases	4.7.7 The foamUnits script	other	partial	src/gui/RibbonContent.cpp:110
OF-UG	Chapter 4: OpenFOAM cases	4.7.8 The foamFind script	other	partial	src/gui/RibbonContent.cpp:110
OF-UG	Chapter 4: OpenFOAM cases	4.7.9 The foamMergeCase script	other	partial	src/gui/RibbonContent.cpp:110
OF-UG	Chapter 5: Mesh generation and conversion	Chapter 5: Mesh generation and conversion	mesh	partial	src/core/BoundaryConditionRegistry.hpp:51; src/gpu/RenderingBridge.hpp:34
OF-UG	Chapter 5: Mesh generation and conversion	5.1 Mesh description	mesh	partial	src/core/BoundaryConditionRegistry.hpp:51; src/gpu/RenderingBridge.hpp:34
OF-UG	Chapter 5: Mesh generation and conversion	5.2 Mesh ﬁles	mesh	partial	src/core/BoundaryConditionRegistry.hpp:51; src/gpu/RenderingBridge.hpp:34
OF-UG	Chapter 5: Mesh generation and conversion	5.3 Mesh boundary	mesh	partial	src/core/BoundaryConditionRegistry.hpp:51; src/gpu/RenderingBridge.hpp:34
OF-UG	Chapter 5: Mesh generation and conversion	5.3.1 Generic patch and wall	mesh	present	src/core/BoundaryConditionRegistry.hpp:51; src/gpu/RenderingBridge.hpp:34; src/core/BoundaryConditionRegistry.hpp:50
OF-UG	Chapter 5: Mesh generation and conversion	5.3.3 Symmetry condition	mesh	present	src/core/BoundaryConditionRegistry.hpp:51; src/gpu/RenderingBridge.hpp:34; src/core/BoundaryConditionRegistry.hpp:13
OF-UG	Chapter 5: Mesh generation and conversion	5.3.4 Cyclic conditions	mesh	present	src/core/BoundaryConditionRegistry.hpp:51; src/gpu/RenderingBridge.hpp:34; src/core/BoundaryConditionRegistry.hpp:9
OF-UG	Chapter 5: Mesh generation and conversion	5.3.5 Processor patches	mesh	present	src/core/BoundaryConditionRegistry.hpp:51; src/gpu/RenderingBridge.hpp:34; src/combustion/NoxThermalPromptFuel.hpp:4
OF-UG	Chapter 5: Mesh generation and conversion	5.3.7 Constraint type examples	mesh	present	src/io/SolutionMonitors.cpp:100; src/core/BoundaryConditionRegistry.hpp:51; src/gpu/RenderingBridge.hpp:34
OF-UG	Chapter 5: Mesh generation and conversion	5.4 Mesh generation with the blockMesh utility	mesh	present	src/core/BoundaryConditionRegistry.hpp:51; src/gpu/RenderingBridge.hpp:34; src/core/Command.hpp:19
OF-UG	Chapter 5: Mesh generation and conversion	5.4.1 Overview of a blockMeshDict ﬁle	mesh	present	src/core/BoundaryConditionRegistry.hpp:51; src/gpu/RenderingBridge.hpp:34; src/meshing/BlockMeshDict.cpp:3
OF-UG	Chapter 5: Mesh generation and conversion	5.4.2 The vertices	mesh	partial	src/core/BoundaryConditionRegistry.hpp:51; src/gpu/RenderingBridge.hpp:34
OF-UG	Chapter 5: Mesh generation and conversion	5.4.3 The edges	mesh	present	src/core/BoundaryConditionRegistry.hpp:51; src/gpu/RenderingBridge.hpp:34; src/cad/Defeaturing.cpp:57
OF-UG	Chapter 5: Mesh generation and conversion	5.4.4 The blocks	mesh	partial	src/core/BoundaryConditionRegistry.hpp:51; src/gpu/RenderingBridge.hpp:34
OF-UG	Chapter 5: Mesh generation and conversion	5.4.5 Multi-grading of a block	mesh	present	src/core/BoundaryConditionRegistry.hpp:51; src/gpu/RenderingBridge.hpp:34; src/meshing/BlockMeshDict.cpp:166
OF-UG	Chapter 5: Mesh generation and conversion	5.4.6 The boundary	mesh	partial	src/core/BoundaryConditionRegistry.hpp:51; src/gpu/RenderingBridge.hpp:34
OF-UG	Chapter 5: Mesh generation and conversion	5.4.7 Multiple blocks	mesh	present	src/core/BoundaryConditionRegistry.hpp:51; src/gpu/RenderingBridge.hpp:34; src/gpu/HostDeviceMirror.hpp:34
OF-UG	Chapter 5: Mesh generation and conversion	5.4.8 Projection of vertices, edges and faces	mesh	present	src/core/BoundaryConditionRegistry.hpp:51; src/gpu/RenderingBridge.hpp:34; src/acoustics/CurleAcoustics.cpp:29
OF-UG	Chapter 5: Mesh generation and conversion	5.4.9 Naming vertices, edges, faces and blocks	mesh	present	src/core/BoundaryConditionRegistry.hpp:51; src/core/ThreadPool.cpp:128; src/gpu/RenderingBridge.hpp:34
OF-UG	Chapter 5: Mesh generation and conversion	5.4.10 Blocks with fewer than 8 vertices	mesh	present	src/solver/SimplecAlgorithm.hpp:11; src/core/BoundaryConditionRegistry.hpp:51; src/gpu/RenderingBridge.hpp:34
OF-UG	Chapter 5: Mesh generation and conversion	5.4.11 Running blockMesh	mesh	present	src/core/BoundaryConditionRegistry.hpp:51; src/gpu/RenderingBridge.hpp:34; src/acoustics/FwhSurface.hpp:62
OF-UG	Chapter 5: Mesh generation and conversion	5.5 Mesh generation with snappyHexMesh	mesh	partial	src/core/BoundaryConditionRegistry.hpp:51; src/gpu/RenderingBridge.hpp:34
OF-UG	Chapter 5: Mesh generation and conversion	5.5.1 The mesh generation process of snappyHexMesh	mesh	present	src/core/BoundaryConditionRegistry.hpp:51; src/gpu/RenderingBridge.hpp:34; src/core/BoundaryConditionRegistry.hpp:118
OF-UG	Chapter 5: Mesh generation and conversion	5.5.2 Creating the background hex mesh	mesh	present	src/core/BoundaryConditionRegistry.hpp:51; src/gpu/RenderingBridge.hpp:34; src/amr/RefinementApplier.hpp:6
OF-UG	Chapter 5: Mesh generation and conversion	5.5.3 Cell splitting at feature edges and surfaces	mesh	present	src/core/BoundaryConditionRegistry.hpp:51; src/cad/FeatureEdges.cpp:148; src/gpu/RenderingBridge.hpp:34
OF-UG	Chapter 5: Mesh generation and conversion	5.5.4 Cell removal	mesh	present	src/core/BoundaryConditionRegistry.hpp:51; src/gpu/RenderingBridge.hpp:34; src/cad/Defeaturing.cpp:8
OF-UG	Chapter 5: Mesh generation and conversion	5.5.5 Cell splitting in speciﬁed regions	mesh	present	src/core/BoundaryConditionRegistry.hpp:51; src/gpu/RenderingBridge.hpp:34; src/amr/RefinementApplier.hpp:15
OF-UG	Chapter 5: Mesh generation and conversion	5.5.6 Cell splitting based on local span	mesh	present	src/core/BoundaryConditionRegistry.hpp:51; src/gpu/RenderingBridge.hpp:34; src/amr/RefinementApplier.hpp:15
OF-UG	Chapter 5: Mesh generation and conversion	5.5.7 Snapping to surfaces	mesh	present	src/core/BoundaryConditionRegistry.hpp:51; src/gpu/RenderingBridge.hpp:34; src/cad/Defeaturing.cpp:7
OF-UG	Chapter 5: Mesh generation and conversion	5.5.8 Mesh layers	mesh	present	src/core/BoundaryConditionRegistry.hpp:51; src/gpu/RenderingBridge.hpp:34; src/core/ConfigStore.cpp:279
OF-UG	Chapter 5: Mesh generation and conversion	5.5.9 Mesh quality controls	mesh	present	src/core/BoundaryConditionRegistry.hpp:51; src/gui/SolverMonitorPanel.hpp:9; src/gpu/RenderingBridge.hpp:34
OF-UG	Chapter 5: Mesh generation and conversion	5.6 Mesh Zones	mesh	partial	src/core/BoundaryConditionRegistry.hpp:51; src/gpu/RenderingBridge.hpp:34
OF-UG	Chapter 5: Mesh generation and conversion	5.6.1 Creating zones	mesh	partial	src/core/BoundaryConditionRegistry.hpp:51; src/gpu/RenderingBridge.hpp:34
OF-UG	Chapter 5: Mesh generation and conversion	5.6.2 Zone generators	mesh	partial	src/core/BoundaryConditionRegistry.hpp:51; src/gpu/RenderingBridge.hpp:34
OF-UG	Chapter 5: Mesh generation and conversion	5.6.3 The createZones utility	mesh	present	src/core/BoundaryConditionRegistry.hpp:51; src/gpu/RenderingBridge.hpp:34; src/core/Command.hpp:19
OF-UG	Chapter 5: Mesh generation and conversion	5.6.5 The createPatch utility	mesh	present	src/core/BoundaryConditionRegistry.hpp:51; src/gpu/RenderingBridge.hpp:34; src/core/Command.hpp:19
OF-UG	Chapter 5: Mesh generation and conversion	5.6.6 The subsetMesh utility	mesh	present	src/core/BoundaryConditionRegistry.hpp:51; src/gpu/RenderingBridge.hpp:34; src/core/Command.hpp:19
OF-UG	Chapter 5: Mesh generation and conversion	5.7 Mesh conversion	mesh	partial	src/core/BoundaryConditionRegistry.hpp:51; src/gpu/RenderingBridge.hpp:34
OF-UG	Chapter 5: Mesh generation and conversion	5.8 Mapping ﬁelds between diﬀerent geometries	mesh	present	src/solver/WallDistance.hpp:17; src/core/BoundaryConditionRegistry.hpp:51; src/gpu/RenderingBridge.hpp:34
OF-UG	Chapter 5: Mesh generation and conversion	5.8.1 Mapping consistent ﬁelds	mesh	present	src/core/BoundaryConditionRegistry.hpp:51; src/gpu/RenderingBridge.hpp:34; src/core/Command.hpp:92
OF-UG	Chapter 5: Mesh generation and conversion	5.8.2 Mapping inconsistent ﬁelds	mesh	present	src/core/BoundaryConditionRegistry.hpp:51; src/gpu/RenderingBridge.hpp:34; src/cad/CadKernel.hpp:75
OF-UG	Chapter 5: Mesh generation and conversion	5.8.3 Mapping parallel cases	mesh	present	src/core/BoundaryConditionRegistry.hpp:51; src/gpu/RenderingBridge.hpp:34; src/cad/CadKernel.hpp:75
OF-UG	Chapter 6: Boundary conditions	Chapter 6: Boundary conditions	bc	partial	src/core/BoundaryConditionRegistry.hpp:9
OF-UG	Chapter 6: Boundary conditions	6.1 Patch selection in ﬁeld ﬁles	bc	partial	src/core/BoundaryConditionRegistry.hpp:9
OF-UG	Chapter 6: Boundary conditions	6.3 Basic boundary conditions	bc	partial	src/rom/PodDmd.cpp:192; src/core/BoundaryConditionRegistry.hpp:9
OF-UG	Chapter 6: Boundary conditions	6.4 Derived boundary conditions	bc	partial	src/emag/AvFormulation.hpp:18; src/core/BoundaryConditionRegistry.hpp:9
OF-UG	Chapter 6: Boundary conditions	6.4.1 The inlet/outlet condition	bc	present	src/core/BoundaryConditionRegistry.hpp:13; src/core/BoundaryConditionRegistry.hpp:10; src/core/BoundaryConditionRegistry.hpp:10
OF-UG	Chapter 6: Boundary conditions	6.4.2 Entrainment boundary conditions	bc	partial	src/core/BoundaryConditionRegistry.hpp:9
OF-UG	Chapter 6: Boundary conditions	6.4.3 Fixed ﬂux pressure	bc	partial	src/combustion/SootMomMethod.cpp:77; src/core/BoundaryConditionRegistry.hpp:9
OF-UG	Chapter 6: Boundary conditions	6.4.4 Time-varying boundary conditions	bc	partial	src/scripting/UdfHost.hpp:11; src/core/BoundaryConditionRegistry.hpp:9
OF-UG	Chapter 7: Post-processing	Chapter 7: Post-processing	postprocessing	partial	src/acoustics/CurleAcoustics.hpp:26; src/acoustics/CurleAcoustics.hpp:26
OF-UG	Chapter 7: Post-processing	7.1 ParaView/paraFoam graphical user interface (GUI)	postprocessing	present	src/visualization/Annotation.hpp:6; src/io/EnSightGoldWriter.hpp:7; src/acoustics/CurleAcoustics.hpp:26
OF-UG	Chapter 7: Post-processing	7.1.1 Overview of ParaView/paraFoam	postprocessing	present	src/io/EnSightGoldWriter.hpp:7; src/acoustics/CurleAcoustics.hpp:26; src/acoustics/CurleAcoustics.hpp:26
OF-UG	Chapter 7: Post-processing	7.1.2 The Parameters panel	postprocessing	present	src/acoustics/CurleAcoustics.hpp:26; src/acoustics/CurleAcoustics.hpp:26; src/acoustics/FwhSurface.cpp:47
OF-UG	Chapter 7: Post-processing	7.1.3 The Display panel	postprocessing	present	src/acoustics/CurleAcoustics.hpp:26; src/gui/PropertyEditorV2.cpp:112; src/acoustics/CurleAcoustics.hpp:26
OF-UG	Chapter 7: Post-processing	7.1.4 The button toolbars	postprocessing	present	src/gui/ConsolePanel.hpp:6; src/acoustics/CurleAcoustics.hpp:26; src/acoustics/CurleAcoustics.hpp:26
OF-UG	Chapter 7: Post-processing	7.1.5 Manipulating the view	postprocessing	present	src/core/ConfigStore.hpp:100; src/acoustics/CurleAcoustics.hpp:26; src/acoustics/CurleAcoustics.hpp:26
OF-UG	Chapter 7: Post-processing	7.1.6 Contour plots	postprocessing	present	src/visualization/ContourFilter.hpp:8; src/gui/ResidualPlot.hpp:7; src/acoustics/CurleAcoustics.hpp:26
OF-UG	Chapter 7: Post-processing	7.1.7 Vector plots	postprocessing	present	src/gui/ResidualPlot.hpp:7; src/acoustics/CurleAcoustics.hpp:26; src/acoustics/CurleAcoustics.hpp:26
OF-UG	Chapter 7: Post-processing	7.1.8 Streamlines	postprocessing	present	src/gui/RibbonContent.cpp:99; src/acoustics/CurleAcoustics.hpp:26; src/acoustics/CurleAcoustics.hpp:26
OF-UG	Chapter 7: Post-processing	7.1.10 Animation output	postprocessing	present	src/gui/RibbonContent.cpp:104; src/acoustics/CurleAcoustics.hpp:26; src/acoustics/CurleAcoustics.hpp:26
OF-UG	Chapter 7: Post-processing	7.2 Post-processing command line interface (CLI)	postprocessing	present	src/acoustics/CurleAcoustics.hpp:26; src/core/Application.hpp:7; src/acoustics/CurleAcoustics.hpp:26
OF-UG	Chapter 7: Post-processing	7.2.1 Run-time data processing	postprocessing	partial	src/acoustics/CurleAcoustics.hpp:26; src/acoustics/CurleAcoustics.hpp:26
OF-UG	Chapter 7: Post-processing	7.2.2 The foamPostProcess utility	postprocessing	present	src/acoustics/CurleAcoustics.hpp:26; src/core/Command.hpp:19; src/acoustics/CurleAcoustics.hpp:26
OF-UG	Chapter 7: Post-processing	7.3 Post-processing functionality	postprocessing	partial	src/acoustics/CurleAcoustics.hpp:26; src/acoustics/CurleAcoustics.hpp:26
OF-UG	Chapter 7: Post-processing	7.3.1 Field calculation	postprocessing	partial	src/acoustics/CurleAcoustics.hpp:26; src/acoustics/CurleAcoustics.hpp:26
OF-UG	Chapter 7: Post-processing	7.3.2 Field operations	postprocessing	present	src/acoustics/CurleAcoustics.hpp:26; src/cad/Booleans.hpp:4; src/acoustics/CurleAcoustics.hpp:26
OF-UG	Chapter 7: Post-processing	7.3.3 Forces and force coeﬃcients	postprocessing	present	src/cad/StepReader.cpp:56; src/acoustics/CurleAcoustics.hpp:26; src/acoustics/CurleAcoustics.hpp:26
OF-UG	Chapter 7: Post-processing	7.3.4 Sampling for graph plotting	postprocessing	present	src/acoustics/CurleAcoustics.hpp:26; src/acoustics/FwhSurface.hpp:69; src/acoustics/CurleAcoustics.hpp:26
OF-UG	Chapter 7: Post-processing	7.3.6 Volume ﬁelds	postprocessing	partial	src/acoustics/CurleAcoustics.hpp:26; src/acoustics/CurleAcoustics.hpp:26
OF-UG	Chapter 7: Post-processing	7.3.7 Numerical data	postprocessing	present	src/solver/CompressibleFlux.hpp:42; src/acoustics/CurleAcoustics.hpp:26; src/acoustics/CurleAcoustics.hpp:26
OF-UG	Chapter 7: Post-processing	7.3.8 Control	postprocessing	present	src/acoustics/CurleAcoustics.hpp:26; src/acoustics/CurleAcoustics.hpp:26; src/adjoint/ContinuousAdjoint.hpp:51
OF-UG	Chapter 7: Post-processing	7.3.10 Combustion and chemistry	combustion	present	src/combustion/CanteraParser.hpp:6; src/acoustics/CurleAcoustics.hpp:26; src/acoustics/CurleAcoustics.hpp:26
OF-UG	Chapter 7: Post-processing	7.3.11 Multiphase	multiphase	partial	src/acoustics/CurleAcoustics.hpp:26; src/acoustics/CurleAcoustics.hpp:26
OF-UG	Chapter 7: Post-processing	7.3.12 Probes	postprocessing	present	src/cad/PersistentIdManager.hpp:8; src/acoustics/CurleAcoustics.hpp:26; src/acoustics/CurleAcoustics.hpp:26
OF-UG	Chapter 7: Post-processing	7.3.13 Surface ﬁelds	postprocessing	partial	src/acoustics/CurleAcoustics.hpp:26; src/acoustics/CurleAcoustics.hpp:26
OF-UG	Chapter 7: Post-processing	7.3.14 Meshing	mesh	partial	src/acoustics/CurleAcoustics.hpp:26; src/acoustics/CurleAcoustics.hpp:26
OF-UG	Chapter 7: Post-processing	7.3.16 Sampling surfaces	postprocessing	present	src/cad/Defeaturing.cpp:7; src/acoustics/CurleAcoustics.hpp:26; src/acoustics/FwhSurface.hpp:69
OF-UG	Chapter 7: Post-processing	7.3.17 Streamlines	postprocessing	present	src/gui/RibbonContent.cpp:99; src/acoustics/CurleAcoustics.hpp:26; src/acoustics/CurleAcoustics.hpp:26
OF-UG	Chapter 7: Post-processing	7.4 Sampling and monitoring data	postprocessing	present	src/solver/OversetCouplingDriver.cpp:69; src/acoustics/CurleAcoustics.hpp:26; src/acoustics/FwhSurface.hpp:69
OF-UG	Chapter 7: Post-processing	7.4.1 Probing data	postprocessing	partial	src/acoustics/CurleAcoustics.hpp:26; src/acoustics/CurleAcoustics.hpp:26
OF-UG	Chapter 7: Post-processing	7.4.2 Sampling for graphs	postprocessing	present	src/core/TaskGraph.hpp:9; src/acoustics/CurleAcoustics.hpp:26; src/acoustics/FwhSurface.hpp:69
OF-UG	Chapter 7: Post-processing	7.4.3 Live monitoring of data	postprocessing	present	src/solver/OversetCouplingDriver.cpp:69; src/acoustics/CurleAcoustics.hpp:26; src/core/BoundaryConditionRegistry.hpp:20
OF-UG	Chapter 7: Post-processing	7.4.4 Sampling for visualisation	postprocessing	present	src/io/EnSightGoldWriter.hpp:8; src/acoustics/CurleAcoustics.hpp:26; src/acoustics/FwhSurface.hpp:69
OF-UG	Chapter 7: Post-processing	7.4.5 The foamVTKSeries script	postprocessing	present	src/gui/RibbonContent.cpp:110; src/acoustics/CurleAcoustics.hpp:26; src/acoustics/CurleAcoustics.hpp:26
OF-UG	Chapter 7: Post-processing	7.5 Third-Party post-processing	postprocessing	present	src/cad/ObjReader.hpp:16; src/combustion/ChemkinParser.cpp:217; src/acoustics/CurleAcoustics.hpp:26
OF-UG	Chapter 7: Post-processing	7.5.1 Post-processing with Ensight	postprocessing	present	src/io/EnSightGoldWriter.cpp:5; src/acoustics/CurleAcoustics.hpp:26; src/acoustics/CurleAcoustics.hpp:26
OF-UG	Chapter 8: Models and physical properties	Chapter 8: Models and physical properties	other	partial	src/cad/CMakeLists.txt:42; src/io/GmshReader.cpp:140
OF-UG	Chapter 8: Models and physical properties	8.1 Thermophysical models	other	present	src/materials/SolidsCatalog.hpp:7; src/cad/CMakeLists.txt:42; src/io/GmshReader.cpp:140
OF-UG	Chapter 8: Models and physical properties	8.1.1 Thermophysical and mixture models	multiphase	present	src/materials/SolidsCatalog.hpp:7; src/cad/CMakeLists.txt:42; src/io/GmshReader.cpp:140
OF-UG	Chapter 8: Models and physical properties	8.1.2 Transport model	turbulence	present	src/cad/CMakeLists.txt:42; src/io/GmshReader.cpp:140; src/combustion/CanteraParser.hpp:10
OF-UG	Chapter 8: Models and physical properties	8.1.4 Composition of each constituent	other	present	src/combustion/CanteraParser.cpp:215; src/cad/CMakeLists.txt:42; src/io/GmshReader.cpp:140
OF-UG	Chapter 8: Models and physical properties	8.1.5 Equation of state	materials	partial	src/cad/CMakeLists.txt:42; src/io/GmshReader.cpp:140
OF-UG	Chapter 8: Models and physical properties	8.1.6 Selection of energy variable	other	partial	src/cad/CMakeLists.txt:42; src/io/GmshReader.cpp:140
OF-UG	Chapter 8: Models and physical properties	8.1.7 Thermophysical property data	other	present	src/materials/SolidsCatalog.hpp:7; src/cad/CMakeLists.txt:42; src/gpu/RenderingBridge.hpp:105
OF-UG	Chapter 8: Models and physical properties	8.2 Turbulence models	turbulence	partial	src/cad/CMakeLists.txt:42; src/io/GmshReader.cpp:140
OF-UG	Chapter 8: Models and physical properties	8.2.1 Reynolds-averaged simulation (RAS) modelling	other	present	src/combustion/TransportedPdf.hpp:15; src/combustion/TfcModel.hpp:24; src/cad/CMakeLists.txt:42
OF-UG	Chapter 8: Models and physical properties	8.2.3 Large eddy simulation (LES) modelling	other	present	src/combustion/EddyDissipationConcept.hpp:6; src/cad/CMakeLists.txt:42; src/cad/Booleans.hpp:8
OF-UG	Chapter 8: Models and physical properties	8.2.4 LES turbulence models	turbulence	partial	src/cad/CMakeLists.txt:42; src/io/GmshReader.cpp:140
OF-UG	Chapter 8: Models and physical properties	8.2.5 Model coeﬃcients	other	partial	src/cad/CMakeLists.txt:42; src/io/GmshReader.cpp:140
OF-UG	Chapter 8: Models and physical properties	8.2.6 Wall functions	bc	partial	src/cad/CMakeLists.txt:42; src/io/GmshReader.cpp:140
OF-UG	Chapter 8: Models and physical properties	8.3 Transport/rheology models	turbulence	present	src/cad/CMakeLists.txt:42; src/io/GmshReader.cpp:140; src/combustion/CanteraParser.hpp:10
OF-UG	Chapter 8: Models and physical properties	8.3.1 Bird-Carreau model	other	partial	src/cad/CMakeLists.txt:42; src/io/GmshReader.cpp:140
OF-UG	Chapter 8: Models and physical properties	8.3.2 Cross Power Law model	other	present	src/core/UnitSystem.cpp:88; src/cad/CMakeLists.txt:42; src/io/GmshReader.cpp:140
OF-UG	Chapter 8: Models and physical properties	8.3.3 Power Law model	other	present	src/core/UnitSystem.cpp:88; src/cad/CMakeLists.txt:42; src/io/GmshReader.cpp:140
OF-UG	Chapter 8: Models and physical properties	8.3.4 Herschel-Bulkley model	other	partial	src/cad/CMakeLists.txt:42; src/io/GmshReader.cpp:140
OF-UG	Chapter 8: Models and physical properties	8.3.5 Casson model	other	partial	src/cad/CMakeLists.txt:42; src/io/GmshReader.cpp:140
OF-UG	Chapter 8: Models and physical properties	8.3.6 General strain-rate function	other	present	src/turbulence/DynamicSmagorinsky.cpp:65; src/cad/CMakeLists.txt:42; src/io/GmshReader.cpp:140
OF-UG	Chapter 8: Models and physical properties	8.3.7 Maxwell model	other	partial	src/cad/CMakeLists.txt:42; src/io/GmshReader.cpp:140
OF-UG	Chapter 8: Models and physical properties	8.3.8 Giesekus model	other	partial	src/cad/CMakeLists.txt:42; src/io/GmshReader.cpp:140
OF-UG	Chapter 8: Models and physical properties	8.3.9 Phan-Thien-Tanner (PTT) model	other	partial	src/cad/CMakeLists.txt:42; src/io/GmshReader.cpp:140
OF-UG	Chapter 8: Models and physical properties	8.3.10 Lambda thixotropic model	other	present	src/cad/CMakeLists.txt:42; src/gpu/GpuKernels.hpp:15; src/io/GmshReader.cpp:140
OF-PG	Open∇FOAM — The Open Source CFD Toolbox: Programmer's Guide	Open∇FOAM — The Open Source CFD Toolbox: Programmer's Guide	other	partial	src/materials/SolidsCatalog.cpp:34
OF-PG	Copyright Notice	Copyright Notice	other	n/a	
OF-PG	Creative Commons Attribution-NonCommercial-NoDerivs 3.0 Unported Licence	Creative Commons Attribution-NonCommercial-NoDerivs 3.0 Unported Licence	other	absent	
OF-PG	Creative Commons Attribution-NonCommercial-NoDerivs 3.0 Unported Licence	1. Definitions	other	n/a	
OF-PG	Creative Commons Attribution-NonCommercial-NoDerivs 3.0 Unported Licence	2. Fair Dealing Rights	other	absent	
OF-PG	Creative Commons Attribution-NonCommercial-NoDerivs 3.0 Unported Licence	3. License Grant	other	n/a	
OF-PG	Creative Commons Attribution-NonCommercial-NoDerivs 3.0 Unported Licence	4. Restrictions	other	absent	
OF-PG	Creative Commons Attribution-NonCommercial-NoDerivs 3.0 Unported Licence	5. Representations, Warranties and Disclaimer	other	n/a	
OF-PG	Creative Commons Attribution-NonCommercial-NoDerivs 3.0 Unported Licence	6. Limitation on Liability	other	absent	
OF-PG	Creative Commons Attribution-NonCommercial-NoDerivs 3.0 Unported Licence	7. Termination	other	partial	src/visualization/StreamlineRk4.hpp:8
OF-PG	Creative Commons Attribution-NonCommercial-NoDerivs 3.0 Unported Licence	8. Miscellaneous	other	absent	
OF-PG	Trademarks	Trademarks	other	n/a	
OF-PG	Contents	Contents	other	n/a	
OF-PG	Chapter 1: Introduction	Chapter 1: Introduction	other	n/a	
OF-PG	1.1 The programming language of OpenFOAM	1.1 The programming language of OpenFOAM	other	absent	
OF-PG	1.1 The programming language of OpenFOAM	1.1.1 Language in general	other	absent	
OF-PG	1.1 The programming language of OpenFOAM	1.1.2 Object-orientation and C++	other	partial	src/core/ConfigStore.hpp:14; src/cad/FeatureEdges.cpp:64
OF-PG	1.1 The programming language of OpenFOAM	1.1.3 Equation representation	other	partial	src/combustion/CanteraParser.hpp:10
OF-PG	1.1 The programming language of OpenFOAM	1.1.4 Solver codes	solver	partial	src/io/FluentMshReader.cpp:181
OF-PG	1.2 Compiling applications and libraries	1.2 Compiling applications and libraries	parallel	partial	src/core/Application.hpp:8; src/core/PluginLoader.hpp:6
OF-PG	1.2 Compiling applications and libraries	1.2.1 Header .H files	parallel	partial	src/core/Application.hpp:8; src/core/PluginLoader.hpp:6
OF-PG	1.2 Compiling applications and libraries	1.2.2 Compiling with wmake	parallel	partial	src/core/Application.hpp:8; src/core/PluginLoader.hpp:6
OF-PG	1.2 Compiling applications and libraries	1.2.2.1 Including headers	parallel	present	src/core/Application.hpp:8; src/core/PluginLoader.hpp:6; src/core/BoundaryConditionRegistry.hpp:28
OF-PG	1.2 Compiling applications and libraries	1.2.2.2 Linking to libraries	parallel	present	src/core/Application.hpp:8; src/core/PluginLoader.hpp:6; src/meshing/HexSweepMesher.hpp:7
OF-PG	1.2 Compiling applications and libraries	1.2.2.3 Source files to be compiled	parallel	present	src/core/Application.hpp:8; src/core/PluginLoader.hpp:6; src/io/Hdf5ResultStore.hpp:8
OF-PG	1.2 Compiling applications and libraries	1.2.2.4 Running wmake	parallel	present	src/core/Application.hpp:8; src/core/PluginLoader.hpp:6; src/acoustics/FwhSurface.hpp:62
OF-PG	1.2 Compiling applications and libraries	1.2.2.5 wmake environment variables	parallel	present	src/core/Application.hpp:8; src/gpu/CudaContext.hpp:77; src/core/PluginLoader.hpp:6
OF-PG	1.2 Compiling applications and libraries	1.2.3 Removing dependency lists: wclean and wrmdep	parallel	present	src/core/Application.hpp:8; src/core/PluginLoader.hpp:6; src/cad/ObjReader.hpp:15
OF-PG	1.2 Compiling applications and libraries	1.2.4 Compilation example: the pisoFoam application	parallel	present	src/materials/RealGasEos.hpp:45; src/gpu/GpuKernels.cpp:242; src/core/Application.hpp:8
OF-PG	1.2 Compiling applications and libraries	1.2.5 Debug messaging and optimisation switches	parallel	present	src/core/Application.hpp:8; src/core/PluginLoader.hpp:6; src/core/Logger.hpp:28
OF-PG	1.2 Compiling applications and libraries	1.2.6 Linking new user-defined libraries to existing applications	parallel	present	src/core/Application.hpp:8; src/core/PluginLoader.hpp:6; src/meshing/HexSweepMesher.hpp:7
OF-PG	Chapter 2: Tensor mathematics	Chapter 2: Tensor mathematics	other	partial	src/morphing/FfdBox.hpp:13; src/dynamics/SixDof.hpp:40
OF-PG	2.1 Coordinate system	2.1 Coordinate system	other	partial	src/io/FaceBasedMeshReader.cpp:214
OF-PG	2.2 OpenFOAM tensor classes	2.2 OpenFOAM tensor classes	other	partial	src/gui_core/PanelRegistry.hpp:6; src/dynamics/SixDof.hpp:40
OF-PG	2.2 OpenFOAM tensor classes	2.2.1 Algebraic tensor operations in OpenFOAM	other	present	src/gui_core/PanelRegistry.hpp:6; src/combustion/NoxThermalPromptFuel.hpp:12; src/cad/Booleans.hpp:4
OF-PG	2.3 Dimensional units	2.3 Dimensional units	other	partial	src/solver/NscbcBoundary.cpp:5; src/cad/ShapeHandleInternal.hpp:7
OF-PG	Chapter 3: Discretisation procedures	Chapter 3: Discretisation procedures	solver	partial	src/emag/AvFormulation.hpp:15
OF-PG	3.1 Differential operators	3.1 Differential operators	other	partial	src/solver/WallDistance.cpp:8; src/multiphase/PlicReconstruction.hpp:24
OF-PG	3.1 Differential operators	3.1.1 Gradient	other	partial	src/solver/WallDistance.cpp:8; src/multiphase/PlicReconstruction.hpp:24
OF-PG	3.1 Differential operators	3.1.2 Divergence	other	present	src/solver/WallDistance.cpp:8; src/multiphase/PlicReconstruction.hpp:24; src/emag/Mhd.cpp:8
OF-PG	3.1 Differential operators	3.1.3 Curl	other	present	src/solver/WallDistance.cpp:8; src/multiphase/PlicReconstruction.hpp:24; src/combustion/TransportedPdf.cpp:54
OF-PG	3.1 Differential operators	3.1.4 Laplacian	other	present	src/solver/WallDistance.cpp:8; src/multiphase/PlicReconstruction.hpp:24; src/meshing/Mesher.hpp:13
OF-PG	3.1 Differential operators	3.1.5 Temporal derivative	other	present	src/solver/WallDistance.cpp:8; src/acoustics/CurleAcoustics.hpp:21; src/multiphase/PlicReconstruction.hpp:24
OF-PG	3.2 Overview of discretisation	3.2 Overview of discretisation	solver	partial	src/emag/AvFormulation.hpp:15
OF-PG	3.2 Overview of discretisation	3.2.1 OpenFOAM lists and fields	solver	partial	src/emag/AvFormulation.hpp:15
OF-PG	3.3 Discretisation of the solution domain	3.3 Discretisation of the solution domain	solver	partial	src/emag/AvFormulation.hpp:15
OF-PG	3.3 Discretisation of the solution domain	3.3.1 Defining a mesh in OpenFOAM	mesh	partial	src/emag/AvFormulation.hpp:15
OF-PG	3.3 Discretisation of the solution domain	3.3.2 Defining a geometricField in OpenFOAM	solver	partial	src/emag/AvFormulation.hpp:15
OF-PG	3.4 Equation discretisation	3.4 Equation discretisation	solver	partial	src/emag/AvFormulation.hpp:15
OF-PG	3.4 Equation discretisation	3.4.1 The Laplacian term	solver	present	src/meshing/Mesher.hpp:13; src/emag/AvFormulation.hpp:15; src/acoustics/FwhSurface.cpp:142
OF-PG	3.4 Equation discretisation	3.4.2 The convection term	solver	present	src/emag/AvFormulation.hpp:15; src/combustion/TransportedPdf.hpp:10; src/acoustics/FwhSurface.cpp:142
OF-PG	3.4 Equation discretisation	3.4.3 First time derivative	solver	partial	src/emag/AvFormulation.hpp:15; src/acoustics/CurleAcoustics.hpp:69
OF-PG	3.4 Equation discretisation	3.4.4 Second time derivative	solver	partial	src/emag/AvFormulation.hpp:15; src/acoustics/CurleAcoustics.hpp:69
OF-PG	3.4 Equation discretisation	3.4.5 Divergence	solver	partial	src/emag/AvFormulation.hpp:15; src/emag/Mhd.cpp:8
OF-PG	3.4 Equation discretisation	3.4.6 Gradient	solver	partial	src/emag/AvFormulation.hpp:15
OF-PG	3.4 Equation discretisation	3.4.7 Grad-grad squared	solver	present	src/meshing/CutCellHexMesher.cpp:136; src/emag/AvFormulation.hpp:15; src/adjoint/ContinuousAdjoint.hpp:16
OF-PG	3.4 Equation discretisation	3.4.8 Curl	solver	partial	src/combustion/TransportedPdf.cpp:54; src/emag/AvFormulation.hpp:15
OF-PG	3.4 Equation discretisation	3.4.9 Source terms	solver	partial	src/emag/AvFormulation.hpp:15; src/combustion/CanteraParser.cpp:99
OF-PG	3.4 Equation discretisation	3.4.10 Other explicit discretisation schemes	solver	partial	src/emag/AvFormulation.hpp:15; src/gui/Dialogs.hpp:14
OF-PG	3.5 Temporal discretisation	3.5 Temporal discretisation	solver	partial	src/acoustics/CurleAcoustics.hpp:21; src/emag/AvFormulation.hpp:15
OF-PG	3.5 Temporal discretisation	3.5.1 Treatment of temporal discretisation in OpenFOAM	solver	present	src/acoustics/CurleAcoustics.hpp:21; src/multiphase/VolumeOfFluid.hpp:10; src/emag/AvFormulation.hpp:15
OF-PG	3.6 Boundary Conditions	3.6 Boundary Conditions	bc	partial	src/core/BoundaryConditionRegistry.hpp:9
OF-PG	3.6 Boundary Conditions	3.6.1 Physical boundary conditions	bc	partial	src/io/GmshReader.cpp:140; src/core/BoundaryConditionRegistry.hpp:9
OF-PG	Appendix A: General tensor mathematics	Appendix A: General tensor mathematics	other	n/a	
OF-PG	A.1 Tensors	A.1 Tensors	other	partial	src/porous/PorousMedia.hpp:47
OF-PG	A.1 Tensors	A.1.1 Tensor notation	other	present	src/porous/PorousMedia.hpp:47; src/gpu/BicgstabGpu.hpp:68; src/dynamics/SixDof.hpp:40
OF-PG	A.2 Algebraic tensor operations	A.2 Algebraic tensor operations	other	present	src/combustion/NoxThermalPromptFuel.hpp:12; src/cad/Booleans.hpp:4; src/dynamics/SixDof.hpp:40
OF-PG	A.2 Algebraic tensor operations	A.2.1 The inner product	other	present	src/adjoint/DiscreteAdjoint.hpp:45; src/combustion/NoxThermalPromptFuel.hpp:12; src/cad/Booleans.hpp:4
OF-PG	A.2 Algebraic tensor operations	A.2.2 The double inner product of two tensors	other	present	src/porous/PorousMedia.hpp:47; src/adjoint/DiscreteAdjoint.hpp:45; src/combustion/NoxThermalPromptFuel.hpp:12
OF-PG	A.2 Algebraic tensor operations	A.2.3 The triple inner product of two third rank tensors	other	present	src/porous/PorousMedia.hpp:47; src/combustion/ChemkinParser.cpp:217; src/adjoint/DiscreteAdjoint.hpp:45
OF-PG	A.2 Algebraic tensor operations	A.2.4 The outer product	other	present	src/adjoint/DiscreteAdjoint.hpp:45; src/combustion/NoxThermalPromptFuel.hpp:12; src/cad/Booleans.hpp:4
OF-PG	A.2 Algebraic tensor operations	A.2.5 The cross product of two vectors	other	present	src/adjoint/DiscreteAdjoint.hpp:45; src/combustion/NoxThermalPromptFuel.hpp:12; src/cad/Booleans.hpp:4
OF-PG	A.2 Algebraic tensor operations	A.2.6 Other general tensor operations	other	present	src/combustion/NoxThermalPromptFuel.hpp:12; src/cad/Booleans.hpp:4; src/dynamics/SixDof.hpp:40
OF-PG	A.2 Algebraic tensor operations	A.2.7 Geometric transformation and the identity tensor	turbulence	present	src/cad/Tessellator.cpp:72; src/combustion/NoxThermalPromptFuel.hpp:12; src/meshing/BlockMeshDict.hpp:45
OF-PG	A.2 Algebraic tensor operations	A.2.8 Useful tensor identities	other	present	src/combustion/NoxThermalPromptFuel.hpp:12; src/cad/Booleans.hpp:4; src/acoustics/CurleAcoustics.hpp:26
OF-PG	A.2 Algebraic tensor operations	A.2.9 Operations exclusive to tensors of rank 2	other	present	src/porous/PorousMedia.hpp:47; src/combustion/NoxThermalPromptFuel.hpp:12; src/cad/Booleans.hpp:4
OF-PG	A.2 Algebraic tensor operations	A.2.10 Operations exclusive to scalars	other	present	src/combustion/NoxThermalPromptFuel.hpp:12; src/cad/Booleans.hpp:4; src/dynamics/SixDof.hpp:40
OF-PG	Index	Index	other	n/a	
OF-PG	Symbols	Symbols	other	partial	src/acoustics/FwhSurface.hpp:22
OF-PG	A	A	other	n/a	
OF-PG	B	B	other	n/a	
OF-PG	C	C	other	n/a	
OF-PG	D	D	other	n/a	
OF-PG	E	E	other	n/a	
OF-PG	F	F	other	n/a	
OF-PG	G	G	other	n/a	
OF-PG	I	I	other	n/a	
OF-PG	K	K	other	n/a	
OF-PG	L	L	other	n/a	
OF-PG	M	M	other	n/a	
OF-PG	N	N	other	n/a	
OF-PG	O	O	other	n/a	
OF-PG	P	P	other	n/a	
OF-PG	S	S	other	n/a	
OF-PG	T	T	other	n/a	
OF-PG	U	U	other	n/a	
OF-PG	V	V	other	n/a	
OF-PG	W	W	other	n/a	
