source	chapter	feature	area	our_status	tier	citations
Fluent-TG	Table of Contents	1.4.2. Creating a Fluent Fluid Flow Analysis System in ANSYS Workbench	ui	partial	T1	src/gpu/GpuKernels.cpp:331
Fluent-TG	Table of Contents	1.4.3. Creating the Geometry in ANSYS DesignModeler	geometry	absent	T1	
Fluent-TG	Table of Contents	1.4.4. Meshing the Geometry in the ANSYS Meshing Application	geometry	absent	T1	
Fluent-TG	Table of Contents	1.4.5. Setting Up the CFD Simulation in ANSYS Fluent	other	partial	T3	src/core/Command.hpp:7
Fluent-TG	Table of Contents	1.4.5.1. Starting ANSYS Fluent	other	partial	T3	src/combustion/ChemkinParser.cpp:55
Fluent-TG	Table of Contents	1.4.5.2. Setting Up Domain	other	partial	T3	src/core/Command.hpp:7
Fluent-TG	Table of Contents	1.4.5.3. Setting Up Physics	other	partial	T3	src/core/Command.hpp:7; src/combustion/LaminarFiniteRate.cpp:110
Fluent-TG	Table of Contents	1.4.6. Solving	other	partial	T3	src/gui/MainWindow.cpp:193
Fluent-TG	Table of Contents	1.4.7. Displaying Results in ANSYS Fluent and CFD-Post	other	partial	T3	src/acoustics/CurleAcoustics.hpp:26
Fluent-TG	Table of Contents	1.4.8. Duplicating the Fluent-Based Fluid Flow Analysis System	other	partial	T3	src/cad/ShapeHandleInternal.hpp:11; src/gpu/GpuKernels.cpp:331
Fluent-TG	Table of Contents	1.4.9. Changing the Geometry in ANSYS DesignModeler	geometry	partial	T1	src/meshing/MeshOps.hpp:25
Fluent-TG	Table of Contents	1.4.10. Updating the Mesh in the ANSYS Meshing Application	mesh	absent	T1	
Fluent-TG	Table of Contents	1.4.12. Comparing the Results of Both Systems in CFD-Post	other	partial	T3	src/acoustics/CurleAcoustics.hpp:26
Fluent-TG	Table of Contents	2.4.2. Adding Constraints to ANSYS DesignModeler Parameters in ANSYS Workbench	scripting	partial	T1	src/amr/AdaptiveRefinement.hpp:9
Fluent-TG	Table of Contents	2.4.3. Setting Up the CFD Simulation in ANSYS Fluent	other	partial	T3	src/core/Command.hpp:7
Fluent-TG	Table of Contents	2.4.3.1. Starting ANSYS Fluent	other	partial	T3	src/combustion/ChemkinParser.cpp:55
Fluent-TG	Table of Contents	2.4.3.2. Setting Up Physics	other	partial	T3	src/core/Command.hpp:7; src/combustion/LaminarFiniteRate.cpp:110
Fluent-TG	Table of Contents	2.4.5. Solving	other	partial	T3	src/gui/MainWindow.cpp:193
Fluent-TG	Table of Contents	2.4.7. Creating Additional Design Points in ANSYS Workbench	ui	partial	T1	src/turbulence/GammaReThetaTransition.hpp:5; src/adjoint/ContinuousAdjoint.hpp:16
Fluent-TG	Table of Contents	3.4. Setup and Solution in Serial	other	partial	T3	src/gpu/CgGpu.hpp:35
Fluent-TG	Table of Contents	3.4.3. Reading the Mesh	mesh	partial	T1	src/io/MeshFormats.hpp:7
Fluent-TG	Table of Contents	3.4.4. Setting Up Domain	other	partial	T3	src/core/Command.hpp:7
Fluent-TG	Table of Contents	3.4.5. Setting Up Physics	other	partial	T3	src/core/Command.hpp:7; src/combustion/LaminarFiniteRate.cpp:110
Fluent-TG	Table of Contents	3.4.6. Solving	other	partial	T3	src/gui/MainWindow.cpp:193
Fluent-TG	Table of Contents	3.4.8. Using the Coupled Solver	solver	partial	T2	src/gui/DiagnosticsPanel.cpp:59
Fluent-TG	Table of Contents	3.4.9. Adapting the Mesh	mesh	partial	T1	src/turbulence/Wale.hpp:4
Fluent-TG	Table of Contents	3.5. Setup and Solution in Parallel	parallel	absent	T1	
Fluent-TG	Table of Contents	3.5.1. Starting the Parallel Version of ANSYS Fluent	parallel	partial	T1	src/combustion/ChemkinParser.cpp:55
Fluent-TG	Table of Contents	3.5.1.1. Multiprocessor Machine	other	partial	T3	src/io/GmshReader.cpp:8
Fluent-TG	Table of Contents	3.5.2. Reading and Partitioning the Mesh	mesh	partial	T1	src/io/MeshFormats.hpp:7; src/meshing/PartitionerMetis.cpp:57
Fluent-TG	Table of Contents	3.5.4. Checking Parallel Performance	parallel	partial	T1	src/gpu/GpuKernels.cpp:258
Fluent-TG	Table of Contents	4.4.6. Cell Zone Conditions	other	partial	T3	src/core/BoundaryConditionRegistry.hpp:9
Fluent-TG	Table of Contents	4.4.7. Periodic Conditions	bc	partial	T1	src/core/BoundaryConditionRegistry.hpp:10; src/core/BoundaryConditionRegistry.hpp:9
Fluent-TG	Table of Contents	4.4.8. Boundary Conditions	bc	partial	T1	src/core/BoundaryConditionRegistry.hpp:9
Fluent-TG	Table of Contents	5.4.3. Solver	solver	absent	T1	
Fluent-TG	Table of Contents	5.4.6. Boundary Conditions	bc	partial	T1	src/core/BoundaryConditionRegistry.hpp:9
Fluent-TG	Table of Contents	5.4.7. Operating Conditions	other	partial	T3	src/gpu/GpuKernels.hpp:6; src/core/BoundaryConditionRegistry.hpp:9
Fluent-TG	Table of Contents	6.4.2. Reading and Checking the Mesh	mesh	partial	T1	src/io/MeshFormats.hpp:7
Fluent-TG	Table of Contents	6.4.3. Solver and Analysis Type	solver	partial	T1	src/gpu/GpuKernels.cpp:331
Fluent-TG	Table of Contents	6.4.6. Operating Conditions	other	partial	T3	src/gpu/GpuKernels.hpp:6; src/core/BoundaryConditionRegistry.hpp:9
Fluent-TG	Table of Contents	6.4.7. Boundary Conditions	bc	partial	T1	src/core/BoundaryConditionRegistry.hpp:9
Fluent-TG	Table of Contents	6.4.8. Solution: Steady Flow	other	partial	T3	src/adjoint/DiscreteAdjoint.hpp:6
Fluent-TG	Table of Contents	6.4.10. Specifying Solution Parameters for Transient Flow and Solving	turbulence	partial	T2	src/gui/MainWindow.cpp:193; src/gui/Dialogs.cpp:394
Fluent-TG	Table of Contents	6.4.11. Saving and Postprocessing Time-Dependent Data Sets	postprocessing	partial	T1	src/core/TaskGraph.hpp:14; src/io/CgnsWriter.cpp:14
Fluent-TG	Table of Contents	7.4.2. Reading and Checking the Mesh	mesh	partial	T1	src/io/MeshFormats.hpp:7
Fluent-TG	Table of Contents	7.4.3. Solver and Analysis Type	solver	partial	T1	src/gpu/GpuKernels.cpp:331
Fluent-TG	Table of Contents	7.4.5. Defining the Materials	materials	absent	T1	
Fluent-TG	Table of Contents	7.4.6. Operating Conditions	other	partial	T3	src/gpu/GpuKernels.hpp:6; src/core/BoundaryConditionRegistry.hpp:9
Fluent-TG	Table of Contents	7.4.7. Boundary Conditions	bc	partial	T1	src/core/BoundaryConditionRegistry.hpp:9
Fluent-TG	Table of Contents	8.4.6. Cell Zone Conditions	other	partial	T3	src/core/BoundaryConditionRegistry.hpp:9
Fluent-TG	Table of Contents	8.4.7. Boundary Conditions	bc	partial	T1	src/core/BoundaryConditionRegistry.hpp:9
Fluent-TG	Table of Contents	9.4.6. Cell Zone Conditions	other	partial	T3	src/core/BoundaryConditionRegistry.hpp:9
Fluent-TG	Table of Contents	9.4.7. Boundary Conditions	bc	partial	T1	src/core/BoundaryConditionRegistry.hpp:9
Fluent-TG	Table of Contents	9.4.8. Solution Using the Standard k- ε Model	other	partial	T3	src/acoustics/CurleAcoustics.cpp:29
Fluent-TG	Table of Contents	9.4.9. Postprocessing for the Standard k- ε Solution	postprocessing	partial	T1	src/core/TaskGraph.hpp:14; src/acoustics/CurleAcoustics.cpp:29
Fluent-TG	Table of Contents	9.4.11. Postprocessing for the RNG k- ε Solution	postprocessing	partial	T1	src/core/TaskGraph.hpp:14
Fluent-TG	Table of Contents	10.4.3. Specifying Solver and Analysis Type	solver	partial	T1	src/gpu/GpuKernels.cpp:331
Fluent-TG	Table of Contents	10.4.5. Specifying Materials	materials	absent	T1	
Fluent-TG	Table of Contents	10.4.6. Specifying Cell Zone Conditions	other	partial	T3	src/core/BoundaryConditionRegistry.hpp:9
Fluent-TG	Table of Contents	10.4.7. Setting Boundary Conditions	bc	partial	T1	src/core/Command.hpp:7; src/core/BoundaryConditionRegistry.hpp:9
Fluent-TG	Table of Contents	10.4.8. Defining Mesh Interfaces	mesh	partial	T1	src/gui/Dialogs.cpp:232
Fluent-TG	Table of Contents	11.4.6. Cell Zone Conditions	other	partial	T3	src/core/BoundaryConditionRegistry.hpp:9
Fluent-TG	Table of Contents	11.4.7. Boundary Conditions	bc	partial	T1	src/core/BoundaryConditionRegistry.hpp:9
Fluent-TG	Table of Contents	11.4.8. Operating Conditions	other	partial	T3	src/gpu/GpuKernels.hpp:6; src/core/BoundaryConditionRegistry.hpp:9
Fluent-TG	Table of Contents	11.4.9. Mesh Interfaces	mesh	partial	T1	src/gui/Dialogs.cpp:232
Fluent-TG	Table of Contents	12.4.6. Boundary Conditions	bc	partial	T1	src/core/BoundaryConditionRegistry.hpp:9
Fluent-TG	Table of Contents	12.4.7. Solution: Steady Flow	other	partial	T3	src/adjoint/DiscreteAdjoint.hpp:6
Fluent-TG	Table of Contents	12.4.8. Time-Dependent Solution Setup	other	partial	T3	src/io/CgnsWriter.cpp:14
Fluent-TG	Table of Contents	12.4.9. Mesh Motion	mesh	partial	T1	src/acoustics/FwhSurface.cpp:116
Fluent-TG	Table of Contents	13.4. Background	other	partial	T3	src/amr/RefinementApplier.hpp:6
Fluent-TG	Table of Contents	13.5.6. Boundary Conditions	bc	partial	T1	src/core/BoundaryConditionRegistry.hpp:9
Fluent-TG	Table of Contents	13.5.7. Initial Reaction Solution	combustion	partial	T2	src/core/ThreadPool.cpp:57; src/combustion/CanteraParser.hpp:11
Fluent-TG	Table of Contents	13.5.9. NOx Prediction	combustion	absent	T2	
Fluent-TG	Table of Contents	14.4.2. Reading and Checking the Mesh	mesh	partial	T1	src/io/MeshFormats.hpp:7
Fluent-TG	Table of Contents	14.4.3. Specifying Solver and Analysis Type	solver	partial	T1	src/gpu/GpuKernels.cpp:331
Fluent-TG	Table of Contents	14.4.5. Defining Materials and Properties	materials	partial	T1	src/cad/CMakeLists.txt:42
Fluent-TG	Table of Contents	14.4.6. Specifying Boundary Conditions	bc	partial	T1	src/core/BoundaryConditionRegistry.hpp:9
Fluent-TG	Table of Contents	14.4.7. Specifying Operating Conditions	other	partial	T3	src/gpu/GpuKernels.hpp:6; src/core/BoundaryConditionRegistry.hpp:9
Fluent-TG	Table of Contents	14.4.8. Obtaining Solution	other	absent	T3	
Fluent-TG	Table of Contents	14.4.10. Energy Balances Reporting	other	partial	T3	src/gpu/BicgstabGpu.hpp:7; src/cad/Tessellator.hpp:16
Fluent-TG	Table of Contents	15.4.2. Reading and Checking the Mesh	mesh	partial	T1	src/io/MeshFormats.hpp:7
Fluent-TG	Table of Contents	15.4.3. Solver and Analysis Type	solver	partial	T1	src/gpu/GpuKernels.cpp:331
Fluent-TG	Table of Contents	15.4.5. Defining Materials and Properties	materials	partial	T1	src/cad/CMakeLists.txt:42
Fluent-TG	Table of Contents	15.4.6. Specifying Boundary Conditions	bc	partial	T1	src/core/BoundaryConditionRegistry.hpp:9
Fluent-TG	Table of Contents	15.4.8. Simulating Non-Reacting Flow	other	absent	T3	
Fluent-TG	Table of Contents	15.4.9. Simulating Reacting Flow	other	absent	T3	
Fluent-TG	Table of Contents	15.4.10. Postprocessing the Solution Results	postprocessing	partial	T1	src/core/TaskGraph.hpp:14
Fluent-TG	Table of Contents	16.4.3. Solver	solver	absent	T1	
Fluent-TG	Table of Contents	16.4.6. Boundary Conditions	bc	partial	T1	src/core/BoundaryConditionRegistry.hpp:9
Fluent-TG	Table of Contents	16.4.7. Initial Solution Without Droplets	other	partial	T3	src/multiphase/DriftFlux.hpp:5; src/core/ThreadPool.cpp:57
Fluent-TG	Table of Contents	16.4.8. Creating a Spray Injection	other	partial	T2	src/multiphase/Multiphase.hpp:5; src/core/ServiceLocator.hpp:12
Fluent-TG	Table of Contents	17.4.2. Reading and Manipulating the Mesh	mesh	partial	T1	src/io/MeshFormats.hpp:7
Fluent-TG	Table of Contents	17.4.6. Phases	other	partial	T3	src/combustion/CanteraParser.cpp:143
Fluent-TG	Table of Contents	17.4.7. Operating Conditions	other	partial	T3	src/gpu/GpuKernels.hpp:6; src/core/BoundaryConditionRegistry.hpp:9
Fluent-TG	Table of Contents	17.4.8. User-Defined Function (UDF)	other	absent	T3	
Fluent-TG	Table of Contents	17.4.9. Boundary Conditions	bc	partial	T1	src/core/BoundaryConditionRegistry.hpp:9
Fluent-TG	Table of Contents	18.4.2. Reading and Checking the Mesh	mesh	partial	T1	src/io/MeshFormats.hpp:7
Fluent-TG	Table of Contents	18.4.3. Solver Settings	solver	absent	T1	
Fluent-TG	Table of Contents	18.4.6. Phases	other	partial	T3	src/combustion/CanteraParser.cpp:143
Fluent-TG	Table of Contents	18.4.7. Boundary Conditions	bc	partial	T1	src/core/BoundaryConditionRegistry.hpp:9
Fluent-TG	Table of Contents	18.4.8. Operating Conditions	other	partial	T3	src/gpu/GpuKernels.hpp:6; src/core/BoundaryConditionRegistry.hpp:9
Fluent-TG	Table of Contents	19.4.6. Phases	other	partial	T3	src/combustion/CanteraParser.cpp:143
Fluent-TG	Table of Contents	19.4.7. Boundary Conditions	bc	partial	T1	src/core/BoundaryConditionRegistry.hpp:9
Fluent-TG	Table of Contents	19.4.8. Operating Conditions	other	partial	T3	src/gpu/GpuKernels.hpp:6; src/core/BoundaryConditionRegistry.hpp:9
Fluent-TG	Table of Contents	19.4.9. Solution Using the Mixture Model	multiphase	partial	T2	src/combustion/FgmFlamelet.hpp:7
Fluent-TG	Table of Contents	19.4.10. Postprocessing for the Mixture Solution	postprocessing	partial	T1	src/core/TaskGraph.hpp:14; src/combustion/FgmFlamelet.hpp:7
Fluent-TG	Table of Contents	19.4.11. Higher Order Solution using the Mixture Model	multiphase	partial	T2	src/amr/AmrApplier.cpp:42; src/combustion/FgmFlamelet.hpp:7
Fluent-TG	Table of Contents	19.4.12. Setup and Solution for the Eulerian Model	multiphase	partial	T2	src/ibm/DirectForcingIbm.hpp:9
Fluent-TG	Table of Contents	19.4.13. Postprocessing for the Eulerian Model	multiphase	partial	T2	src/core/TaskGraph.hpp:14; src/ibm/DirectForcingIbm.hpp:9
Fluent-TG	Table of Contents	20.4.2. Reading and Checking the Mesh	mesh	partial	T1	src/io/MeshFormats.hpp:7
Fluent-TG	Table of Contents	20.4.3. Specifying Solver and Analysis Type	solver	partial	T1	src/gpu/GpuKernels.cpp:331
Fluent-TG	Table of Contents	20.4.5. Defining Materials	materials	absent	T1	
Fluent-TG	Table of Contents	20.4.6. Setting the Cell Zone Conditions	other	partial	T3	src/core/Command.hpp:7; src/core/BoundaryConditionRegistry.hpp:9
Fluent-TG	Table of Contents	20.4.7. Setting the Boundary Conditions	bc	partial	T1	src/core/Command.hpp:7; src/core/BoundaryConditionRegistry.hpp:9
Fluent-TG	Table of Contents	20.4.8. Solution: Steady Conduction	other	partial	T3	src/emag/AvFormulation.hpp:48; src/adjoint/DiscreteAdjoint.hpp:6
Fluent-TG	Table of Contents	20.4.9. Solution: Transient Flow and Heat Transfer	turbulence	partial	T2	src/gui/Dialogs.cpp:394; src/cad/IgesReader.cpp:45
Fluent-TG	Table of Contents	21.4.3. Solver Settings	solver	absent	T1	
Fluent-TG	Table of Contents	21.4.7. Phases	other	partial	T3	src/combustion/CanteraParser.cpp:143
Fluent-TG	Table of Contents	21.4.8. Boundary Conditions	bc	partial	T1	src/core/BoundaryConditionRegistry.hpp:9
Fluent-TG	Table of Contents	22.4.2. Reading the Mesh	mesh	partial	T1	src/io/MeshFormats.hpp:7
Fluent-TG	Table of Contents	22.4.3. Manipulating the Mesh in the Viewer	mesh	partial	T1	src/gui/ResidualPlot.hpp:6
Fluent-TG	Table of Contents	22.4.4. Adding Lights	other	absent	T3	
Fluent-TG	Table of Contents	22.4.5. Creating Isosurfaces	postprocessing	absent	T1	
Fluent-TG	Table of Contents	22.4.6. Generating Contours	postprocessing	partial	T1	src/gui/RibbonContent.cpp:97
Fluent-TG	Table of Contents	22.4.7. Generating Velocity Vectors	other	partial	T3	src/gpu/BicgstabGpu.hpp:68
Fluent-TG	Table of Contents	22.4.8. Creating an Animation	postprocessing	partial	T1	src/gui/RibbonContent.cpp:104
Fluent-TG	Table of Contents	22.4.9. Displaying Pathlines	postprocessing	absent	T1	
Fluent-TG	Table of Contents	22.4.12. Creating Exploded Views	other	partial	T3	src/gpu/GpuKernels.cpp:45
Fluent-TG	Table of Contents	22.4.14. Generating XY Plots	other	partial	T3	src/gui/ResidualPlot.hpp:7
Fluent-TG	Table of Contents	22.4.15. Creating Annotation	other	partial	T3	src/visualization/Annotation.cpp:3
Fluent-TG	Table of Contents	22.4.16. Saving Picture Files	other	absent	T3	
Fluent-TG	Table of Contents	22.4.17. Generating Volume Integral Reports	other	partial	T1	src/cad/Defeaturing.cpp:11; src/acoustics/CurleAcoustics.cpp:29
Fluent-TG	Table of Contents	23.4.5.1. Boundary Condition Sensitivity	bc	partial	T1	src/adjoint/ContinuousAdjoint.cpp:20; src/core/BoundaryConditionRegistry.hpp:13
Fluent-TG	Table of Contents	23.4.5.2. Momentum Source Sensitivity	other	partial	T3	src/adjoint/ContinuousAdjoint.cpp:20
Fluent-TG	Table of Contents	23.4.5.3. Shape Sensitivity	other	partial	T3	src/adjoint/ContinuousAdjoint.cpp:20
Fluent-TG	Table of Contents	23.4.5.4. Exporting Drag Sensitivity Data	other	partial	T1	src/adjoint/ContinuousAdjoint.cpp:20; src/adjoint/DiscreteAdjoint.hpp:8
Fluent-TG	Table of Contents	24.4.2. Reading and Scaling the Mesh	mesh	partial	T1	src/io/MeshFormats.hpp:7; src/combustion/EddyDissipationConcept.hpp:39
Fluent-TG	Table of Contents	24.4.3. Loading the MSMD battery Add-on	other	partial	T3	src/acoustics/FwhSurface.cpp:147
Fluent-TG	Table of Contents	24.4.4. NTGK Battery Model Setup	other	absent	T3	
Fluent-TG	Table of Contents	24.4.4.1. Specifying Solver and Models	solver	absent	T1	
Fluent-TG	Table of Contents	24.4.4.2. Defining New Materials for Cell and Tabs	materials	absent	T1	
Fluent-TG	Table of Contents	24.4.4.3. Defining Cell Zone Conditions	other	partial	T3	src/core/BoundaryConditionRegistry.hpp:9
Fluent-TG	Table of Contents	24.4.4.4. Defining Boundary Conditions	bc	partial	T1	src/core/BoundaryConditionRegistry.hpp:9
Fluent-TG	Table of Contents	24.4.4.6. Obtaining Solution	other	absent	T3	
Fluent-TG	Table of Contents	24.4.6. Simulating the Battery Pulse Discharge Using the ECM Model	other	partial	T3	src/particles/BlobInjector.hpp:11
Fluent-TG	Table of Contents	24.4.7. Using the Reduced Order Method (ROM)	other	partial	T3	src/rom/EcswHyperReduction.hpp:21
Fluent-TG	Table of Contents	25.4.2. Reading and Scaling the Mesh	mesh	partial	T1	src/io/MeshFormats.hpp:7; src/combustion/EddyDissipationConcept.hpp:39
Fluent-TG	Table of Contents	25.4.3. Loading the MSMD battery Add-on	other	partial	T3	src/acoustics/FwhSurface.cpp:147
Fluent-TG	Table of Contents	25.4.4. Battery Model Setup	other	absent	T3	
Fluent-TG	Table of Contents	25.4.4.1. Specifying Solver and Models	solver	absent	T1	
Fluent-TG	Table of Contents	25.4.4.2. Defining New Materials	materials	absent	T1	
Fluent-TG	Table of Contents	25.4.4.3. Defining Cell Zone Conditions	other	partial	T3	src/core/BoundaryConditionRegistry.hpp:9
Fluent-TG	Table of Contents	25.4.4.4. Defining Boundary Conditions	bc	partial	T1	src/core/BoundaryConditionRegistry.hpp:9
Fluent-TG	Table of Contents	25.4.4.6. Obtaining Solution	other	absent	T3	
Fluent-TG	Using This Manual	Iso-Surface dialog box	postprocessing	partial	T1	src/gui/Dialogs.hpp:5
Fluent-TG	Chapter 1: Introduction to Using ANSYS Fluent in ANSYS Workbench: Fluid Flow and Heat Transfer in a Mixing Elbow	Chapter 1: Introduction to Using ANSYS Fluent in ANSYS Workbench: Fluid Flow and Heat Transfer in a Mixing Elbow	turbulence	partial	T2	src/combustion/EddyDissipationConcept.cpp:71; src/cad/IgesReader.cpp:45
Fluent-TG	Chapter 1: Introduction to Using ANSYS Fluent in ANSYS Workbench: Fluid Flow and Heat Transfer in a Mixing Elbow	Fluid Flow and Heat Transfer in a Mixing Elbow	turbulence	partial	T2	src/combustion/EddyDissipationConcept.cpp:71; src/cad/IgesReader.cpp:45
Fluent-TG	Chapter 1: Introduction to Using ANSYS Fluent in ANSYS Workbench: Fluid Flow and Heat Transfer in a Mixing Elbow	1.4. Setup and Solution	turbulence	partial	T2	src/combustion/EddyDissipationConcept.cpp:71; src/cad/IgesReader.cpp:45
Fluent-TG	Chapter 1: Introduction to Using ANSYS Fluent in ANSYS Workbench: Fluid Flow and Heat Transfer in a Mixing Elbow	1.4. Setup and Solution	turbulence	partial	T2	src/combustion/EddyDissipationConcept.cpp:71; src/cad/IgesReader.cpp:45
Fluent-TG	Chapter 1: Introduction to Using ANSYS Fluent in ANSYS Workbench: Fluid Flow and Heat Transfer in a Mixing Elbow	1.4.3. Creating the Geometry in ANSYS DesignModeler	geometry	partial	T1	src/combustion/EddyDissipationConcept.cpp:71; src/cad/IgesReader.cpp:45
Fluent-TG	Chapter 1: Introduction to Using ANSYS Fluent in ANSYS Workbench: Fluid Flow and Heat Transfer in a Mixing Elbow	1.4.4. Meshing the Geometry in the ANSYS Meshing Application	geometry	partial	T1	src/combustion/EddyDissipationConcept.cpp:71; src/cad/IgesReader.cpp:45
Fluent-TG	Chapter 1: Introduction to Using ANSYS Fluent in ANSYS Workbench: Fluid Flow and Heat Transfer in a Mixing Elbow	1.4.10. Updating the Mesh in the ANSYS Meshing Application	mesh	partial	T1	src/combustion/EddyDissipationConcept.cpp:71; src/cad/IgesReader.cpp:45
Fluent-TG	Chapter 1: Introduction to Using ANSYS Fluent in ANSYS Workbench: Fluid Flow and Heat Transfer in a Mixing Elbow	Transfer in a Mixing Elbow	turbulence	partial	T2	src/combustion/EddyDissipationConcept.cpp:71; src/cad/IgesReader.cpp:45
Fluent-TG	Chapter 1: Introduction to Using ANSYS Fluent in ANSYS Workbench: Fluid Flow and Heat Transfer in a Mixing Elbow	1.4.3. Creating the Geometry in ANSYS DesignModeler	geometry	partial	T1	src/combustion/EddyDissipationConcept.cpp:71; src/cad/IgesReader.cpp:45
Fluent-TG	Chapter 1: Introduction to Using ANSYS Fluent in ANSYS Workbench: Fluid Flow and Heat Transfer in a Mixing Elbow	Transfer in a Mixing Elbow	turbulence	partial	T2	src/combustion/EddyDissipationConcept.cpp:71; src/cad/IgesReader.cpp:45
Fluent-TG	Chapter 1: Introduction to Using ANSYS Fluent in ANSYS Workbench: Fluid Flow and Heat Transfer in a Mixing Elbow	Transfer in a Mixing Elbow	turbulence	partial	T2	src/combustion/EddyDissipationConcept.cpp:71; src/cad/IgesReader.cpp:45
Fluent-TG	Chapter 1: Introduction to Using ANSYS Fluent in ANSYS Workbench: Fluid Flow and Heat Transfer in a Mixing Elbow	1.4.4. Meshing the Geometry in the ANSYS Meshing Application	geometry	partial	T1	src/combustion/EddyDissipationConcept.cpp:71; src/cad/IgesReader.cpp:45
Fluent-TG	Chapter 1: Introduction to Using ANSYS Fluent in ANSYS Workbench: Fluid Flow and Heat Transfer in a Mixing Elbow	Transfer in a Mixing Elbow	turbulence	partial	T2	src/combustion/EddyDissipationConcept.cpp:71; src/cad/IgesReader.cpp:45
Fluent-TG	Chapter 1: Introduction to Using ANSYS Fluent in ANSYS Workbench: Fluid Flow and Heat Transfer in a Mixing Elbow	Transfer in a Mixing Elbow	turbulence	partial	T2	src/combustion/EddyDissipationConcept.cpp:71; src/cad/IgesReader.cpp:45
Fluent-TG	Chapter 1: Introduction to Using ANSYS Fluent in ANSYS Workbench: Fluid Flow and Heat Transfer in a Mixing Elbow	Transfer in a Mixing Elbow	turbulence	partial	T2	src/combustion/EddyDissipationConcept.cpp:71; src/cad/IgesReader.cpp:45
Fluent-TG	Chapter 1: Introduction to Using ANSYS Fluent in ANSYS Workbench: Fluid Flow and Heat Transfer in a Mixing Elbow	Transfer in a Mixing Elbow	turbulence	partial	T2	src/combustion/EddyDissipationConcept.cpp:71; src/cad/IgesReader.cpp:45
Fluent-TG	Chapter 1: Introduction to Using ANSYS Fluent in ANSYS Workbench: Fluid Flow and Heat Transfer in a Mixing Elbow	Transfer in a Mixing Elbow	turbulence	partial	T2	src/combustion/EddyDissipationConcept.cpp:71; src/cad/IgesReader.cpp:45
Fluent-TG	Chapter 1: Introduction to Using ANSYS Fluent in ANSYS Workbench: Fluid Flow and Heat Transfer in a Mixing Elbow	Transfer in a Mixing Elbow	turbulence	partial	T2	src/combustion/EddyDissipationConcept.cpp:71; src/cad/IgesReader.cpp:45
Fluent-TG	Chapter 1: Introduction to Using ANSYS Fluent in ANSYS Workbench: Fluid Flow and Heat Transfer in a Mixing Elbow	Transfer in a Mixing Elbow	turbulence	partial	T2	src/combustion/EddyDissipationConcept.cpp:71; src/cad/IgesReader.cpp:45
Fluent-TG	Chapter 1: Introduction to Using ANSYS Fluent in ANSYS Workbench: Fluid Flow and Heat Transfer in a Mixing Elbow	Transfer in a Mixing Elbow	turbulence	partial	T2	src/combustion/EddyDissipationConcept.cpp:71; src/cad/IgesReader.cpp:45
Fluent-TG	Chapter 1: Introduction to Using ANSYS Fluent in ANSYS Workbench: Fluid Flow and Heat Transfer in a Mixing Elbow	Transfer in a Mixing Elbow	turbulence	partial	T2	src/combustion/EddyDissipationConcept.cpp:71; src/cad/IgesReader.cpp:45
Fluent-TG	Chapter 1: Introduction to Using ANSYS Fluent in ANSYS Workbench: Fluid Flow and Heat Transfer in a Mixing Elbow	Transfer in a Mixing Elbow	turbulence	partial	T2	src/combustion/EddyDissipationConcept.cpp:71; src/cad/IgesReader.cpp:45
Fluent-TG	Chapter 1: Introduction to Using ANSYS Fluent in ANSYS Workbench: Fluid Flow and Heat Transfer in a Mixing Elbow	Transfer in a Mixing Elbow	turbulence	partial	T2	src/combustion/EddyDissipationConcept.cpp:71; src/cad/IgesReader.cpp:45
Fluent-TG	Chapter 1: Introduction to Using ANSYS Fluent in ANSYS Workbench: Fluid Flow and Heat Transfer in a Mixing Elbow	Transfer in a Mixing Elbow	turbulence	partial	T2	src/combustion/EddyDissipationConcept.cpp:71; src/cad/IgesReader.cpp:45
Fluent-TG	Chapter 1: Introduction to Using ANSYS Fluent in ANSYS Workbench: Fluid Flow and Heat Transfer in a Mixing Elbow	Transfer in a Mixing Elbow	turbulence	partial	T2	src/combustion/EddyDissipationConcept.cpp:71; src/cad/IgesReader.cpp:45
Fluent-TG	Chapter 1: Introduction to Using ANSYS Fluent in ANSYS Workbench: Fluid Flow and Heat Transfer in a Mixing Elbow	Transfer in a Mixing Elbow	turbulence	partial	T2	src/combustion/EddyDissipationConcept.cpp:71; src/cad/IgesReader.cpp:45
Fluent-TG	Chapter 1: Introduction to Using ANSYS Fluent in ANSYS Workbench: Fluid Flow and Heat Transfer in a Mixing Elbow	1.4.10. Updating the Mesh in the ANSYS Meshing Application	mesh	partial	T1	src/combustion/EddyDissipationConcept.cpp:71; src/cad/IgesReader.cpp:45
Fluent-TG	Chapter 1: Introduction to Using ANSYS Fluent in ANSYS Workbench: Fluid Flow and Heat Transfer in a Mixing Elbow	Transfer in a Mixing Elbow	turbulence	partial	T2	src/combustion/EddyDissipationConcept.cpp:71; src/cad/IgesReader.cpp:45
Fluent-TG	Chapter 1: Introduction to Using ANSYS Fluent in ANSYS Workbench: Fluid Flow and Heat Transfer in a Mixing Elbow	Transfer in a Mixing Elbow	turbulence	partial	T2	src/combustion/EddyDissipationConcept.cpp:71; src/cad/IgesReader.cpp:45
Fluent-TG	Chapter 1: Introduction to Using ANSYS Fluent in ANSYS Workbench: Fluid Flow and Heat Transfer in a Mixing Elbow	Transfer in a Mixing Elbow	turbulence	partial	T2	src/combustion/EddyDissipationConcept.cpp:71; src/cad/IgesReader.cpp:45
Fluent-TG	Chapter 1: Introduction to Using ANSYS Fluent in ANSYS Workbench: Fluid Flow and Heat Transfer in a Mixing Elbow	Transfer in a Mixing Elbow	turbulence	partial	T2	src/combustion/EddyDissipationConcept.cpp:71; src/cad/IgesReader.cpp:45
Fluent-TG	Chapter 1: Introduction to Using ANSYS Fluent in ANSYS Workbench: Fluid Flow and Heat Transfer in a Mixing Elbow	Transfer in a Mixing Elbow	turbulence	partial	T2	src/combustion/EddyDissipationConcept.cpp:71; src/cad/IgesReader.cpp:45
Fluent-TG	Chapter 2: Parametric Analysis in ANSYS Workbench Using ANSYS Fluent	Chapter 2: Parametric Analysis in ANSYS Workbench Using ANSYS Fluent	ui	partial	T1	src/gpu/GpuKernels.cpp:331; src/io/GmshReader.cpp:417
Fluent-TG	Chapter 2: Parametric Analysis in ANSYS Workbench Using ANSYS Fluent	Fluent	ui	partial	T1	src/gpu/GpuKernels.cpp:331; src/io/GmshReader.cpp:417
Fluent-TG	Chapter 2: Parametric Analysis in ANSYS Workbench Using ANSYS Fluent	2.4. Setup and Solution	ui	partial	T1	src/gpu/GpuKernels.cpp:331; src/io/GmshReader.cpp:417
Fluent-TG	Chapter 2: Parametric Analysis in ANSYS Workbench Using ANSYS Fluent	Parametric Analysis in ANSYS Workbench Using ANSYS Fluent	ui	partial	T1	src/gpu/GpuKernels.cpp:331; src/io/GmshReader.cpp:417
Fluent-TG	Chapter 2: Parametric Analysis in ANSYS Workbench Using ANSYS Fluent	2.4. Setup and Solution	ui	partial	T1	src/gpu/GpuKernels.cpp:331; src/io/GmshReader.cpp:417
Fluent-TG	Chapter 2: Parametric Analysis in ANSYS Workbench Using ANSYS Fluent	2.4.4. Defining Input Parameters in ANSYS Fluent	scripting	partial	T1	src/gpu/GpuKernels.cpp:331; src/io/GmshReader.cpp:417
Fluent-TG	Chapter 2: Parametric Analysis in ANSYS Workbench Using ANSYS Fluent	Workbench	ui	partial	T1	src/gpu/GpuKernels.cpp:331; src/io/GmshReader.cpp:417
Fluent-TG	Chapter 2: Parametric Analysis in ANSYS Workbench Using ANSYS Fluent	Parametric Analysis in ANSYS Workbench Using ANSYS Fluent	ui	partial	T1	src/gpu/GpuKernels.cpp:331; src/io/GmshReader.cpp:417
Fluent-TG	Chapter 2: Parametric Analysis in ANSYS Workbench Using ANSYS Fluent	Parametric Analysis in ANSYS Workbench Using ANSYS Fluent	ui	partial	T1	src/gpu/GpuKernels.cpp:331; src/io/GmshReader.cpp:417
Fluent-TG	Chapter 2: Parametric Analysis in ANSYS Workbench Using ANSYS Fluent	Parametric Analysis in ANSYS Workbench Using ANSYS Fluent	ui	partial	T1	src/gpu/GpuKernels.cpp:331; src/io/GmshReader.cpp:417
Fluent-TG	Chapter 2: Parametric Analysis in ANSYS Workbench Using ANSYS Fluent	Parametric Analysis in ANSYS Workbench Using ANSYS Fluent	ui	partial	T1	src/gpu/GpuKernels.cpp:331; src/io/GmshReader.cpp:417
Fluent-TG	Chapter 2: Parametric Analysis in ANSYS Workbench Using ANSYS Fluent	Parametric Analysis in ANSYS Workbench Using ANSYS Fluent	ui	partial	T1	src/gpu/GpuKernels.cpp:331; src/io/GmshReader.cpp:417
Fluent-TG	Chapter 2: Parametric Analysis in ANSYS Workbench Using ANSYS Fluent	Parametric Analysis in ANSYS Workbench Using ANSYS Fluent	ui	partial	T1	src/gpu/GpuKernels.cpp:331; src/io/GmshReader.cpp:417
Fluent-TG	Chapter 2: Parametric Analysis in ANSYS Workbench Using ANSYS Fluent	2.4.4. Defining Input Parameters in ANSYS Fluent	scripting	partial	T1	src/gpu/GpuKernels.cpp:331; src/io/GmshReader.cpp:417
Fluent-TG	Chapter 2: Parametric Analysis in ANSYS Workbench Using ANSYS Fluent	Parametric Analysis in ANSYS Workbench Using ANSYS Fluent	ui	partial	T1	src/gpu/GpuKernels.cpp:331; src/io/GmshReader.cpp:417
Fluent-TG	Chapter 2: Parametric Analysis in ANSYS Workbench Using ANSYS Fluent	Parametric Analysis in ANSYS Workbench Using ANSYS Fluent	ui	partial	T1	src/gpu/GpuKernels.cpp:331; src/io/GmshReader.cpp:417
Fluent-TG	Chapter 2: Parametric Analysis in ANSYS Workbench Using ANSYS Fluent	Parametric Analysis in ANSYS Workbench Using ANSYS Fluent	ui	partial	T1	src/gpu/GpuKernels.cpp:331; src/io/GmshReader.cpp:417
Fluent-TG	Chapter 2: Parametric Analysis in ANSYS Workbench Using ANSYS Fluent	Parametric Analysis in ANSYS Workbench Using ANSYS Fluent	ui	partial	T1	src/gpu/GpuKernels.cpp:331; src/io/GmshReader.cpp:417
Fluent-TG	Chapter 2: Parametric Analysis in ANSYS Workbench Using ANSYS Fluent	Parametric Analysis in ANSYS Workbench Using ANSYS Fluent	ui	partial	T1	src/gpu/GpuKernels.cpp:331; src/io/GmshReader.cpp:417
Fluent-TG	Chapter 2: Parametric Analysis in ANSYS Workbench Using ANSYS Fluent	Parametric Analysis in ANSYS Workbench Using ANSYS Fluent	ui	partial	T1	src/gpu/GpuKernels.cpp:331; src/io/GmshReader.cpp:417
Fluent-TG	Chapter 2: Parametric Analysis in ANSYS Workbench Using ANSYS Fluent	Parametric Analysis in ANSYS Workbench Using ANSYS Fluent	ui	partial	T1	src/gpu/GpuKernels.cpp:331; src/io/GmshReader.cpp:417
Fluent-TG	Chapter 2: Parametric Analysis in ANSYS Workbench Using ANSYS Fluent	Parametric Analysis in ANSYS Workbench Using ANSYS Fluent	ui	partial	T1	src/gpu/GpuKernels.cpp:331; src/io/GmshReader.cpp:417
Fluent-TG	Chapter 3: Introduction to Using ANSYS Fluent: Fluid Flow and Heat Transfer in a Mixing Elbow	Chapter 3: Introduction to Using ANSYS Fluent: Fluid Flow and Heat Transfer in a Mixing Elbow	turbulence	partial	T2	src/combustion/EddyDissipationConcept.cpp:71; src/cad/IgesReader.cpp:45
Fluent-TG	Chapter 3: Introduction to Using ANSYS Fluent: Fluid Flow and Heat Transfer in a Mixing Elbow	Transfer in a Mixing Elbow	turbulence	partial	T2	src/combustion/EddyDissipationConcept.cpp:71; src/cad/IgesReader.cpp:45
Fluent-TG	Chapter 3: Introduction to Using ANSYS Fluent: Fluid Flow and Heat Transfer in a Mixing Elbow	3.5. Setup and Solution in Parallel	turbulence	partial	T1	src/combustion/EddyDissipationConcept.cpp:71; src/cad/IgesReader.cpp:45
Fluent-TG	Chapter 3: Introduction to Using ANSYS Fluent: Fluid Flow and Heat Transfer in a Mixing Elbow	3.5. Setup and Solution in Parallel	turbulence	partial	T1	src/combustion/EddyDissipationConcept.cpp:71; src/cad/IgesReader.cpp:45
Fluent-TG	Chapter 3: Introduction to Using ANSYS Fluent: Fluid Flow and Heat Transfer in a Mixing Elbow	Vendor	turbulence	partial	T2	src/combustion/EddyDissipationConcept.cpp:71; src/cad/IgesReader.cpp:45
Fluent-TG	Chapter 3: Introduction to Using ANSYS Fluent: Fluid Flow and Heat Transfer in a Mixing Elbow	Setup and Solution in Parallel	turbulence	partial	T1	src/combustion/EddyDissipationConcept.cpp:71; src/cad/IgesReader.cpp:45
Fluent-TG	Chapter 3: Introduction to Using ANSYS Fluent: Fluid Flow and Heat Transfer in a Mixing Elbow	P	turbulence	partial	T2	src/combustion/EddyDissipationConcept.cpp:71; src/cad/IgesReader.cpp:45
Fluent-TG	Chapter 3: Introduction to Using ANSYS Fluent: Fluid Flow and Heat Transfer in a Mixing Elbow	Total	turbulence	partial	T2	src/combustion/EddyDissipationConcept.cpp:71; src/cad/IgesReader.cpp:45
Fluent-TG	Chapter 3: Introduction to Using ANSYS Fluent: Fluid Flow and Heat Transfer in a Mixing Elbow	Face count	turbulence	partial	T2	src/combustion/EddyDissipationConcept.cpp:71; src/cad/IgesReader.cpp:45
Fluent-TG	Chapter 3: Introduction to Using ANSYS Fluent: Fluid Flow and Heat Transfer in a Mixing Elbow	3.5.3. Solution	turbulence	partial	T2	src/combustion/EddyDissipationConcept.cpp:71; src/cad/IgesReader.cpp:45
Fluent-TG	Chapter 3: Introduction to Using ANSYS Fluent: Fluid Flow and Heat Transfer in a Mixing Elbow	Setup and Solution in Parallel	turbulence	partial	T1	src/combustion/EddyDissipationConcept.cpp:71; src/cad/IgesReader.cpp:45
Fluent-TG	Chapter 4: Modeling Periodic Flow and Heat Transfer	Chapter 4: Modeling Periodic Flow and Heat Transfer	bc	partial	T1	src/core/BoundaryConditionRegistry.hpp:10; src/cad/IgesReader.cpp:45
Fluent-TG	Chapter 4: Modeling Periodic Flow and Heat Transfer	4.4. Setup and Solution	bc	partial	T1	src/core/BoundaryConditionRegistry.hpp:10; src/cad/IgesReader.cpp:45
Fluent-TG	Chapter 4: Modeling Periodic Flow and Heat Transfer	4.4. Setup and Solution	bc	partial	T1	src/core/BoundaryConditionRegistry.hpp:10; src/cad/IgesReader.cpp:45
Fluent-TG	Chapter 4: Modeling Periodic Flow and Heat Transfer	4.4.3. General Settings	bc	partial	T1	src/core/BoundaryConditionRegistry.hpp:10; src/cad/IgesReader.cpp:45
Fluent-TG	Chapter 4: Modeling Periodic Flow and Heat Transfer	4.4.4. Models	bc	partial	T1	src/core/BoundaryConditionRegistry.hpp:10; src/cad/IgesReader.cpp:45
Fluent-TG	Chapter 4: Modeling Periodic Flow and Heat Transfer	4.4.9. Solution	bc	partial	T1	src/core/BoundaryConditionRegistry.hpp:10; src/cad/IgesReader.cpp:45
Fluent-TG	Chapter 4: Modeling Periodic Flow and Heat Transfer	Modeling Periodic Flow and Heat Transfer	bc	partial	T1	src/core/BoundaryConditionRegistry.hpp:10; src/cad/IgesReader.cpp:45
Fluent-TG	Chapter 4: Modeling Periodic Flow and Heat Transfer	4.4.3. General Settings	bc	partial	T1	src/core/BoundaryConditionRegistry.hpp:10; src/cad/IgesReader.cpp:45
Fluent-TG	Chapter 4: Modeling Periodic Flow and Heat Transfer	4.4.4. Models	bc	partial	T1	src/core/BoundaryConditionRegistry.hpp:10; src/cad/IgesReader.cpp:45
Fluent-TG	Chapter 4: Modeling Periodic Flow and Heat Transfer	4.4.9. Solution	bc	partial	T1	src/core/BoundaryConditionRegistry.hpp:10; src/cad/IgesReader.cpp:45
Fluent-TG	Chapter 4: Modeling Periodic Flow and Heat Transfer	Modeling Periodic Flow and Heat Transfer	bc	partial	T1	src/core/BoundaryConditionRegistry.hpp:10; src/cad/IgesReader.cpp:45
Fluent-TG	Chapter 4: Modeling Periodic Flow and Heat Transfer	Modeling Periodic Flow and Heat Transfer	bc	partial	T1	src/core/BoundaryConditionRegistry.hpp:10; src/cad/IgesReader.cpp:45
Fluent-TG	Chapter 4: Modeling Periodic Flow and Heat Transfer	Modeling Periodic Flow and Heat Transfer	bc	partial	T1	src/core/BoundaryConditionRegistry.hpp:10; src/cad/IgesReader.cpp:45
Fluent-TG	Chapter 5: Modeling External Compressible Flow	Chapter 5: Modeling External Compressible Flow	other	partial	T2	src/io/ForcesReport.hpp:16; src/combustion/FgmFlamelet.hpp:46
Fluent-TG	Chapter 5: Modeling External Compressible Flow	5.4. Setup and Solution	other	partial	T2	src/io/ForcesReport.hpp:16; src/combustion/FgmFlamelet.hpp:46
Fluent-TG	Chapter 5: Modeling External Compressible Flow	(	other	partial	T2	src/io/ForcesReport.hpp:16; src/combustion/FgmFlamelet.hpp:46
Fluent-TG	Chapter 5: Modeling External Compressible Flow	(	other	partial	T2	src/io/ForcesReport.hpp:16; src/combustion/FgmFlamelet.hpp:46
Fluent-TG	Chapter 5: Modeling External Compressible Flow	5.4. Setup and Solution	other	partial	T2	src/io/ForcesReport.hpp:16; src/combustion/FgmFlamelet.hpp:46
Fluent-TG	Chapter 5: Modeling External Compressible Flow	5.4.3. Solver	solver	partial	T2	src/io/ForcesReport.hpp:16; src/combustion/FgmFlamelet.hpp:46
Fluent-TG	Chapter 5: Modeling External Compressible Flow	5.4.4. Models	other	partial	T2	src/io/ForcesReport.hpp:16; src/combustion/FgmFlamelet.hpp:46
Fluent-TG	Chapter 5: Modeling External Compressible Flow	5.4.8. Solution	other	partial	T2	src/io/ForcesReport.hpp:16; src/combustion/FgmFlamelet.hpp:46
Fluent-TG	Chapter 5: Modeling External Compressible Flow	Modeling External Compressible Flow	other	partial	T2	src/io/ForcesReport.hpp:16; src/combustion/FgmFlamelet.hpp:46
Fluent-TG	Chapter 5: Modeling External Compressible Flow	5.4.3. Solver	solver	partial	T2	src/io/ForcesReport.hpp:16; src/combustion/FgmFlamelet.hpp:46
Fluent-TG	Chapter 5: Modeling External Compressible Flow	Modeling External Compressible Flow	other	partial	T2	src/io/ForcesReport.hpp:16; src/combustion/FgmFlamelet.hpp:46
Fluent-TG	Chapter 5: Modeling External Compressible Flow	5.4.4. Models	other	partial	T2	src/io/ForcesReport.hpp:16; src/combustion/FgmFlamelet.hpp:46
Fluent-TG	Chapter 5: Modeling External Compressible Flow	Modeling External Compressible Flow	other	partial	T2	src/io/ForcesReport.hpp:16; src/combustion/FgmFlamelet.hpp:46
Fluent-TG	Chapter 5: Modeling External Compressible Flow	5.4.8. Solution	other	partial	T2	src/io/ForcesReport.hpp:16; src/combustion/FgmFlamelet.hpp:46
Fluent-TG	Chapter 5: Modeling External Compressible Flow	Modeling External Compressible Flow	other	partial	T2	src/io/ForcesReport.hpp:16; src/combustion/FgmFlamelet.hpp:46
Fluent-TG	Chapter 5: Modeling External Compressible Flow	Modeling External Compressible Flow	other	partial	T2	src/io/ForcesReport.hpp:16; src/combustion/FgmFlamelet.hpp:46
Fluent-TG	Chapter 5: Modeling External Compressible Flow	Modeling External Compressible Flow	other	partial	T2	src/io/ForcesReport.hpp:16; src/combustion/FgmFlamelet.hpp:46
Fluent-TG	Chapter 5: Modeling External Compressible Flow	Modeling External Compressible Flow	other	partial	T2	src/io/ForcesReport.hpp:16; src/combustion/FgmFlamelet.hpp:46
Fluent-TG	Chapter 5: Modeling External Compressible Flow	Modeling External Compressible Flow	other	partial	T2	src/io/ForcesReport.hpp:16; src/combustion/FgmFlamelet.hpp:46
Fluent-TG	Chapter 5: Modeling External Compressible Flow	Modeling External Compressible Flow	other	partial	T2	src/io/ForcesReport.hpp:16; src/combustion/FgmFlamelet.hpp:46
Fluent-TG	Chapter 5: Modeling External Compressible Flow	Modeling External Compressible Flow	other	partial	T2	src/io/ForcesReport.hpp:16; src/combustion/FgmFlamelet.hpp:46
Fluent-TG	Chapter 5: Modeling External Compressible Flow	Modeling External Compressible Flow	other	partial	T2	src/io/ForcesReport.hpp:16; src/combustion/FgmFlamelet.hpp:46
Fluent-TG	Chapter 5: Modeling External Compressible Flow	Modeling External Compressible Flow	other	partial	T2	src/io/ForcesReport.hpp:16; src/combustion/FgmFlamelet.hpp:46
Fluent-TG	Chapter 6: Modeling Transient Compressible Flow	Chapter 6: Modeling Transient Compressible Flow	turbulence	partial	T2	src/io/ForcesReport.hpp:16; src/gui/Dialogs.cpp:394
Fluent-TG	Chapter 6: Modeling Transient Compressible Flow	6.4. Setup and Solution	turbulence	partial	T2	src/io/ForcesReport.hpp:16; src/gui/Dialogs.cpp:394
Fluent-TG	Chapter 6: Modeling Transient Compressible Flow	6.4. Setup and Solution	turbulence	partial	T2	src/io/ForcesReport.hpp:16; src/gui/Dialogs.cpp:394
Fluent-TG	Chapter 6: Modeling Transient Compressible Flow	6.4.4. Models	turbulence	partial	T2	src/io/ForcesReport.hpp:16; src/gui/Dialogs.cpp:394
Fluent-TG	Chapter 6: Modeling Transient Compressible Flow	Modeling Transient Compressible Flow	turbulence	partial	T2	src/io/ForcesReport.hpp:16; src/gui/Dialogs.cpp:394
Fluent-TG	Chapter 6: Modeling Transient Compressible Flow	6.4.4. Models	turbulence	partial	T2	src/io/ForcesReport.hpp:16; src/gui/Dialogs.cpp:394
Fluent-TG	Chapter 6: Modeling Transient Compressible Flow	Modeling Transient Compressible Flow	turbulence	partial	T2	src/io/ForcesReport.hpp:16; src/gui/Dialogs.cpp:394
Fluent-TG	Chapter 6: Modeling Transient Compressible Flow	Modeling Transient Compressible Flow	turbulence	partial	T2	src/io/ForcesReport.hpp:16; src/gui/Dialogs.cpp:394
Fluent-TG	Chapter 6: Modeling Transient Compressible Flow	Modeling Transient Compressible Flow	turbulence	partial	T2	src/io/ForcesReport.hpp:16; src/gui/Dialogs.cpp:394
Fluent-TG	Chapter 6: Modeling Transient Compressible Flow	Modeling Transient Compressible Flow	turbulence	partial	T2	src/io/ForcesReport.hpp:16; src/gui/Dialogs.cpp:394
Fluent-TG	Chapter 6: Modeling Transient Compressible Flow	Modeling Transient Compressible Flow	turbulence	partial	T2	src/io/ForcesReport.hpp:16; src/gui/Dialogs.cpp:394
Fluent-TG	Chapter 6: Modeling Transient Compressible Flow	Modeling Transient Compressible Flow	turbulence	partial	T2	src/io/ForcesReport.hpp:16; src/gui/Dialogs.cpp:394
Fluent-TG	Chapter 6: Modeling Transient Compressible Flow	Modeling Transient Compressible Flow	turbulence	partial	T2	src/io/ForcesReport.hpp:16; src/gui/Dialogs.cpp:394
Fluent-TG	Chapter 6: Modeling Transient Compressible Flow	Modeling Transient Compressible Flow	turbulence	partial	T2	src/io/ForcesReport.hpp:16; src/gui/Dialogs.cpp:394
Fluent-TG	Chapter 6: Modeling Transient Compressible Flow	Modeling Transient Compressible Flow	turbulence	partial	T2	src/io/ForcesReport.hpp:16; src/gui/Dialogs.cpp:394
Fluent-TG	Chapter 6: Modeling Transient Compressible Flow	Modeling Transient Compressible Flow	turbulence	partial	T2	src/io/ForcesReport.hpp:16; src/gui/Dialogs.cpp:394
Fluent-TG	Chapter 7: Modeling Radiation and Natural Convection	Chapter 7: Modeling Radiation and Natural Convection	other	partial	T2	src/core/ThreadPool.cpp:57; src/combustion/TransportedPdf.hpp:10
Fluent-TG	Chapter 7: Modeling Radiation and Natural Convection	7.4. Setup and Solution	other	partial	T2	src/core/ThreadPool.cpp:57; src/combustion/TransportedPdf.hpp:10
Fluent-TG	Chapter 7: Modeling Radiation and Natural Convection	Modeling Radiation and Natural Convection	other	partial	T2	src/core/ThreadPool.cpp:57; src/combustion/TransportedPdf.hpp:10
Fluent-TG	Chapter 7: Modeling Radiation and Natural Convection	7.4. Setup and Solution	other	partial	T2	src/core/ThreadPool.cpp:57; src/combustion/TransportedPdf.hpp:10
Fluent-TG	Chapter 7: Modeling Radiation and Natural Convection	7.4.4. Models	other	partial	T2	src/core/ThreadPool.cpp:57; src/combustion/TransportedPdf.hpp:10
Fluent-TG	Chapter 7: Modeling Radiation and Natural Convection	7.4.5. Defining the Materials	materials	partial	T2	src/core/ThreadPool.cpp:57; src/combustion/TransportedPdf.hpp:10
Fluent-TG	Chapter 7: Modeling Radiation and Natural Convection	Modeling Radiation and Natural Convection	other	partial	T2	src/core/ThreadPool.cpp:57; src/combustion/TransportedPdf.hpp:10
Fluent-TG	Chapter 7: Modeling Radiation and Natural Convection	7.4.4. Models	other	partial	T2	src/core/ThreadPool.cpp:57; src/combustion/TransportedPdf.hpp:10
Fluent-TG	Chapter 7: Modeling Radiation and Natural Convection	Modeling Radiation and Natural Convection	other	partial	T2	src/core/ThreadPool.cpp:57; src/combustion/TransportedPdf.hpp:10
Fluent-TG	Chapter 7: Modeling Radiation and Natural Convection	7.4.5. Defining the Materials	materials	partial	T2	src/core/ThreadPool.cpp:57; src/combustion/TransportedPdf.hpp:10
Fluent-TG	Chapter 7: Modeling Radiation and Natural Convection	Modeling Radiation and Natural Convection	other	partial	T2	src/core/ThreadPool.cpp:57; src/combustion/TransportedPdf.hpp:10
Fluent-TG	Chapter 7: Modeling Radiation and Natural Convection	Modeling Radiation and Natural Convection	other	partial	T2	src/core/ThreadPool.cpp:57; src/combustion/TransportedPdf.hpp:10
Fluent-TG	Chapter 7: Modeling Radiation and Natural Convection	Modeling Radiation and Natural Convection	other	partial	T2	src/core/ThreadPool.cpp:57; src/combustion/TransportedPdf.hpp:10
Fluent-TG	Chapter 7: Modeling Radiation and Natural Convection	Modeling Radiation and Natural Convection	other	partial	T2	src/core/ThreadPool.cpp:57; src/combustion/TransportedPdf.hpp:10
Fluent-TG	Chapter 7: Modeling Radiation and Natural Convection	Modeling Radiation and Natural Convection	other	partial	T2	src/core/ThreadPool.cpp:57; src/combustion/TransportedPdf.hpp:10
Fluent-TG	Chapter 7: Modeling Radiation and Natural Convection	Modeling Radiation and Natural Convection	other	partial	T2	src/core/ThreadPool.cpp:57; src/combustion/TransportedPdf.hpp:10
Fluent-TG	Chapter 7: Modeling Radiation and Natural Convection	Modeling Radiation and Natural Convection	other	partial	T2	src/core/ThreadPool.cpp:57; src/combustion/TransportedPdf.hpp:10
Fluent-TG	Chapter 7: Modeling Radiation and Natural Convection	Modeling Radiation and Natural Convection	other	partial	T2	src/core/ThreadPool.cpp:57; src/combustion/TransportedPdf.hpp:10
Fluent-TG	Chapter 7: Modeling Radiation and Natural Convection	Modeling Radiation and Natural Convection	other	partial	T2	src/core/ThreadPool.cpp:57; src/combustion/TransportedPdf.hpp:10
Fluent-TG	Chapter 7: Modeling Radiation and Natural Convection	Modeling Radiation and Natural Convection	other	partial	T2	src/core/ThreadPool.cpp:57; src/combustion/TransportedPdf.hpp:10
Fluent-TG	Chapter 8: Modeling Flow Through Porous Media	Chapter 8: Modeling Flow Through Porous Media	other	partial	T2	src/emag/AvFormulation.hpp:7; src/gui/Dialogs.cpp:368
Fluent-TG	Chapter 8: Modeling Flow Through Porous Media	8.4. Setup and Solution	other	partial	T2	src/emag/AvFormulation.hpp:7; src/gui/Dialogs.cpp:368
Fluent-TG	Chapter 8: Modeling Flow Through Porous Media	8.4. Setup and Solution	other	partial	T2	src/emag/AvFormulation.hpp:7; src/gui/Dialogs.cpp:368
Fluent-TG	Chapter 8: Modeling Flow Through Porous Media	8.4.3. General Settings	other	partial	T2	src/emag/AvFormulation.hpp:7; src/gui/Dialogs.cpp:368
Fluent-TG	Chapter 8: Modeling Flow Through Porous Media	8.4.4. Models	other	partial	T2	src/emag/AvFormulation.hpp:7; src/gui/Dialogs.cpp:368
Fluent-TG	Chapter 8: Modeling Flow Through Porous Media	8.4.8. Solution	other	partial	T2	src/emag/AvFormulation.hpp:7; src/gui/Dialogs.cpp:368
Fluent-TG	Chapter 8: Modeling Flow Through Porous Media	Modeling Flow Through Porous Media	other	partial	T2	src/emag/AvFormulation.hpp:7; src/gui/Dialogs.cpp:368
Fluent-TG	Chapter 8: Modeling Flow Through Porous Media	8.4.3. General Settings	other	partial	T2	src/emag/AvFormulation.hpp:7; src/gui/Dialogs.cpp:368
Fluent-TG	Chapter 8: Modeling Flow Through Porous Media	8.4.4. Models	other	partial	T2	src/emag/AvFormulation.hpp:7; src/gui/Dialogs.cpp:368
Fluent-TG	Chapter 8: Modeling Flow Through Porous Media	Modeling Flow Through Porous Media	other	partial	T2	src/emag/AvFormulation.hpp:7; src/gui/Dialogs.cpp:368
Fluent-TG	Chapter 8: Modeling Flow Through Porous Media	Modeling Flow Through Porous Media	other	partial	T2	src/emag/AvFormulation.hpp:7; src/gui/Dialogs.cpp:368
Fluent-TG	Chapter 8: Modeling Flow Through Porous Media	8.4.8. Solution	other	partial	T2	src/emag/AvFormulation.hpp:7; src/gui/Dialogs.cpp:368
Fluent-TG	Chapter 8: Modeling Flow Through Porous Media	Modeling Flow Through Porous Media	other	partial	T2	src/emag/AvFormulation.hpp:7; src/gui/Dialogs.cpp:368
Fluent-TG	Chapter 8: Modeling Flow Through Porous Media	Modeling Flow Through Porous Media	other	partial	T2	src/emag/AvFormulation.hpp:7; src/gui/Dialogs.cpp:368
Fluent-TG	Chapter 8: Modeling Flow Through Porous Media	Modeling Flow Through Porous Media	other	partial	T2	src/emag/AvFormulation.hpp:7; src/gui/Dialogs.cpp:368
Fluent-TG	Chapter 8: Modeling Flow Through Porous Media	Modeling Flow Through Porous Media	other	partial	T2	src/emag/AvFormulation.hpp:7; src/gui/Dialogs.cpp:368
Fluent-TG	Chapter 8: Modeling Flow Through Porous Media	Modeling Flow Through Porous Media	other	partial	T2	src/emag/AvFormulation.hpp:7; src/gui/Dialogs.cpp:368
Fluent-TG	Chapter 8: Modeling Flow Through Porous Media	(m/s)	other	partial	T2	src/emag/AvFormulation.hpp:7; src/gui/Dialogs.cpp:368
Fluent-TG	Chapter 8: Modeling Flow Through Porous Media	(m/s)	other	partial	T2	src/emag/AvFormulation.hpp:7; src/gui/Dialogs.cpp:368
Fluent-TG	Chapter 8: Modeling Flow Through Porous Media	(m/s)	other	partial	T2	src/emag/AvFormulation.hpp:7; src/gui/Dialogs.cpp:368
Fluent-TG	Chapter 9: Using a Single Rotating Reference Frame	Chapter 9: Using a Single Rotating Reference Frame	dynamic	partial	T2	src/core/RotatingFileSink.hpp:6
Fluent-TG	Chapter 9: Using a Single Rotating Reference Frame	9.4. Setup and Solution	dynamic	partial	T2	src/core/RotatingFileSink.hpp:6
Fluent-TG	Chapter 9: Using a Single Rotating Reference Frame	9.4. Setup and Solution	dynamic	partial	T2	src/core/RotatingFileSink.hpp:6
Fluent-TG	Chapter 9: Using a Single Rotating Reference Frame	9.4.3. General Settings	dynamic	partial	T2	src/core/RotatingFileSink.hpp:6
Fluent-TG	Chapter 9: Using a Single Rotating Reference Frame	9.4.4. Models	dynamic	partial	T2	src/core/RotatingFileSink.hpp:6
Fluent-TG	Chapter 9: Using a Single Rotating Reference Frame	9.4.6. Cell Zone Conditions	dynamic	partial	T2	src/core/RotatingFileSink.hpp:6; src/core/BoundaryConditionRegistry.hpp:9
Fluent-TG	Chapter 9: Using a Single Rotating Reference Frame	9.4.7. Boundary Conditions	bc	partial	T1	src/core/RotatingFileSink.hpp:6; src/core/BoundaryConditionRegistry.hpp:9
Fluent-TG	Chapter 9: Using a Single Rotating Reference Frame	9.4.8. Solution Using the Standard k- ε Model	dynamic	partial	T2	src/core/RotatingFileSink.hpp:6; src/acoustics/CurleAcoustics.cpp:29
Fluent-TG	Chapter 9: Using a Single Rotating Reference Frame	9.4.10. Solution Using the RNG k- ε Model	dynamic	partial	T2	src/core/RotatingFileSink.hpp:6
Fluent-TG	Chapter 9: Using a Single Rotating Reference Frame	9.4.11. Postprocessing for the RNG k- ε Solution	dynamic	partial	T2	src/core/TaskGraph.hpp:14; src/core/RotatingFileSink.hpp:6
Fluent-TG	Chapter 9: Using a Single Rotating Reference Frame	9.4.3. General Settings	dynamic	partial	T2	src/core/RotatingFileSink.hpp:6
Fluent-TG	Chapter 9: Using a Single Rotating Reference Frame	Extra	dynamic	partial	T2	src/combustion/LaminarFiniteRate.hpp:14; src/core/RotatingFileSink.hpp:6
Fluent-TG	Chapter 9: Using a Single Rotating Reference Frame	9.4.4. Models	dynamic	partial	T2	src/core/RotatingFileSink.hpp:6
Fluent-TG	Chapter 9: Using a Single Rotating Reference Frame	Extra	dynamic	partial	T2	src/combustion/LaminarFiniteRate.hpp:14; src/core/RotatingFileSink.hpp:6
Fluent-TG	Chapter 9: Using a Single Rotating Reference Frame	9.4.6. Cell Zone Conditions	dynamic	partial	T2	src/core/RotatingFileSink.hpp:6; src/core/BoundaryConditionRegistry.hpp:9
Fluent-TG	Chapter 9: Using a Single Rotating Reference Frame	9.4.7. Boundary Conditions	bc	partial	T1	src/core/RotatingFileSink.hpp:6; src/core/BoundaryConditionRegistry.hpp:9
Fluent-TG	Chapter 9: Using a Single Rotating Reference Frame	9.4.8. Solution Using the Standard k- ε Model	dynamic	partial	T2	src/core/RotatingFileSink.hpp:6; src/acoustics/CurleAcoustics.cpp:29
Fluent-TG	Chapter 9: Using a Single Rotating Reference Frame	Using a Single Rotating Reference Frame	dynamic	partial	T2	src/core/RotatingFileSink.hpp:6
Fluent-TG	Chapter 9: Using a Single Rotating Reference Frame	Extra	dynamic	partial	T2	src/combustion/LaminarFiniteRate.hpp:14; src/core/RotatingFileSink.hpp:6
Fluent-TG	Chapter 9: Using a Single Rotating Reference Frame	Using a Single Rotating Reference Frame	dynamic	partial	T2	src/core/RotatingFileSink.hpp:6
Fluent-TG	Chapter 9: Using a Single Rotating Reference Frame	Using a Single Rotating Reference Frame	dynamic	partial	T2	src/core/RotatingFileSink.hpp:6
Fluent-TG	Chapter 9: Using a Single Rotating Reference Frame	9.4.10. Solution Using the RNG k- ε Model	dynamic	partial	T2	src/core/RotatingFileSink.hpp:6
Fluent-TG	Chapter 9: Using a Single Rotating Reference Frame	9.4.11. Postprocessing for the RNG k- ε Solution	dynamic	partial	T2	src/core/TaskGraph.hpp:14; src/core/RotatingFileSink.hpp:6
Fluent-TG	Chapter 9: Using a Single Rotating Reference Frame	Using a Single Rotating Reference Frame	dynamic	partial	T2	src/core/RotatingFileSink.hpp:6
Fluent-TG	Chapter 10: Using Multiple Reference Frames	Chapter 10: Using Multiple Reference Frames	other	partial	T2	src/gpu/HostDeviceMirror.hpp:34; src/core/CrashHandler.cpp:107
Fluent-TG	Chapter 10: Using Multiple Reference Frames	10.4. Setup and Solution	other	partial	T2	src/gpu/HostDeviceMirror.hpp:34; src/core/CrashHandler.cpp:107
Fluent-TG	Chapter 10: Using Multiple Reference Frames	10.4. Setup and Solution	other	partial	T2	src/gpu/HostDeviceMirror.hpp:34; src/core/CrashHandler.cpp:107
Fluent-TG	Chapter 10: Using Multiple Reference Frames	10.4.4. Specifying the Models	other	partial	T2	src/gpu/HostDeviceMirror.hpp:34; src/core/CrashHandler.cpp:107
Fluent-TG	Chapter 10: Using Multiple Reference Frames	10.4.5. Specifying Materials	materials	partial	T2	src/gpu/HostDeviceMirror.hpp:34; src/core/CrashHandler.cpp:107
Fluent-TG	Chapter 10: Using Multiple Reference Frames	Using Multiple Reference Frames	other	partial	T2	src/gpu/HostDeviceMirror.hpp:34; src/core/CrashHandler.cpp:107
Fluent-TG	Chapter 10: Using Multiple Reference Frames	Using Multiple Reference Frames	other	partial	T2	src/gpu/HostDeviceMirror.hpp:34; src/core/CrashHandler.cpp:107
Fluent-TG	Chapter 10: Using Multiple Reference Frames	10.4.4. Specifying the Models	other	partial	T2	src/gpu/HostDeviceMirror.hpp:34; src/core/CrashHandler.cpp:107
Fluent-TG	Chapter 10: Using Multiple Reference Frames	10.4.5. Specifying Materials	materials	partial	T2	src/gpu/HostDeviceMirror.hpp:34; src/core/CrashHandler.cpp:107
Fluent-TG	Chapter 10: Using Multiple Reference Frames	Using Multiple Reference Frames	other	partial	T2	src/gpu/HostDeviceMirror.hpp:34; src/core/CrashHandler.cpp:107
Fluent-TG	Chapter 10: Using Multiple Reference Frames	Using Multiple Reference Frames	other	partial	T2	src/gpu/HostDeviceMirror.hpp:34; src/core/CrashHandler.cpp:107
Fluent-TG	Chapter 10: Using Multiple Reference Frames	Using Multiple Reference Frames	other	partial	T2	src/gpu/HostDeviceMirror.hpp:34; src/core/CrashHandler.cpp:107
Fluent-TG	Chapter 10: Using Multiple Reference Frames	Using Multiple Reference Frames	other	partial	T2	src/gpu/HostDeviceMirror.hpp:34; src/core/CrashHandler.cpp:107
Fluent-TG	Chapter 10: Using Multiple Reference Frames	Using Multiple Reference Frames	other	partial	T2	src/gpu/HostDeviceMirror.hpp:34; src/core/CrashHandler.cpp:107
Fluent-TG	Chapter 11: Using Sliding Meshes	Chapter 11: Using Sliding Meshes	mesh	partial	T2	src/dynamics/SixDof.hpp:17; src/core/IWallDistanceService.hpp:31
Fluent-TG	Chapter 11: Using Sliding Meshes	11.4. Setup and Solution	mesh	partial	T2	src/dynamics/SixDof.hpp:17; src/core/IWallDistanceService.hpp:31
Fluent-TG	Chapter 11: Using Sliding Meshes	Using Sliding Meshes	mesh	partial	T2	src/dynamics/SixDof.hpp:17; src/core/IWallDistanceService.hpp:31
Fluent-TG	Chapter 11: Using Sliding Meshes	11.4. Setup and Solution	mesh	partial	T2	src/dynamics/SixDof.hpp:17; src/core/IWallDistanceService.hpp:31
Fluent-TG	Chapter 11: Using Sliding Meshes	11.4.3. General Settings	mesh	partial	T2	src/dynamics/SixDof.hpp:17; src/core/IWallDistanceService.hpp:31
Fluent-TG	Chapter 11: Using Sliding Meshes	11.4.4. Models	mesh	partial	T2	src/dynamics/SixDof.hpp:17; src/core/IWallDistanceService.hpp:31
Fluent-TG	Chapter 11: Using Sliding Meshes	11.4.10. Solution	mesh	partial	T2	src/dynamics/SixDof.hpp:17; src/core/IWallDistanceService.hpp:31
Fluent-TG	Chapter 11: Using Sliding Meshes	11.4.3. General Settings	mesh	partial	T2	src/dynamics/SixDof.hpp:17; src/core/IWallDistanceService.hpp:31
Fluent-TG	Chapter 11: Using Sliding Meshes	Using Sliding Meshes	mesh	partial	T2	src/dynamics/SixDof.hpp:17; src/core/IWallDistanceService.hpp:31
Fluent-TG	Chapter 11: Using Sliding Meshes	11.4.4. Models	mesh	partial	T2	src/dynamics/SixDof.hpp:17; src/core/IWallDistanceService.hpp:31
Fluent-TG	Chapter 11: Using Sliding Meshes	Using Sliding Meshes	mesh	partial	T2	src/dynamics/SixDof.hpp:17; src/core/IWallDistanceService.hpp:31
Fluent-TG	Chapter 11: Using Sliding Meshes	11.4.10. Solution	mesh	partial	T2	src/dynamics/SixDof.hpp:17; src/core/IWallDistanceService.hpp:31
Fluent-TG	Chapter 11: Using Sliding Meshes	Using Sliding Meshes	mesh	partial	T2	src/dynamics/SixDof.hpp:17; src/core/IWallDistanceService.hpp:31
Fluent-TG	Chapter 11: Using Sliding Meshes	Using Sliding Meshes	mesh	partial	T2	src/dynamics/SixDof.hpp:17; src/core/IWallDistanceService.hpp:31
Fluent-TG	Chapter 11: Using Sliding Meshes	Using Sliding Meshes	mesh	partial	T2	src/dynamics/SixDof.hpp:17; src/core/IWallDistanceService.hpp:31
Fluent-TG	Chapter 11: Using Sliding Meshes	Using Sliding Meshes	mesh	partial	T2	src/dynamics/SixDof.hpp:17; src/core/IWallDistanceService.hpp:31
Fluent-TG	Chapter 11: Using Sliding Meshes	Using Sliding Meshes	mesh	partial	T2	src/dynamics/SixDof.hpp:17; src/core/IWallDistanceService.hpp:31
Fluent-TG	Chapter 11: Using Sliding Meshes	Using Sliding Meshes	mesh	partial	T2	src/dynamics/SixDof.hpp:17; src/core/IWallDistanceService.hpp:31
Fluent-TG	Chapter 12: Using Dynamic Meshes	Chapter 12: Using Dynamic Meshes	mesh	partial	T2	src/adjoint/ContinuousAdjoint.hpp:42; src/core/IWallDistanceService.hpp:31
Fluent-TG	Chapter 12: Using Dynamic Meshes	12.4. Setup and Solution	mesh	partial	T2	src/adjoint/ContinuousAdjoint.hpp:42; src/core/IWallDistanceService.hpp:31
Fluent-TG	Chapter 12: Using Dynamic Meshes	12.4. Setup and Solution	mesh	partial	T2	src/adjoint/ContinuousAdjoint.hpp:42; src/core/IWallDistanceService.hpp:31
Fluent-TG	Chapter 12: Using Dynamic Meshes	12.4.3. General Settings	mesh	partial	T2	src/adjoint/ContinuousAdjoint.hpp:42; src/core/IWallDistanceService.hpp:31
Fluent-TG	Chapter 12: Using Dynamic Meshes	12.4.4. Models	mesh	partial	T2	src/adjoint/ContinuousAdjoint.hpp:42; src/core/IWallDistanceService.hpp:31
Fluent-TG	Chapter 12: Using Dynamic Meshes	12.4.3. General Settings	mesh	partial	T2	src/adjoint/ContinuousAdjoint.hpp:42; src/core/IWallDistanceService.hpp:31
Fluent-TG	Chapter 12: Using Dynamic Meshes	Using Dynamic Meshes	mesh	partial	T2	src/adjoint/ContinuousAdjoint.hpp:42; src/core/IWallDistanceService.hpp:31
Fluent-TG	Chapter 12: Using Dynamic Meshes	12.4.4. Models	mesh	partial	T2	src/adjoint/ContinuousAdjoint.hpp:42; src/core/IWallDistanceService.hpp:31
Fluent-TG	Chapter 12: Using Dynamic Meshes	Using Dynamic Meshes	mesh	partial	T2	src/adjoint/ContinuousAdjoint.hpp:42; src/core/IWallDistanceService.hpp:31
Fluent-TG	Chapter 12: Using Dynamic Meshes	Using Dynamic Meshes	mesh	partial	T2	src/adjoint/ContinuousAdjoint.hpp:42; src/core/IWallDistanceService.hpp:31
Fluent-TG	Chapter 12: Using Dynamic Meshes	Using Dynamic Meshes	mesh	partial	T2	src/adjoint/ContinuousAdjoint.hpp:42; src/core/IWallDistanceService.hpp:31
Fluent-TG	Chapter 12: Using Dynamic Meshes	Using Dynamic Meshes	mesh	partial	T2	src/adjoint/ContinuousAdjoint.hpp:42; src/core/IWallDistanceService.hpp:31
Fluent-TG	Chapter 12: Using Dynamic Meshes	Using Dynamic Meshes	mesh	partial	T2	src/adjoint/ContinuousAdjoint.hpp:42; src/core/IWallDistanceService.hpp:31
Fluent-TG	Chapter 13: Modeling Species Transport and Gaseous Combustion	Chapter 13: Modeling Species Transport and Gaseous Combustion	turbulence	partial	T2	src/combustion/CanteraParser.hpp:10
Fluent-TG	Chapter 13: Modeling Species Transport and Gaseous Combustion	13.4. Background	turbulence	partial	T2	src/amr/RefinementApplier.hpp:6; src/combustion/CanteraParser.hpp:10
Fluent-TG	Chapter 13: Modeling Species Transport and Gaseous Combustion	13.5. Setup and Solution	turbulence	partial	T2	src/combustion/CanteraParser.hpp:10
Fluent-TG	Chapter 13: Modeling Species Transport and Gaseous Combustion	13.4. Background	turbulence	partial	T2	src/amr/RefinementApplier.hpp:6; src/combustion/CanteraParser.hpp:10
Fluent-TG	Chapter 13: Modeling Species Transport and Gaseous Combustion	13.5. Setup and Solution	turbulence	partial	T2	src/combustion/CanteraParser.hpp:10
Fluent-TG	Chapter 13: Modeling Species Transport and Gaseous Combustion	13.5.3. General Settings	turbulence	partial	T2	src/combustion/CanteraParser.hpp:10
Fluent-TG	Chapter 13: Modeling Species Transport and Gaseous Combustion	13.5.4. Models	turbulence	partial	T2	src/combustion/CanteraParser.hpp:10
Fluent-TG	Chapter 13: Modeling Species Transport and Gaseous Combustion	13.5.6. Boundary Conditions	bc	partial	T1	src/combustion/CanteraParser.hpp:10; src/core/BoundaryConditionRegistry.hpp:9
Fluent-TG	Chapter 13: Modeling Species Transport and Gaseous Combustion	13.5.9. NOx Prediction	turbulence	partial	T2	src/combustion/CanteraParser.hpp:10
Fluent-TG	Chapter 13: Modeling Species Transport and Gaseous Combustion	13.5.3. General Settings	turbulence	partial	T2	src/combustion/CanteraParser.hpp:10
Fluent-TG	Chapter 13: Modeling Species Transport and Gaseous Combustion	Modeling Species Transport and Gaseous Combustion	turbulence	partial	T2	src/combustion/CanteraParser.hpp:10
Fluent-TG	Chapter 13: Modeling Species Transport and Gaseous Combustion	Extra	turbulence	partial	T2	src/combustion/LaminarFiniteRate.hpp:14; src/combustion/CanteraParser.hpp:10
Fluent-TG	Chapter 13: Modeling Species Transport and Gaseous Combustion	13.5.4. Models	turbulence	partial	T2	src/combustion/CanteraParser.hpp:10
Fluent-TG	Chapter 13: Modeling Species Transport and Gaseous Combustion	13.5.6. Boundary Conditions	bc	partial	T1	src/combustion/CanteraParser.hpp:10; src/core/BoundaryConditionRegistry.hpp:9
Fluent-TG	Chapter 13: Modeling Species Transport and Gaseous Combustion	Modeling Species Transport and Gaseous Combustion	turbulence	partial	T2	src/combustion/CanteraParser.hpp:10
Fluent-TG	Chapter 13: Modeling Species Transport and Gaseous Combustion	Modeling Species Transport and Gaseous Combustion	turbulence	partial	T2	src/combustion/CanteraParser.hpp:10
Fluent-TG	Chapter 13: Modeling Species Transport and Gaseous Combustion	Modeling Species Transport and Gaseous Combustion	turbulence	partial	T2	src/combustion/CanteraParser.hpp:10
Fluent-TG	Chapter 13: Modeling Species Transport and Gaseous Combustion	Modeling Species Transport and Gaseous Combustion	turbulence	partial	T2	src/combustion/CanteraParser.hpp:10
Fluent-TG	Chapter 13: Modeling Species Transport and Gaseous Combustion	13.5.9. NOx Prediction	turbulence	partial	T2	src/combustion/CanteraParser.hpp:10
Fluent-TG	Chapter 13: Modeling Species Transport and Gaseous Combustion	Modeling Species Transport and Gaseous Combustion	turbulence	partial	T2	src/combustion/CanteraParser.hpp:10
Fluent-TG	Chapter 13: Modeling Species Transport and Gaseous Combustion	Modeling Species Transport and Gaseous Combustion	turbulence	partial	T2	src/combustion/CanteraParser.hpp:10
Fluent-TG	Chapter 13: Modeling Species Transport and Gaseous Combustion	Modeling Species Transport and Gaseous Combustion	turbulence	partial	T2	src/combustion/CanteraParser.hpp:10
Fluent-TG	Chapter 14: Using the Non-Premixed Combustion Model	Chapter 14: Using the Non-Premixed Combustion Model	combustion	partial	T2	src/combustion/Combustion.hpp:13
Fluent-TG	Chapter 14: Using the Non-Premixed Combustion Model	14.4. Setup and Solution	combustion	partial	T2	src/combustion/Combustion.hpp:13
Fluent-TG	Chapter 14: Using the Non-Premixed Combustion Model	14.4. Setup and Solution	combustion	partial	T2	src/combustion/Combustion.hpp:13
Fluent-TG	Chapter 14: Using the Non-Premixed Combustion Model	14.4.2. Reading and Checking the Mesh	mesh	partial	T1	src/io/MeshFormats.hpp:7; src/combustion/Combustion.hpp:13
Fluent-TG	Chapter 14: Using the Non-Premixed Combustion Model	14.4.3. Specifying Solver and Analysis Type	combustion	partial	T2	src/gpu/GpuKernels.cpp:331; src/combustion/Combustion.hpp:13
Fluent-TG	Chapter 14: Using the Non-Premixed Combustion Model	14.4.4. Specifying the Models	combustion	partial	T2	src/combustion/Combustion.hpp:13
Fluent-TG	Chapter 14: Using the Non-Premixed Combustion Model	14.4.5. Defining Materials and Properties	combustion	partial	T2	src/combustion/Combustion.hpp:13; src/cad/CMakeLists.txt:42
Fluent-TG	Chapter 14: Using the Non-Premixed Combustion Model	14.4.6. Specifying Boundary Conditions	bc	partial	T1	src/combustion/Combustion.hpp:13; src/core/BoundaryConditionRegistry.hpp:9
Fluent-TG	Chapter 14: Using the Non-Premixed Combustion Model	14.4.8. Obtaining Solution	combustion	partial	T2	src/combustion/Combustion.hpp:13
Fluent-TG	Chapter 14: Using the Non-Premixed Combustion Model	14.4.2. Reading and Checking the Mesh	mesh	partial	T1	src/io/MeshFormats.hpp:7; src/combustion/Combustion.hpp:13
Fluent-TG	Chapter 14: Using the Non-Premixed Combustion Model	Using the Non-Premixed Combustion Model	combustion	partial	T2	src/combustion/Combustion.hpp:13
Fluent-TG	Chapter 14: Using the Non-Premixed Combustion Model	Extra	combustion	partial	T2	src/combustion/Combustion.hpp:13; src/combustion/LaminarFiniteRate.hpp:14
Fluent-TG	Chapter 14: Using the Non-Premixed Combustion Model	14.4.3. Specifying Solver and Analysis Type	combustion	partial	T2	src/gpu/GpuKernels.cpp:331; src/combustion/Combustion.hpp:13
Fluent-TG	Chapter 14: Using the Non-Premixed Combustion Model	14.4.4. Specifying the Models	combustion	partial	T2	src/combustion/Combustion.hpp:13
Fluent-TG	Chapter 14: Using the Non-Premixed Combustion Model	Using the Non-Premixed Combustion Model	combustion	partial	T2	src/combustion/Combustion.hpp:13
Fluent-TG	Chapter 14: Using the Non-Premixed Combustion Model	Using the Non-Premixed Combustion Model	combustion	partial	T2	src/combustion/Combustion.hpp:13
Fluent-TG	Chapter 14: Using the Non-Premixed Combustion Model	14.4.5. Defining Materials and Properties	combustion	partial	T2	src/combustion/Combustion.hpp:13; src/cad/CMakeLists.txt:42
Fluent-TG	Chapter 14: Using the Non-Premixed Combustion Model	Using the Non-Premixed Combustion Model	combustion	partial	T2	src/combustion/Combustion.hpp:13
Fluent-TG	Chapter 14: Using the Non-Premixed Combustion Model	14.4.6. Specifying Boundary Conditions	bc	partial	T1	src/combustion/Combustion.hpp:13; src/core/BoundaryConditionRegistry.hpp:9
Fluent-TG	Chapter 14: Using the Non-Premixed Combustion Model	Using the Non-Premixed Combustion Model	combustion	partial	T2	src/combustion/Combustion.hpp:13
Fluent-TG	Chapter 14: Using the Non-Premixed Combustion Model	Using the Non-Premixed Combustion Model	combustion	partial	T2	src/combustion/Combustion.hpp:13
Fluent-TG	Chapter 14: Using the Non-Premixed Combustion Model	14.4.8. Obtaining Solution	combustion	partial	T2	src/combustion/Combustion.hpp:13
Fluent-TG	Chapter 14: Using the Non-Premixed Combustion Model	Using the Non-Premixed Combustion Model	combustion	partial	T2	src/combustion/Combustion.hpp:13
Fluent-TG	Chapter 14: Using the Non-Premixed Combustion Model	Using the Non-Premixed Combustion Model	combustion	partial	T2	src/combustion/Combustion.hpp:13
Fluent-TG	Chapter 15: Modeling Surface Chemistry	Chapter 15: Modeling Surface Chemistry	combustion	partial	T2	src/combustion/CanteraParser.hpp:6
Fluent-TG	Chapter 15: Modeling Surface Chemistry	15.4. Setup and Solution	combustion	partial	T2	src/combustion/CanteraParser.hpp:6
Fluent-TG	Chapter 15: Modeling Surface Chemistry	Modeling Surface Chemistry	combustion	partial	T2	src/combustion/CanteraParser.hpp:6
Fluent-TG	Chapter 15: Modeling Surface Chemistry	15.4. Setup and Solution	combustion	partial	T2	src/combustion/CanteraParser.hpp:6
Fluent-TG	Chapter 15: Modeling Surface Chemistry	15.4.2. Reading and Checking the Mesh	mesh	partial	T1	src/io/MeshFormats.hpp:7; src/combustion/CanteraParser.hpp:6
Fluent-TG	Chapter 15: Modeling Surface Chemistry	15.4.3. Solver and Analysis Type	combustion	partial	T2	src/gpu/GpuKernels.cpp:331; src/combustion/CanteraParser.hpp:6
Fluent-TG	Chapter 15: Modeling Surface Chemistry	15.4.4. Specifying the Models	combustion	partial	T2	src/combustion/CanteraParser.hpp:6
Fluent-TG	Chapter 15: Modeling Surface Chemistry	15.4.5. Defining Materials and Properties	combustion	partial	T2	src/combustion/CanteraParser.hpp:6; src/cad/CMakeLists.txt:42
Fluent-TG	Chapter 15: Modeling Surface Chemistry	15.4.6. Specifying Boundary Conditions	bc	partial	T1	src/combustion/CanteraParser.hpp:6; src/core/BoundaryConditionRegistry.hpp:9
Fluent-TG	Chapter 15: Modeling Surface Chemistry	15.4.8. Simulating Non-Reacting Flow	combustion	partial	T2	src/combustion/CanteraParser.hpp:6
Fluent-TG	Chapter 15: Modeling Surface Chemistry	15.4.9. Simulating Reacting Flow	combustion	partial	T2	src/combustion/CanteraParser.hpp:6
Fluent-TG	Chapter 15: Modeling Surface Chemistry	15.4.10. Postprocessing the Solution Results	combustion	partial	T2	src/core/TaskGraph.hpp:14; src/combustion/CanteraParser.hpp:6
Fluent-TG	Chapter 15: Modeling Surface Chemistry	Modeling Surface Chemistry	combustion	partial	T2	src/combustion/CanteraParser.hpp:6
Fluent-TG	Chapter 15: Modeling Surface Chemistry	15.4.2. Reading and Checking the Mesh	mesh	partial	T1	src/io/MeshFormats.hpp:7; src/combustion/CanteraParser.hpp:6
Fluent-TG	Chapter 15: Modeling Surface Chemistry	Modeling Surface Chemistry	combustion	partial	T2	src/combustion/CanteraParser.hpp:6
Fluent-TG	Chapter 15: Modeling Surface Chemistry	Extra	combustion	partial	T2	src/combustion/LaminarFiniteRate.hpp:14; src/combustion/CanteraParser.hpp:6
Fluent-TG	Chapter 15: Modeling Surface Chemistry	15.4.3. Solver and Analysis Type	combustion	partial	T2	src/gpu/GpuKernels.cpp:331; src/combustion/CanteraParser.hpp:6
Fluent-TG	Chapter 15: Modeling Surface Chemistry	15.4.4. Specifying the Models	combustion	partial	T2	src/combustion/CanteraParser.hpp:6
Fluent-TG	Chapter 15: Modeling Surface Chemistry	Modeling Surface Chemistry	combustion	partial	T2	src/combustion/CanteraParser.hpp:6
Fluent-TG	Chapter 15: Modeling Surface Chemistry	15.4.5. Defining Materials and Properties	combustion	partial	T2	src/combustion/CanteraParser.hpp:6; src/cad/CMakeLists.txt:42
Fluent-TG	Chapter 15: Modeling Surface Chemistry	Extra	combustion	partial	T2	src/combustion/LaminarFiniteRate.hpp:14; src/combustion/CanteraParser.hpp:6
Fluent-TG	Chapter 15: Modeling Surface Chemistry	Modeling Surface Chemistry	combustion	partial	T2	src/combustion/CanteraParser.hpp:6
Fluent-TG	Chapter 15: Modeling Surface Chemistry	15.4.6. Specifying Boundary Conditions	bc	partial	T1	src/combustion/CanteraParser.hpp:6; src/core/BoundaryConditionRegistry.hpp:9
Fluent-TG	Chapter 15: Modeling Surface Chemistry	Modeling Surface Chemistry	combustion	partial	T2	src/combustion/CanteraParser.hpp:6
Fluent-TG	Chapter 15: Modeling Surface Chemistry	15.4.8. Simulating Non-Reacting Flow	combustion	partial	T2	src/combustion/CanteraParser.hpp:6
Fluent-TG	Chapter 15: Modeling Surface Chemistry	15.4.9. Simulating Reacting Flow	combustion	partial	T2	src/combustion/CanteraParser.hpp:6
Fluent-TG	Chapter 15: Modeling Surface Chemistry	Modeling Surface Chemistry	combustion	partial	T2	src/combustion/CanteraParser.hpp:6
Fluent-TG	Chapter 15: Modeling Surface Chemistry	15.4.10. Postprocessing the Solution Results	combustion	partial	T2	src/core/TaskGraph.hpp:14; src/combustion/CanteraParser.hpp:6
Fluent-TG	Chapter 15: Modeling Surface Chemistry	Modeling Surface Chemistry	combustion	partial	T2	src/combustion/CanteraParser.hpp:6
Fluent-TG	Chapter 15: Modeling Surface Chemistry	Modeling Surface Chemistry	combustion	partial	T2	src/combustion/CanteraParser.hpp:6
Fluent-TG	Chapter 15: Modeling Surface Chemistry	Extra	combustion	partial	T2	src/combustion/LaminarFiniteRate.hpp:14; src/combustion/CanteraParser.hpp:6
Fluent-TG	Chapter 15: Modeling Surface Chemistry	Modeling Surface Chemistry	combustion	partial	T2	src/combustion/CanteraParser.hpp:6
Fluent-TG	Chapter 16: Modeling Evaporating Liquid Spray	Chapter 16: Modeling Evaporating Liquid Spray	other	partial	T2	src/multiphase/Multiphase.hpp:5; src/emag/Mhd.hpp:5
Fluent-TG	Chapter 16: Modeling Evaporating Liquid Spray	16.4. Setup and Solution	other	partial	T2	src/multiphase/Multiphase.hpp:5; src/emag/Mhd.hpp:5
Fluent-TG	Chapter 16: Modeling Evaporating Liquid Spray	Methanol is cooled to	other	partial	T2	src/multiphase/Multiphase.hpp:5; src/emag/Mhd.hpp:5
Fluent-TG	Chapter 16: Modeling Evaporating Liquid Spray	Modeling Evaporating Liquid Spray	other	partial	T2	src/multiphase/Multiphase.hpp:5; src/emag/Mhd.hpp:5
Fluent-TG	Chapter 16: Modeling Evaporating Liquid Spray	16.4. Setup and Solution	other	partial	T2	src/multiphase/Multiphase.hpp:5; src/emag/Mhd.hpp:5
Fluent-TG	Chapter 16: Modeling Evaporating Liquid Spray	16.4.3. Solver	solver	partial	T2	src/multiphase/Multiphase.hpp:5; src/emag/Mhd.hpp:5
Fluent-TG	Chapter 16: Modeling Evaporating Liquid Spray	16.4.4. Models	other	partial	T2	src/multiphase/Multiphase.hpp:5; src/emag/Mhd.hpp:5
Fluent-TG	Chapter 16: Modeling Evaporating Liquid Spray	16.4.9. Solution	other	partial	T2	src/multiphase/Multiphase.hpp:5; src/emag/Mhd.hpp:5
Fluent-TG	Chapter 16: Modeling Evaporating Liquid Spray	Modeling Evaporating Liquid Spray	other	partial	T2	src/multiphase/Multiphase.hpp:5; src/emag/Mhd.hpp:5
Fluent-TG	Chapter 16: Modeling Evaporating Liquid Spray	16.4.3. Solver	solver	partial	T2	src/multiphase/Multiphase.hpp:5; src/emag/Mhd.hpp:5
Fluent-TG	Chapter 16: Modeling Evaporating Liquid Spray	16.4.4. Models	other	partial	T2	src/multiphase/Multiphase.hpp:5; src/emag/Mhd.hpp:5
Fluent-TG	Chapter 16: Modeling Evaporating Liquid Spray	Modeling Evaporating Liquid Spray	other	partial	T2	src/multiphase/Multiphase.hpp:5; src/emag/Mhd.hpp:5
Fluent-TG	Chapter 16: Modeling Evaporating Liquid Spray	Modeling Evaporating Liquid Spray	other	partial	T2	src/multiphase/Multiphase.hpp:5; src/emag/Mhd.hpp:5
Fluent-TG	Chapter 16: Modeling Evaporating Liquid Spray	Modeling Evaporating Liquid Spray	other	partial	T2	src/multiphase/Multiphase.hpp:5; src/emag/Mhd.hpp:5
Fluent-TG	Chapter 16: Modeling Evaporating Liquid Spray	Modeling Evaporating Liquid Spray	other	partial	T2	src/multiphase/Multiphase.hpp:5; src/emag/Mhd.hpp:5
Fluent-TG	Chapter 16: Modeling Evaporating Liquid Spray	16.4.9. Solution	other	partial	T2	src/multiphase/Multiphase.hpp:5; src/emag/Mhd.hpp:5
Fluent-TG	Chapter 16: Modeling Evaporating Liquid Spray	Modeling Evaporating Liquid Spray	other	partial	T2	src/multiphase/Multiphase.hpp:5; src/emag/Mhd.hpp:5
Fluent-TG	Chapter 16: Modeling Evaporating Liquid Spray	Modeling Evaporating Liquid Spray	other	partial	T2	src/multiphase/Multiphase.hpp:5; src/emag/Mhd.hpp:5
Fluent-TG	Chapter 16: Modeling Evaporating Liquid Spray	Modeling Evaporating Liquid Spray	other	partial	T2	src/multiphase/Multiphase.hpp:5; src/emag/Mhd.hpp:5
Fluent-TG	Chapter 16: Modeling Evaporating Liquid Spray	Modeling Evaporating Liquid Spray	other	partial	T2	src/multiphase/Multiphase.hpp:5; src/emag/Mhd.hpp:5
Fluent-TG	Chapter 16: Modeling Evaporating Liquid Spray	Modeling Evaporating Liquid Spray	other	partial	T2	src/multiphase/Multiphase.hpp:5; src/emag/Mhd.hpp:5
Fluent-TG	Chapter 16: Modeling Evaporating Liquid Spray	Modeling Evaporating Liquid Spray	other	partial	T2	src/multiphase/Multiphase.hpp:5; src/emag/Mhd.hpp:5
Fluent-TG	Chapter 16: Modeling Evaporating Liquid Spray	Modeling Evaporating Liquid Spray	other	partial	T2	src/multiphase/Multiphase.hpp:5; src/emag/Mhd.hpp:5
Fluent-TG	Chapter 17: Using the VOF Model	17.4.2. Reading and Manipulating the Mesh	mesh	partial	T2	src/io/MeshFormats.hpp:7
Fluent-TG	Chapter 17: Using the VOF Model	17.4.6. Phases	multiphase	partial	T2	src/combustion/CanteraParser.cpp:143
Fluent-TG	Chapter 17: Using the VOF Model	17.4.7. Operating Conditions	multiphase	partial	T2	src/gpu/GpuKernels.hpp:6; src/core/BoundaryConditionRegistry.hpp:9
Fluent-TG	Chapter 17: Using the VOF Model	17.4.8. User-Defined Function (UDF)	multiphase	absent	T2	
Fluent-TG	Chapter 17: Using the VOF Model	17.4.9. Boundary Conditions	bc	partial	T2	src/core/BoundaryConditionRegistry.hpp:9
Fluent-TG	Chapter 17: Using the VOF Model	17.4.2. Reading and Manipulating the Mesh	mesh	partial	T2	src/io/MeshFormats.hpp:7
Fluent-TG	Chapter 17: Using the VOF Model	17.4.6. Phases	multiphase	partial	T2	src/combustion/CanteraParser.cpp:143
Fluent-TG	Chapter 17: Using the VOF Model	17.4.7. Operating Conditions	multiphase	partial	T2	src/gpu/GpuKernels.hpp:6; src/core/BoundaryConditionRegistry.hpp:9
Fluent-TG	Chapter 17: Using the VOF Model	17.4.8. User-Defined Function (UDF)	multiphase	absent	T2	
Fluent-TG	Chapter 17: Using the VOF Model	17.4.9. Boundary Conditions	bc	partial	T2	src/core/BoundaryConditionRegistry.hpp:9
Fluent-TG	Chapter 18: Modeling Cavitation	Chapter 18: Modeling Cavitation	multiphase	partial	T2	src/multiphase/CavitationKunz.cpp:16
Fluent-TG	Chapter 18: Modeling Cavitation	18.4. Setup and Solution	multiphase	partial	T2	src/multiphase/CavitationKunz.cpp:16
Fluent-TG	Chapter 18: Modeling Cavitation	18.4. Setup and Solution	multiphase	partial	T2	src/multiphase/CavitationKunz.cpp:16
Fluent-TG	Chapter 18: Modeling Cavitation	18.4.2. Reading and Checking the Mesh	mesh	partial	T2	src/io/MeshFormats.hpp:7; src/multiphase/CavitationKunz.cpp:16
Fluent-TG	Chapter 18: Modeling Cavitation	18.4.3. Solver Settings	multiphase	partial	T2	src/multiphase/CavitationKunz.cpp:16
Fluent-TG	Chapter 18: Modeling Cavitation	18.4.4. Models	multiphase	partial	T2	src/multiphase/CavitationKunz.cpp:16
Fluent-TG	Chapter 18: Modeling Cavitation	18.4.6. Phases	multiphase	partial	T2	src/multiphase/CavitationKunz.cpp:16; src/combustion/CanteraParser.cpp:143
Fluent-TG	Chapter 18: Modeling Cavitation	18.4.7. Boundary Conditions	bc	partial	T2	src/multiphase/CavitationKunz.cpp:16; src/core/BoundaryConditionRegistry.hpp:9
Fluent-TG	Chapter 18: Modeling Cavitation	18.4.9. Solution	multiphase	partial	T2	src/multiphase/CavitationKunz.cpp:16
Fluent-TG	Chapter 18: Modeling Cavitation	18.4.2. Reading and Checking the Mesh	mesh	partial	T2	src/io/MeshFormats.hpp:7; src/multiphase/CavitationKunz.cpp:16
Fluent-TG	Chapter 18: Modeling Cavitation	18.4.3. Solver Settings	multiphase	partial	T2	src/multiphase/CavitationKunz.cpp:16
Fluent-TG	Chapter 18: Modeling Cavitation	18.4.4. Models	multiphase	partial	T2	src/multiphase/CavitationKunz.cpp:16
Fluent-TG	Chapter 18: Modeling Cavitation	18.4.6. Phases	multiphase	partial	T2	src/multiphase/CavitationKunz.cpp:16; src/combustion/CanteraParser.cpp:143
Fluent-TG	Chapter 18: Modeling Cavitation	18.4.7. Boundary Conditions	bc	partial	T2	src/multiphase/CavitationKunz.cpp:16; src/core/BoundaryConditionRegistry.hpp:9
Fluent-TG	Chapter 18: Modeling Cavitation	18.4.9. Solution	multiphase	partial	T2	src/multiphase/CavitationKunz.cpp:16
Fluent-TG	Chapter 18: Modeling Cavitation	Modeling Cavitation	multiphase	partial	T2	src/multiphase/CavitationKunz.cpp:16
Fluent-TG	Chapter 18: Modeling Cavitation	Modeling Cavitation	multiphase	partial	T2	src/multiphase/CavitationKunz.cpp:16
Fluent-TG	Chapter 18: Modeling Cavitation	Modeling Cavitation	multiphase	partial	T2	src/multiphase/CavitationKunz.cpp:16
Fluent-TG	Chapter 19: Using the Mixture and Eulerian Multiphase Models	Chapter 19: Using the Mixture and Eulerian Multiphase Models	multiphase	partial	T2	src/ibm/DirectForcingIbm.hpp:9; src/combustion/FgmFlamelet.hpp:7
Fluent-TG	Chapter 19: Using the Mixture and Eulerian Multiphase Models	19.4. Setup and Solution	multiphase	partial	T2	src/ibm/DirectForcingIbm.hpp:9; src/combustion/FgmFlamelet.hpp:7
Fluent-TG	Chapter 19: Using the Mixture and Eulerian Multiphase Models	19.4. Setup and Solution	multiphase	partial	T2	src/ibm/DirectForcingIbm.hpp:9; src/combustion/FgmFlamelet.hpp:7
Fluent-TG	Chapter 19: Using the Mixture and Eulerian Multiphase Models	19.4.3. General Settings	multiphase	partial	T2	src/ibm/DirectForcingIbm.hpp:9; src/combustion/FgmFlamelet.hpp:7
Fluent-TG	Chapter 19: Using the Mixture and Eulerian Multiphase Models	19.4.4. Models	multiphase	partial	T2	src/ibm/DirectForcingIbm.hpp:9; src/combustion/FgmFlamelet.hpp:7
Fluent-TG	Chapter 19: Using the Mixture and Eulerian Multiphase Models	19.4.9. Solution Using the Mixture Model	multiphase	partial	T2	src/ibm/DirectForcingIbm.hpp:9; src/combustion/FgmFlamelet.hpp:7
Fluent-TG	Chapter 19: Using the Mixture and Eulerian Multiphase Models	19.4.12. Setup and Solution for the Eulerian Model	multiphase	partial	T2	src/ibm/DirectForcingIbm.hpp:9; src/combustion/FgmFlamelet.hpp:7
Fluent-TG	Chapter 19: Using the Mixture and Eulerian Multiphase Models	Using the Mixture and Eulerian Multiphase Models	multiphase	partial	T2	src/ibm/DirectForcingIbm.hpp:9; src/combustion/FgmFlamelet.hpp:7
Fluent-TG	Chapter 19: Using the Mixture and Eulerian Multiphase Models	19.4.3. General Settings	multiphase	partial	T2	src/ibm/DirectForcingIbm.hpp:9; src/combustion/FgmFlamelet.hpp:7
Fluent-TG	Chapter 19: Using the Mixture and Eulerian Multiphase Models	19.4.4. Models	multiphase	partial	T2	src/ibm/DirectForcingIbm.hpp:9; src/combustion/FgmFlamelet.hpp:7
Fluent-TG	Chapter 19: Using the Mixture and Eulerian Multiphase Models	19.4.9. Solution Using the Mixture Model	multiphase	partial	T2	src/ibm/DirectForcingIbm.hpp:9; src/combustion/FgmFlamelet.hpp:7
Fluent-TG	Chapter 19: Using the Mixture and Eulerian Multiphase Models	Using the Mixture and Eulerian Multiphase Models	multiphase	partial	T2	src/ibm/DirectForcingIbm.hpp:9; src/combustion/FgmFlamelet.hpp:7
Fluent-TG	Chapter 19: Using the Mixture and Eulerian Multiphase Models	Using the Mixture and Eulerian Multiphase Models	multiphase	partial	T2	src/ibm/DirectForcingIbm.hpp:9; src/combustion/FgmFlamelet.hpp:7
Fluent-TG	Chapter 19: Using the Mixture and Eulerian Multiphase Models	Using the Mixture and Eulerian Multiphase Models	multiphase	partial	T2	src/ibm/DirectForcingIbm.hpp:9; src/combustion/FgmFlamelet.hpp:7
Fluent-TG	Chapter 19: Using the Mixture and Eulerian Multiphase Models	Using the Mixture and Eulerian Multiphase Models	multiphase	partial	T2	src/ibm/DirectForcingIbm.hpp:9; src/combustion/FgmFlamelet.hpp:7
Fluent-TG	Chapter 19: Using the Mixture and Eulerian Multiphase Models	19.4.12. Setup and Solution for the Eulerian Model	multiphase	partial	T2	src/ibm/DirectForcingIbm.hpp:9; src/combustion/FgmFlamelet.hpp:7
Fluent-TG	Chapter 19: Using the Mixture and Eulerian Multiphase Models	Using the Mixture and Eulerian Multiphase Models	multiphase	partial	T2	src/ibm/DirectForcingIbm.hpp:9; src/combustion/FgmFlamelet.hpp:7
Fluent-TG	Chapter 19: Using the Mixture and Eulerian Multiphase Models	Using the Mixture and Eulerian Multiphase Models	multiphase	partial	T2	src/ibm/DirectForcingIbm.hpp:9; src/combustion/FgmFlamelet.hpp:7
Fluent-TG	Chapter 20: Modeling Solidification	Chapter 20: Modeling Solidification	other	partial	T2	src/heat_transfer/CMakeLists.txt:2
Fluent-TG	Chapter 20: Modeling Solidification	20.4. Setup and Solution	other	partial	T2	src/heat_transfer/CMakeLists.txt:2
Fluent-TG	Chapter 20: Modeling Solidification	Modeling Solidification	other	partial	T2	src/heat_transfer/CMakeLists.txt:2
Fluent-TG	Chapter 20: Modeling Solidification	20.4. Setup and Solution	other	partial	T2	src/heat_transfer/CMakeLists.txt:2
Fluent-TG	Chapter 20: Modeling Solidification	20.4.2. Reading and Checking the Mesh	mesh	partial	T2	src/io/MeshFormats.hpp:7; src/heat_transfer/CMakeLists.txt:2
Fluent-TG	Chapter 20: Modeling Solidification	20.4.3. Specifying Solver and Analysis Type	solver	partial	T2	src/gpu/GpuKernels.cpp:331; src/heat_transfer/CMakeLists.txt:2
Fluent-TG	Chapter 20: Modeling Solidification	20.4.4. Specifying the Models	other	partial	T2	src/heat_transfer/CMakeLists.txt:2
Fluent-TG	Chapter 20: Modeling Solidification	20.4.5. Defining Materials	materials	partial	T2	src/heat_transfer/CMakeLists.txt:2
Fluent-TG	Chapter 20: Modeling Solidification	20.4.2. Reading and Checking the Mesh	mesh	partial	T2	src/io/MeshFormats.hpp:7; src/heat_transfer/CMakeLists.txt:2
Fluent-TG	Chapter 20: Modeling Solidification	Modeling Solidification	other	partial	T2	src/heat_transfer/CMakeLists.txt:2
Fluent-TG	Chapter 20: Modeling Solidification	20.4.3. Specifying Solver and Analysis Type	solver	partial	T2	src/gpu/GpuKernels.cpp:331; src/heat_transfer/CMakeLists.txt:2
Fluent-TG	Chapter 20: Modeling Solidification	20.4.4. Specifying the Models	other	partial	T2	src/heat_transfer/CMakeLists.txt:2
Fluent-TG	Chapter 20: Modeling Solidification	20.4.5. Defining Materials	materials	partial	T2	src/heat_transfer/CMakeLists.txt:2
Fluent-TG	Chapter 20: Modeling Solidification	Modeling Solidification	other	partial	T2	src/heat_transfer/CMakeLists.txt:2
Fluent-TG	Chapter 20: Modeling Solidification	Modeling Solidification	other	partial	T2	src/heat_transfer/CMakeLists.txt:2
Fluent-TG	Chapter 20: Modeling Solidification	Modeling Solidification	other	partial	T2	src/heat_transfer/CMakeLists.txt:2
Fluent-TG	Chapter 20: Modeling Solidification	Modeling Solidification	other	partial	T2	src/heat_transfer/CMakeLists.txt:2
Fluent-TG	Chapter 20: Modeling Solidification	Modeling Solidification	other	partial	T2	src/heat_transfer/CMakeLists.txt:2
Fluent-TG	Chapter 20: Modeling Solidification	Modeling Solidification	other	partial	T2	src/heat_transfer/CMakeLists.txt:2
Fluent-TG	Chapter 21: Using the Eulerian Granular Multiphase Model with Heat Transfer	Chapter 21: Using the Eulerian Granular Multiphase Model with Heat Transfer	turbulence	partial	T2	src/ibm/DirectForcingIbm.hpp:9; src/cad/IgesReader.cpp:45
Fluent-TG	Chapter 21: Using the Eulerian Granular Multiphase Model with Heat Transfer	Heat Transfer	turbulence	partial	T2	src/ibm/DirectForcingIbm.hpp:9; src/cad/IgesReader.cpp:45
Fluent-TG	Chapter 21: Using the Eulerian Granular Multiphase Model with Heat Transfer	21.4. Setup and Solution	turbulence	partial	T2	src/ibm/DirectForcingIbm.hpp:9; src/cad/IgesReader.cpp:45
Fluent-TG	Chapter 21: Using the Eulerian Granular Multiphase Model with Heat Transfer	21.4. Setup and Solution	turbulence	partial	T2	src/ibm/DirectForcingIbm.hpp:9; src/cad/IgesReader.cpp:45
Fluent-TG	Chapter 21: Using the Eulerian Granular Multiphase Model with Heat Transfer	21.4.3. Solver Settings	turbulence	partial	T2	src/ibm/DirectForcingIbm.hpp:9; src/cad/IgesReader.cpp:45
Fluent-TG	Chapter 21: Using the Eulerian Granular Multiphase Model with Heat Transfer	21.4.4. Models	turbulence	partial	T2	src/ibm/DirectForcingIbm.hpp:9; src/cad/IgesReader.cpp:45
Fluent-TG	Chapter 21: Using the Eulerian Granular Multiphase Model with Heat Transfer	21.4.5. UDF	turbulence	partial	T2	src/ibm/DirectForcingIbm.hpp:9; src/cad/IgesReader.cpp:45
Fluent-TG	Chapter 21: Using the Eulerian Granular Multiphase Model with Heat Transfer	21.4.9. Solution	turbulence	partial	T2	src/ibm/DirectForcingIbm.hpp:9; src/cad/IgesReader.cpp:45
Fluent-TG	Chapter 21: Using the Eulerian Granular Multiphase Model with Heat Transfer	21.4.3. Solver Settings	turbulence	partial	T2	src/ibm/DirectForcingIbm.hpp:9; src/cad/IgesReader.cpp:45
Fluent-TG	Chapter 21: Using the Eulerian Granular Multiphase Model with Heat Transfer	21.4.4. Models	turbulence	partial	T2	src/ibm/DirectForcingIbm.hpp:9; src/cad/IgesReader.cpp:45
Fluent-TG	Chapter 21: Using the Eulerian Granular Multiphase Model with Heat Transfer	Using the Eulerian Granular Multiphase Model with Heat Transfer	turbulence	partial	T2	src/ibm/DirectForcingIbm.hpp:9; src/cad/IgesReader.cpp:45
Fluent-TG	Chapter 21: Using the Eulerian Granular Multiphase Model with Heat Transfer	21.4.5. UDF	turbulence	partial	T2	src/ibm/DirectForcingIbm.hpp:9; src/cad/IgesReader.cpp:45
Fluent-TG	Chapter 21: Using the Eulerian Granular Multiphase Model with Heat Transfer	Using the Eulerian Granular Multiphase Model with Heat Transfer	turbulence	partial	T2	src/ibm/DirectForcingIbm.hpp:9; src/cad/IgesReader.cpp:45
Fluent-TG	Chapter 21: Using the Eulerian Granular Multiphase Model with Heat Transfer	Using the Eulerian Granular Multiphase Model with Heat Transfer	turbulence	partial	T2	src/ibm/DirectForcingIbm.hpp:9; src/cad/IgesReader.cpp:45
Fluent-TG	Chapter 21: Using the Eulerian Granular Multiphase Model with Heat Transfer	21.4.9. Solution	turbulence	partial	T2	src/ibm/DirectForcingIbm.hpp:9; src/cad/IgesReader.cpp:45
Fluent-TG	Chapter 21: Using the Eulerian Granular Multiphase Model with Heat Transfer	Using the Eulerian Granular Multiphase Model with Heat Transfer	turbulence	partial	T2	src/ibm/DirectForcingIbm.hpp:9; src/cad/IgesReader.cpp:45
Fluent-TG	Chapter 21: Using the Eulerian Granular Multiphase Model with Heat Transfer	Using the Eulerian Granular Multiphase Model with Heat Transfer	turbulence	partial	T2	src/ibm/DirectForcingIbm.hpp:9; src/cad/IgesReader.cpp:45
Fluent-TG	Chapter 21: Using the Eulerian Granular Multiphase Model with Heat Transfer	Using the Eulerian Granular Multiphase Model with Heat Transfer	turbulence	partial	T2	src/ibm/DirectForcingIbm.hpp:9; src/cad/IgesReader.cpp:45
Fluent-TG	Chapter 22: Postprocessing	Chapter 22: Postprocessing	postprocessing	partial	T1	src/core/TaskGraph.hpp:14
Fluent-TG	Chapter 22: Postprocessing	22.4. Setup and Solution	postprocessing	partial	T1	src/core/TaskGraph.hpp:14
Fluent-TG	Chapter 22: Postprocessing	22.4. Setup and Solution	postprocessing	partial	T1	src/core/TaskGraph.hpp:14
Fluent-TG	Chapter 22: Postprocessing	22.4.2. Reading the Mesh	mesh	partial	T1	src/io/MeshFormats.hpp:7; src/core/TaskGraph.hpp:14
Fluent-TG	Chapter 22: Postprocessing	22.4.3. Manipulating the Mesh in the Viewer	mesh	partial	T1	src/gui/ResidualPlot.hpp:6; src/core/TaskGraph.hpp:14
Fluent-TG	Chapter 22: Postprocessing	22.4.4. Adding Lights	postprocessing	partial	T1	src/core/TaskGraph.hpp:14
Fluent-TG	Chapter 22: Postprocessing	22.4.5. Creating Isosurfaces	postprocessing	partial	T1	src/core/TaskGraph.hpp:14
Fluent-TG	Chapter 22: Postprocessing	22.4.6. Generating Contours	postprocessing	partial	T1	src/gui/RibbonContent.cpp:97; src/core/TaskGraph.hpp:14
Fluent-TG	Chapter 22: Postprocessing	22.4.7. Generating Velocity Vectors	postprocessing	partial	T1	src/core/TaskGraph.hpp:14; src/gpu/BicgstabGpu.hpp:68
Fluent-TG	Chapter 22: Postprocessing	22.4.8. Creating an Animation	postprocessing	partial	T1	src/gui/RibbonContent.cpp:104; src/core/TaskGraph.hpp:14
Fluent-TG	Chapter 22: Postprocessing	22.4.9. Displaying Pathlines	postprocessing	partial	T1	src/core/TaskGraph.hpp:14
Fluent-TG	Chapter 22: Postprocessing	22.4.12. Creating Exploded Views	postprocessing	partial	T1	src/core/TaskGraph.hpp:14; src/gpu/GpuKernels.cpp:45
Fluent-TG	Chapter 22: Postprocessing	22.4.14. Generating XY Plots	postprocessing	partial	T1	src/gui/ResidualPlot.hpp:7; src/core/TaskGraph.hpp:14
Fluent-TG	Chapter 22: Postprocessing	22.4.15. Creating Annotation	postprocessing	partial	T1	src/core/TaskGraph.hpp:14; src/visualization/Annotation.cpp:3
Fluent-TG	Chapter 22: Postprocessing	22.4.16. Saving Picture Files	postprocessing	partial	T1	src/core/TaskGraph.hpp:14
Fluent-TG	Chapter 22: Postprocessing	22.4.2. Reading the Mesh	mesh	partial	T1	src/io/MeshFormats.hpp:7; src/core/TaskGraph.hpp:14
Fluent-TG	Chapter 22: Postprocessing	22.4.3. Manipulating the Mesh in the Viewer	mesh	partial	T1	src/gui/ResidualPlot.hpp:6; src/core/TaskGraph.hpp:14
Fluent-TG	Chapter 22: Postprocessing	Click	postprocessing	partial	T1	src/visualization/OrientationGizmo.cpp:43; src/core/TaskGraph.hpp:14
Fluent-TG	Chapter 22: Postprocessing	Extra	postprocessing	partial	T1	src/core/TaskGraph.hpp:14; src/combustion/LaminarFiniteRate.hpp:14
Fluent-TG	Chapter 22: Postprocessing	22.4.4. Adding Lights	postprocessing	partial	T1	src/core/TaskGraph.hpp:14
Fluent-TG	Chapter 22: Postprocessing	Extra	postprocessing	partial	T1	src/core/TaskGraph.hpp:14; src/combustion/LaminarFiniteRate.hpp:14
Fluent-TG	Chapter 22: Postprocessing	22.4.5. Creating Isosurfaces	postprocessing	partial	T1	src/core/TaskGraph.hpp:14
Fluent-TG	Chapter 22: Postprocessing	22.4.6. Generating Contours	postprocessing	partial	T1	src/gui/RibbonContent.cpp:97; src/core/TaskGraph.hpp:14
Fluent-TG	Chapter 22: Postprocessing	22.4.7. Generating Velocity Vectors	postprocessing	partial	T1	src/core/TaskGraph.hpp:14; src/gpu/BicgstabGpu.hpp:68
Fluent-TG	Chapter 22: Postprocessing	Extra	postprocessing	partial	T1	src/core/TaskGraph.hpp:14; src/combustion/LaminarFiniteRate.hpp:14
Fluent-TG	Chapter 22: Postprocessing	22.4.8. Creating an Animation	postprocessing	partial	T1	src/gui/RibbonContent.cpp:104; src/core/TaskGraph.hpp:14
Fluent-TG	Chapter 22: Postprocessing	22.4.9. Displaying Pathlines	postprocessing	partial	T1	src/core/TaskGraph.hpp:14
Fluent-TG	Chapter 22: Postprocessing	22.4.12. Creating Exploded Views	postprocessing	partial	T1	src/core/TaskGraph.hpp:14; src/gpu/GpuKernels.cpp:45
Fluent-TG	Chapter 22: Postprocessing	22.4.14. Generating XY Plots	postprocessing	partial	T1	src/gui/ResidualPlot.hpp:7; src/core/TaskGraph.hpp:14
Fluent-TG	Chapter 22: Postprocessing	22.4.15. Creating Annotation	postprocessing	partial	T1	src/core/TaskGraph.hpp:14; src/visualization/Annotation.cpp:3
Fluent-TG	Chapter 22: Postprocessing	Extra	postprocessing	partial	T1	src/core/TaskGraph.hpp:14; src/combustion/LaminarFiniteRate.hpp:14
Fluent-TG	Chapter 22: Postprocessing	22.4.16. Saving Picture Files	postprocessing	partial	T1	src/core/TaskGraph.hpp:14
Fluent-TG	Chapter 24: Simulating a Single Battery Cell Using the MSMD Battery Model	Chapter 24: Simulating a Single Battery Cell Using the MSMD Battery Model	other	absent	T3	
Fluent-TG	Chapter 24: Simulating a Single Battery Cell Using the MSMD Battery Model	24.4. Setup and Solution	other	absent	T3	
Fluent-TG	Chapter 24: Simulating a Single Battery Cell Using the MSMD Battery Model	24.4. Setup and Solution	other	absent	T3	
Fluent-TG	Chapter 24: Simulating a Single Battery Cell Using the MSMD Battery Model	24.4.2. Reading and Scaling the Mesh	mesh	partial	T3	src/io/MeshFormats.hpp:7; src/combustion/EddyDissipationConcept.hpp:39
Fluent-TG	Chapter 24: Simulating a Single Battery Cell Using the MSMD Battery Model	24.4.3. Loading the MSMD battery Add-on	other	partial	T3	src/acoustics/FwhSurface.cpp:147
Fluent-TG	Chapter 24: Simulating a Single Battery Cell Using the MSMD Battery Model	24.4.4. NTGK Battery Model Setup	other	absent	T3	
Fluent-TG	Chapter 24: Simulating a Single Battery Cell Using the MSMD Battery Model	24.4.6. Simulating the Battery Pulse Discharge Using the ECM Model	other	partial	T3	src/particles/BlobInjector.hpp:11
Fluent-TG	Chapter 24: Simulating a Single Battery Cell Using the MSMD Battery Model	24.4.7. Using the Reduced Order Method (ROM)	other	partial	T3	src/rom/EcswHyperReduction.hpp:21
Fluent-TG	Chapter 24: Simulating a Single Battery Cell Using the MSMD Battery Model	24.4.2. Reading and Scaling the Mesh	mesh	partial	T3	src/io/MeshFormats.hpp:7; src/combustion/EddyDissipationConcept.hpp:39
Fluent-TG	Chapter 24: Simulating a Single Battery Cell Using the MSMD Battery Model	24.4.3. Loading the MSMD battery Add-on	other	partial	T3	src/acoustics/FwhSurface.cpp:147
Fluent-TG	Chapter 24: Simulating a Single Battery Cell Using the MSMD Battery Model	Simulating a Single Battery Cell Using the MSMD Battery Model	other	absent	T3	
Fluent-TG	Chapter 24: Simulating a Single Battery Cell Using the MSMD Battery Model	24.4.4. NTGK Battery Model Setup	other	absent	T3	
Fluent-TG	Chapter 24: Simulating a Single Battery Cell Using the MSMD Battery Model	24.4.4.1. Specifying Solver and Models	solver	absent	T3	
Fluent-TG	Chapter 24: Simulating a Single Battery Cell Using the MSMD Battery Model	24.4.4.2. Defining New Materials for Cell and Tabs	materials	absent	T3	
Fluent-TG	Chapter 24: Simulating a Single Battery Cell Using the MSMD Battery Model	24.4.4.3. Defining Cell Zone Conditions	other	partial	T3	src/core/BoundaryConditionRegistry.hpp:9
Fluent-TG	Chapter 24: Simulating a Single Battery Cell Using the MSMD Battery Model	24.4.4.4. Defining Boundary Conditions	bc	partial	T3	src/core/BoundaryConditionRegistry.hpp:9
Fluent-TG	Chapter 24: Simulating a Single Battery Cell Using the MSMD Battery Model	24.4.4.5. Specifying Solution Settings	other	absent	T3	
Fluent-TG	Chapter 24: Simulating a Single Battery Cell Using the MSMD Battery Model	24.4.4.6. Obtaining Solution	other	absent	T3	
Fluent-TG	Chapter 24: Simulating a Single Battery Cell Using the MSMD Battery Model	24.4.4.1. Specifying Solver and Models	solver	absent	T3	
Fluent-TG	Chapter 24: Simulating a Single Battery Cell Using the MSMD Battery Model	Simulating a Single Battery Cell Using the MSMD Battery Model	other	absent	T3	
Fluent-TG	Chapter 24: Simulating a Single Battery Cell Using the MSMD Battery Model	Simulating a Single Battery Cell Using the MSMD Battery Model	other	absent	T3	
Fluent-TG	Chapter 24: Simulating a Single Battery Cell Using the MSMD Battery Model	24.4.4.2. Defining New Materials for Cell and Tabs	materials	absent	T3	
Fluent-TG	Chapter 24: Simulating a Single Battery Cell Using the MSMD Battery Model	24.4.4.3. Defining Cell Zone Conditions	other	partial	T3	src/core/BoundaryConditionRegistry.hpp:9
Fluent-TG	Chapter 24: Simulating a Single Battery Cell Using the MSMD Battery Model	24.4.4.4. Defining Boundary Conditions	bc	partial	T3	src/core/BoundaryConditionRegistry.hpp:9
Fluent-TG	Chapter 24: Simulating a Single Battery Cell Using the MSMD Battery Model	24.4.4.5. Specifying Solution Settings	other	absent	T3	
Fluent-TG	Chapter 24: Simulating a Single Battery Cell Using the MSMD Battery Model	Simulating a Single Battery Cell Using the MSMD Battery Model	other	absent	T3	
Fluent-TG	Chapter 24: Simulating a Single Battery Cell Using the MSMD Battery Model	Simulating a Single Battery Cell Using the MSMD Battery Model	other	absent	T3	
Fluent-TG	Chapter 24: Simulating a Single Battery Cell Using the MSMD Battery Model	24.4.4.6. Obtaining Solution	other	absent	T3	
Fluent-TG	Chapter 24: Simulating a Single Battery Cell Using the MSMD Battery Model	Simulating a Single Battery Cell Using the MSMD Battery Model	other	absent	T3	
Fluent-TG	Chapter 24: Simulating a Single Battery Cell Using the MSMD Battery Model	Simulating a Single Battery Cell Using the MSMD Battery Model	other	absent	T3	
Fluent-TG	Chapter 24: Simulating a Single Battery Cell Using the MSMD Battery Model	Simulating a Single Battery Cell Using the MSMD Battery Model	other	absent	T3	
Fluent-TG	Chapter 24: Simulating a Single Battery Cell Using the MSMD Battery Model	Simulating a Single Battery Cell Using the MSMD Battery Model	other	absent	T3	
Fluent-TG	Chapter 24: Simulating a Single Battery Cell Using the MSMD Battery Model	Simulating a Single Battery Cell Using the MSMD Battery Model	other	absent	T3	
Fluent-TG	Chapter 24: Simulating a Single Battery Cell Using the MSMD Battery Model	Simulating a Single Battery Cell Using the MSMD Battery Model	other	absent	T3	
Fluent-TG	Chapter 24: Simulating a Single Battery Cell Using the MSMD Battery Model	24.4.6. Simulating the Battery Pulse Discharge Using the ECM Model	other	partial	T3	src/particles/BlobInjector.hpp:11
Fluent-TG	Chapter 24: Simulating a Single Battery Cell Using the MSMD Battery Model	24.4.7. Using the Reduced Order Method (ROM)	other	partial	T3	src/rom/EcswHyperReduction.hpp:21
Fluent-TG	Chapter 24: Simulating a Single Battery Cell Using the MSMD Battery Model	Simulating a Single Battery Cell Using the MSMD Battery Model	other	absent	T3	
Fluent-TG	Chapter 24: Simulating a Single Battery Cell Using the MSMD Battery Model	Extra	other	partial	T3	src/combustion/LaminarFiniteRate.hpp:14
Fluent-TG	Chapter 24: Simulating a Single Battery Cell Using the MSMD Battery Model	Simulating a Single Battery Cell Using the MSMD Battery Model	other	absent	T3	
Fluent-TG	Chapter 24: Simulating a Single Battery Cell Using the MSMD Battery Model	Simulating a Single Battery Cell Using the MSMD Battery Model	other	absent	T3	
Fluent-TG	Chapter 25: Simulating a 1P3S Battery Pack Using the MSMD Battery Model	Chapter 25: Simulating a 1P3S Battery Pack Using the MSMD Battery Model	other	partial	T3	src/meshing/BlockMeshDict.cpp:404
Fluent-TG	Chapter 25: Simulating a 1P3S Battery Pack Using the MSMD Battery Model	25.4. Setup and Solution	other	partial	T3	src/meshing/BlockMeshDict.cpp:404
Fluent-TG	Chapter 25: Simulating a 1P3S Battery Pack Using the MSMD Battery Model	25.4. Setup and Solution	other	partial	T3	src/meshing/BlockMeshDict.cpp:404
Fluent-TG	Chapter 25: Simulating a 1P3S Battery Pack Using the MSMD Battery Model	25.4.3. Loading the MSMD battery Add-on	other	partial	T3	src/meshing/BlockMeshDict.cpp:404; src/acoustics/FwhSurface.cpp:147
Fluent-TG	Chapter 25: Simulating a 1P3S Battery Pack Using the MSMD Battery Model	25.4.4. Battery Model Setup	other	partial	T3	src/meshing/BlockMeshDict.cpp:404
Fluent-TG	Chapter 25: Simulating a 1P3S Battery Pack Using the MSMD Battery Model	25.4.3. Loading the MSMD battery Add-on	other	partial	T3	src/meshing/BlockMeshDict.cpp:404; src/acoustics/FwhSurface.cpp:147
Fluent-TG	Chapter 25: Simulating a 1P3S Battery Pack Using the MSMD Battery Model	25.4.4. Battery Model Setup	other	partial	T3	src/meshing/BlockMeshDict.cpp:404
Fluent-TG	Chapter 25: Simulating a 1P3S Battery Pack Using the MSMD Battery Model	25.4.4.1. Specifying Solver and Models	solver	partial	T3	src/meshing/BlockMeshDict.cpp:404
Fluent-TG	Chapter 25: Simulating a 1P3S Battery Pack Using the MSMD Battery Model	25.4.4.2. Defining New Materials	materials	partial	T3	src/meshing/BlockMeshDict.cpp:404
Fluent-TG	Chapter 25: Simulating a 1P3S Battery Pack Using the MSMD Battery Model	25.4.4.3. Defining Cell Zone Conditions	other	partial	T3	src/meshing/BlockMeshDict.cpp:404; src/core/BoundaryConditionRegistry.hpp:9
Fluent-TG	Chapter 25: Simulating a 1P3S Battery Pack Using the MSMD Battery Model	25.4.4.4. Defining Boundary Conditions	bc	partial	T3	src/meshing/BlockMeshDict.cpp:404; src/core/BoundaryConditionRegistry.hpp:9
Fluent-TG	Chapter 25: Simulating a 1P3S Battery Pack Using the MSMD Battery Model	25.4.4.5. Specifying Solution Settings	other	partial	T3	src/meshing/BlockMeshDict.cpp:404
Fluent-TG	Chapter 25: Simulating a 1P3S Battery Pack Using the MSMD Battery Model	25.4.4.6. Obtaining Solution	other	partial	T3	src/meshing/BlockMeshDict.cpp:404
Fluent-TG	Chapter 25: Simulating a 1P3S Battery Pack Using the MSMD Battery Model	25.4.4.1. Specifying Solver and Models	solver	partial	T3	src/meshing/BlockMeshDict.cpp:404
Fluent-TG	Chapter 25: Simulating a 1P3S Battery Pack Using the MSMD Battery Model	25.4.4.2. Defining New Materials	materials	partial	T3	src/meshing/BlockMeshDict.cpp:404
Fluent-TG	Chapter 25: Simulating a 1P3S Battery Pack Using the MSMD Battery Model	25.4.4.3. Defining Cell Zone Conditions	other	partial	T3	src/meshing/BlockMeshDict.cpp:404; src/core/BoundaryConditionRegistry.hpp:9
Fluent-TG	Chapter 25: Simulating a 1P3S Battery Pack Using the MSMD Battery Model	25.4.4.4. Defining Boundary Conditions	bc	partial	T3	src/meshing/BlockMeshDict.cpp:404; src/core/BoundaryConditionRegistry.hpp:9
Fluent-TG	Chapter 25: Simulating a 1P3S Battery Pack Using the MSMD Battery Model	25.4.4.5. Specifying Solution Settings	other	partial	T3	src/meshing/BlockMeshDict.cpp:404
Fluent-TG	Chapter 25: Simulating a 1P3S Battery Pack Using the MSMD Battery Model	25.4.4.6. Obtaining Solution	other	partial	T3	src/meshing/BlockMeshDict.cpp:404
CMP-UG	Chapter 1: Introduction	The COMSOL Modules	other	partial	T3	src/cad/CadKernel.cpp:7
CMP-UG	Chapter 1: Introduction	The Comsol Modules	other	partial	T3	src/cad/CadKernel.cpp:7
CMP-UG	Chapter 1: Introduction	AC/DC Module	other	partial	T3	src/acoustics/CurleAcoustics.hpp:19
CMP-UG	Chapter 1: Introduction	The Comsol Modules	other	partial	T3	src/cad/CadKernel.cpp:7
CMP-UG	Chapter 1: Introduction	The Comsol Modules	other	partial	T3	src/cad/CadKernel.cpp:7
CMP-UG	Chapter 1: Introduction	Heat Transfer Module	turbulence	partial	T2	src/acoustics/CurleAcoustics.hpp:19; src/cad/IgesReader.cpp:45
CMP-UG	Chapter 1: Introduction	The Comsol Modules	other	partial	T3	src/cad/CadKernel.cpp:7
CMP-UG	Chapter 1: Introduction	The Comsol Modules	other	partial	T3	src/cad/CadKernel.cpp:7
CMP-UG	Chapter 1: Introduction	The Comsol Modules	other	partial	T3	src/cad/CadKernel.cpp:7
CMP-UG	Chapter 1: Introduction	The Comsol Modules	other	partial	T3	src/cad/CadKernel.cpp:7
CMP-UG	Chapter 1: Introduction	The Comsol Modules	other	partial	T3	src/cad/CadKernel.cpp:7
CMP-UG	Chapter 1: Introduction	The Comsol Modules	other	partial	T3	src/cad/CadKernel.cpp:7
CMP-UG	Chapter 1: Introduction	DEFORMED MESHES	mesh	partial	T1	src/morphing/FfdBox.hpp:19; src/core/IWallDistanceService.hpp:31
CMP-UG	Chapter 1: Introduction	The COMSOL Documentation Set	other	absent	T3	
CMP-UG	Chapter 1: Introduction	Where Do I Access the Documentation and Model Library?	other	partial	T3	src/gpu/HostDeviceMirror.hpp:33; src/core/PluginLoader.hpp:10
CMP-UG	Chapter 1: Introduction	The Documentation	other	absent	T3	
CMP-UG	Chapter 1: Introduction	To open the Model Library, select View>Model Library (	other	partial	T3	src/core/ConfigStore.hpp:100; src/core/PluginLoader.hpp:10
CMP-UG	Chapter 1: Introduction	The Comsol Documentation Set	other	absent	T3	
CMP-UG	Chapter 1: Introduction	ICON	other	partial	T3	src/visualization/OrientationGizmo.hpp:36
CMP-UG	Chapter 2: The COMSOL Modeling Environment	Chapter 2: The COMSOL Modeling Environment	other	partial	T3	src/gpu/CudaContext.hpp:77
CMP-UG	Chapter 2: The COMSOL Modeling Environment	T he C O M S O L D eskt op E n v i ron m en t	other	partial	T3	src/gpu/CudaContext.hpp:77
CMP-UG	Chapter 2: The COMSOL Modeling Environment	Printing from the COMSOL Desktop	other	partial	T3	src/gpu/CudaContext.hpp:77; src/gui_core/PanelRegistry.hpp:11
CMP-UG	Chapter 2: The COMSOL Modeling Environment	Button	other	partial	T3	src/gpu/CudaContext.hpp:77; src/gui/ConsolePanel.hpp:6
CMP-UG	Chapter 2: The COMSOL Modeling Environment	Introduction to the Model Wizard	workflow	partial	T1	src/gpu/CudaContext.hpp:77
CMP-UG	Chapter 2: The COMSOL Modeling Environment	Basic Steps to Build a Model	other	partial	T3	src/rom/PodDmd.cpp:192; src/gpu/CudaContext.hpp:77
CMP-UG	Chapter 2: The COMSOL Modeling Environment	Introduction To The Model Wizard And The Model Builder	workflow	partial	T1	src/gpu/CudaContext.hpp:77; src/cad/BrepIo.cpp:23
CMP-UG	Chapter 2: The COMSOL Modeling Environment	B R A N C H E S I N T H E M O D E L TRE E	other	partial	T3	src/gpu/CudaContext.hpp:77
CMP-UG	Chapter 2: The COMSOL Modeling Environment	Domain level settings for	other	partial	T2	src/gpu/CudaContext.hpp:77
CMP-UG	Chapter 2: The COMSOL Modeling Environment	Introduction To The Model Wizard And The Model Builder	workflow	partial	T1	src/gpu/CudaContext.hpp:77; src/cad/BrepIo.cpp:23
CMP-UG	Chapter 2: The COMSOL Modeling Environment	Going to the Source Node	other	partial	T3	src/cad/ObjReader.cpp:172; src/gpu/CudaContext.hpp:77
CMP-UG	Chapter 2: The COMSOL Modeling Environment	Duplicating Nodes	other	partial	T3	src/cad/ShapeHandleInternal.hpp:11; src/gpu/CudaContext.hpp:77
CMP-UG	Chapter 2: The COMSOL Modeling Environment	Expanding and Collapsing All Nodes	other	partial	T3	src/gpu/CudaContext.hpp:77
CMP-UG	Chapter 2: The COMSOL Modeling Environment	When No Sorting (	other	partial	T3	src/gpu/CudaContext.hpp:77
CMP-UG	Chapter 2: The COMSOL Modeling Environment	O R G A N I Z I N G N O D E S B Y TY P E	other	partial	T3	src/gpu/CudaContext.hpp:77
CMP-UG	Chapter 2: The COMSOL Modeling Environment	Introduction to the COMSOL Windows	ui	partial	T1	src/gpu/CudaContext.hpp:77; src/core/CrashHandler.cpp:17
CMP-UG	Chapter 2: The COMSOL Modeling Environment	The Help Window	ui	partial	T1	src/gpu/CudaContext.hpp:77; src/gui/MainWindow.hpp:4
CMP-UG	Chapter 2: The COMSOL Modeling Environment	Introduction To The Comsol Windows	ui	partial	T1	src/gpu/CudaContext.hpp:77; src/core/CrashHandler.cpp:17
CMP-UG	Chapter 2: The COMSOL Modeling Environment	The Help Documentation Window	ui	partial	T1	src/gpu/CudaContext.hpp:77; src/gui/MainWindow.hpp:4
CMP-UG	Chapter 2: The COMSOL Modeling Environment	Search	other	partial	T3	src/gpu/CudaContext.hpp:77; src/gpu/GpuKernels.cpp:311
CMP-UG	Chapter 2: The COMSOL Modeling Environment	In the COMSOL Multiphysics Reference Guide:	other	partial	T3	src/gpu/CudaContext.hpp:77
CMP-UG	Chapter 2: The COMSOL Modeling Environment	The About COMSOL Multiphysics Box	other	partial	T3	src/gpu/CudaContext.hpp:77
CMP-UG	Chapter 2: The COMSOL Modeling Environment	Keyboard Shortcuts	other	partial	T3	src/gpu/CudaContext.hpp:77
CMP-UG	Chapter 2: The COMSOL Modeling Environment	Ke y t o t he N od es an d Tool b ar	other	partial	T3	src/gpu/CudaContext.hpp:77
CMP-UG	Chapter 2: The COMSOL Modeling Environment	Study Steps Analysis	other	partial	T3	src/gpu/CudaContext.hpp:77; src/gpu/GpuKernels.cpp:331
CMP-UG	Chapter 3: Global and Local Definitions	Chapter 3: Global and Local Definitions	other	partial	T3	src/porous/PorousMedia.hpp:47; src/core/RotatingFileSink.hpp:39
CMP-UG	Chapter 3: Global and Local Definitions	About Global and Local Definitions	other	partial	T3	src/porous/PorousMedia.hpp:47; src/core/RotatingFileSink.hpp:39
CMP-UG	Chapter 3: Global and Local Definitions	Local Definitions	other	partial	T3	src/porous/PorousMedia.hpp:47; src/core/RotatingFileSink.hpp:39
CMP-UG	Chapter 3: Global and Local Definitions	T H E TE S T O P E R A T O R	other	partial	T3	src/porous/PorousMedia.hpp:47; src/core/RotatingFileSink.hpp:39
CMP-UG	Chapter 3: Global and Local Definitions	THE ISLINEAR OPERATOR	other	partial	T3	src/porous/PorousMedia.hpp:47; src/core/RotatingFileSink.hpp:39
CMP-UG	Chapter 3: Global and Local Definitions	THE TIMEINT OPERATOR	other	partial	T3	src/porous/PorousMedia.hpp:47; src/core/RotatingFileSink.hpp:39
CMP-UG	Chapter 3: Global and Local Definitions	THE LINPOINT OPERATOR	other	partial	T3	src/porous/PorousMedia.hpp:47; src/core/RotatingFileSink.hpp:39
CMP-UG	Chapter 3: Global and Local Definitions	The Reacf Operator	other	partial	T3	src/porous/PorousMedia.hpp:47; src/core/RotatingFileSink.hpp:39
CMP-UG	Chapter 3: Global and Local Definitions	The Shapeorder Operator	other	partial	T3	src/porous/PorousMedia.hpp:47; src/core/RotatingFileSink.hpp:39
CMP-UG	Chapter 3: Global and Local Definitions	Global Parameters	scripting	partial	T1	src/porous/PorousMedia.hpp:47; src/core/RotatingFileSink.hpp:39
CMP-UG	Chapter 3: Global and Local Definitions	V a r i a ble s	other	partial	T3	src/porous/PorousMedia.hpp:47; src/core/RotatingFileSink.hpp:39
CMP-UG	Chapter 3: Global and Local Definitions	A N E X A M P L E O F L A G R A N G E E L E M E N T VA R I A BL E S	other	partial	T3	src/porous/PorousMedia.hpp:47; src/core/RotatingFileSink.hpp:39
CMP-UG	Chapter 3: Global and Local Definitions	Tan G En Tial Der Ivative Var Ia Bl Es	other	partial	T3	src/porous/PorousMedia.hpp:47; src/core/RotatingFileSink.hpp:39
CMP-UG	Chapter 3: Global and Local Definitions	LA GR AN GE MULT IPL IER VAR IA BL ES	other	partial	T3	src/porous/PorousMedia.hpp:47; src/core/RotatingFileSink.hpp:39
CMP-UG	Chapter 3: Global and Local Definitions	Global and Local Functions	other	partial	T3	src/porous/PorousMedia.hpp:47; src/core/RotatingFileSink.hpp:39
CMP-UG	Chapter 3: Global and Local Definitions	OTHER FUNCTION CHARACTERISTICS	other	partial	T3	src/porous/PorousMedia.hpp:47; src/core/RotatingFileSink.hpp:39
CMP-UG	Chapter 3: Global and Local Definitions	Global And Local Functions	other	partial	T3	src/porous/PorousMedia.hpp:47; src/core/RotatingFileSink.hpp:39
CMP-UG	Chapter 3: Global and Local Definitions	MATLAB Functions (Global Only)	other	partial	T3	src/porous/PorousMedia.hpp:47; src/core/RotatingFileSink.hpp:39
CMP-UG	Chapter 3: Global and Local Definitions	Defining a Base Vector System	other	partial	T3	src/porous/PorousMedia.hpp:47; src/core/RotatingFileSink.hpp:39
CMP-UG	Chapter 4: Visualization and Selection Tools	Chapter 4: Visualization and Selection Tools	other	partial	T3	src/io/EnSightGoldWriter.hpp:8
CMP-UG	Chapter 4: Visualization and Selection Tools	Working with Geometry	geometry	partial	T1	src/io/EnSightGoldWriter.hpp:8; src/core/ResourceMonitor.hpp:7
CMP-UG	Chapter 4: Visualization and Selection Tools	Wo R K I N G W I T H G E O M E T R Y	other	partial	T3	src/io/EnSightGoldWriter.hpp:8
CMP-UG	Chapter 4: Visualization and Selection Tools	TASK	other	partial	T3	src/io/EnSightGoldWriter.hpp:8
CMP-UG	Chapter 4: Visualization and Selection Tools	C H A P T E R 4 : V I S U A L I Z A T I O N A N D S E L E C T I O N To O L S	other	partial	T3	src/io/EnSightGoldWriter.hpp:8
CMP-UG	Chapter 4: Visualization and Selection Tools	U s e r - De f i ne d Sel ect i on s	other	partial	T3	src/io/EnSightGoldWriter.hpp:8
CMP-UG	Chapter 4: Visualization and Selection Tools	C H A P T E R 4 : V I S U A L I Z A T I O N A N D S E L E C T I O N To O L S	other	partial	T3	src/io/EnSightGoldWriter.hpp:8
CMP-UG	Chapter 4: Visualization and Selection Tools	Defining a Boolean Selection Node	geometry	partial	T1	src/cad/Booleans.hpp:4; src/io/EnSightGoldWriter.hpp:8
CMP-UG	Chapter 4: Visualization and Selection Tools	C H A P T E R 4 : V I S U A L I Z A T I O N A N D S E L E C T I O N To O L S	other	partial	T3	src/io/EnSightGoldWriter.hpp:8
CMP-UG	Chapter 4: Visualization and Selection Tools	U S E R- D E F I N E D S E L E C T I O N S	other	partial	T3	src/io/EnSightGoldWriter.hpp:8
CMP-UG	Chapter 4: Visualization and Selection Tools	C H A P T E R 4 : V I S U A L I Z A T I O N A N D S E L E C T I O N To O L S	other	partial	T3	src/io/EnSightGoldWriter.hpp:8
CMP-UG	Chapter 4: Visualization and Selection Tools	Also create an explicit Object Selection node (	other	partial	T3	src/io/EnSightGoldWriter.hpp:8; src/core/ConfigStore.hpp:14
CMP-UG	Chapter 4: Visualization and Selection Tools	User-Defined Views	other	partial	T3	src/io/EnSightGoldWriter.hpp:8; src/gpu/GpuKernels.cpp:45
CMP-UG	Chapter 4: Visualization and Selection Tools	U S E R- D E F I N E D V I E W S	other	partial	T3	src/io/EnSightGoldWriter.hpp:8
CMP-UG	Chapter 4: Visualization and Selection Tools	C H A P T E R 4 : V I S U A L I Z A T I O N A N D S E L E C T I O N To O L S	other	partial	T3	src/io/EnSightGoldWriter.hpp:8
CMP-UG	Chapter 4: Visualization and Selection Tools	Wireframe	other	partial	T3	src/cad/Healing.hpp:8; src/io/EnSightGoldWriter.hpp:8
CMP-UG	Chapter 4: Visualization and Selection Tools	U S E R- D E F I N E D V I E W S	other	partial	T3	src/io/EnSightGoldWriter.hpp:8
CMP-UG	Chapter 4: Visualization and Selection Tools	LIGHT SOURCES	other	partial	T3	src/io/EnSightGoldWriter.hpp:8; src/gui/Dialogs.cpp:139
CMP-UG	Chapter 4: Visualization and Selection Tools	Specular Intensity	other	partial	T3	src/io/EnSightGoldWriter.hpp:8; src/radiation/DiscreteOrdinates.cpp:121
CMP-UG	Chapter 4: Visualization and Selection Tools	C H A P T E R 4 : V I S U A L I Z A T I O N A N D S E L E C T I O N To O L S	other	partial	T3	src/io/EnSightGoldWriter.hpp:8
CMP-UG	Chapter 4: Visualization and Selection Tools	Capturing and Copying Screenshots	other	partial	T3	src/io/EnSightGoldWriter.hpp:8
CMP-UG	Chapter 5: Geometry Modeling and CAD Tools	Chapter 5: Geometry Modeling and CAD Tools	geometry	partial	T1	src/io/EnSightGoldWriter.hpp:8
CMP-UG	Chapter 5: Geometry Modeling and CAD Tools	Creating a Geometry for Successful	geometry	partial	T1	src/gui_core/PropertyDescriptor.hpp:109; src/io/EnSightGoldWriter.hpp:8
CMP-UG	Chapter 5: Geometry Modeling and CAD Tools	Wo R K I N G W I T H T H E G E O M E T R Y S E Q U E N C E	geometry	partial	T1	src/io/EnSightGoldWriter.hpp:8
CMP-UG	Chapter 5: Geometry Modeling and CAD Tools	ADDIN G A N O DE AT AN AR BITRA R Y PO SITION	geometry	partial	T1	src/io/EnSightGoldWriter.hpp:8
CMP-UG	Chapter 5: Geometry Modeling and CAD Tools	The COMSOL Multiphysics Geometry	geometry	partial	T1	src/io/EnSightGoldWriter.hpp:8
CMP-UG	Chapter 5: Geometry Modeling and CAD Tools	C H A P T E R 5 : G E O M E T R Y M O D E L I N G A N D C A D To O L S	geometry	partial	T1	src/io/EnSightGoldWriter.hpp:8
CMP-UG	Chapter 5: Geometry Modeling and CAD Tools	1D Problems	geometry	partial	T1	src/io/EnSightGoldWriter.hpp:8; src/adjoint/ContinuousAdjoint.hpp:6
CMP-UG	Chapter 5: Geometry Modeling and CAD Tools	C H A P T E R 5 : G E O M E T R Y M O D E L I N G A N D C A D To O L S	geometry	partial	T1	src/io/EnSightGoldWriter.hpp:8
CMP-UG	Chapter 5: Geometry Modeling and CAD Tools	The Comsol Multiphysics Geometr Y And C Ad Environment	geometry	partial	T1	src/gpu/CudaContext.hpp:77; src/io/EnSightGoldWriter.hpp:8
CMP-UG	Chapter 5: Geometry Modeling and CAD Tools	Scale	geometry	partial	T1	src/io/EnSightGoldWriter.hpp:8
CMP-UG	Chapter 5: Geometry Modeling and CAD Tools	Method 1	geometry	partial	T1	src/io/EnSightGoldWriter.hpp:8
CMP-UG	Chapter 5: Geometry Modeling and CAD Tools	Method 2	geometry	partial	T1	src/io/EnSightGoldWriter.hpp:8
CMP-UG	Chapter 5: Geometry Modeling and CAD Tools	C H A P T E R 5 : G E O M E T R Y M O D E L I N G A N D C A D To O L S	geometry	partial	T1	src/io/EnSightGoldWriter.hpp:8
CMP-UG	Chapter 5: Geometry Modeling and CAD Tools	The Comsol Multiphysics Geometr Y And C Ad Environment	geometry	partial	T1	src/gpu/CudaContext.hpp:77; src/io/EnSightGoldWriter.hpp:8
CMP-UG	Chapter 5: Geometry Modeling and CAD Tools	Deleting A Geometry Sequence	geometry	partial	T1	src/io/EnSightGoldWriter.hpp:8; src/core/Command.hpp:86
CMP-UG	Chapter 5: Geometry Modeling and CAD Tools	The Comsol Multiphysics Geometr Y And C Ad Environment	geometry	partial	T1	src/gpu/CudaContext.hpp:77; src/io/EnSightGoldWriter.hpp:8
CMP-UG	Chapter 5: Geometry Modeling and CAD Tools	C H A P T E R 5 : G E O M E T R Y M O D E L I N G A N D C A D To O L S	geometry	partial	T1	src/io/EnSightGoldWriter.hpp:8
CMP-UG	Chapter 5: Geometry Modeling and CAD Tools	The Comsol Multiphysics Geometr Y And C Ad Environment	geometry	partial	T1	src/gpu/CudaContext.hpp:77; src/io/EnSightGoldWriter.hpp:8
CMP-UG	Chapter 5: Geometry Modeling and CAD Tools	Finalizing the Geometry	geometry	partial	T1	src/io/EnSightGoldWriter.hpp:8
CMP-UG	Chapter 5: Geometry Modeling and CAD Tools	C H A P T E R 5 : G E O M E T R Y M O D E L I N G A N D C A D To O L S	geometry	partial	T1	src/io/EnSightGoldWriter.hpp:8
CMP-UG	Chapter 5: Geometry Modeling and CAD Tools	The Comsol Multiphysics Geometr Y And C Ad Environment	geometry	partial	T1	src/gpu/CudaContext.hpp:77; src/io/EnSightGoldWriter.hpp:8
CMP-UG	Chapter 5: Geometry Modeling and CAD Tools	Creating a 1D Geometry Model	geometry	partial	T1	src/io/EnSightGoldWriter.hpp:8
CMP-UG	Chapter 5: Geometry Modeling and CAD Tools	Creating a 2D Geometry Model	geometry	partial	T1	src/io/EnSightGoldWriter.hpp:8
CMP-UG	Chapter 5: Geometry Modeling and CAD Tools	Creating A 2D Geometry Model	geometry	partial	T1	src/io/EnSightGoldWriter.hpp:8
CMP-UG	Chapter 5: Geometry Modeling and CAD Tools	CREATING PARAMETERS FOR GEOMETRY PARAMETERIZATION	geometry	partial	T1	src/io/EnSightGoldWriter.hpp:8
CMP-UG	Chapter 5: Geometry Modeling and CAD Tools	Creating a 3D Geometry Model	geometry	partial	T1	src/io/EnSightGoldWriter.hpp:8
CMP-UG	Chapter 5: Geometry Modeling and CAD Tools	Creating A 3D Geometry Model	geometry	partial	T1	src/io/EnSightGoldWriter.hpp:8
CMP-UG	Chapter 5: Geometry Modeling and CAD Tools	CREATING PARAMETERS FOR GEOMETRY PARAMETERIZATION	geometry	partial	T1	src/io/EnSightGoldWriter.hpp:8
CMP-UG	Chapter 5: Geometry Modeling and CAD Tools	CREATING UNION 2	geometry	partial	T1	src/io/EnSightGoldWriter.hpp:8; src/io/ForcesReport.hpp:52
CMP-UG	Chapter 5: Geometry Modeling and CAD Tools	Using Virtual Geometry Operations	geometry	partial	T1	src/io/EnSightGoldWriter.hpp:8; src/cad/Booleans.hpp:4
CMP-UG	Chapter 5: Geometry Modeling and CAD Tools	Model Wizard	geometry	partial	T1	src/io/EnSightGoldWriter.hpp:8
CMP-UG	Chapter 5: Geometry Modeling and CAD Tools	GEOMETRY 1	geometry	partial	T1	src/io/EnSightGoldWriter.hpp:8
CMP-UG	Chapter 5: Geometry Modeling and CAD Tools	C H A P T E R 5 : G E O M E T R Y M O D E L I N G A N D C A D To O L S	geometry	partial	T1	src/io/EnSightGoldWriter.hpp:8
CMP-UG	Chapter 5: Geometry Modeling and CAD Tools	GEOMETRY 1	geometry	partial	T1	src/io/EnSightGoldWriter.hpp:8
CMP-UG	Chapter 5: Geometry Modeling and CAD Tools	Size	geometry	partial	T1	src/io/EnSightGoldWriter.hpp:8
CMP-UG	Chapter 5: Geometry Modeling and CAD Tools	Using Virtual Geometry Operations	geometry	partial	T1	src/io/EnSightGoldWriter.hpp:8; src/cad/Booleans.hpp:4
CMP-UG	Chapter 5: Geometry Modeling and CAD Tools	MESH 1	geometry	partial	T1	src/io/EnSightGoldWriter.hpp:8
CMP-UG	Chapter 5: Geometry Modeling and CAD Tools	C H A P T E R 5 : G E O M E T R Y M O D E L I N G A N D C A D To O L S	geometry	partial	T1	src/io/EnSightGoldWriter.hpp:8
CMP-UG	Chapter 5: Geometry Modeling and CAD Tools	Merge Vertices 1	geometry	partial	T1	src/io/EnSightGoldWriter.hpp:8; src/core/ConfigStore.hpp:80
CMP-UG	Chapter 6: Materials	Chapter 6: Materials	materials	absent	T1	
CMP-UG	Chapter 6: Materials	Materials Overview	materials	absent	T1	
CMP-UG	Chapter 6: Materials	RECENT MATERIALS	materials	partial	T1	src/core/IWallDistanceService.hpp:58
CMP-UG	Chapter 6: Materials	PIEZOELECTRIC	materials	absent	T1	
CMP-UG	Chapter 6: Materials	Using The Materials In The Physics Settings	materials	partial	T1	src/combustion/LaminarFiniteRate.cpp:110
CMP-UG	Chapter 6: Materials	Materials page displays a stop icon (	materials	partial	T1	src/visualization/OrientationGizmo.hpp:36; src/gpu/CgGpu.hpp:54
CMP-UG	Chapter 6: Materials	Materials Overview	materials	absent	T1	
CMP-UG	Chapter 6: Materials	About the Material Browser	materials	partial	T1	src/gui/Dialogs.cpp:298; src/cad/FeatureEdges.hpp:9
CMP-UG	Chapter 6: Materials	PROPERTIES	materials	partial	T1	src/cad/CMakeLists.txt:42
CMP-UG	Chapter 6: Materials	Material Properties	materials	partial	T1	src/cad/CMakeLists.txt:42; src/cad/FeatureEdges.hpp:9
CMP-UG	Chapter 6: Materials	About The Material Browser	materials	partial	T1	src/gui/Dialogs.cpp:298; src/cad/FeatureEdges.hpp:9
CMP-UG	Chapter 6: Materials	Adding Predefined Materials	materials	absent	T1	
CMP-UG	Chapter 6: Materials	Viewing A Summary Of The Material Properties	materials	partial	T1	src/cad/CMakeLists.txt:42; src/cad/FeatureEdges.hpp:9
CMP-UG	Chapter 6: Materials	Adding Predefined Materials	materials	absent	T1	
CMP-UG	Chapter 6: Materials	To delete a property group, right-click the property group node (in the	materials	partial	T1	src/visualization/OrientationGizmo.cpp:43; src/gpu/RenderingBridge.hpp:105
CMP-UG	Chapter 6: Materials	Adding Predefined Materials	materials	absent	T1	
CMP-UG	Chapter 6: Materials	Adding Predefined Materials	materials	absent	T1	
CMP-UG	Chapter 6: Materials	Working on the Property Group Page	materials	partial	T1	src/core/ResourceMonitor.hpp:7; src/gpu/RenderingBridge.hpp:105
CMP-UG	Chapter 6: Materials	Adding Model Inputs To Predefined Materials	materials	absent	T1	
CMP-UG	Chapter 6: Materials	User-Defined Materials and Libraries	materials	partial	T1	src/core/PluginLoader.hpp:6
CMP-UG	Chapter 6: Materials	ADDING A PREDEFINED MATERIAL TO THE USER-DEFINED LIBRARY	materials	partial	T1	src/core/PluginLoader.hpp:10; src/cad/FeatureEdges.hpp:9
CMP-UG	Chapter 6: Materials	Material Properties Reference	materials	partial	T1	src/cad/CMakeLists.txt:42; src/cad/FeatureEdges.hpp:9
CMP-UG	Chapter 6: Materials	Material Properties Reference	materials	partial	T1	src/cad/CMakeLists.txt:42; src/cad/FeatureEdges.hpp:9
CMP-UG	Chapter 6: Materials	GAS MODELS	materials	absent	T1	
CMP-UG	Chapter 6: Materials	PIEZOELECTRIC MODELS	materials	absent	T1	
CMP-UG	Chapter 6: Materials	DEFAULT	materials	absent	T1	
CMP-UG	Chapter 6: Materials	DEFAULT	materials	absent	T1	
CMP-UG	Chapter 6: Materials	Using Functions	materials	absent	T1	
CMP-UG	Chapter 6: Materials	Example of Defining an Analytic Function	materials	partial	T1	src/materials/RealGasEos.hpp:45; src/cad/FeatureEdges.cpp:13
CMP-UG	Chapter 7: Building a COMSOL Model	Chapter 7: Building a COMSOL Model	other	partial	T3	src/meshing/SnappyHexMesher.hpp:7
CMP-UG	Chapter 7: Building a COMSOL Model	The Model Wizard and Model Builder	workflow	partial	T1	src/meshing/SnappyHexMesher.hpp:7; src/cad/BrepIo.cpp:23
CMP-UG	Chapter 7: Building a COMSOL Model	Geometry Shape Order	geometry	partial	T1	src/meshing/SnappyHexMesher.hpp:7
CMP-UG	Chapter 7: Building a COMSOL Model	Model Administration	other	partial	T3	src/meshing/SnappyHexMesher.hpp:7
CMP-UG	Chapter 7: Building a COMSOL Model	COMSOL MPH-FILES	other	partial	T3	src/meshing/SnappyHexMesher.hpp:7
CMP-UG	Chapter 7: Building a COMSOL Model	Saving As A Comsol Mph-File	other	partial	T3	src/meshing/SnappyHexMesher.hpp:7
CMP-UG	Chapter 7: Building a COMSOL Model	EXPOR TING MODELS TO A SERVER	other	partial	T3	src/meshing/SnappyHexMesher.hpp:7; src/visualization/CMakeLists.txt:14
CMP-UG	Chapter 7: Building a COMSOL Model	EDITING A MODEL IDENTIFIER FOR US E WITH VA RIABLES	other	partial	T3	src/meshing/SnappyHexMesher.hpp:7; src/core/BoundaryConditionRegistry.hpp:50
CMP-UG	Chapter 7: Building a COMSOL Model	Renaming A Node	other	partial	T3	src/meshing/SnappyHexMesher.hpp:7
CMP-UG	Chapter 7: Building a COMSOL Model	Model Administration	other	partial	T3	src/meshing/SnappyHexMesher.hpp:7
CMP-UG	Chapter 7: Building a COMSOL Model	Updating the Model Library Using Model Library Update	other	partial	T3	src/meshing/SnappyHexMesher.hpp:7; src/core/PluginLoader.hpp:10
CMP-UG	Chapter 7: Building a COMSOL Model	Model Administration	other	partial	T3	src/meshing/SnappyHexMesher.hpp:7
CMP-UG	Chapter 7: Building a COMSOL Model	General	other	partial	T3	src/meshing/SnappyHexMesher.hpp:7
CMP-UG	Chapter 7: Building a COMSOL Model	SHOW	other	partial	T3	src/meshing/SnappyHexMesher.hpp:7
CMP-UG	Chapter 7: Building a COMSOL Model	Expand Sections	other	partial	T3	src/meshing/SnappyHexMesher.hpp:7; src/cad/CadKernel.cpp:50
CMP-UG	Chapter 7: Building a COMSOL Model	Model Builder	other	partial	T3	src/meshing/SnappyHexMesher.hpp:7; src/cad/BrepIo.cpp:23
CMP-UG	Chapter 7: Building a COMSOL Model	CLUSTER COMPUTING	parallel	partial	T1	src/meshing/SnappyHexMesher.hpp:7; src/combustion/SootMossBrookes.hpp:43
CMP-UG	Chapter 7: Building a COMSOL Model	Graphics	other	partial	T3	src/meshing/SnappyHexMesher.hpp:7; src/gpu/RenderingBridge.hpp:15
CMP-UG	Chapter 7: Building a COMSOL Model	Visualization	other	partial	T3	src/meshing/SnappyHexMesher.hpp:7
CMP-UG	Chapter 7: Building a COMSOL Model	Model Administration	other	partial	T3	src/meshing/SnappyHexMesher.hpp:7
CMP-UG	Chapter 7: Building a COMSOL Model	Font	other	partial	T3	src/meshing/SnappyHexMesher.hpp:7; src/gui/ConsolePanel.cpp:53
CMP-UG	Chapter 7: Building a COMSOL Model	Table	other	partial	T3	src/meshing/SnappyHexMesher.hpp:7
CMP-UG	Chapter 7: Building a COMSOL Model	UPDATES	other	partial	T3	src/meshing/SnappyHexMesher.hpp:7; src/dynamics/SixDof.hpp:7
CMP-UG	Chapter 7: Building a COMSOL Model	See Expanding the Equation Sections, Show Equation Sections, Show Override and	other	partial	T3	src/meshing/SnappyHexMesher.hpp:7
CMP-UG	Chapter 7: Building a COMSOL Model	Show Equation View	other	partial	T3	src/meshing/SnappyHexMesher.hpp:7; src/core/ConfigStore.hpp:100
CMP-UG	Chapter 7: Building a COMSOL Model	DISCRETIZATION	solver	partial	T1	src/solver/Solver.hpp:26; src/meshing/SnappyHexMesher.hpp:7
CMP-UG	Chapter 7: Building a COMSOL Model	From the More menu add these nodes:	ui	partial	T1	src/core/PluginRegistry.hpp:8; src/meshing/SnappyHexMesher.hpp:7
CMP-UG	Chapter 7: Building a COMSOL Model	Show Advanced Study Options	other	partial	T3	src/meshing/SnappyHexMesher.hpp:7; src/combustion/TransportedPdf.hpp:8
CMP-UG	Chapter 7: Building a COMSOL Model	Exclusive Nodes	other	partial	T3	src/meshing/SnappyHexMesher.hpp:7
CMP-UG	Chapter 7: Building a COMSOL Model	Constraints	other	partial	T3	src/meshing/SnappyHexMesher.hpp:7; src/amr/AdaptiveRefinement.hpp:9
CMP-UG	Chapter 7: Building a COMSOL Model	Specifying Model Equation Settings	other	partial	T3	src/meshing/SnappyHexMesher.hpp:7
CMP-UG	Chapter 7: Building a COMSOL Model	Specifying Model Equation Settings	other	partial	T3	src/meshing/SnappyHexMesher.hpp:7
CMP-UG	Chapter 7: Building a COMSOL Model	Model Definition	other	partial	T3	src/meshing/SnappyHexMesher.hpp:7
CMP-UG	Chapter 7: Building a COMSOL Model	MODELING INSTRUCTIONS	other	partial	T3	src/meshing/SnappyHexMesher.hpp:7
CMP-UG	Chapter 7: Building a COMSOL Model	Model Wizard	workflow	partial	T1	src/meshing/SnappyHexMesher.hpp:7
CMP-UG	Chapter 7: Building a COMSOL Model	H E A T TR A N S F E R	other	partial	T3	src/meshing/SnappyHexMesher.hpp:7
CMP-UG	Chapter 7: Building a COMSOL Model	Using Load Cases	other	partial	T3	src/meshing/SnappyHexMesher.hpp:7; src/combustion/CanteraParser.cpp:296
CMP-UG	Chapter 7: Building a COMSOL Model	Using Units	other	partial	T3	src/meshing/SnappyHexMesher.hpp:7; src/cad/ShapeHandleInternal.hpp:7
CMP-UG	Chapter 7: Building a COMSOL Model	Standard Unit Prefixes	other	partial	T3	src/meshing/SnappyHexMesher.hpp:7; src/acoustics/CurleAcoustics.cpp:29
CMP-UG	Chapter 7: Building a COMSOL Model	Decla Ring Un It S Fo R Pa Rameters, Var Ia Bl Es , An D Fun Ction S	other	partial	T3	src/meshing/SnappyHexMesher.hpp:7; src/gui/ConsolePanel.hpp:7
CMP-UG	Chapter 7: Building a COMSOL Model	Using Units	other	partial	T3	src/meshing/SnappyHexMesher.hpp:7; src/cad/ShapeHandleInternal.hpp:7
CMP-UG	Chapter 8: Overview of the Physics Interfaces	Chapter 8: Overview of the Physics Interfaces	ui	partial	T1	src/gui/Dialogs.cpp:232; src/combustion/LaminarFiniteRate.cpp:110
CMP-UG	Chapter 8: Overview of the Physics Interfaces	The COMSOL Multiphysics Physics	ui	partial	T1	src/gui/Dialogs.cpp:232; src/combustion/LaminarFiniteRate.cpp:110
CMP-UG	Chapter 8: Overview of the Physics Interfaces	The Comsol Multiphysics Physics Interfaces	ui	partial	T1	src/gui/Dialogs.cpp:232; src/combustion/LaminarFiniteRate.cpp:110
CMP-UG	Chapter 8: Overview of the Physics Interfaces	Section	ui	partial	T1	src/gui/Dialogs.cpp:232; src/combustion/LaminarFiniteRate.cpp:110
CMP-UG	Chapter 8: Overview of the Physics Interfaces	SECTION	ui	partial	T1	src/gui/Dialogs.cpp:232; src/combustion/LaminarFiniteRate.cpp:110
CMP-UG	Chapter 8: Overview of the Physics Interfaces	Modeling Guidelines	ui	partial	T1	src/gui/Dialogs.cpp:232; src/combustion/LaminarFiniteRate.cpp:110
CMP-UG	Chapter 8: Overview of the Physics Interfaces	Modeling Guidelines	ui	partial	T1	src/gui/Dialogs.cpp:232; src/combustion/LaminarFiniteRate.cpp:110
CMP-UG	Chapter 9: The AC/DC Branch	Chapter 9: The AC/DC Branch	other	partial	T3	src/io/GmshReader.cpp:10
CMP-UG	Chapter 9: The AC/DC Branch	T he E le c t r o m a gn et i c s In t erfac es	other	partial	T3	src/io/GmshReader.cpp:10
CMP-UG	Chapter 9: The AC/DC Branch	Fundamentals of Electromagnetics	other	partial	T3	src/core/BoundaryConditionRegistry.hpp:14; src/io/GmshReader.cpp:10
CMP-UG	Chapter 9: The AC/DC Branch	Potentials	other	partial	T3	src/io/GmshReader.cpp:10
CMP-UG	Chapter 9: The AC/DC Branch	----+J = 0	other	partial	T3	src/io/GmshReader.cpp:10
CMP-UG	Chapter 9: The AC/DC Branch	J = E + J	other	partial	T3	src/io/GmshReader.cpp:10
CMP-UG	Chapter 9: The AC/DC Branch	Theory for the Electrostatics	theory	partial	T3	src/combustion/TfcModel.hpp:23; src/io/GmshReader.cpp:10
CMP-UG	Chapter 9: The AC/DC Branch	Frequency Domain Equation	other	partial	T3	src/emag/AvFormulation.hpp:7; src/io/GmshReader.cpp:10
CMP-UG	Chapter 9: The AC/DC Branch	The Electrostatics Interface	ui	partial	T1	src/io/GmshReader.cpp:10
CMP-UG	Chapter 9: The AC/DC Branch	THICKNESS	other	partial	T3	src/acoustics/FwhSurface.cpp:142; src/io/GmshReader.cpp:10
CMP-UG	Chapter 9: The AC/DC Branch	About the Boundary Conditions	bc	partial	T1	src/io/GmshReader.cpp:10; src/core/BoundaryConditionRegistry.hpp:9
CMP-UG	Chapter 9: The AC/DC Branch	B O U N D A R Y, E D G E , O R P O I N T S E L E C T I O N	other	partial	T3	src/io/GmshReader.cpp:10
CMP-UG	Chapter 9: The AC/DC Branch	Constraint Settings	other	partial	T3	src/meshing/AmrAdaptor.hpp:8; src/io/GmshReader.cpp:10
CMP-UG	Chapter 9: The AC/DC Branch	PAIR SELECTION	other	partial	T3	src/io/GmshReader.cpp:10
CMP-UG	Chapter 9: The AC/DC Branch	Boundary Selection	other	partial	T3	src/io/GmshReader.cpp:10
CMP-UG	Chapter 9: The AC/DC Branch	PERIODIC CO ND ITIO N	bc	partial	T1	src/io/GmshReader.cpp:10; src/core/BoundaryConditionRegistry.hpp:10
CMP-UG	Chapter 9: The AC/DC Branch	LINE CHARGE	other	partial	T3	src/emag/Mhd.hpp:11; src/io/GmshReader.cpp:10
CMP-UG	Chapter 9: The AC/DC Branch	Point Selection	other	partial	T3	src/io/GmshReader.cpp:10
CMP-UG	Chapter 9: The AC/DC Branch	PO IN T CH ARGE	other	partial	T3	src/io/GmshReader.cpp:10
CMP-UG	Chapter 9: The AC/DC Branch	The Electrostatics Interface	ui	partial	T1	src/io/GmshReader.cpp:10
CMP-UG	Chapter 9: The AC/DC Branch	Change Cross-Section	other	partial	T3	src/io/GmshReader.cpp:10; src/combustion/GEquation.hpp:47
CMP-UG	Chapter 9: The AC/DC Branch	DOMAIN OR BOUNDARY SELECTION	other	partial	T3	src/io/GmshReader.cpp:10
CMP-UG	Chapter 9: The AC/DC Branch	THICKNESS (1D)/ OUT-OF-PLANE THICKNESS (2D)	other	partial	T3	src/acoustics/FwhSurface.cpp:142; src/io/GmshReader.cpp:10
CMP-UG	Chapter 9: The AC/DC Branch	Current Conservation	theory	partial	T3	src/multiphase/EulerianMultifluid.hpp:10; src/io/GmshReader.cpp:10
CMP-UG	Chapter 9: The AC/DC Branch	 = ----------------------------------------------0  1 +   T – T0  	other	partial	T3	src/io/GmshReader.cpp:10
CMP-UG	Chapter 9: The AC/DC Branch	Electric Field	other	partial	T3	src/emag/AvFormulation.hpp:6; src/io/GmshReader.cpp:10
CMP-UG	Chapter 9: The AC/DC Branch	Boundary Selection	other	partial	T3	src/io/GmshReader.cpp:10
CMP-UG	Chapter 9: The AC/DC Branch	PAIR SELECTION	other	partial	T3	src/io/GmshReader.cpp:10
CMP-UG	Chapter 9: The AC/DC Branch	Domain Selection	other	partial	T3	src/io/GmshReader.cpp:10
CMP-UG	Chapter 9: The AC/DC Branch	Current Source	other	partial	T3	src/io/GmshReader.cpp:10
CMP-UG	Chapter 9: The AC/DC Branch	BOUNDARY CURRENT SOURCE	other	partial	T3	src/io/GmshReader.cpp:10
CMP-UG	Chapter 9: The AC/DC Branch	Distributed Impedance	other	partial	T3	src/particles/BlobInjector.hpp:16; src/io/GmshReader.cpp:10
CMP-UG	Chapter 9: The AC/DC Branch	Boundary Selection	other	partial	T3	src/io/GmshReader.cpp:10
CMP-UG	Chapter 9: The AC/DC Branch	Pair Selection	other	partial	T3	src/io/GmshReader.cpp:10
CMP-UG	Chapter 9: The AC/DC Branch	Boundary Selection	other	partial	T3	src/io/GmshReader.cpp:10
CMP-UG	Chapter 9: The AC/DC Branch	Sector Symmetry	bc	partial	T1	src/io/GmshReader.cpp:10; src/core/BoundaryConditionRegistry.hpp:10
CMP-UG	Chapter 9: The AC/DC Branch	Pair Selection	other	partial	T3	src/io/GmshReader.cpp:10
CMP-UG	Chapter 9: The AC/DC Branch	Line Current Source	other	partial	T3	src/io/GmshReader.cpp:10
CMP-UG	Chapter 9: The AC/DC Branch	BOUNDARY SELECTION	other	partial	T3	src/io/GmshReader.cpp:10
CMP-UG	Chapter 9: The AC/DC Branch	Point Current Source (on Axis)	bc	partial	T1	src/io/GmshReader.cpp:10
CMP-UG	Chapter 9: The AC/DC Branch	The Magnetic Fields Interface	ui	partial	T1	src/emag/AvFormulation.hpp:6; src/io/GmshReader.cpp:10
CMP-UG	Chapter 9: The AC/DC Branch	COMPONENTS	other	partial	T3	src/io/MeshFormats.hpp:115; src/io/GmshReader.cpp:10
CMP-UG	Chapter 9: The AC/DC Branch	Thickness	other	partial	T3	src/acoustics/FwhSurface.cpp:142; src/io/GmshReader.cpp:10
CMP-UG	Chapter 9: The AC/DC Branch	DISCRETIZATION	solver	partial	T1	src/solver/Solver.hpp:26; src/io/GmshReader.cpp:10
CMP-UG	Chapter 9: The AC/DC Branch	Ampère’s Law	other	partial	T3	src/io/GmshReader.cpp:10
CMP-UG	Chapter 9: The AC/DC Branch	The Magnetic Fields Interface	ui	partial	T1	src/emag/AvFormulation.hpp:6; src/io/GmshReader.cpp:10
CMP-UG	Chapter 9: The AC/DC Branch	Coordinate System Selection	other	partial	T3	src/io/FaceBasedMeshReader.cpp:214; src/io/GmshReader.cpp:10
CMP-UG	Chapter 9: The AC/DC Branch	VE L O C I T Y ( L O R E N T Z TE R M )	other	partial	T3	src/io/GmshReader.cpp:10
CMP-UG	Chapter 9: The AC/DC Branch	Boundary Selection	other	partial	T3	src/io/GmshReader.cpp:10
CMP-UG	Chapter 9: The AC/DC Branch	Boundary Selection	other	partial	T3	src/io/GmshReader.cpp:10
CMP-UG	Chapter 9: The AC/DC Branch	Constraint Settings	other	partial	T3	src/meshing/AmrAdaptor.hpp:8; src/io/GmshReader.cpp:10
CMP-UG	Chapter 9: The AC/DC Branch	BOUNDARY SELECTION	other	partial	T3	src/io/GmshReader.cpp:10
CMP-UG	Chapter 9: The AC/DC Branch	COORDINATE SYSTEM SELECTION	other	partial	T3	src/io/FaceBasedMeshReader.cpp:214; src/io/GmshReader.cpp:10
CMP-UG	Chapter 10: The Acoustics Branch	Chapter 10: The Acoustics Branch	other	partial	T3	src/io/GmshReader.cpp:10; src/acoustics/CMakeLists.txt:1
CMP-UG	Chapter 10: The Acoustics Branch	Fundamentals of Acoustics	other	partial	T3	src/io/GmshReader.cpp:10; src/acoustics/CMakeLists.txt:1
CMP-UG	Chapter 10: The Acoustics Branch	Domain Selection	other	partial	T3	src/io/GmshReader.cpp:10; src/acoustics/CMakeLists.txt:1
CMP-UG	Chapter 10: The Acoustics Branch	Boundary Selection	other	partial	T3	src/io/GmshReader.cpp:10; src/acoustics/CMakeLists.txt:1
CMP-UG	Chapter 11: The Chemical Species Transport Branch	Chapter 11: The Chemical Species Transport Branch	turbulence	partial	T2	src/io/GmshReader.cpp:10; src/combustion/CanteraParser.hpp:10
CMP-UG	Chapter 11: The Chemical Species Transport Branch	T H E O R Y F O R T H E Tr A N S P O R T O F D I L U T E D S P E C I E S I N T E R F A C E	turbulence	partial	T2	src/io/GmshReader.cpp:10; src/combustion/CanteraParser.hpp:10
CMP-UG	Chapter 11: The Chemical Species Transport Branch	C H A P T E R 1 1 : T H E C H E M I C A L S P E C I E S Tr A N S P O R T B R A N C H	turbulence	partial	T2	src/io/GmshReader.cpp:10; src/combustion/CanteraParser.hpp:10
CMP-UG	Chapter 11: The Chemical Species Transport Branch	The Transport of Diluted Species	turbulence	partial	T2	src/io/GmshReader.cpp:10; src/combustion/CanteraParser.hpp:10
CMP-UG	Chapter 11: The Chemical Species Transport Branch	T H E Tr A N S P O R T O F D I L U T E D S P E C I E S I N T E R F A C E	turbulence	partial	T2	src/io/GmshReader.cpp:10; src/combustion/CanteraParser.hpp:10
CMP-UG	Chapter 11: The Chemical Species Transport Branch	Tr A N S P O R T M E C H A N I S M S	turbulence	partial	T2	src/io/GmshReader.cpp:10; src/combustion/CanteraParser.hpp:10
CMP-UG	Chapter 11: The Chemical Species Transport Branch	Domain Selection	turbulence	partial	T2	src/io/GmshReader.cpp:10; src/combustion/CanteraParser.hpp:10
CMP-UG	Chapter 11: The Chemical Species Transport Branch	T H E Tr A N S P O R T O F D I L U T E D S P E C I E S I N T E R F A C E	turbulence	partial	T2	src/io/GmshReader.cpp:10; src/combustion/CanteraParser.hpp:10
CMP-UG	Chapter 11: The Chemical Species Transport Branch	MODEL INPUTS	turbulence	partial	T2	src/io/GmshReader.cpp:10; src/combustion/CanteraParser.hpp:10
CMP-UG	Chapter 11: The Chemical Species Transport Branch	DOMAIN SELECTION	turbulence	partial	T2	src/io/GmshReader.cpp:10; src/combustion/CanteraParser.hpp:10
CMP-UG	Chapter 11: The Chemical Species Transport Branch	Reactions	turbulence	partial	T2	src/io/GmshReader.cpp:10; src/combustion/CanteraParser.hpp:10
CMP-UG	Chapter 11: The Chemical Species Transport Branch	In It Ia L Va Lues	turbulence	partial	T2	src/io/GmshReader.cpp:10; src/combustion/CanteraParser.hpp:10
CMP-UG	Chapter 11: The Chemical Species Transport Branch	BOUNDARY SELECTION	turbulence	partial	T2	src/io/GmshReader.cpp:10; src/combustion/CanteraParser.hpp:10
CMP-UG	Chapter 11: The Chemical Species Transport Branch	BOUNDARY SELECTION	turbulence	partial	T2	src/io/GmshReader.cpp:10; src/combustion/CanteraParser.hpp:10
CMP-UG	Chapter 11: The Chemical Species Transport Branch	Boundary Selection	turbulence	partial	T2	src/io/GmshReader.cpp:10; src/combustion/CanteraParser.hpp:10
CMP-UG	Chapter 11: The Chemical Species Transport Branch	BOUNDARY SELECTION	turbulence	partial	T2	src/io/GmshReader.cpp:10; src/combustion/CanteraParser.hpp:10
CMP-UG	Chapter 11: The Chemical Species Transport Branch	Boundary Selection	turbulence	partial	T2	src/io/GmshReader.cpp:10; src/combustion/CanteraParser.hpp:10
CMP-UG	Chapter 11: The Chemical Species Transport Branch	Flux Discontinuity	turbulence	partial	T2	src/io/GmshReader.cpp:10; src/combustion/CanteraParser.hpp:10
CMP-UG	Chapter 11: The Chemical Species Transport Branch	T H E Tr A N S P O R T O F D I L U T E D S P E C I E S I N T E R F A C E	turbulence	partial	T2	src/io/GmshReader.cpp:10; src/combustion/CanteraParser.hpp:10
CMP-UG	Chapter 11: The Chemical Species Transport Branch	Boundary Selection	turbulence	partial	T2	src/io/GmshReader.cpp:10; src/combustion/CanteraParser.hpp:10
CMP-UG	Chapter 11: The Chemical Species Transport Branch	T H E Tr A N S P O R T O F D I L U T E D S P E C I E S I N T E R F A C E	turbulence	partial	T2	src/io/GmshReader.cpp:10; src/combustion/CanteraParser.hpp:10
CMP-UG	Chapter 12: The Fluid Flow Branch	Chapter 12: The Fluid Flow Branch	other	partial	T3	src/io/GmshReader.cpp:10
CMP-UG	Chapter 12: The Fluid Flow Branch	Compressible Flow	other	partial	T2	src/io/ForcesReport.hpp:16; src/io/GmshReader.cpp:10
CMP-UG	Chapter 12: The Fluid Flow Branch	(12-12)	other	partial	T3	src/io/GmshReader.cpp:10
CMP-UG	Chapter 12: The Fluid Flow Branch	157–192, 1992.	other	partial	T3	src/io/GmshReader.cpp:10
CMP-UG	Chapter 12: The Fluid Flow Branch	The Laminar Flow Interface	ui	partial	T1	src/combustion/EddyDissipationConcept.hpp:15; src/io/GmshReader.cpp:10
CMP-UG	Chapter 12: The Fluid Flow Branch	Compressibility	other	partial	T3	src/io/GmshReader.cpp:10
CMP-UG	Chapter 12: The Fluid Flow Branch	The Laminar Flow Interface	ui	partial	T1	src/combustion/EddyDissipationConcept.hpp:15; src/io/GmshReader.cpp:10
CMP-UG	Chapter 12: The Fluid Flow Branch	INITIAL VALUES	other	partial	T3	src/io/GmshReader.cpp:10; src/core/ThreadPool.cpp:57
CMP-UG	Chapter 12: The Fluid Flow Branch	Constraint Settings	other	partial	T3	src/meshing/AmrAdaptor.hpp:8; src/io/GmshReader.cpp:10
CMP-UG	Chapter 12: The Fluid Flow Branch	Boundary Selection	other	partial	T3	src/io/GmshReader.cpp:10
CMP-UG	Chapter 12: The Fluid Flow Branch	Normal Stress	other	partial	T3	src/acoustics/CurleAcoustics.hpp:24; src/io/GmshReader.cpp:10
CMP-UG	Chapter 12: The Fluid Flow Branch	The Laminar Flow Interface	ui	partial	T1	src/combustion/EddyDissipationConcept.hpp:15; src/io/GmshReader.cpp:10
CMP-UG	Chapter 12: The Fluid Flow Branch	Boundary Condition	bc	partial	T1	src/io/GmshReader.cpp:10; src/core/BoundaryConditionRegistry.hpp:13
CMP-UG	Chapter 12: The Fluid Flow Branch	CONSTRAINT SETTINGS	other	partial	T3	src/meshing/AmrAdaptor.hpp:8; src/io/GmshReader.cpp:10
CMP-UG	Chapter 12: The Fluid Flow Branch	Open Boundary	other	partial	T3	src/io/GmshReader.cpp:10
CMP-UG	Chapter 12: The Fluid Flow Branch	Boundary Selection	other	partial	T3	src/io/GmshReader.cpp:10
CMP-UG	Chapter 12: The Fluid Flow Branch	Constraint Settings	other	partial	T3	src/meshing/AmrAdaptor.hpp:8; src/io/GmshReader.cpp:10
CMP-UG	Chapter 12: The Fluid Flow Branch	Constraint Settings	other	partial	T3	src/meshing/AmrAdaptor.hpp:8; src/io/GmshReader.cpp:10
CMP-UG	Chapter 12: The Fluid Flow Branch	The Laminar Flow Interface	ui	partial	T1	src/combustion/EddyDissipationConcept.hpp:15; src/io/GmshReader.cpp:10
CMP-UG	Chapter 12: The Fluid Flow Branch	Point Selection	other	partial	T3	src/io/GmshReader.cpp:10
CMP-UG	Chapter 12: The Fluid Flow Branch	CONSTRAINT SETTINGS	other	partial	T3	src/meshing/AmrAdaptor.hpp:8; src/io/GmshReader.cpp:10
CMP-UG	Chapter 13: The Heat Transfer Branch	Chapter 13: The Heat Transfer Branch	turbulence	partial	T2	src/io/GmshReader.cpp:10; src/cad/IgesReader.cpp:45
CMP-UG	Chapter 13: The Heat Transfer Branch	C H A P T E R 1 3 : T H E H E A T Tr A N S F E R B R A N C H	turbulence	partial	T2	src/io/GmshReader.cpp:10; src/cad/IgesReader.cpp:45
CMP-UG	Chapter 13: The Heat Transfer Branch	T H E O R Y F O R T H E H E A T Tr A N S F E R I N T E R F A C E S	turbulence	partial	T2	src/io/GmshReader.cpp:10; src/cad/IgesReader.cpp:45
CMP-UG	Chapter 13: The Heat Transfer Branch	Heat Flux	turbulence	partial	T2	src/io/GmshReader.cpp:10; src/cad/IgesReader.cpp:45
CMP-UG	Chapter 13: The Heat Transfer Branch	T H E O R Y F O R T H E H E A T Tr A N S F E R I N T E R F A C E S	turbulence	partial	T2	src/io/GmshReader.cpp:10; src/cad/IgesReader.cpp:45
CMP-UG	Chapter 13: The Heat Transfer Branch	In 1D:	turbulence	partial	T2	src/io/GmshReader.cpp:10; src/cad/IgesReader.cpp:45
CMP-UG	Chapter 13: The Heat Transfer Branch	DOMAIN HEAT SOURCES	turbulence	partial	T2	src/io/GmshReader.cpp:10; src/cad/IgesReader.cpp:45
CMP-UG	Chapter 13: The Heat Transfer Branch	Boundary Heat Sources	turbulence	partial	T2	src/io/GmshReader.cpp:10; src/cad/IgesReader.cpp:45
CMP-UG	Chapter 13: The Heat Transfer Branch	C H A P T E R 1 3 : T H E H E A T Tr A N S F E R B R A N C H	turbulence	partial	T2	src/io/GmshReader.cpp:10; src/cad/IgesReader.cpp:45
CMP-UG	Chapter 13: The Heat Transfer Branch	T H E O R Y F O R T H E H E A T Tr A N S F E R I N T E R F A C E S	turbulence	partial	T2	src/io/GmshReader.cpp:10; src/cad/IgesReader.cpp:45
CMP-UG	Chapter 13: The Heat Transfer Branch	INCONSISTENT STABILIZATION	turbulence	partial	T2	src/io/GmshReader.cpp:10; src/cad/IgesReader.cpp:45
CMP-UG	Chapter 13: The Heat Transfer Branch	The Heat Transfer Interface	turbulence	partial	T2	src/io/GmshReader.cpp:10; src/cad/IgesReader.cpp:45
CMP-UG	Chapter 13: The Heat Transfer Branch	(13-17)	turbulence	partial	T2	src/io/GmshReader.cpp:10; src/cad/IgesReader.cpp:45
CMP-UG	Chapter 13: The Heat Transfer Branch	Domain Selection	turbulence	partial	T2	src/io/GmshReader.cpp:10; src/cad/IgesReader.cpp:45
CMP-UG	Chapter 13: The Heat Transfer Branch	Tr A N S L A T I O N A L M O T I O N	turbulence	partial	T2	src/io/GmshReader.cpp:10; src/cad/IgesReader.cpp:45
CMP-UG	Chapter 13: The Heat Transfer Branch	C H A P T E R 1 3 : T H E H E A T Tr A N S F E R B R A N C H	turbulence	partial	T2	src/io/GmshReader.cpp:10; src/cad/IgesReader.cpp:45
CMP-UG	Chapter 13: The Heat Transfer Branch	Stabilization Techniques in the COMSOL Multiphysics Reference Guide	turbulence	partial	T2	src/io/GmshReader.cpp:10; src/cad/IgesReader.cpp:45
CMP-UG	Chapter 13: The Heat Transfer Branch	C H A P T E R 1 3 : T H E H E A T Tr A N S F E R B R A N C H	turbulence	partial	T2	src/io/GmshReader.cpp:10; src/cad/IgesReader.cpp:45
CMP-UG	Chapter 13: The Heat Transfer Branch	BOUNDARY SELECTION	turbulence	partial	T2	src/io/GmshReader.cpp:10; src/cad/IgesReader.cpp:45
CMP-UG	Chapter 13: The Heat Transfer Branch	Boundary Selection	turbulence	partial	T2	src/io/GmshReader.cpp:10; src/cad/IgesReader.cpp:45
CMP-UG	Chapter 13: The Heat Transfer Branch	BOUNDARY SELECTION	turbulence	partial	T2	src/io/GmshReader.cpp:10; src/cad/IgesReader.cpp:45
CMP-UG	Chapter 13: The Heat Transfer Branch	BOUNDARY HEAT SOURCE	turbulence	partial	T2	src/io/GmshReader.cpp:10; src/cad/IgesReader.cpp:45
CMP-UG	Chapter 13: The Heat Transfer Branch	BOUNDARY SELECTION	turbulence	partial	T2	src/io/GmshReader.cpp:10; src/cad/IgesReader.cpp:45
CMP-UG	Chapter 13: The Heat Transfer Branch	Line Heat Source	turbulence	partial	T2	src/io/GmshReader.cpp:10; src/cad/IgesReader.cpp:45
CMP-UG	Chapter 13: The Heat Transfer Branch	PO IN T S EL EC TIO N	turbulence	partial	T2	src/io/GmshReader.cpp:10; src/cad/IgesReader.cpp:45
CMP-UG	Chapter 13: The Heat Transfer Branch	RADIATION SETTINGS	turbulence	partial	T2	src/io/GmshReader.cpp:10; src/cad/IgesReader.cpp:45
CMP-UG	Chapter 13: The Heat Transfer Branch	DOMAIN SELECTION	turbulence	partial	T2	src/io/GmshReader.cpp:10; src/cad/IgesReader.cpp:45
CMP-UG	Chapter 15: Equation-Based Modeling	Chapter 15: Equation-Based Modeling	other	absent	T3	
CMP-UG	Chapter 15: Equation-Based Modeling	The Mathematics Interfaces	ui	partial	T1	src/morphing/FfdBox.hpp:13; src/gui/Dialogs.cpp:232
CMP-UG	Chapter 15: Equation-Based Modeling	P D E I nte r f a c e s	other	absent	T3	
CMP-UG	Chapter 15: Equation-Based Modeling	+ ----- +	other	absent	T3	
CMP-UG	Chapter 15: Equation-Based Modeling	The Scalar Coefficient Form Equation	other	partial	T3	src/combustion/CanteraParser.cpp:230; src/acoustics/FwhSurface.hpp:8
CMP-UG	Chapter 15: Equation-Based Modeling	CONVECTION COEFFICIENT	other	partial	T3	src/combustion/TransportedPdf.hpp:10; src/combustion/CanteraParser.cpp:230
CMP-UG	Chapter 15: Equation-Based Modeling	BOUNDARY SELECTION	other	absent	T3	
CMP-UG	Chapter 15: Equation-Based Modeling	BOUNDARY SELECTION	other	absent	T3	
CMP-UG	Chapter 15: Equation-Based Modeling	B O U N D A R Y A B S O R P T I O N / I M P E D A N C E TE R M	other	absent	T3	
CMP-UG	Chapter 15: Equation-Based Modeling	Pde Interfaces	ui	partial	T1	src/gui/Dialogs.cpp:232
CMP-UG	Chapter 15: Equation-Based Modeling	The Coefficient Form Equation System	other	partial	T3	src/combustion/CanteraParser.cpp:230; src/acoustics/FwhSurface.hpp:8
CMP-UG	Chapter 15: Equation-Based Modeling	T	other	absent	T3	
CMP-UG	Chapter 15: Equation-Based Modeling	Element Types and Discretization	solver	partial	T1	src/solver/Solver.hpp:26
CMP-UG	Chapter 15: Equation-Based Modeling	See Also	other	absent	T3	
CMP-UG	Chapter 15: Equation-Based Modeling	Weak Form Modeling	other	partial	T3	src/acoustics/FwhSurface.hpp:8
CMP-UG	Chapter 15: Equation-Based Modeling	By default, COMSOL Multiphysics converts all models to the weak form before	other	partial	T3	src/combustion/ChemkinParser.hpp:26; src/acoustics/FwhSurface.hpp:8
CMP-UG	Chapter 15: Equation-Based Modeling	Interface Identifier	ui	partial	T1	src/core/BoundaryConditionRegistry.hpp:50
CMP-UG	Chapter 15: Equation-Based Modeling	D O M A I N , B O U N D A R Y, E D G E , O R PO I N T S E L E C T I O N	other	absent	T3	
CMP-UG	Chapter 15: Equation-Based Modeling	VA R I AT I O N A L C A L C U L U S	other	absent	T3	
CMP-UG	Chapter 15: Equation-Based Modeling	D O M A I N , B O U N D A R Y, E D G E , O R P O I N T S E L E C T I O N	other	absent	T3	
CMP-UG	Chapter 15: Equation-Based Modeling	DISCRETIZATION	solver	partial	T1	src/solver/Solver.hpp:26
CMP-UG	Chapter 15: Equation-Based Modeling	Using Weak Constraints	other	partial	T3	src/amr/AdaptiveRefinement.hpp:9
CMP-UG	Chapter 15: Equation-Based Modeling	U S I N G We A K C O N S T R A I N T S	other	absent	T3	
CMP-UG	Chapter 15: Equation-Based Modeling	Lagrange Multiplier	other	partial	T3	src/optimization/SimpTopology.cpp:154; src/multiphase/CavitationSchnerrSauer.hpp:38
CMP-UG	Chapter 15: Equation-Based Modeling	POINTWISE CONSTRAINT	other	partial	T3	src/io/CgnsReader.hpp:9; src/meshing/AmrAdaptor.hpp:8
CMP-UG	Chapter 15: Equation-Based Modeling	Constraint Forces for PDEs	other	partial	T3	src/meshing/AmrAdaptor.hpp:8; src/cad/StepReader.cpp:56
CMP-UG	Chapter 15: Equation-Based Modeling	U S I N G We A K C O N S T R A I N T S	other	absent	T3	
CMP-UG	Chapter 15: Equation-Based Modeling	Solving ODEs and DAEs	turbulence	partial	T2	src/gui/MainWindow.cpp:193
CMP-UG	Chapter 15: Equation-Based Modeling	WE A K CO NT RIB U TI ON	other	absent	T3	
CMP-UG	Chapter 15: Equation-Based Modeling	S O L V I N G O D E S A N D Da E S	other	absent	T3	
CMP-UG	Chapter 15: Equation-Based Modeling	Presenting Results for Global Equations	other	partial	T3	src/adjoint/ContinuousAdjoint.hpp:11; src/core/RotatingFileSink.hpp:39
CMP-UG	Chapter 15: Equation-Based Modeling	Distributed ODE	other	partial	T3	src/particles/BlobInjector.hpp:16
CMP-UG	Chapter 15: Equation-Based Modeling	DOMAIN SELECTION	other	absent	T3	
CMP-UG	Chapter 15: Equation-Based Modeling	INDICATOR VARIA BL ES	other	partial	T3	src/amr/AdaptiveRefinement.cpp:28
CMP-UG	Chapter 15: Equation-Based Modeling	REINITIALIZATION	other	absent	T3	
CMP-UG	Chapter 15: Equation-Based Modeling	The Wall Distance Interface	ui	absent	T1	
CMP-UG	Chapter 15: Equation-Based Modeling	DISCRETIZATION	solver	partial	T1	src/solver/Solver.hpp:26
CMP-UG	Chapter 15: Equation-Based Modeling	Boundary Conditions for the Wall Distance Interface	bc	partial	T1	src/core/BoundaryConditionRegistry.hpp:9
CMP-UG	Chapter 15: Equation-Based Modeling	Theory for the Wall Distance	theory	partial	T1	src/combustion/TfcModel.hpp:23
CMP-UG	Chapter 16: Sensitivity Analysis	Chapter 16: Sensitivity Analysis	other	partial	T3	src/gpu/GpuKernels.cpp:331; src/adjoint/ContinuousAdjoint.cpp:20
CMP-UG	Chapter 16: Sensitivity Analysis	Choosing a Sensitivity Method	other	partial	T3	src/gpu/GpuKernels.cpp:331; src/adjoint/ContinuousAdjoint.cpp:20
CMP-UG	Chapter 16: Sensitivity Analysis	Geometrical Sensitivity	other	partial	T3	src/gpu/GpuKernels.cpp:331; src/adjoint/ContinuousAdjoint.cpp:20
CMP-UG	Chapter 16: Sensitivity Analysis	T H E P R I N C I P L E O F V I R T U A L Wo R K	other	partial	T3	src/gpu/GpuKernels.cpp:331; src/adjoint/ContinuousAdjoint.cpp:20
CMP-UG	Chapter 16: Sensitivity Analysis	The Sensitivity Interface	ui	partial	T3	src/gpu/GpuKernels.cpp:331; src/adjoint/ContinuousAdjoint.cpp:20
CMP-UG	Chapter 16: Sensitivity Analysis	DOMAIN SELECTION	other	partial	T3	src/gpu/GpuKernels.cpp:331; src/adjoint/ContinuousAdjoint.cpp:20
CMP-UG	Chapter 17: Multiphysics Modeling	Acoustics	other	partial	T3	src/acoustics/CMakeLists.txt:1
CMP-UG	Chapter 17: Multiphysics Modeling	AEROACOUSTICS WITH FLOW	other	absent	T3	
CMP-UG	Chapter 17: Multiphysics Modeling	Fluid-Structure Interaction (Fsi)	other	partial	T3	src/combustion/EddyDissipationConcept.hpp:4; src/cad/StepReader.hpp:7
CMP-UG	Chapter 17: Multiphysics Modeling	Heat Transfer	turbulence	partial	T2	src/cad/IgesReader.cpp:45
CMP-UG	Chapter 17: Multiphysics Modeling	Joule Heating	other	partial	T3	src/particles/ParticleHeating.cpp:22
CMP-UG	Chapter 17: Multiphysics Modeling	INDUCTION HEATING	other	partial	T3	src/emag/Mhd.hpp:6; src/particles/ParticleHeating.cpp:22
CMP-UG	Chapter 17: Multiphysics Modeling	Capacitively Coupled Plasma	solver	partial	T3	src/gui/DiagnosticsPanel.cpp:59
CMP-UG	Chapter 17: Multiphysics Modeling	Thermal Stress	other	partial	T3	src/acoustics/CurleAcoustics.hpp:24; src/combustion/NoxThermalPromptFuel.cpp:23
CMP-UG	Chapter 18: The Deformed Geometry and Moving Mesh	Chapter 18: The Deformed Geometry and Moving Mesh	geometry	partial	T2	src/morphing/FfdBox.hpp:19; src/dynamics/SixDof.hpp:18
CMP-UG	Chapter 18: The Deformed Geometry and Moving Mesh	Deformed Mesh Fundamentals	geometry	partial	T2	src/morphing/FfdBox.hpp:19; src/dynamics/SixDof.hpp:18
CMP-UG	Chapter 18: The Deformed Geometry and Moving Mesh	REMESH THE DEFORMED CONFIGURATION	geometry	partial	T2	src/morphing/FfdBox.hpp:19; src/dynamics/SixDof.hpp:18
CMP-UG	Chapter 18: The Deformed Geometry and Moving Mesh	Deformed Mesh Fundamentals	geometry	partial	T2	src/morphing/FfdBox.hpp:19; src/dynamics/SixDof.hpp:18
CMP-UG	Chapter 18: The Deformed Geometry and Moving Mesh	Deformed Mesh Fundamentals	geometry	partial	T2	src/morphing/FfdBox.hpp:19; src/dynamics/SixDof.hpp:18
CMP-UG	Chapter 18: The Deformed Geometry and Moving Mesh	Computing the Solution	geometry	partial	T2	src/morphing/FfdBox.hpp:19; src/dynamics/SixDof.hpp:18
CMP-UG	Chapter 18: The Deformed Geometry and Moving Mesh	The Moving Mesh Interface	geometry	partial	T2	src/morphing/FfdBox.hpp:19; src/dynamics/SixDof.hpp:18
CMP-UG	Chapter 18: The Deformed Geometry and Moving Mesh	Frame Settings	geometry	partial	T2	src/morphing/FfdBox.hpp:19; src/dynamics/SixDof.hpp:18
CMP-UG	Chapter 18: The Deformed Geometry and Moving Mesh	BOUNDARY SELECTION	geometry	partial	T2	src/morphing/FfdBox.hpp:19; src/dynamics/SixDof.hpp:18
CMP-UG	Chapter 18: The Deformed Geometry and Moving Mesh	The Deformed Geometry Interface	geometry	partial	T2	src/morphing/FfdBox.hpp:19; src/dynamics/SixDof.hpp:18
CMP-UG	Chapter 19: Meshing	Chapter 19: Meshing	mesh	absent	T1	
CMP-UG	Chapter 19: Meshing	C r e a ti ng M e s he s	mesh	absent	T1	
CMP-UG	Chapter 19: Meshing	ELEMENTS FOR 3D GEOMETRIES	mesh	partial	T1	src/solver/WallDistance.hpp:17
CMP-UG	Chapter 19: Meshing	User-Controlled Meshing	mesh	partial	T1	src/meshing/OctreeMesher.hpp:39
CMP-UG	Chapter 19: Meshing	2D Meshing Options	mesh	absent	T1	
CMP-UG	Chapter 19: Meshing	Free Meshing	mesh	absent	T1	
CMP-UG	Chapter 19: Meshing	Free Meshing	mesh	absent	T1	
CMP-UG	Chapter 19: Meshing	A D D I N G A F RE E TE T R A H E D R A L F E A T U RE	mesh	absent	T1	
CMP-UG	Chapter 19: Meshing	Specifying The Mesh Size	mesh	absent	T1	
CMP-UG	Chapter 19: Meshing	Extra Coarse	mesh	partial	T1	src/combustion/LaminarFiniteRate.hpp:14; src/amr/RefinementApplier.hpp:12
CMP-UG	Chapter 19: Meshing	Remove Unwanted Geometr Y Details	mesh	partial	T1	src/cad/Defeaturing.cpp:6
CMP-UG	Chapter 19: Meshing	Free Meshing	mesh	absent	T1	
CMP-UG	Chapter 19: Meshing	Structured Meshes	mesh	partial	T1	src/core/Logger.hpp:7; src/core/IWallDistanceService.hpp:31
CMP-UG	Chapter 19: Meshing	About 2D and 3D Boundary Layer Meshes	mesh	partial	T1	src/core/IWallDistanceService.hpp:31
CMP-UG	Chapter 19: Meshing	Swept in the COMSOL Multiphysics Reference Guide	mesh	partial	T1	src/meshing/MedialAxisDecomposition.hpp:14
CMP-UG	Chapter 19: Meshing	Mesh Control Entities	mesh	partial	T1	src/cad/IgesReader.cpp:27; src/adjoint/ContinuousAdjoint.hpp:51
CMP-UG	Chapter 19: Meshing	Clearing Meshes and Deleting	mesh	partial	T1	src/core/IWallDistanceService.hpp:31
CMP-UG	Chapter 19: Meshing	Clearing A Mesh For A Specific Geometry	geometry	partial	T1	src/combustion/ThermoNasaParser.hpp:55
CMP-UG	Chapter 19: Meshing	Di s pla y i ng M e sh E l em en t Q u al i t y an d	mesh	absent	T1	
CMP-UG	Chapter 19: Meshing	Av o i di ng I nv e r t ed Mesh E l emen t s	mesh	absent	T1	
CMP-UG	Chapter 19: Meshing	Using Linear Geometry Shape Order	geometry	absent	T1	
CMP-UG	Chapter 20: Solvers and Study Types	Chapter 20: Solvers and Study Types	solver	partial	T1	src/combustion/CanteraParser.hpp:13
CMP-UG	Chapter 20: Solvers and Study Types	Solver Studies and Study Types	solver	partial	T1	src/morphing/FfdBox.hpp:10; src/combustion/CanteraParser.hpp:13
CMP-UG	Chapter 20: Solvers and Study Types	Study node (	solver	partial	T1	src/combustion/CanteraParser.hpp:13
CMP-UG	Chapter 20: Solvers and Study Types	Available Study Types	solver	partial	T1	src/combustion/CanteraParser.hpp:13; src/amr/AdaptiveRefinement.hpp:11
CMP-UG	Chapter 20: Solvers and Study Types	S O L V E R S T U D I E S A N D S T U D Y Ty P E S	solver	partial	T1	src/combustion/CanteraParser.hpp:13
CMP-UG	Chapter 20: Solvers and Study Types	VA L U E S O F D E P E N D E N T VA R I A BL E S	solver	partial	T1	src/combustion/CanteraParser.hpp:13
CMP-UG	Chapter 20: Solvers and Study Types	Clearing All Solutions For All Models	solver	partial	T1	src/combustion/FgmFlamelet.hpp:6; src/combustion/CanteraParser.hpp:13
CMP-UG	Chapter 20: Solvers and Study Types	Linear Solvers vs. Nonlinear Solvers	solver	partial	T1	src/radiation/P1Radiation.hpp:19; src/combustion/CanteraParser.hpp:13
CMP-UG	Chapter 20: Solvers and Study Types	WHICH MODELS ARE NONLINEAR?	solver	partial	T1	src/radiation/P1Radiation.hpp:19; src/combustion/CanteraParser.hpp:13
CMP-UG	Chapter 20: Solvers and Study Types	C H A P T E R 2 0 : S O L V E R S A N D S T U D Y Ty P E S	solver	partial	T1	src/combustion/CanteraParser.hpp:13
CMP-UG	Chapter 20: Solvers and Study Types	Getting Results While Solving	solver	partial	T1	src/gui/MainWindow.cpp:193; src/combustion/CanteraParser.hpp:13
CMP-UG	Chapter 20: Solvers and Study Types	The Log Window	solver	partial	T1	src/combustion/CanteraParser.hpp:13; src/gui/MainWindow.hpp:4
CMP-UG	Chapter 20: Solvers and Study Types	C H A P T E R 2 0 : S O L V E R S A N D S T U D Y Ty P E S	solver	partial	T1	src/combustion/CanteraParser.hpp:13
CMP-UG	Chapter 20: Solvers and Study Types	Harmonic Perturbation, Prestressed	solver	partial	T1	src/combustion/SootMomMethod.hpp:19; src/combustion/CanteraParser.hpp:13
CMP-UG	Chapter 20: Solvers and Study Types	C H A P T E R 2 0 : S O L V E R S A N D S T U D Y Ty P E S	solver	partial	T1	src/combustion/CanteraParser.hpp:13
CMP-UG	Chapter 20: Solvers and Study Types	See Also	solver	partial	T1	src/combustion/CanteraParser.hpp:13
CMP-UG	Chapter 20: Solvers and Study Types	C H A P T E R 2 0 : S O L V E R S A N D S T U D Y Ty P E S	solver	partial	T1	src/combustion/CanteraParser.hpp:13
CMP-UG	Chapter 21: Results Evaluation and Visualization	Chapter 21: Results Evaluation and Visualization	other	partial	T3	src/acoustics/FwhSurface.hpp:19
CMP-UG	Chapter 21: Results Evaluation and Visualization	Processing and Analyzing Results	other	partial	T3	src/acoustics/FwhSurface.hpp:19; src/acoustics/CurleAcoustics.hpp:26
CMP-UG	Chapter 21: Results Evaluation and Visualization	Data Sets	other	partial	T3	src/acoustics/FwhSurface.hpp:19
CMP-UG	Chapter 21: Results Evaluation and Visualization	D E R IVE D VAL U E S A N D TABLE S	other	partial	T3	src/acoustics/FwhSurface.hpp:19
CMP-UG	Chapter 21: Results Evaluation and Visualization	Defining Data Sets	other	partial	T3	src/acoustics/FwhSurface.hpp:19
CMP-UG	Chapter 21: Results Evaluation and Visualization	How To Add A Data Set To The Model Builder	other	partial	T3	src/acoustics/FwhSurface.hpp:19; src/cad/BrepIo.cpp:23
CMP-UG	Chapter 21: Results Evaluation and Visualization	Defining Data Sets	other	partial	T3	src/acoustics/FwhSurface.hpp:19
CMP-UG	Chapter 21: Results Evaluation and Visualization	Defining Data Sets	other	partial	T3	src/acoustics/FwhSurface.hpp:19
CMP-UG	Chapter 21: Results Evaluation and Visualization	Function 1D, 2D, and 3D Data Sets	other	partial	T3	src/acoustics/FwhSurface.hpp:19
CMP-UG	Chapter 21: Results Evaluation and Visualization	Defining Data Sets	other	partial	T3	src/acoustics/FwhSurface.hpp:19
CMP-UG	Chapter 21: Results Evaluation and Visualization	Isosurface Data Sets	postprocessing	partial	T1	src/visualization/CMakeLists.txt:6; src/acoustics/FwhSurface.hpp:19
CMP-UG	Chapter 21: Results Evaluation and Visualization	Defining Data Sets	other	partial	T3	src/acoustics/FwhSurface.hpp:19
CMP-UG	Chapter 21: Results Evaluation and Visualization	Mirror 2D and Mirror 3D Data Sets	other	partial	T3	src/acoustics/FwhSurface.hpp:19; src/core/BoundaryConditionRegistry.hpp:27
CMP-UG	Chapter 21: Results Evaluation and Visualization	Defining Data Sets	other	partial	T3	src/acoustics/FwhSurface.hpp:19
CMP-UG	Chapter 21: Results Evaluation and Visualization	Defining Data Sets	other	partial	T3	src/acoustics/FwhSurface.hpp:19
CMP-UG	Chapter 21: Results Evaluation and Visualization	Particle Data Sets	other	partial	T3	src/acoustics/FwhSurface.hpp:19; src/combustion/SootMomMethod.cpp:83
CMP-UG	Chapter 21: Results Evaluation and Visualization	Defining Data Sets	other	partial	T3	src/acoustics/FwhSurface.hpp:19
CMP-UG	Chapter 21: Results Evaluation and Visualization	For 2D models, from the Axis entry method list, select Two points to enter	bc	partial	T1	src/gui/PythonConsolePanel.cpp:74; src/acoustics/FwhSurface.hpp:19
CMP-UG	Chapter 21: Results Evaluation and Visualization	Sector 2D and Sector 3D Data Sets	other	partial	T3	src/acoustics/FwhSurface.hpp:19
CMP-UG	Chapter 21: Results Evaluation and Visualization	Defining Data Sets	other	partial	T3	src/acoustics/FwhSurface.hpp:19
CMP-UG	Chapter 21: Results Evaluation and Visualization	GREEK CHARACTERS	other	partial	T3	src/io/VtuReader.cpp:29; src/acoustics/FwhSurface.hpp:19
CMP-UG	Chapter 21: Results Evaluation and Visualization	Arrow Positioning	other	partial	T3	src/visualization/CameraController.hpp:25; src/acoustics/FwhSurface.hpp:19
CMP-UG	Chapter 21: Results Evaluation and Visualization	PO SITION IN G	other	partial	T3	src/acoustics/FwhSurface.hpp:19
CMP-UG	Chapter 21: Results Evaluation and Visualization	COLOR	other	partial	T3	src/acoustics/FwhSurface.hpp:19; src/cad/StepReader.cpp:35
CMP-UG	Chapter 21: Results Evaluation and Visualization	GRID	mesh	partial	T1	src/acoustics/FwhSurface.hpp:19
CMP-UG	Chapter 21: Results Evaluation and Visualization	Line Style	other	partial	T3	src/acoustics/FwhSurface.hpp:19; src/adjoint/DiscreteAdjoint.hpp:19
CMP-UG	Chapter 21: Results Evaluation and Visualization	POINT RADIUS	other	partial	T3	src/acoustics/FwhSurface.hpp:19; src/cad/Defeaturing.cpp:11
CMP-UG	Chapter 21: Results Evaluation and Visualization	Peak Value for Total Solution	other	partial	T3	src/meshing/MeshQuality.cpp:170; src/acoustics/FwhSurface.hpp:19
CMP-UG	Chapter 21: Results Evaluation and Visualization	Creating 1D, 2D, 3D, and Polar Plots	other	partial	T3	src/gui/ResidualPlot.hpp:7; src/acoustics/FwhSurface.hpp:19
CMP-UG	Chapter 21: Results Evaluation and Visualization	Interactive	other	partial	T3	src/acoustics/FwhSurface.hpp:19
CMP-UG	Chapter 21: Results Evaluation and Visualization	C Re A T I N G 1 D, 2 D, 3 D, A N D Po L A R P L O T S	other	partial	T3	src/acoustics/FwhSurface.hpp:19
CMP-UG	Chapter 21: Results Evaluation and Visualization	C Re A T I N G 1 D, 2 D, 3 D, A N D Po L A R P L O T S	other	partial	T3	src/acoustics/FwhSurface.hpp:19
CMP-UG	Chapter 21: Results Evaluation and Visualization	C Re A T I N G 1 D, 2 D, 3 D, A N D Po L A R P L O T S	other	partial	T3	src/acoustics/FwhSurface.hpp:19
CMP-UG	Chapter 21: Results Evaluation and Visualization	C Re A T I N G 1 D, 2 D, 3 D, A N D Po L A R P L O T S	other	partial	T3	src/acoustics/FwhSurface.hpp:19
CMP-UG	Chapter 21: Results Evaluation and Visualization	Coordinate System	other	partial	T3	src/io/FaceBasedMeshReader.cpp:214; src/acoustics/FwhSurface.hpp:19
CMP-UG	Chapter 21: Results Evaluation and Visualization	EVALUATION	other	partial	T3	src/acoustics/FwhSurface.hpp:19
CMP-UG	Chapter 21: Results Evaluation and Visualization	C Re A T I N G 1 D, 2 D, 3 D, A N D Po L A R P L O T S	other	partial	T3	src/acoustics/FwhSurface.hpp:19
CMP-UG	Chapter 21: Results Evaluation and Visualization	Evaluation	other	partial	T3	src/acoustics/FwhSurface.hpp:19
CMP-UG	Chapter 21: Results Evaluation and Visualization	C Re A T I N G 1 D, 2 D, 3 D, A N D Po L A R P L O T S	other	partial	T3	src/acoustics/FwhSurface.hpp:19
CMP-UG	Chapter 21: Results Evaluation and Visualization	C Re A T I N G 1 D, 2 D, 3 D, A N D Po L A R P L O T S	other	partial	T3	src/acoustics/FwhSurface.hpp:19
CMP-UG	Chapter 21: Results Evaluation and Visualization	C Re A T I N G 1 D, 2 D, 3 D, A N D Po L A R P L O T S	other	partial	T3	src/acoustics/FwhSurface.hpp:19
CMP-UG	Chapter 21: Results Evaluation and Visualization	Advanced	other	partial	T3	src/combustion/TransportedPdf.hpp:8; src/acoustics/FwhSurface.hpp:19
CMP-UG	Chapter 21: Results Evaluation and Visualization	C Re A T I N G 1 D, 2 D, 3 D, A N D Po L A R P L O T S	other	partial	T3	src/acoustics/FwhSurface.hpp:19
CMP-UG	Chapter 21: Results Evaluation and Visualization	Multiplane Data	other	partial	T3	src/acoustics/FwhSurface.hpp:19
CMP-UG	Chapter 21: Results Evaluation and Visualization	C Re A T I N G 1 D, 2 D, 3 D, A N D Po L A R P L O T S	other	partial	T3	src/acoustics/FwhSurface.hpp:19
CMP-UG	Chapter 21: Results Evaluation and Visualization	Pa R T Icl E Po Sition In G	other	partial	T3	src/acoustics/FwhSurface.hpp:19
CMP-UG	Chapter 21: Results Evaluation and Visualization	ADVANCED	other	partial	T3	src/combustion/TransportedPdf.hpp:8; src/acoustics/FwhSurface.hpp:19
CMP-UG	Chapter 21: Results Evaluation and Visualization	C Re A T I N G 1 D, 2 D, 3 D, A N D Po L A R P L O T S	other	partial	T3	src/acoustics/FwhSurface.hpp:19
CMP-UG	Chapter 21: Results Evaluation and Visualization	ODE Solver Settings—Step Size	solver	partial	T1	src/acoustics/FwhSurface.hpp:19
CMP-UG	Chapter 21: Results Evaluation and Visualization	C Re A T I N G 1 D, 2 D, 3 D, A N D Po L A R P L O T S	other	partial	T3	src/acoustics/FwhSurface.hpp:19
CMP-UG	Chapter 21: Results Evaluation and Visualization	S E T T I N G S O N T H E Pa R T I C L E Tr A C I N G W I T H M A S S P L O T	other	partial	T3	src/acoustics/FwhSurface.hpp:19
CMP-UG	Chapter 21: Results Evaluation and Visualization	M A S S A N D VE L O C I T Y	other	partial	T3	src/acoustics/FwhSurface.hpp:19
CMP-UG	Chapter 21: Results Evaluation and Visualization	C Re A T I N G 1 D, 2 D, 3 D, A N D Po L A R P L O T S	other	partial	T3	src/acoustics/FwhSurface.hpp:19
CMP-UG	Chapter 21: Results Evaluation and Visualization	C Re A T I N G 1 D, 2 D, 3 D, A N D Po L A R P L O T S	other	partial	T3	src/acoustics/FwhSurface.hpp:19
CMP-UG	Chapter 21: Results Evaluation and Visualization	Poincaré Map Plots	other	partial	T3	src/gui/ResidualPlot.hpp:7; src/acoustics/FwhSurface.hpp:19
CMP-UG	Chapter 21: Results Evaluation and Visualization	C Re A T I N G 1 D, 2 D, 3 D, A N D Po L A R P L O T S	other	partial	T3	src/acoustics/FwhSurface.hpp:19
CMP-UG	Chapter 21: Results Evaluation and Visualization	C Re A T I N G 1 D, 2 D, 3 D, A N D Po L A R P L O T S	other	partial	T3	src/acoustics/FwhSurface.hpp:19
CMP-UG	Chapter 21: Results Evaluation and Visualization	C Re A T I N G 1 D, 2 D, 3 D, A N D Po L A R P L O T S	other	partial	T3	src/acoustics/FwhSurface.hpp:19
CMP-UG	Chapter 21: Results Evaluation and Visualization	Evaluation Points	other	partial	T3	src/acoustics/FwhSurface.hpp:19
CMP-UG	Chapter 21: Results Evaluation and Visualization	C Re A T I N G 1 D, 2 D, 3 D, A N D Po L A R P L O T S	other	partial	T3	src/acoustics/FwhSurface.hpp:19
CMP-UG	Chapter 21: Results Evaluation and Visualization	C Re A T I N G 1 D, 2 D, 3 D, A N D Po L A R P L O T S	other	partial	T3	src/acoustics/FwhSurface.hpp:19
CMP-UG	Chapter 21: Results Evaluation and Visualization	C Re A T I N G 1 D, 2 D, 3 D, A N D Po L A R P L O T S	other	partial	T3	src/acoustics/FwhSurface.hpp:19
CMP-UG	Chapter 21: Results Evaluation and Visualization	C Re A T I N G 1 D, 2 D, 3 D, A N D Po L A R P L O T S	other	partial	T3	src/acoustics/FwhSurface.hpp:19
CMP-UG	Chapter 21: Results Evaluation and Visualization	C Re A T I N G 1 D, 2 D, 3 D, A N D Po L A R P L O T S	other	partial	T3	src/acoustics/FwhSurface.hpp:19
CMP-UG	Chapter 21: Results Evaluation and Visualization	C Re A T I N G 1 D, 2 D, 3 D, A N D Po L A R P L O T S	other	partial	T3	src/acoustics/FwhSurface.hpp:19
CMP-UG	Chapter 21: Results Evaluation and Visualization	Creating Cross-Section Plots and	other	partial	T3	src/gui/ResidualPlot.hpp:7; src/acoustics/FwhSurface.hpp:19
CMP-UG	Chapter 21: Results Evaluation and Visualization	INTERACTIVE CROSS-SECTION LINE AND SURFACE PLOTS	other	partial	T3	src/gui/ResidualPlot.hpp:7; src/acoustics/FwhSurface.hpp:19
CMP-UG	Chapter 21: Results Evaluation and Visualization	Creating Cross-Section Plots And Combining Plots	other	partial	T3	src/gui/ResidualPlot.hpp:7; src/acoustics/FwhSurface.hpp:19
CMP-UG	Chapter 21: Results Evaluation and Visualization	CREATING INTERACTIVE 3D CROSS-SECTION LINE PLOTS	other	partial	T3	src/gui/ResidualPlot.hpp:7; src/acoustics/FwhSurface.hpp:19
CMP-UG	Chapter 21: Results Evaluation and Visualization	CREATING INTERACTIVE 3D CROSS-SECTION SURFACE PLOTS	other	partial	T3	src/gui/ResidualPlot.hpp:7; src/acoustics/FwhSurface.hpp:19
CMP-UG	Chapter 21: Results Evaluation and Visualization	Defining Derived Values and Tables	other	partial	T3	src/emag/AvFormulation.hpp:18; src/acoustics/FwhSurface.hpp:19
CMP-UG	Chapter 21: Results Evaluation and Visualization	Adding A Derived Value Node	other	partial	T3	src/emag/AvFormulation.hpp:18; src/acoustics/FwhSurface.hpp:19
CMP-UG	Chapter 21: Results Evaluation and Visualization	Selection (Solution Data Sets Only)	other	partial	T3	src/acoustics/FwhSurface.hpp:19
CMP-UG	Chapter 21: Results Evaluation and Visualization	INTEGRATION SETTINGS	other	partial	T3	src/acoustics/FwhSurface.hpp:19; src/acoustics/FwhSurface.hpp:57
CMP-UG	Chapter 21: Results Evaluation and Visualization	D E F I N I N G D E R I V E D V A L U E S A N D Ta B L E S	other	partial	T3	src/acoustics/FwhSurface.hpp:19
CMP-UG	Chapter 21: Results Evaluation and Visualization	Advanced	other	partial	T3	src/combustion/TransportedPdf.hpp:8; src/acoustics/FwhSurface.hpp:19
CMP-UG	Chapter 21: Results Evaluation and Visualization	TR A N S F O R M A T I O N	other	partial	T3	src/acoustics/FwhSurface.hpp:19
CMP-UG	Chapter 21: Results Evaluation and Visualization	Use a Particle Evaluation (	other	partial	T3	src/acoustics/FwhSurface.hpp:19; src/combustion/SootMomMethod.cpp:83
CMP-UG	Chapter 21: Results Evaluation and Visualization	Expression	scripting	partial	T1	src/core/Command.hpp:104; src/acoustics/FwhSurface.hpp:19
CMP-UG	Chapter 21: Results Evaluation and Visualization	The Results Table	other	partial	T3	src/acoustics/FwhSurface.hpp:19
CMP-UG	Chapter 21: Results Evaluation and Visualization	Exporting Data and Images	other	partial	T1	src/meshing/HexSweepMesher.hpp:18; src/acoustics/FwhSurface.hpp:19
CMP-UG	Chapter 21: Results Evaluation and Visualization	Exporting Data And Images	other	partial	T1	src/meshing/HexSweepMesher.hpp:18; src/acoustics/FwhSurface.hpp:19
CMP-UG	Chapter 21: Results Evaluation and Visualization	Exporting Data	other	partial	T1	src/acoustics/FwhSurface.hpp:19
CMP-UG	Chapter 21: Results Evaluation and Visualization	Exporting Data And Images	other	partial	T1	src/meshing/HexSweepMesher.hpp:18; src/acoustics/FwhSurface.hpp:19
CMP-UG	Chapter 21: Results Evaluation and Visualization	Exporting Data And Images	other	partial	T1	src/meshing/HexSweepMesher.hpp:18; src/acoustics/FwhSurface.hpp:19
CMP-UG	Chapter 21: Results Evaluation and Visualization	Exporting Data And Images	other	partial	T1	src/meshing/HexSweepMesher.hpp:18; src/acoustics/FwhSurface.hpp:19
CMP-UG	Chapter 21: Results Evaluation and Visualization	Exporting Data And Images	other	partial	T1	src/meshing/HexSweepMesher.hpp:18; src/acoustics/FwhSurface.hpp:19
CMP-UG	Chapter 21: Results Evaluation and Visualization	If Result parameter is selected:	scripting	partial	T1	src/gpu/CudaContext.cpp:45; src/acoustics/FwhSurface.hpp:19
CMP-UG	Chapter 21: Results Evaluation and Visualization	Creating Reports	other	partial	T3	src/cad/Defeaturing.cpp:11; src/acoustics/FwhSurface.hpp:19
CMP-UG	Chapter 21: Results Evaluation and Visualization	Creating Reports	other	partial	T3	src/cad/Defeaturing.cpp:11; src/acoustics/FwhSurface.hpp:19
CMP-UG	Chapter 21: Results Evaluation and Visualization	Generating a Model Report	other	partial	T1	src/gui/RibbonContent.cpp:44; src/acoustics/FwhSurface.hpp:19
CMP-UG	Chapter 21: Results Evaluation and Visualization	Creating Reports	other	partial	T3	src/cad/Defeaturing.cpp:11; src/acoustics/FwhSurface.hpp:19
CMP-UG	Chapter 22: Running the COMSOL Software	Chapter 22: Running the COMSOL Software	other	partial	T3	src/visualization/SceneGraph.hpp:10; src/acoustics/FwhSurface.hpp:62
CMP-UG	Chapter 22: Running the COMSOL Software	Running COMSOL	other	partial	T3	src/visualization/SceneGraph.hpp:10; src/acoustics/FwhSurface.hpp:62
CMP-UG	Chapter 22: Running the COMSOL Software	COMSOL API	other	partial	T3	src/visualization/SceneGraph.hpp:10; src/acoustics/FwhSurface.hpp:62
CMP-UG	Chapter 22: Running the COMSOL Software	C O N N E C T I N G T O A S E R VE R F RO M M AT L A B	other	partial	T3	src/visualization/SceneGraph.hpp:10; src/acoustics/FwhSurface.hpp:62
CMP-UG	Chapter 22: Running the COMSOL Software	Running COMSOL in Parallel	parallel	partial	T1	src/visualization/SceneGraph.hpp:10; src/acoustics/FwhSurface.hpp:62
CMP-UG	Chapter 22: Running the COMSOL Software	Running Comsol In Parallel	parallel	partial	T1	src/visualization/SceneGraph.hpp:10; src/acoustics/FwhSurface.hpp:62
CMP-UG	Chapter 22: Running the COMSOL Software	Running Comsol In Parallel	parallel	partial	T1	src/visualization/SceneGraph.hpp:10; src/acoustics/FwhSurface.hpp:62
CMP-UG	Chapter 22: Running the COMSOL Software	Running Comsol In Parallel	parallel	partial	T1	src/visualization/SceneGraph.hpp:10; src/acoustics/FwhSurface.hpp:62
CMP-UG	Chapter 23: Glossary	Glossary of Terms	other	partial	T3	src/combustion/CanteraParser.cpp:99
CMP-UG	Chapter 23: Glossary	COMSOL Multiphysics text file A text data file with the extension .mphtxt that	other	partial	T1	src/cad/CadKernel.cpp:9
CMP-UG	Chapter 23: Glossary	Reynolds particle number 686	other	partial	T3	src/combustion/TfcModel.hpp:24; src/combustion/SootMomMethod.cpp:83
CFD-UG	CFD Module User's Guide	CFD Module User's Guide	other	partial	T3	src/acoustics/CurleAcoustics.hpp:19
CFD-UG	Chapter 1: Introduction	About the CFD Module	other	partial	T3	src/acoustics/CurleAcoustics.hpp:19
CFD-UG	Chapter 1: Introduction	Why CFD Is Important for Modeling	other	absent	T1	
CFD-UG	Chapter 1: Introduction	How the CFD Module Helps Improve Your Modeling	other	partial	T3	src/core/TaskGraph.hpp:12; src/acoustics/CurleAcoustics.hpp:19
CFD-UG	Chapter 1: Introduction	Where Do I Access the Documentation and Application Libraries?	other	partial	T3	src/core/PluginLoader.hpp:6; src/gpu/HostDeviceMirror.hpp:33
CFD-UG	Chapter 1: Introduction	The Documentation And Online Help	other	absent	T3	
CFD-UG	Chapter 1: Introduction	Opening Topic-Based Help	other	partial	T3	src/io/FaceBasedMeshReader.cpp:171
CFD-UG	Chapter 1: Introduction	To open the Help window:	ui	partial	T1	src/gui/MainWindow.hpp:4
CFD-UG	Chapter 1: Introduction	The Application Libraries Window	ui	partial	T1	src/core/PluginLoader.hpp:6; src/gui/MainWindow.hpp:4
CFD-UG	Chapter 1: Introduction	Contacting Comsol By Email	other	absent	T3	
CFD-UG	Chapter 1: Introduction	Comsol Access And Technical Support	other	partial	T3	src/core/Command.hpp:9; src/gpu/HostDeviceMirror.hpp:33
CFD-UG	Chapter 1: Introduction	COMSOL website	other	absent	T3	
CFD-UG	Chapter 1: Introduction	Contact COMSOL	other	partial	T3	src/multiphase/SurfaceTensionCsf.cpp:54
CFD-UG	Chapter 1: Introduction	COMSOL Access	other	partial	T3	src/gpu/HostDeviceMirror.hpp:33
CFD-UG	Chapter 1: Introduction	Support Center	other	partial	T3	src/core/Command.hpp:9; src/cad/PersistentIdManager.cpp:91
CFD-UG	Chapter 1: Introduction	Product Download	other	partial	T3	src/adjoint/DiscreteAdjoint.hpp:45
CFD-UG	Chapter 1: Introduction	Product Updates	other	partial	T3	src/adjoint/DiscreteAdjoint.hpp:45; src/dynamics/SixDof.hpp:7
CFD-UG	Chapter 1: Introduction	COMSOL Blog	other	absent	T3	
CFD-UG	Chapter 1: Introduction	Discussion Forum	other	absent	T3	
CFD-UG	Chapter 1: Introduction	Events	other	partial	T3	src/core/Application.cpp:41
CFD-UG	Chapter 1: Introduction	COMSOL Application Gallery	other	absent	T3	
CFD-UG	Chapter 1: Introduction	COMSOL Video Gallery	other	absent	T3	
CFD-UG	Chapter 1: Introduction	Learning Center	other	partial	T3	src/cad/PersistentIdManager.cpp:91
CFD-UG	Chapter 1: Introduction	Support Knowledge Base	other	partial	T3	src/core/Command.hpp:9
CFD-UG	Chapter 1: Introduction	Quick Start Guide	other	partial	T3	src/emag/AvFormulation.hpp:50
CFD-UG	Chapter 1: Introduction	The Physics Interfaces	ui	partial	T1	src/gui/Dialogs.cpp:232; src/combustion/LaminarFiniteRate.cpp:110
CFD-UG	Chapter 1: Introduction	Single-Phase Flow	other	absent	T3	
CFD-UG	Chapter 1: Introduction	Multiphase Flow	multiphase	absent	T2	
CFD-UG	Chapter 1: Introduction	Porous Media and Subsurface Flow	other	partial	T2	src/emag/AvFormulation.hpp:7; src/gui/Dialogs.cpp:368
CFD-UG	Chapter 1: Introduction	Heat Transfer and Nonisothermal Flow	turbulence	partial	T2	src/cad/IgesReader.cpp:45
CFD-UG	Chapter 1: Introduction	High Mach Number Flow	other	partial	T3	src/acoustics/CurleAcoustics.hpp:7; src/combustion/TfcModel.hpp:24
CFD-UG	Chapter 1: Introduction	Thin-Film Flow	other	partial	T3	src/particles/ParticleEvaporation.hpp:14; src/cad/CadKernel.cpp:6
CFD-UG	Chapter 1: Introduction	Shallow Water Equations	other	partial	T3	src/materials/FluidsCatalog.cpp:40; src/adjoint/ContinuousAdjoint.hpp:11
CFD-UG	Chapter 1: Introduction	Chemical Species Transport	turbulence	partial	T2	src/combustion/CanteraParser.hpp:10
CFD-UG	Chapter 1: Introduction	The Mathematics Interfaces	ui	partial	T1	src/morphing/FfdBox.hpp:13; src/gui/Dialogs.cpp:232
CFD-UG	Chapter 2: Quick Start Guide	Chapter 2: Quick Start Guide	other	partial	T3	src/emag/AvFormulation.hpp:50
CFD-UG	Chapter 2: Quick Start Guide	Modeling and Simulations of Fluid	other	partial	T3	src/emag/AvFormulation.hpp:50
CFD-UG	Chapter 2: Quick Start Guide	Modeling Strategy	other	partial	T3	src/emag/AvFormulation.hpp:50; src/amr/AdaptiveRefinement.hpp:7
CFD-UG	Chapter 2: Quick Start Guide	Geometric Complexities	other	partial	T3	src/emag/AvFormulation.hpp:50; src/meshing/BlockMeshDict.hpp:45
CFD-UG	Chapter 2: Quick Start Guide	Meshing	mesh	partial	T1	src/emag/AvFormulation.hpp:50
CFD-UG	Chapter 2: Quick Start Guide	Boundary Layer Meshes	mesh	partial	T1	src/emag/AvFormulation.hpp:50; src/core/IWallDistanceService.hpp:31
CFD-UG	Chapter 2: Quick Start Guide	Mesh Convergence	mesh	partial	T1	src/emag/AvFormulation.hpp:50; src/gui/Dialogs.cpp:268
CFD-UG	Chapter 2: Quick Start Guide	The Choice of Solver and Solver Settings	solver	partial	T1	src/meshing/MeshOps.cpp:529; src/emag/AvFormulation.hpp:50
CFD-UG	Chapter 2: Quick Start Guide	Physics Interface	ui	partial	T1	src/emag/AvFormulation.hpp:50; src/combustion/LaminarFiniteRate.cpp:110
CFD-UG	Chapter 2: Quick Start Guide	Space	other	partial	T3	src/emag/AvFormulation.hpp:50; src/combustion/SlfmFlamelet.hpp:6
CFD-UG	Chapter 2: Quick Start Guide	Dimension	other	partial	T3	src/emag/AvFormulation.hpp:50; src/adjoint/DiscreteAdjoint.hpp:37
CFD-UG	Chapter 2: Quick Start Guide	Available Study Type	other	partial	T3	src/emag/AvFormulation.hpp:50; src/amr/AdaptiveRefinement.hpp:11
CFD-UG	Chapter 2: Quick Start Guide	PHYSICS INTERFACE	ui	partial	T1	src/emag/AvFormulation.hpp:50; src/combustion/LaminarFiniteRate.cpp:110
CFD-UG	Chapter 2: Quick Start Guide	Space	other	partial	T3	src/emag/AvFormulation.hpp:50; src/combustion/SlfmFlamelet.hpp:6
CFD-UG	Chapter 2: Quick Start Guide	Dimension	other	partial	T3	src/emag/AvFormulation.hpp:50; src/adjoint/DiscreteAdjoint.hpp:37
CFD-UG	Chapter 2: Quick Start Guide	Available Study Type	other	partial	T3	src/emag/AvFormulation.hpp:50; src/amr/AdaptiveRefinement.hpp:11
CFD-UG	Chapter 2: Quick Start Guide	Physics Interface	ui	partial	T1	src/emag/AvFormulation.hpp:50; src/combustion/LaminarFiniteRate.cpp:110
CFD-UG	Chapter 2: Quick Start Guide	Space	other	partial	T3	src/emag/AvFormulation.hpp:50; src/combustion/SlfmFlamelet.hpp:6
CFD-UG	Chapter 2: Quick Start Guide	Dimension	other	partial	T3	src/emag/AvFormulation.hpp:50; src/adjoint/DiscreteAdjoint.hpp:37
CFD-UG	Chapter 2: Quick Start Guide	Available Study Type	other	partial	T3	src/emag/AvFormulation.hpp:50; src/amr/AdaptiveRefinement.hpp:11
CFD-UG	Chapter 2: Quick Start Guide	PHYSICS INTERFACE	ui	partial	T1	src/emag/AvFormulation.hpp:50; src/combustion/LaminarFiniteRate.cpp:110
CFD-UG	Chapter 2: Quick Start Guide	Space	other	partial	T3	src/emag/AvFormulation.hpp:50; src/combustion/SlfmFlamelet.hpp:6
CFD-UG	Chapter 2: Quick Start Guide	Dimension	other	partial	T3	src/emag/AvFormulation.hpp:50; src/adjoint/DiscreteAdjoint.hpp:37
CFD-UG	Chapter 2: Quick Start Guide	Available Study Type	other	partial	T3	src/emag/AvFormulation.hpp:50; src/amr/AdaptiveRefinement.hpp:11
CFD-UG	Chapter 2: Quick Start Guide	Les Rbvm(4)	turbulence	partial	T2	src/emag/AvFormulation.hpp:50
CFD-UG	Chapter 2: Quick Start Guide	Les Rbvmwv(4)	turbulence	partial	T2	src/emag/AvFormulation.hpp:50
CFD-UG	Chapter 2: Quick Start Guide	Physics Interface	ui	partial	T1	src/emag/AvFormulation.hpp:50; src/combustion/LaminarFiniteRate.cpp:110
CFD-UG	Chapter 2: Quick Start Guide	Space	other	partial	T3	src/emag/AvFormulation.hpp:50; src/combustion/SlfmFlamelet.hpp:6
CFD-UG	Chapter 2: Quick Start Guide	Dimension	other	partial	T3	src/emag/AvFormulation.hpp:50; src/adjoint/DiscreteAdjoint.hpp:37
CFD-UG	Chapter 2: Quick Start Guide	Available Study Type	other	partial	T3	src/emag/AvFormulation.hpp:50; src/amr/AdaptiveRefinement.hpp:11
CFD-UG	Chapter 2: Quick Start Guide	PHYSICS INTERFACE	ui	partial	T1	src/emag/AvFormulation.hpp:50; src/combustion/LaminarFiniteRate.cpp:110
CFD-UG	Chapter 2: Quick Start Guide	Space	other	partial	T3	src/emag/AvFormulation.hpp:50; src/combustion/SlfmFlamelet.hpp:6
CFD-UG	Chapter 2: Quick Start Guide	Dimension	other	partial	T3	src/emag/AvFormulation.hpp:50; src/adjoint/DiscreteAdjoint.hpp:37
CFD-UG	Chapter 2: Quick Start Guide	Available Study Type	other	partial	T3	src/emag/AvFormulation.hpp:50; src/amr/AdaptiveRefinement.hpp:11
CFD-UG	Chapter 2: Quick Start Guide	Creeping Flow	other	partial	T3	src/emag/AvFormulation.hpp:50
CFD-UG	Chapter 2: Quick Start Guide	Laminar Flow1	other	partial	T3	src/emag/AvFormulation.hpp:50; src/combustion/EddyDissipationConcept.hpp:15
CFD-UG	Chapter 2: Quick Start Guide	Viscoelastic Flow	other	partial	T3	src/emag/AvFormulation.hpp:50
CFD-UG	Chapter 2: Quick Start Guide	Turbulent Flow, L-VEL	turbulence	partial	T2	src/emag/AvFormulation.hpp:50; src/combustion/GEquation.cpp:51
CFD-UG	Chapter 2: Quick Start Guide	Turbulent Flow, k-ε	turbulence	partial	T2	src/emag/AvFormulation.hpp:50; src/combustion/GEquation.cpp:51
CFD-UG	Chapter 2: Quick Start Guide	Turbulent Flow, k-ω	turbulence	partial	T2	src/emag/AvFormulation.hpp:50; src/combustion/GEquation.cpp:51
CFD-UG	Chapter 2: Quick Start Guide	Turbulent Flow, SST	turbulence	partial	T1	src/emag/AvFormulation.hpp:50; src/combustion/GEquation.cpp:51
CFD-UG	Chapter 2: Quick Start Guide	Physics Interface	ui	partial	T1	src/emag/AvFormulation.hpp:50; src/combustion/LaminarFiniteRate.cpp:110
CFD-UG	Chapter 2: Quick Start Guide	Space	other	partial	T3	src/emag/AvFormulation.hpp:50; src/combustion/SlfmFlamelet.hpp:6
CFD-UG	Chapter 2: Quick Start Guide	Dimension	other	partial	T3	src/emag/AvFormulation.hpp:50; src/adjoint/DiscreteAdjoint.hpp:37
CFD-UG	Chapter 2: Quick Start Guide	Available Study Type	other	partial	T3	src/emag/AvFormulation.hpp:50; src/amr/AdaptiveRefinement.hpp:11
CFD-UG	Chapter 2: Quick Start Guide	Turbulent Flow, v2-f	turbulence	partial	T2	src/emag/AvFormulation.hpp:50; src/combustion/GEquation.cpp:51
CFD-UG	Chapter 2: Quick Start Guide	Ssg-Lrr	other	partial	T3	src/emag/AvFormulation.hpp:50
CFD-UG	Chapter 2: Quick Start Guide	Les Rbvm	turbulence	partial	T2	src/emag/AvFormulation.hpp:50
CFD-UG	Chapter 2: Quick Start Guide	Les Rbvmwv	turbulence	partial	T2	src/emag/AvFormulation.hpp:50
CFD-UG	Chapter 2: Quick Start Guide	LES Smagorinsky	turbulence	partial	T2	src/emag/AvFormulation.hpp:50; src/turbulence/CMakeLists.txt:2
CFD-UG	Chapter 2: Quick Start Guide	Des Rbvmwv,	turbulence	partial	T2	src/emag/AvFormulation.hpp:50
CFD-UG	Chapter 2: Quick Start Guide	PHYSICS INTERFACE	ui	partial	T1	src/emag/AvFormulation.hpp:50; src/combustion/LaminarFiniteRate.cpp:110
CFD-UG	Chapter 2: Quick Start Guide	Space	other	partial	T3	src/emag/AvFormulation.hpp:50; src/combustion/SlfmFlamelet.hpp:6
CFD-UG	Chapter 2: Quick Start Guide	Dimension	other	partial	T3	src/emag/AvFormulation.hpp:50; src/adjoint/DiscreteAdjoint.hpp:37
CFD-UG	Chapter 2: Quick Start Guide	Available Study Type	other	partial	T3	src/emag/AvFormulation.hpp:50; src/amr/AdaptiveRefinement.hpp:11
CFD-UG	Chapter 2: Quick Start Guide	Bubbly Flow, L-VEL	other	partial	T3	src/multiphase/DriftFlux.hpp:12; src/emag/AvFormulation.hpp:50
CFD-UG	Chapter 2: Quick Start Guide	Physics Interface	ui	partial	T1	src/emag/AvFormulation.hpp:50; src/combustion/LaminarFiniteRate.cpp:110
CFD-UG	Chapter 2: Quick Start Guide	Space	other	partial	T3	src/emag/AvFormulation.hpp:50; src/combustion/SlfmFlamelet.hpp:6
CFD-UG	Chapter 2: Quick Start Guide	Dimension	other	partial	T3	src/emag/AvFormulation.hpp:50; src/adjoint/DiscreteAdjoint.hpp:37
CFD-UG	Chapter 2: Quick Start Guide	Available Study Type	other	partial	T3	src/emag/AvFormulation.hpp:50; src/amr/AdaptiveRefinement.hpp:11
CFD-UG	Chapter 2: Quick Start Guide	Bubbly Flow, k-ε	other	partial	T3	src/multiphase/DriftFlux.hpp:12; src/emag/AvFormulation.hpp:50
CFD-UG	Chapter 2: Quick Start Guide	Bubbly Flow, k-ω	other	partial	T3	src/multiphase/DriftFlux.hpp:12; src/emag/AvFormulation.hpp:50
CFD-UG	Chapter 2: Quick Start Guide	Bubbly Flow, SST	turbulence	partial	T1	src/multiphase/DriftFlux.hpp:12; src/emag/AvFormulation.hpp:50
CFD-UG	Chapter 2: Quick Start Guide	Bubbly Flow, Low Re	other	partial	T3	src/multiphase/DriftFlux.hpp:12; src/emag/AvFormulation.hpp:50
CFD-UG	Chapter 2: Quick Start Guide	Bubbly Flow, v2-f	other	partial	T3	src/multiphase/DriftFlux.hpp:12; src/emag/AvFormulation.hpp:50
CFD-UG	Chapter 2: Quick Start Guide	Mixture Model, L-VEL	multiphase	partial	T2	src/emag/AvFormulation.hpp:50; src/combustion/FgmFlamelet.hpp:7
CFD-UG	Chapter 2: Quick Start Guide	PHYSICS INTERFACE	ui	partial	T1	src/emag/AvFormulation.hpp:50; src/combustion/LaminarFiniteRate.cpp:110
CFD-UG	Chapter 2: Quick Start Guide	Space	other	partial	T3	src/emag/AvFormulation.hpp:50; src/combustion/SlfmFlamelet.hpp:6
CFD-UG	Chapter 2: Quick Start Guide	Dimension	other	partial	T3	src/emag/AvFormulation.hpp:50; src/adjoint/DiscreteAdjoint.hpp:37
CFD-UG	Chapter 2: Quick Start Guide	Available Study Type	other	partial	T3	src/emag/AvFormulation.hpp:50; src/amr/AdaptiveRefinement.hpp:11
CFD-UG	Chapter 2: Quick Start Guide	Mixture Model, k-ε	multiphase	partial	T2	src/emag/AvFormulation.hpp:50; src/combustion/FgmFlamelet.hpp:7
CFD-UG	Chapter 2: Quick Start Guide	Mixture Model, k-ω	multiphase	partial	T2	src/emag/AvFormulation.hpp:50; src/combustion/FgmFlamelet.hpp:7
CFD-UG	Chapter 2: Quick Start Guide	Mixture Model, SST	turbulence	partial	T2	src/emag/AvFormulation.hpp:50; src/combustion/FgmFlamelet.hpp:7
CFD-UG	Chapter 2: Quick Start Guide	Mixture Model, v2-f	multiphase	partial	T2	src/emag/AvFormulation.hpp:50; src/combustion/FgmFlamelet.hpp:7
CFD-UG	Chapter 2: Quick Start Guide	Physics Interface	ui	partial	T1	src/emag/AvFormulation.hpp:50; src/combustion/LaminarFiniteRate.cpp:110
CFD-UG	Chapter 2: Quick Start Guide	Space	other	partial	T3	src/emag/AvFormulation.hpp:50; src/combustion/SlfmFlamelet.hpp:6
CFD-UG	Chapter 2: Quick Start Guide	Dimension	other	partial	T3	src/emag/AvFormulation.hpp:50; src/adjoint/DiscreteAdjoint.hpp:37
CFD-UG	Chapter 2: Quick Start Guide	Available Study Type	other	partial	T3	src/emag/AvFormulation.hpp:50; src/amr/AdaptiveRefinement.hpp:11
CFD-UG	Chapter 2: Quick Start Guide	PHYSICS INTERFACE	ui	partial	T1	src/emag/AvFormulation.hpp:50; src/combustion/LaminarFiniteRate.cpp:110
CFD-UG	Chapter 2: Quick Start Guide	Space	other	partial	T3	src/emag/AvFormulation.hpp:50; src/combustion/SlfmFlamelet.hpp:6
CFD-UG	Chapter 2: Quick Start Guide	Dimension	other	partial	T3	src/emag/AvFormulation.hpp:50; src/adjoint/DiscreteAdjoint.hpp:37
CFD-UG	Chapter 2: Quick Start Guide	Available Study Type	other	partial	T3	src/emag/AvFormulation.hpp:50; src/amr/AdaptiveRefinement.hpp:11
CFD-UG	Chapter 2: Quick Start Guide	Physics Interface	ui	partial	T1	src/emag/AvFormulation.hpp:50; src/combustion/LaminarFiniteRate.cpp:110
CFD-UG	Chapter 2: Quick Start Guide	Space	other	partial	T3	src/emag/AvFormulation.hpp:50; src/combustion/SlfmFlamelet.hpp:6
CFD-UG	Chapter 2: Quick Start Guide	Dimension	other	partial	T3	src/emag/AvFormulation.hpp:50; src/adjoint/DiscreteAdjoint.hpp:37
CFD-UG	Chapter 2: Quick Start Guide	Available Study Type	other	partial	T3	src/emag/AvFormulation.hpp:50; src/amr/AdaptiveRefinement.hpp:11
CFD-UG	Chapter 2: Quick Start Guide	PHYSICS INTERFACE	ui	partial	T1	src/emag/AvFormulation.hpp:50; src/combustion/LaminarFiniteRate.cpp:110
CFD-UG	Chapter 2: Quick Start Guide	Space	other	partial	T3	src/emag/AvFormulation.hpp:50; src/combustion/SlfmFlamelet.hpp:6
CFD-UG	Chapter 2: Quick Start Guide	Dimension	other	partial	T3	src/emag/AvFormulation.hpp:50; src/adjoint/DiscreteAdjoint.hpp:37
CFD-UG	Chapter 2: Quick Start Guide	Available Study Type	other	partial	T3	src/emag/AvFormulation.hpp:50; src/amr/AdaptiveRefinement.hpp:11
CFD-UG	Chapter 2: Quick Start Guide	Phase Transport	turbulence	partial	T2	src/emag/AvFormulation.hpp:50; src/combustion/CanteraParser.hpp:10
CFD-UG	Chapter 2: Quick Start Guide	Brinkman Equations	other	partial	T3	src/emag/AvFormulation.hpp:50; src/adjoint/ContinuousAdjoint.hpp:11
CFD-UG	Chapter 2: Quick Start Guide	Darcy’s Law	other	partial	T2	src/emag/AvFormulation.hpp:50; src/heat_transfer/Solidification.cpp:52
CFD-UG	Chapter 2: Quick Start Guide	Physics Interface	ui	partial	T1	src/emag/AvFormulation.hpp:50; src/combustion/LaminarFiniteRate.cpp:110
CFD-UG	Chapter 2: Quick Start Guide	Space	other	partial	T3	src/emag/AvFormulation.hpp:50; src/combustion/SlfmFlamelet.hpp:6
CFD-UG	Chapter 2: Quick Start Guide	Dimension	other	partial	T3	src/emag/AvFormulation.hpp:50; src/adjoint/DiscreteAdjoint.hpp:37
CFD-UG	Chapter 2: Quick Start Guide	Available Study Type	other	partial	T3	src/emag/AvFormulation.hpp:50; src/amr/AdaptiveRefinement.hpp:11
CFD-UG	Chapter 2: Quick Start Guide	Two-Phase Darcy’s Law	other	partial	T2	src/emag/AvFormulation.hpp:50; src/heat_transfer/Solidification.cpp:52
CFD-UG	Chapter 2: Quick Start Guide	L-Vel(2)	other	partial	T3	src/emag/AvFormulation.hpp:50
CFD-UG	Chapter 2: Quick Start Guide	PHYSICS INTERFACE	ui	partial	T1	src/emag/AvFormulation.hpp:50; src/combustion/LaminarFiniteRate.cpp:110
CFD-UG	Chapter 2: Quick Start Guide	Space	other	partial	T3	src/emag/AvFormulation.hpp:50; src/combustion/SlfmFlamelet.hpp:6
CFD-UG	Chapter 2: Quick Start Guide	Dimension	other	partial	T3	src/emag/AvFormulation.hpp:50; src/adjoint/DiscreteAdjoint.hpp:37
CFD-UG	Chapter 2: Quick Start Guide	Available Study Type	other	partial	T3	src/emag/AvFormulation.hpp:50; src/amr/AdaptiveRefinement.hpp:11
CFD-UG	Chapter 2: Quick Start Guide	Physics Interface	ui	partial	T1	src/emag/AvFormulation.hpp:50; src/combustion/LaminarFiniteRate.cpp:110
CFD-UG	Chapter 2: Quick Start Guide	Space	other	partial	T3	src/emag/AvFormulation.hpp:50; src/combustion/SlfmFlamelet.hpp:6
CFD-UG	Chapter 2: Quick Start Guide	Dimension	other	partial	T3	src/emag/AvFormulation.hpp:50; src/adjoint/DiscreteAdjoint.hpp:37
CFD-UG	Chapter 2: Quick Start Guide	Available Study Type	other	partial	T3	src/emag/AvFormulation.hpp:50; src/amr/AdaptiveRefinement.hpp:11
CFD-UG	Chapter 2: Quick Start Guide	Ssg-Lrr (2)	other	partial	T3	src/emag/AvFormulation.hpp:50
CFD-UG	Chapter 2: Quick Start Guide	Les Rbvm	turbulence	partial	T2	src/emag/AvFormulation.hpp:50
CFD-UG	Chapter 2: Quick Start Guide	Les Rbvmwv	turbulence	partial	T2	src/emag/AvFormulation.hpp:50
CFD-UG	Chapter 2: Quick Start Guide	PHYSICS INTERFACE	ui	partial	T1	src/emag/AvFormulation.hpp:50; src/combustion/LaminarFiniteRate.cpp:110
CFD-UG	Chapter 2: Quick Start Guide	Space	other	partial	T3	src/emag/AvFormulation.hpp:50; src/combustion/SlfmFlamelet.hpp:6
CFD-UG	Chapter 2: Quick Start Guide	Dimension	other	partial	T3	src/emag/AvFormulation.hpp:50; src/adjoint/DiscreteAdjoint.hpp:37
CFD-UG	Chapter 2: Quick Start Guide	Available Study Type	other	partial	T3	src/emag/AvFormulation.hpp:50; src/amr/AdaptiveRefinement.hpp:11
CFD-UG	Chapter 2: Quick Start Guide	Physics Interface	ui	partial	T1	src/emag/AvFormulation.hpp:50; src/combustion/LaminarFiniteRate.cpp:110
CFD-UG	Chapter 2: Quick Start Guide	Space	other	partial	T3	src/emag/AvFormulation.hpp:50; src/combustion/SlfmFlamelet.hpp:6
CFD-UG	Chapter 2: Quick Start Guide	Dimension	other	partial	T3	src/emag/AvFormulation.hpp:50; src/adjoint/DiscreteAdjoint.hpp:37
CFD-UG	Chapter 2: Quick Start Guide	Available Study Type	other	partial	T3	src/emag/AvFormulation.hpp:50; src/amr/AdaptiveRefinement.hpp:11
CFD-UG	Chapter 2: Quick Start Guide	PHYSICS INTERFACE	ui	partial	T1	src/emag/AvFormulation.hpp:50; src/combustion/LaminarFiniteRate.cpp:110
CFD-UG	Chapter 2: Quick Start Guide	Space	other	partial	T3	src/emag/AvFormulation.hpp:50; src/combustion/SlfmFlamelet.hpp:6
CFD-UG	Chapter 2: Quick Start Guide	Dimension	other	partial	T3	src/emag/AvFormulation.hpp:50; src/adjoint/DiscreteAdjoint.hpp:37
CFD-UG	Chapter 2: Quick Start Guide	Available Study Type	other	partial	T3	src/emag/AvFormulation.hpp:50; src/amr/AdaptiveRefinement.hpp:11
CFD-UG	Chapter 2: Quick Start Guide	Heat Transfer in Fluids1	turbulence	partial	T2	src/emag/AvFormulation.hpp:50; src/cad/IgesReader.cpp:45
CFD-UG	Chapter 2: Quick Start Guide	L-Vel(2)	other	partial	T3	src/emag/AvFormulation.hpp:50
CFD-UG	Chapter 2: Quick Start Guide	Physics Interface	ui	partial	T1	src/emag/AvFormulation.hpp:50; src/combustion/LaminarFiniteRate.cpp:110
CFD-UG	Chapter 2: Quick Start Guide	Space	other	partial	T3	src/emag/AvFormulation.hpp:50; src/combustion/SlfmFlamelet.hpp:6
CFD-UG	Chapter 2: Quick Start Guide	Dimension	other	partial	T3	src/emag/AvFormulation.hpp:50; src/adjoint/DiscreteAdjoint.hpp:37
CFD-UG	Chapter 2: Quick Start Guide	Available Study Type	other	partial	T3	src/emag/AvFormulation.hpp:50; src/amr/AdaptiveRefinement.hpp:11
CFD-UG	Chapter 2: Quick Start Guide	Level Set	other	partial	T2	src/emag/AvFormulation.hpp:50
CFD-UG	Chapter 2: Quick Start Guide	PHYSICS INTERFACE	ui	partial	T1	src/emag/AvFormulation.hpp:50; src/combustion/LaminarFiniteRate.cpp:110
CFD-UG	Chapter 2: Quick Start Guide	Space	other	partial	T3	src/emag/AvFormulation.hpp:50; src/combustion/SlfmFlamelet.hpp:6
CFD-UG	Chapter 2: Quick Start Guide	Dimension	other	partial	T3	src/emag/AvFormulation.hpp:50; src/adjoint/DiscreteAdjoint.hpp:37
CFD-UG	Chapter 2: Quick Start Guide	Available Study Type	other	partial	T3	src/emag/AvFormulation.hpp:50; src/amr/AdaptiveRefinement.hpp:11
CFD-UG	Chapter 2: Quick Start Guide	Phase Field in Fluids	other	partial	T3	src/multiphase/VolumeOfFluid.hpp:4; src/emag/AvFormulation.hpp:50
CFD-UG	Chapter 2: Quick Start Guide	Ternary Phase Field	other	partial	T3	src/emag/AvFormulation.hpp:50
CFD-UG	Chapter 3: Single-Phase Flow Interfaces	Chapter 3: Single-Phase Flow Interfaces	ui	partial	T1	src/gui/Dialogs.cpp:232
CFD-UG	Chapter 3: Single-Phase Flow Interfaces	M o de li ng S i ng l e- Ph ase Fl ow	ui	partial	T1	src/gui/Dialogs.cpp:232
CFD-UG	Chapter 3: Single-Phase Flow Interfaces	In this section:	ui	partial	T1	src/gui/Dialogs.cpp:232
CFD-UG	Chapter 3: Single-Phase Flow Interfaces	Selecting the Right Physics Interface	ui	partial	T1	src/gui/Dialogs.cpp:232; src/combustion/LaminarFiniteRate.cpp:110
CFD-UG	Chapter 3: Single-Phase Flow Interfaces	The Single-Phase Flow Interface Options	ui	partial	T1	src/gui/Dialogs.cpp:232
CFD-UG	Chapter 3: Single-Phase Flow Interfaces	Compressibility	ui	partial	T1	src/gui/Dialogs.cpp:232
CFD-UG	Chapter 3: Single-Phase Flow Interfaces	Turbulent	turbulence	partial	T2	src/gui/Dialogs.cpp:232; src/combustion/GEquation.cpp:51
CFD-UG	Chapter 3: Single-Phase Flow Interfaces	Model Type	ui	partial	T1	src/gui/Dialogs.cpp:232
CFD-UG	Chapter 3: Single-Phase Flow Interfaces	Les Model/	turbulence	partial	T2	src/gui/Dialogs.cpp:232
CFD-UG	Chapter 3: Single-Phase Flow Interfaces	Turbulence	turbulence	partial	T2	src/gui/Dialogs.cpp:232
CFD-UG	Chapter 3: Single-Phase Flow Interfaces	Neglect	ui	partial	T1	src/gui/Dialogs.cpp:232
CFD-UG	Chapter 3: Single-Phase Flow Interfaces	Flow)	ui	partial	T1	src/gui/Dialogs.cpp:232
CFD-UG	Chapter 3: Single-Phase Flow Interfaces	Creeping Flow	ui	partial	T1	src/gui/Dialogs.cpp:232
CFD-UG	Chapter 3: Single-Phase Flow Interfaces	Incompressible	ui	partial	T2	src/gui/Dialogs.cpp:232; src/acoustics/CurleAcoustics.hpp:26
CFD-UG	Chapter 3: Single-Phase Flow Interfaces	None	ui	partial	T1	src/gui/Dialogs.cpp:232; src/combustion/CanteraParser.cpp:143
CFD-UG	Chapter 3: Single-Phase Flow Interfaces	Laminar Flow	ui	partial	T1	src/gui/Dialogs.cpp:232; src/combustion/EddyDissipationConcept.hpp:15
CFD-UG	Chapter 3: Single-Phase Flow Interfaces	Incompressible	ui	partial	T2	src/gui/Dialogs.cpp:232; src/acoustics/CurleAcoustics.hpp:26
CFD-UG	Chapter 3: Single-Phase Flow Interfaces	None	ui	partial	T1	src/gui/Dialogs.cpp:232; src/combustion/CanteraParser.cpp:143
CFD-UG	Chapter 3: Single-Phase Flow Interfaces	Incompressible	ui	partial	T2	src/gui/Dialogs.cpp:232; src/acoustics/CurleAcoustics.hpp:26
CFD-UG	Chapter 3: Single-Phase Flow Interfaces	Ransevm	turbulence	partial	T2	src/gui/Dialogs.cpp:232
CFD-UG	Chapter 3: Single-Phase Flow Interfaces	Algebraic	ui	partial	T1	src/gui/Dialogs.cpp:232; src/combustion/NoxThermalPromptFuel.hpp:12
CFD-UG	Chapter 3: Single-Phase Flow Interfaces	Turbulent Flow, LVEL	turbulence	partial	T2	src/gui/Dialogs.cpp:232; src/combustion/GEquation.cpp:51
CFD-UG	Chapter 3: Single-Phase Flow Interfaces	Incompressible	ui	partial	T2	src/gui/Dialogs.cpp:232; src/acoustics/CurleAcoustics.hpp:26
CFD-UG	Chapter 3: Single-Phase Flow Interfaces	Ransevm	turbulence	partial	T2	src/gui/Dialogs.cpp:232
CFD-UG	Chapter 3: Single-Phase Flow Interfaces	L-Vel	ui	partial	T1	src/gui/Dialogs.cpp:232
CFD-UG	Chapter 3: Single-Phase Flow Interfaces	Turbulent Flow, k-ε	turbulence	partial	T2	src/gui/Dialogs.cpp:232; src/combustion/GEquation.cpp:51
CFD-UG	Chapter 3: Single-Phase Flow Interfaces	Incompressible	ui	partial	T2	src/gui/Dialogs.cpp:232; src/acoustics/CurleAcoustics.hpp:26
CFD-UG	Chapter 3: Single-Phase Flow Interfaces	Ransevm	turbulence	partial	T2	src/gui/Dialogs.cpp:232
CFD-UG	Chapter 3: Single-Phase Flow Interfaces	Incompressible	ui	partial	T2	src/gui/Dialogs.cpp:232; src/acoustics/CurleAcoustics.hpp:26
CFD-UG	Chapter 3: Single-Phase Flow Interfaces	Ransevm	turbulence	partial	T2	src/gui/Dialogs.cpp:232
CFD-UG	Chapter 3: Single-Phase Flow Interfaces	Realizable	ui	partial	T1	src/turbulence/KEpsilonRealizable.hpp:4; src/gui/Dialogs.cpp:232
CFD-UG	Chapter 3: Single-Phase Flow Interfaces	Turbulent Flow, k-ω	turbulence	partial	T2	src/gui/Dialogs.cpp:232; src/combustion/GEquation.cpp:51
CFD-UG	Chapter 3: Single-Phase Flow Interfaces	Incompressible	ui	partial	T2	src/gui/Dialogs.cpp:232; src/acoustics/CurleAcoustics.hpp:26
CFD-UG	Chapter 3: Single-Phase Flow Interfaces	Ransevm	turbulence	partial	T2	src/gui/Dialogs.cpp:232
CFD-UG	Chapter 3: Single-Phase Flow Interfaces	Turbulent Flow, SST	turbulence	partial	T1	src/gui/Dialogs.cpp:232; src/combustion/GEquation.cpp:51
CFD-UG	Chapter 3: Single-Phase Flow Interfaces	Incompressible	ui	partial	T2	src/gui/Dialogs.cpp:232; src/acoustics/CurleAcoustics.hpp:26
CFD-UG	Chapter 3: Single-Phase Flow Interfaces	Ransevm	turbulence	partial	T2	src/gui/Dialogs.cpp:232
CFD-UG	Chapter 3: Single-Phase Flow Interfaces	Incompressible	ui	partial	T2	src/gui/Dialogs.cpp:232; src/acoustics/CurleAcoustics.hpp:26
CFD-UG	Chapter 3: Single-Phase Flow Interfaces	Ransevm	turbulence	partial	T2	src/gui/Dialogs.cpp:232
CFD-UG	Chapter 3: Single-Phase Flow Interfaces	Physics Interface	ui	partial	T1	src/gui/Dialogs.cpp:232; src/combustion/LaminarFiniteRate.cpp:110
CFD-UG	Chapter 3: Single-Phase Flow Interfaces	Label	ui	partial	T1	src/gui/Dialogs.cpp:232
CFD-UG	Chapter 3: Single-Phase Flow Interfaces	Compressibility	ui	partial	T1	src/gui/Dialogs.cpp:232
CFD-UG	Chapter 3: Single-Phase Flow Interfaces	Turbulent	turbulence	partial	T2	src/gui/Dialogs.cpp:232; src/combustion/GEquation.cpp:51
CFD-UG	Chapter 3: Single-Phase Flow Interfaces	Model Type	ui	partial	T1	src/gui/Dialogs.cpp:232
CFD-UG	Chapter 3: Single-Phase Flow Interfaces	Les Model/	turbulence	partial	T2	src/gui/Dialogs.cpp:232
CFD-UG	Chapter 3: Single-Phase Flow Interfaces	Turbulence	turbulence	partial	T2	src/gui/Dialogs.cpp:232
CFD-UG	Chapter 3: Single-Phase Flow Interfaces	Neglect	ui	partial	T1	src/gui/Dialogs.cpp:232
CFD-UG	Chapter 3: Single-Phase Flow Interfaces	Flow)	ui	partial	T1	src/gui/Dialogs.cpp:232
CFD-UG	Chapter 3: Single-Phase Flow Interfaces	Incompressible	ui	partial	T2	src/gui/Dialogs.cpp:232; src/acoustics/CurleAcoustics.hpp:26
CFD-UG	Chapter 3: Single-Phase Flow Interfaces	Ransevm	turbulence	partial	T2	src/gui/Dialogs.cpp:232
CFD-UG	Chapter 3: Single-Phase Flow Interfaces	Turbulent Flow, v2-f	turbulence	partial	T2	src/gui/Dialogs.cpp:232; src/combustion/GEquation.cpp:51
CFD-UG	Chapter 3: Single-Phase Flow Interfaces	Incompressible	ui	partial	T2	src/gui/Dialogs.cpp:232; src/acoustics/CurleAcoustics.hpp:26
CFD-UG	Chapter 3: Single-Phase Flow Interfaces	Ransevm	turbulence	partial	T2	src/gui/Dialogs.cpp:232
CFD-UG	Chapter 3: Single-Phase Flow Interfaces	Incompressible	ui	partial	T2	src/gui/Dialogs.cpp:232; src/acoustics/CurleAcoustics.hpp:26
CFD-UG	Chapter 3: Single-Phase Flow Interfaces	Ransrsm	turbulence	partial	T2	src/gui/Dialogs.cpp:232
CFD-UG	Chapter 3: Single-Phase Flow Interfaces	Incompressible	ui	partial	T2	src/gui/Dialogs.cpp:232; src/acoustics/CurleAcoustics.hpp:26
CFD-UG	Chapter 3: Single-Phase Flow Interfaces	Ransrsm	turbulence	partial	T2	src/gui/Dialogs.cpp:232
CFD-UG	Chapter 3: Single-Phase Flow Interfaces	Ssg-Lrr	ui	partial	T1	src/gui/Dialogs.cpp:232
CFD-UG	Chapter 3: Single-Phase Flow Interfaces	Incompressible	ui	partial	T2	src/gui/Dialogs.cpp:232; src/acoustics/CurleAcoustics.hpp:26
CFD-UG	Chapter 3: Single-Phase Flow Interfaces	Ransrsm	turbulence	partial	T2	src/gui/Dialogs.cpp:232
CFD-UG	Chapter 3: Single-Phase Flow Interfaces	Les Rbvm	turbulence	partial	T2	src/gui/Dialogs.cpp:232
CFD-UG	Chapter 3: Single-Phase Flow Interfaces	Incompressible	ui	partial	T2	src/gui/Dialogs.cpp:232; src/acoustics/CurleAcoustics.hpp:26
CFD-UG	Chapter 3: Single-Phase Flow Interfaces	Les Rbvmwv	turbulence	partial	T2	src/gui/Dialogs.cpp:232
CFD-UG	Chapter 3: Single-Phase Flow Interfaces	Incompressible	ui	partial	T2	src/gui/Dialogs.cpp:232; src/acoustics/CurleAcoustics.hpp:26
CFD-UG	Chapter 3: Single-Phase Flow Interfaces	Rbvmwv	ui	partial	T1	src/gui/Dialogs.cpp:232
CFD-UG	Chapter 3: Single-Phase Flow Interfaces	LES Smagorinsky	turbulence	partial	T2	src/gui/Dialogs.cpp:232; src/turbulence/CMakeLists.txt:2
CFD-UG	Chapter 3: Single-Phase Flow Interfaces	Incompressible	ui	partial	T2	src/gui/Dialogs.cpp:232; src/acoustics/CurleAcoustics.hpp:26
CFD-UG	Chapter 3: Single-Phase Flow Interfaces	Incompressible	ui	partial	T2	src/gui/Dialogs.cpp:232; src/acoustics/CurleAcoustics.hpp:26
CFD-UG	Chapter 3: Single-Phase Flow Interfaces	Rbvm/	ui	partial	T1	src/gui/Dialogs.cpp:232
CFD-UG	Chapter 3: Single-Phase Flow Interfaces	Des Rbvmwv,	turbulence	partial	T2	src/gui/Dialogs.cpp:232
CFD-UG	Chapter 3: Single-Phase Flow Interfaces	Incompressible	ui	partial	T2	src/gui/Dialogs.cpp:232; src/acoustics/CurleAcoustics.hpp:26
CFD-UG	Chapter 3: Single-Phase Flow Interfaces	Rbvmwv/	ui	partial	T1	src/gui/Dialogs.cpp:232
CFD-UG	Chapter 3: Single-Phase Flow Interfaces	Incompressible	ui	partial	T2	src/gui/Dialogs.cpp:232; src/acoustics/CurleAcoustics.hpp:26
CFD-UG	Chapter 3: Single-Phase Flow Interfaces	Incompressible	ui	partial	T2	src/gui/Dialogs.cpp:232; src/acoustics/CurleAcoustics.hpp:26
CFD-UG	Chapter 3: Single-Phase Flow Interfaces	Incompressible	ui	partial	T2	src/gui/Dialogs.cpp:232; src/acoustics/CurleAcoustics.hpp:26
CFD-UG	Chapter 3: Single-Phase Flow Interfaces	Ransevm	turbulence	partial	T2	src/gui/Dialogs.cpp:232
CFD-UG	Chapter 3: Single-Phase Flow Interfaces	Algebraic	ui	partial	T1	src/gui/Dialogs.cpp:232; src/combustion/NoxThermalPromptFuel.hpp:12
CFD-UG	Chapter 3: Single-Phase Flow Interfaces	Incompressible	ui	partial	T2	src/gui/Dialogs.cpp:232; src/acoustics/CurleAcoustics.hpp:26
CFD-UG	Chapter 3: Single-Phase Flow Interfaces	Ransevm	turbulence	partial	T2	src/gui/Dialogs.cpp:232
CFD-UG	Chapter 3: Single-Phase Flow Interfaces	L-Vel	ui	partial	T1	src/gui/Dialogs.cpp:232
CFD-UG	Chapter 3: Single-Phase Flow Interfaces	Incompressible	ui	partial	T2	src/gui/Dialogs.cpp:232; src/acoustics/CurleAcoustics.hpp:26
CFD-UG	Chapter 3: Single-Phase Flow Interfaces	Ransevm	turbulence	partial	T2	src/gui/Dialogs.cpp:232
CFD-UG	Chapter 3: Single-Phase Flow Interfaces	TABLE 3-1: THE SINGLE-PHASE FLOW DEFAULT SETTINGS.	ui	partial	T1	src/gui/Dialogs.cpp:232
CFD-UG	Chapter 3: Single-Phase Flow Interfaces	Physics Interface	ui	partial	T1	src/gui/Dialogs.cpp:232; src/combustion/LaminarFiniteRate.cpp:110
CFD-UG	Chapter 3: Single-Phase Flow Interfaces	Label	ui	partial	T1	src/gui/Dialogs.cpp:232
CFD-UG	Chapter 3: Single-Phase Flow Interfaces	Compressibility	ui	partial	T1	src/gui/Dialogs.cpp:232
CFD-UG	Chapter 3: Single-Phase Flow Interfaces	Turbulent	turbulence	partial	T2	src/gui/Dialogs.cpp:232; src/combustion/GEquation.cpp:51
CFD-UG	Chapter 3: Single-Phase Flow Interfaces	Model Type	ui	partial	T1	src/gui/Dialogs.cpp:232
CFD-UG	Chapter 3: Single-Phase Flow Interfaces	Les Model/	turbulence	partial	T2	src/gui/Dialogs.cpp:232
CFD-UG	Chapter 3: Single-Phase Flow Interfaces	Turbulence	turbulence	partial	T2	src/gui/Dialogs.cpp:232
CFD-UG	Chapter 3: Single-Phase Flow Interfaces	Neglect	ui	partial	T1	src/gui/Dialogs.cpp:232
CFD-UG	Chapter 3: Single-Phase Flow Interfaces	Flow)	ui	partial	T1	src/gui/Dialogs.cpp:232
CFD-UG	Chapter 3: Single-Phase Flow Interfaces	Viscoelastic Flow	ui	partial	T1	src/gui/Dialogs.cpp:232
CFD-UG	Chapter 3: Single-Phase Flow Interfaces	Incompressible	ui	partial	T2	src/gui/Dialogs.cpp:232; src/acoustics/CurleAcoustics.hpp:26
CFD-UG	Chapter 3: Single-Phase Flow Interfaces	Incompressible	ui	partial	T2	src/gui/Dialogs.cpp:232; src/acoustics/CurleAcoustics.hpp:26
CFD-UG	Chapter 3: Single-Phase Flow Interfaces	Compressible	ui	partial	T2	src/gui/Dialogs.cpp:232; src/io/ForcesReport.hpp:16
CFD-UG	Chapter 3: Single-Phase Flow Interfaces	Creeping Flow	ui	partial	T1	src/gui/Dialogs.cpp:232
CFD-UG	Chapter 3: Single-Phase Flow Interfaces	Laminar Flow	ui	partial	T1	src/gui/Dialogs.cpp:232; src/combustion/EddyDissipationConcept.hpp:15
CFD-UG	Chapter 3: Single-Phase Flow Interfaces	Turbulent Flow	turbulence	partial	T2	src/gui/Dialogs.cpp:232; src/combustion/GEquation.cpp:51
CFD-UG	Chapter 3: Single-Phase Flow Interfaces	The Viscoelastic Flow Interface	ui	partial	T1	src/gui/Dialogs.cpp:232
CFD-UG	Chapter 3: Single-Phase Flow Interfaces	Potential Flow	ui	partial	T1	src/gui/Dialogs.cpp:232; src/emag/AvFormulation.hpp:6
CFD-UG	Chapter 3: Single-Phase Flow Interfaces	Coupling to Other Physics Interfaces	ui	partial	T1	src/gui/Dialogs.cpp:232; src/combustion/LaminarFiniteRate.cpp:110
CFD-UG	Chapter 3: Single-Phase Flow Interfaces	Physical Model	ui	partial	T1	src/gui/Dialogs.cpp:232; src/io/GmshReader.cpp:140
CFD-UG	Chapter 3: Single-Phase Flow Interfaces	Discretization	solver	partial	T1	src/solver/Solver.hpp:26; src/gui/Dialogs.cpp:232
CFD-UG	Chapter 3: Single-Phase Flow Interfaces	The Label is the default physics interface name.	ui	partial	T1	src/gui/Dialogs.cpp:232; src/combustion/LaminarFiniteRate.cpp:110
CFD-UG	Chapter 3: Single-Phase Flow Interfaces	About the Physics Interface Label Names	ui	partial	T1	src/gui/Dialogs.cpp:232; src/combustion/LaminarFiniteRate.cpp:110
CFD-UG	Chapter 3: Single-Phase Flow Interfaces	Physical Model	ui	partial	T1	src/gui/Dialogs.cpp:232; src/io/GmshReader.cpp:140
CFD-UG	Chapter 3: Single-Phase Flow Interfaces	Compressibility	ui	partial	T1	src/gui/Dialogs.cpp:232
CFD-UG	Chapter 3: Single-Phase Flow Interfaces	Swirl Flow	ui	partial	T1	src/particles/ConeInjector.cpp:36; src/gui/Dialogs.cpp:232
CFD-UG	Chapter 3: Single-Phase Flow Interfaces	Include Gravity	ui	partial	T1	src/gui/Dialogs.cpp:232; src/dynamics/SixDof.cpp:72
CFD-UG	Chapter 3: Single-Phase Flow Interfaces	Rotating Frame	dynamic	partial	T2	src/gui/Dialogs.cpp:232; src/core/RotatingFileSink.hpp:6
CFD-UG	Chapter 3: Single-Phase Flow Interfaces	Include Buoyancy-Induced Turbulence	turbulence	partial	T2	src/gui/Dialogs.cpp:232; src/emag/Mhd.hpp:14
CFD-UG	Chapter 3: Single-Phase Flow Interfaces	Reference Values	ui	partial	T1	src/gui/Dialogs.cpp:232
CFD-UG	Chapter 3: Single-Phase Flow Interfaces	Turbulence	turbulence	partial	T2	src/gui/Dialogs.cpp:232
CFD-UG	Chapter 3: Single-Phase Flow Interfaces	Turbulence Model Type	turbulence	partial	T2	src/gui/Dialogs.cpp:232
CFD-UG	Chapter 3: Single-Phase Flow Interfaces	Consistent Stabilization	ui	partial	T1	src/gui/Dialogs.cpp:232; src/core/Command.hpp:92
CFD-UG	Chapter 3: Single-Phase Flow Interfaces	Inconsistent Stabilization	ui	partial	T1	src/gui/Dialogs.cpp:232
CFD-UG	Chapter 3: Single-Phase Flow Interfaces	Advanced Settings	ui	partial	T1	src/gui/Dialogs.cpp:232; src/combustion/TransportedPdf.hpp:8
CFD-UG	Chapter 3: Single-Phase Flow Interfaces	Discretization	solver	partial	T1	src/solver/Solver.hpp:26; src/gui/Dialogs.cpp:232
CFD-UG	Chapter 3: Single-Phase Flow Interfaces	Physical Model	ui	partial	T1	src/gui/Dialogs.cpp:232; src/io/GmshReader.cpp:140
CFD-UG	Chapter 3: Single-Phase Flow Interfaces	Turbulence	turbulence	partial	T2	src/gui/Dialogs.cpp:232
CFD-UG	Chapter 3: Single-Phase Flow Interfaces	Wall Treatment	bc	partial	T1	src/multiphase/VolumeOfFluid.hpp:10; src/gui/Dialogs.cpp:232
CFD-UG	Chapter 3: Single-Phase Flow Interfaces	Edit Turbulence Model Parameters	turbulence	partial	T2	src/gui/Dialogs.cpp:232; src/cad/PersistentIdManager.hpp:11
CFD-UG	Chapter 3: Single-Phase Flow Interfaces	Physical Model	ui	partial	T1	src/gui/Dialogs.cpp:232; src/io/GmshReader.cpp:140
CFD-UG	Chapter 3: Single-Phase Flow Interfaces	Turbulence	turbulence	partial	T2	src/gui/Dialogs.cpp:232
CFD-UG	Chapter 3: Single-Phase Flow Interfaces	Wall Treatment	bc	partial	T1	src/multiphase/VolumeOfFluid.hpp:10; src/gui/Dialogs.cpp:232
CFD-UG	Chapter 3: Single-Phase Flow Interfaces	Edit Turbulence Model Parameters	turbulence	partial	T2	src/gui/Dialogs.cpp:232; src/cad/PersistentIdManager.hpp:11
CFD-UG	Chapter 3: Single-Phase Flow Interfaces	Turbulence	turbulence	partial	T2	src/gui/Dialogs.cpp:232
CFD-UG	Chapter 3: Single-Phase Flow Interfaces	Edit Turbulence Model Parameters	turbulence	partial	T2	src/gui/Dialogs.cpp:232; src/cad/PersistentIdManager.hpp:11
CFD-UG	Chapter 3: Single-Phase Flow Interfaces	Advanced Settings	ui	partial	T1	src/gui/Dialogs.cpp:232; src/combustion/TransportedPdf.hpp:8
CFD-UG	Chapter 3: Single-Phase Flow Interfaces	Turbulence	turbulence	partial	T2	src/gui/Dialogs.cpp:232
CFD-UG	Chapter 3: Single-Phase Flow Interfaces	Edit Turbulence Model Parameters	turbulence	partial	T2	src/gui/Dialogs.cpp:232; src/cad/PersistentIdManager.hpp:11
CFD-UG	Chapter 3: Single-Phase Flow Interfaces	Turbulence	turbulence	partial	T2	src/gui/Dialogs.cpp:232
CFD-UG	Chapter 3: Single-Phase Flow Interfaces	Wall Treatment	bc	partial	T1	src/multiphase/VolumeOfFluid.hpp:10; src/gui/Dialogs.cpp:232
CFD-UG	Chapter 3: Single-Phase Flow Interfaces	Edit Turbulence Model Parameters	turbulence	partial	T2	src/gui/Dialogs.cpp:232; src/cad/PersistentIdManager.hpp:11
CFD-UG	Chapter 3: Single-Phase Flow Interfaces	The Turbulent Flow, SST Interface	turbulence	partial	T1	src/gui/Dialogs.cpp:232; src/combustion/GEquation.cpp:51
CFD-UG	Chapter 3: Single-Phase Flow Interfaces	Turbulence	turbulence	partial	T2	src/gui/Dialogs.cpp:232
CFD-UG	Chapter 3: Single-Phase Flow Interfaces	Wall Treatment	bc	partial	T1	src/multiphase/VolumeOfFluid.hpp:10; src/gui/Dialogs.cpp:232
CFD-UG	Chapter 3: Single-Phase Flow Interfaces	Include Transition Modeling	turbulence	partial	T2	src/gui/Dialogs.cpp:232; src/turbulence/GammaReThetaTransition.hpp:5
CFD-UG	Chapter 3: Single-Phase Flow Interfaces	Include Scale-Adaptive Simulations	ui	partial	T2	src/gui/Dialogs.cpp:232; src/amr/AdaptiveRefinement.hpp:4
CFD-UG	Chapter 3: Single-Phase Flow Interfaces	Edit Turbulence Model Parameters	turbulence	partial	T2	src/gui/Dialogs.cpp:232; src/cad/PersistentIdManager.hpp:11
CFD-UG	Chapter 3: Single-Phase Flow Interfaces	C Pg1	ui	partial	T1	src/gui/Dialogs.cpp:232
CFD-UG	Chapter 3: Single-Phase Flow Interfaces	Turbulence	turbulence	partial	T2	src/gui/Dialogs.cpp:232
CFD-UG	Chapter 3: Single-Phase Flow Interfaces	Wall Treatment	bc	partial	T1	src/multiphase/VolumeOfFluid.hpp:10; src/gui/Dialogs.cpp:232
CFD-UG	Chapter 3: Single-Phase Flow Interfaces	Edit Turbulence Model Parameters	turbulence	partial	T2	src/gui/Dialogs.cpp:232; src/cad/PersistentIdManager.hpp:11
CFD-UG	Chapter 3: Single-Phase Flow Interfaces	Turbulence	turbulence	partial	T2	src/gui/Dialogs.cpp:232
CFD-UG	Chapter 3: Single-Phase Flow Interfaces	Wall Treatment	bc	partial	T1	src/multiphase/VolumeOfFluid.hpp:10; src/gui/Dialogs.cpp:232
CFD-UG	Chapter 3: Single-Phase Flow Interfaces	Edit Turbulence Model Parameters	turbulence	partial	T2	src/gui/Dialogs.cpp:232; src/cad/PersistentIdManager.hpp:11
CFD-UG	Chapter 3: Single-Phase Flow Interfaces	Advanced Settings	ui	partial	T1	src/gui/Dialogs.cpp:232; src/combustion/TransportedPdf.hpp:8
CFD-UG	Chapter 3: Single-Phase Flow Interfaces	The Turbulent Flow, v2-f Interface	turbulence	partial	T2	src/gui/Dialogs.cpp:232; src/combustion/GEquation.cpp:51
CFD-UG	Chapter 3: Single-Phase Flow Interfaces	Turbulence	turbulence	partial	T2	src/gui/Dialogs.cpp:232
CFD-UG	Chapter 3: Single-Phase Flow Interfaces	Wall Treatment	bc	partial	T1	src/multiphase/VolumeOfFluid.hpp:10; src/gui/Dialogs.cpp:232
CFD-UG	Chapter 3: Single-Phase Flow Interfaces	Edit Turbulence Model Parameters	turbulence	partial	T2	src/gui/Dialogs.cpp:232; src/cad/PersistentIdManager.hpp:11
CFD-UG	Chapter 3: Single-Phase Flow Interfaces	Turbulence	turbulence	partial	T2	src/gui/Dialogs.cpp:232
CFD-UG	Chapter 3: Single-Phase Flow Interfaces	Wall Treatment	bc	partial	T1	src/multiphase/VolumeOfFluid.hpp:10; src/gui/Dialogs.cpp:232
CFD-UG	Chapter 3: Single-Phase Flow Interfaces	Edit Turbulence Model Parameters	turbulence	partial	T2	src/gui/Dialogs.cpp:232; src/cad/PersistentIdManager.hpp:11
CFD-UG	Chapter 3: Single-Phase Flow Interfaces	Turbulence	turbulence	partial	T2	src/gui/Dialogs.cpp:232
CFD-UG	Chapter 3: Single-Phase Flow Interfaces	Wall Treatment	bc	partial	T1	src/multiphase/VolumeOfFluid.hpp:10; src/gui/Dialogs.cpp:232
CFD-UG	Chapter 3: Single-Phase Flow Interfaces	Edit Turbulence Model Parameters	turbulence	partial	T2	src/gui/Dialogs.cpp:232; src/cad/PersistentIdManager.hpp:11
CFD-UG	Chapter 3: Single-Phase Flow Interfaces	Turbulence	turbulence	partial	T2	src/gui/Dialogs.cpp:232
CFD-UG	Chapter 3: Single-Phase Flow Interfaces	Wall Treatment	bc	partial	T1	src/multiphase/VolumeOfFluid.hpp:10; src/gui/Dialogs.cpp:232
CFD-UG	Chapter 3: Single-Phase Flow Interfaces	Edit Turbulence Model Parameters	turbulence	partial	T2	src/gui/Dialogs.cpp:232; src/cad/PersistentIdManager.hpp:11
CFD-UG	Chapter 3: Single-Phase Flow Interfaces	Turbulence	turbulence	partial	T2	src/gui/Dialogs.cpp:232
CFD-UG	Chapter 3: Single-Phase Flow Interfaces	Wall Treatment	bc	partial	T1	src/multiphase/VolumeOfFluid.hpp:10; src/gui/Dialogs.cpp:232
CFD-UG	Chapter 3: Single-Phase Flow Interfaces	Edit LES Model Parameters	turbulence	partial	T2	src/gui/Dialogs.cpp:232; src/cad/PersistentIdManager.hpp:11
CFD-UG	Chapter 3: Single-Phase Flow Interfaces	Consistent Stabilization	ui	partial	T1	src/gui/Dialogs.cpp:232; src/core/Command.hpp:92
CFD-UG	Chapter 3: Single-Phase Flow Interfaces	Turbulence	turbulence	partial	T2	src/gui/Dialogs.cpp:232
CFD-UG	Chapter 3: Single-Phase Flow Interfaces	Wall Treatment	bc	partial	T1	src/multiphase/VolumeOfFluid.hpp:10; src/gui/Dialogs.cpp:232
CFD-UG	Chapter 3: Single-Phase Flow Interfaces	Edit LES Model Parameters	turbulence	partial	T2	src/gui/Dialogs.cpp:232; src/cad/PersistentIdManager.hpp:11
CFD-UG	Chapter 3: Single-Phase Flow Interfaces	Consistent Stabilization	ui	partial	T1	src/gui/Dialogs.cpp:232; src/core/Command.hpp:92
CFD-UG	Chapter 3: Single-Phase Flow Interfaces	Turbulence	turbulence	partial	T2	src/gui/Dialogs.cpp:232
CFD-UG	Chapter 3: Single-Phase Flow Interfaces	Wall Treatment	bc	partial	T1	src/multiphase/VolumeOfFluid.hpp:10; src/gui/Dialogs.cpp:232
CFD-UG	Chapter 3: Single-Phase Flow Interfaces	Edit LES Model Parameters	turbulence	partial	T2	src/gui/Dialogs.cpp:232; src/cad/PersistentIdManager.hpp:11
CFD-UG	Chapter 3: Single-Phase Flow Interfaces	Consistent Stabilization	ui	partial	T1	src/gui/Dialogs.cpp:232; src/core/Command.hpp:92
CFD-UG	Chapter 3: Single-Phase Flow Interfaces	Turbulence	turbulence	partial	T2	src/gui/Dialogs.cpp:232
CFD-UG	Chapter 3: Single-Phase Flow Interfaces	Wall Treatment	bc	partial	T1	src/multiphase/VolumeOfFluid.hpp:10; src/gui/Dialogs.cpp:232
CFD-UG	Chapter 3: Single-Phase Flow Interfaces	Edit Turbulence Model Parameters	turbulence	partial	T2	src/gui/Dialogs.cpp:232; src/cad/PersistentIdManager.hpp:11
CFD-UG	Chapter 3: Single-Phase Flow Interfaces	Consistent Stabilization	ui	partial	T1	src/gui/Dialogs.cpp:232; src/core/Command.hpp:92
CFD-UG	Chapter 3: Single-Phase Flow Interfaces	Turbulence	turbulence	partial	T2	src/gui/Dialogs.cpp:232
CFD-UG	Chapter 3: Single-Phase Flow Interfaces	Wall Treatment	bc	partial	T1	src/multiphase/VolumeOfFluid.hpp:10; src/gui/Dialogs.cpp:232
CFD-UG	Chapter 3: Single-Phase Flow Interfaces	Edit Turbulence Model Parameters	turbulence	partial	T2	src/gui/Dialogs.cpp:232; src/cad/PersistentIdManager.hpp:11
CFD-UG	Chapter 3: Single-Phase Flow Interfaces	Consistent Stabilization	ui	partial	T1	src/gui/Dialogs.cpp:232; src/core/Command.hpp:92
CFD-UG	Chapter 3: Single-Phase Flow Interfaces	Turbulence	turbulence	partial	T2	src/gui/Dialogs.cpp:232
CFD-UG	Chapter 3: Single-Phase Flow Interfaces	Wall Treatment	bc	partial	T1	src/multiphase/VolumeOfFluid.hpp:10; src/gui/Dialogs.cpp:232
CFD-UG	Chapter 3: Single-Phase Flow Interfaces	Edit Turbulence Model Parameters	turbulence	partial	T2	src/gui/Dialogs.cpp:232; src/cad/PersistentIdManager.hpp:11
CFD-UG	Chapter 3: Single-Phase Flow Interfaces	Consistent Stabilization	ui	partial	T1	src/gui/Dialogs.cpp:232; src/core/Command.hpp:92
CFD-UG	Chapter 3: Single-Phase Flow Interfaces	Domain, Boundary, Pair, and Point Nodes for Single-Phase Flow	turbulence	partial	T2	src/gui/Dialogs.cpp:232
CFD-UG	Chapter 3: Single-Phase Flow Interfaces	Fluid Properties	materials	partial	T1	src/gui/Dialogs.cpp:232; src/cad/CMakeLists.txt:42
CFD-UG	Chapter 3: Single-Phase Flow Interfaces	Model Inputs	ui	partial	T1	src/gui/Dialogs.cpp:232
CFD-UG	Chapter 3: Single-Phase Flow Interfaces	Temperature	ui	partial	T1	src/gui/Dialogs.cpp:232
CFD-UG	Chapter 3: Single-Phase Flow Interfaces	Absolute Pressure	ui	partial	T1	src/solver/DualTimeStepping.hpp:33; src/gui/Dialogs.cpp:232
CFD-UG	Chapter 3: Single-Phase Flow Interfaces	Fluid Properties	materials	partial	T1	src/gui/Dialogs.cpp:232; src/cad/CMakeLists.txt:42
CFD-UG	Chapter 3: Single-Phase Flow Interfaces	Density	ui	partial	T1	src/gui/Dialogs.cpp:232
CFD-UG	Chapter 3: Single-Phase Flow Interfaces	Inelastic Non-Newtonian	ui	partial	T1	src/materials/FluidsCatalog.hpp:4; src/gui/Dialogs.cpp:232
CFD-UG	Chapter 3: Single-Phase Flow Interfaces	Pa·s	ui	partial	T1	src/gui/Dialogs.cpp:232
CFD-UG	Chapter 3: Single-Phase Flow Interfaces	Pa·s	ui	partial	T1	src/gui/Dialogs.cpp:232
CFD-UG	Chapter 3: Single-Phase Flow Interfaces	Pa·s	ui	partial	T1	src/gui/Dialogs.cpp:232
CFD-UG	Chapter 3: Single-Phase Flow Interfaces	Pa·s	ui	partial	T1	src/gui/Dialogs.cpp:232
CFD-UG	Chapter 3: Single-Phase Flow Interfaces	N/m2	ui	partial	T1	src/gui/Dialogs.cpp:232
CFD-UG	Chapter 3: Single-Phase Flow Interfaces	Distance Equation	ui	partial	T1	src/gui/Dialogs.cpp:232
CFD-UG	Chapter 3: Single-Phase Flow Interfaces	For the Turbulent Flow, Low Re k-ε; Turbulent Flow, k-ω with Low Re Wall	turbulence	partial	T1	src/gui/Dialogs.cpp:232; src/combustion/GEquation.cpp:51
CFD-UG	Chapter 3: Single-Phase Flow Interfaces	Volume Force	ui	partial	T1	src/gui/Dialogs.cpp:232; src/core/RotatingFileSink.hpp:36
CFD-UG	Chapter 3: Single-Phase Flow Interfaces	Initial Values	ui	partial	T1	src/gui/Dialogs.cpp:232; src/core/ThreadPool.cpp:57
CFD-UG	Chapter 3: Single-Phase Flow Interfaces	Initial Values	ui	partial	T1	src/gui/Dialogs.cpp:232; src/core/ThreadPool.cpp:57
CFD-UG	Chapter 3: Single-Phase Flow Interfaces	Wall	ui	partial	T1	src/gui/Dialogs.cpp:232
CFD-UG	Chapter 3: Single-Phase Flow Interfaces	Boundary Condition	bc	partial	T1	src/gui/Dialogs.cpp:232; src/core/BoundaryConditionRegistry.hpp:13
CFD-UG	Chapter 3: Single-Phase Flow Interfaces	Select a Boundary condition for the wall.	bc	partial	T1	src/gui/Dialogs.cpp:232; src/core/BoundaryConditionRegistry.hpp:13
CFD-UG	Chapter 3: Single-Phase Flow Interfaces	No Slip	ui	partial	T1	src/gui/Dialogs.cpp:232; src/gui/Dialogs.cpp:323
CFD-UG	Chapter 3: Single-Phase Flow Interfaces	Slip	ui	partial	T1	src/gui/Dialogs.cpp:232; src/gui/Dialogs.cpp:323
CFD-UG	Chapter 3: Single-Phase Flow Interfaces	Slip Velocity	ui	partial	T1	src/gui/Dialogs.cpp:232; src/gui/Dialogs.cpp:323
CFD-UG	Chapter 3: Single-Phase Flow Interfaces	Leaking Wall	ui	partial	T1	src/gui/Dialogs.cpp:232
CFD-UG	Chapter 3: Single-Phase Flow Interfaces	Wall Movement	ui	partial	T1	src/gui/Dialogs.cpp:232
CFD-UG	Chapter 3: Single-Phase Flow Interfaces	Constraint Settings	ui	partial	T1	src/meshing/AmrAdaptor.hpp:8; src/gui/Dialogs.cpp:232
CFD-UG	Chapter 3: Single-Phase Flow Interfaces	Inlet	bc	partial	T1	src/gui/Dialogs.cpp:232; src/core/BoundaryConditionRegistry.hpp:10
CFD-UG	Chapter 3: Single-Phase Flow Interfaces	Boundary Condition	bc	partial	T1	src/gui/Dialogs.cpp:232; src/core/BoundaryConditionRegistry.hpp:13
CFD-UG	Chapter 3: Single-Phase Flow Interfaces	Velocity	ui	partial	T1	src/gui/Dialogs.cpp:232
CFD-UG	Chapter 3: Single-Phase Flow Interfaces	Pressure Conditions	ui	partial	T1	src/gui/Dialogs.cpp:232; src/core/BoundaryConditionRegistry.hpp:9
CFD-UG	Chapter 3: Single-Phase Flow Interfaces	Mass Flow	ui	partial	T1	src/gui/Dialogs.cpp:232
CFD-UG	Chapter 3: Single-Phase Flow Interfaces	Mass Flow Rate	ui	partial	T1	src/gui/Dialogs.cpp:232; src/combustion/CanteraParser.cpp:230
CFD-UG	Chapter 3: Single-Phase Flow Interfaces	Pointwise Mass Flux	ui	partial	T1	src/io/CgnsReader.hpp:9; src/gui/Dialogs.cpp:232
CFD-UG	Chapter 3: Single-Phase Flow Interfaces	Fully Developed Flow	ui	partial	T1	src/gui/Dialogs.cpp:232; src/combustion/LaminarFiniteRate.hpp:22
CFD-UG	Chapter 3: Single-Phase Flow Interfaces	Turbulence Conditions	turbulence	partial	T2	src/gui/Dialogs.cpp:232; src/core/BoundaryConditionRegistry.hpp:9
CFD-UG	Chapter 3: Single-Phase Flow Interfaces	Boundary	ui	partial	T1	src/gui/Dialogs.cpp:232
CFD-UG	Chapter 3: Single-Phase Flow Interfaces	Boundary	ui	partial	T1	src/gui/Dialogs.cpp:232
CFD-UG	Chapter 3: Single-Phase Flow Interfaces	Stress	ui	partial	T1	src/gui/Dialogs.cpp:232; src/acoustics/CurleAcoustics.hpp:24
CFD-UG	Chapter 3: Single-Phase Flow Interfaces	Undamped turbulent	turbulence	partial	T2	src/gui/Dialogs.cpp:232; src/combustion/GEquation.cpp:51
CFD-UG	Chapter 3: Single-Phase Flow Interfaces	C μ  3 ( I T U ref )  2	ui	partial	T1	src/gui/Dialogs.cpp:232
CFD-UG	Chapter 3: Single-Phase Flow Interfaces	Viscoelastic Stress	ui	partial	T1	src/gui/Dialogs.cpp:232; src/acoustics/CurleAcoustics.hpp:24
CFD-UG	Chapter 3: Single-Phase Flow Interfaces	Constraint Settings	ui	partial	T1	src/meshing/AmrAdaptor.hpp:8; src/gui/Dialogs.cpp:232
CFD-UG	Chapter 3: Single-Phase Flow Interfaces	Physics Options.	ui	partial	T1	src/gui/Dialogs.cpp:232; src/combustion/LaminarFiniteRate.cpp:110
CFD-UG	Chapter 3: Single-Phase Flow Interfaces	Outlet	bc	partial	T1	src/gui/Dialogs.cpp:232; src/core/BoundaryConditionRegistry.hpp:10
CFD-UG	Chapter 3: Single-Phase Flow Interfaces	Boundary Condition	bc	partial	T1	src/gui/Dialogs.cpp:232; src/core/BoundaryConditionRegistry.hpp:13
CFD-UG	Chapter 3: Single-Phase Flow Interfaces	Pressure Conditions	ui	partial	T1	src/gui/Dialogs.cpp:232; src/core/BoundaryConditionRegistry.hpp:9
CFD-UG	Chapter 3: Single-Phase Flow Interfaces	Velocity	ui	partial	T1	src/gui/Dialogs.cpp:232
CFD-UG	Chapter 3: Single-Phase Flow Interfaces	Fully Developed Flow	ui	partial	T1	src/gui/Dialogs.cpp:232; src/combustion/LaminarFiniteRate.hpp:22
CFD-UG	Chapter 3: Single-Phase Flow Interfaces	Mass Flow	ui	partial	T1	src/gui/Dialogs.cpp:232
CFD-UG	Chapter 3: Single-Phase Flow Interfaces	Constraint Settings	ui	partial	T1	src/meshing/AmrAdaptor.hpp:8; src/gui/Dialogs.cpp:232
CFD-UG	Chapter 3: Single-Phase Flow Interfaces	Symmetry	bc	partial	T1	src/gui/Dialogs.cpp:232; src/core/BoundaryConditionRegistry.hpp:10
CFD-UG	Chapter 3: Single-Phase Flow Interfaces	Boundary Selection	ui	partial	T1	src/gui/Dialogs.cpp:232
CFD-UG	Chapter 3: Single-Phase Flow Interfaces	Constraint Settings	ui	partial	T1	src/meshing/AmrAdaptor.hpp:8; src/gui/Dialogs.cpp:232
CFD-UG	Chapter 3: Single-Phase Flow Interfaces	Open Boundary	ui	partial	T1	src/gui/Dialogs.cpp:232
CFD-UG	Chapter 3: Single-Phase Flow Interfaces	Boundary Conditions	bc	partial	T1	src/gui/Dialogs.cpp:232; src/core/BoundaryConditionRegistry.hpp:9
CFD-UG	Chapter 3: Single-Phase Flow Interfaces	Turbulence Conditions	turbulence	partial	T2	src/gui/Dialogs.cpp:232; src/core/BoundaryConditionRegistry.hpp:9
CFD-UG	Chapter 3: Single-Phase Flow Interfaces	Viscoelastic Stress	ui	partial	T1	src/gui/Dialogs.cpp:232; src/acoustics/CurleAcoustics.hpp:24
CFD-UG	Chapter 3: Single-Phase Flow Interfaces	Boundary Stress	ui	partial	T1	src/gui/Dialogs.cpp:232; src/acoustics/CurleAcoustics.hpp:24
CFD-UG	Chapter 3: Single-Phase Flow Interfaces	Boundary Condition	bc	partial	T1	src/gui/Dialogs.cpp:232; src/core/BoundaryConditionRegistry.hpp:13
CFD-UG	Chapter 3: Single-Phase Flow Interfaces	General Stress	ui	partial	T1	src/gui/Dialogs.cpp:232; src/acoustics/CurleAcoustics.hpp:24
CFD-UG	Chapter 3: Single-Phase Flow Interfaces	Normal Stress, Normal Flow	ui	partial	T1	src/gui/Dialogs.cpp:232; src/acoustics/CurleAcoustics.hpp:24
CFD-UG	Chapter 3: Single-Phase Flow Interfaces	If ∂un/∂n is small, Equation 3-9 states that p ≈ f0.	ui	partial	T1	src/scripting/Repl.hpp:7; src/gui/Dialogs.cpp:232
CFD-UG	Chapter 3: Single-Phase Flow Interfaces	Turbulent Boundary Type	turbulence	partial	T2	src/gui/Dialogs.cpp:232; src/combustion/GEquation.cpp:51
CFD-UG	Chapter 3: Single-Phase Flow Interfaces	Turbulence Conditions	turbulence	partial	T2	src/gui/Dialogs.cpp:232; src/core/BoundaryConditionRegistry.hpp:9
CFD-UG	Chapter 3: Single-Phase Flow Interfaces	Viscoelastic Stress	ui	partial	T1	src/gui/Dialogs.cpp:232; src/acoustics/CurleAcoustics.hpp:24
CFD-UG	Chapter 3: Single-Phase Flow Interfaces	Constraint Settings	ui	partial	T1	src/meshing/AmrAdaptor.hpp:8; src/gui/Dialogs.cpp:232
CFD-UG	Chapter 3: Single-Phase Flow Interfaces	Physics Options.	ui	partial	T1	src/gui/Dialogs.cpp:232; src/combustion/LaminarFiniteRate.cpp:110
CFD-UG	Chapter 3: Single-Phase Flow Interfaces	Screen	ui	partial	T1	src/gui/Dialogs.cpp:232; src/visualization/Annotation.hpp:6
CFD-UG	Chapter 3: Single-Phase Flow Interfaces	Screen Type	ui	partial	T1	src/gui/Dialogs.cpp:232; src/visualization/Annotation.hpp:6
CFD-UG	Chapter 3: Single-Phase Flow Interfaces	Parameters	scripting	partial	T1	src/gui/Dialogs.cpp:232
CFD-UG	Chapter 3: Single-Phase Flow Interfaces	Vacuum Pump	ui	partial	T1	src/io/GmshReader.cpp:282; src/gui/Dialogs.cpp:232
CFD-UG	Chapter 3: Single-Phase Flow Interfaces	Parameters	scripting	partial	T1	src/gui/Dialogs.cpp:232
CFD-UG	Chapter 3: Single-Phase Flow Interfaces	Units	ui	partial	T1	src/gui/Dialogs.cpp:232; src/cad/ShapeHandleInternal.hpp:7
CFD-UG	Chapter 3: Single-Phase Flow Interfaces	Boundary Selection	ui	partial	T1	src/gui/Dialogs.cpp:232
CFD-UG	Chapter 3: Single-Phase Flow Interfaces	Destination Selection	ui	partial	T1	src/core/CrashHandler.hpp:9; src/gui/Dialogs.cpp:232
CFD-UG	Chapter 3: Single-Phase Flow Interfaces	Flow Condition	ui	partial	T1	src/gui/Dialogs.cpp:232; src/core/BoundaryConditionRegistry.hpp:13
CFD-UG	Chapter 3: Single-Phase Flow Interfaces	Orientation Of Source	ui	partial	T1	src/gui/Dialogs.cpp:232; src/cad/FeatureEdges.cpp:64
CFD-UG	Chapter 3: Single-Phase Flow Interfaces	Fan	ui	partial	T1	src/gui/Dialogs.cpp:232
CFD-UG	Chapter 3: Single-Phase Flow Interfaces	Flow Direction	ui	partial	T1	src/gui/Dialogs.cpp:232
CFD-UG	Chapter 3: Single-Phase Flow Interfaces	Parameters	scripting	partial	T1	src/gui/Dialogs.cpp:232
CFD-UG	Chapter 3: Single-Phase Flow Interfaces	Static Pressure Curve, Linear	ui	partial	T1	src/gui/Dialogs.cpp:232; src/cad/FeatureEdges.cpp:12
CFD-UG	Chapter 3: Single-Phase Flow Interfaces	Static Pressure Curve, Data	ui	partial	T1	src/gui/Dialogs.cpp:232; src/cad/FeatureEdges.cpp:12
CFD-UG	Chapter 3: Single-Phase Flow Interfaces	Static Pressure Curve, User Defined	ui	partial	T1	src/gui/Dialogs.cpp:232; src/cad/FeatureEdges.cpp:12
CFD-UG	Chapter 3: Single-Phase Flow Interfaces	Units	ui	partial	T1	src/gui/Dialogs.cpp:232; src/cad/ShapeHandleInternal.hpp:7
CFD-UG	Chapter 3: Single-Phase Flow Interfaces	Static Pressure Curve Data	ui	partial	T1	src/gui/Dialogs.cpp:232; src/cad/FeatureEdges.cpp:12
CFD-UG	Chapter 3: Single-Phase Flow Interfaces	Fan and Grille Boundary Conditions	bc	partial	T1	src/gui/Dialogs.cpp:232; src/core/BoundaryConditionRegistry.hpp:9
CFD-UG	Chapter 3: Single-Phase Flow Interfaces	The Fan feature uses the flux across the boundary selection. This feature	ui	partial	T1	src/cad/FeatureEdges.cpp:148; src/gui/Dialogs.cpp:232
CFD-UG	Chapter 3: Single-Phase Flow Interfaces	Interior Fan	bc	partial	T1	src/gui/Dialogs.cpp:232; src/io/FluentMshReader.cpp:123
CFD-UG	Chapter 3: Single-Phase Flow Interfaces	Flow Direction	ui	partial	T1	src/gui/Dialogs.cpp:232
CFD-UG	Chapter 3: Single-Phase Flow Interfaces	Parameters	scripting	partial	T1	src/gui/Dialogs.cpp:232
CFD-UG	Chapter 3: Single-Phase Flow Interfaces	Fan Defined on an Interior Boundary	bc	partial	T1	src/gui/Dialogs.cpp:232; src/io/FluentMshReader.cpp:123
CFD-UG	Chapter 3: Single-Phase Flow Interfaces	Interior Wall	bc	partial	T1	src/gui/Dialogs.cpp:232; src/io/FluentMshReader.cpp:123
CFD-UG	Chapter 3: Single-Phase Flow Interfaces	Boundary Condition	bc	partial	T1	src/gui/Dialogs.cpp:232; src/core/BoundaryConditionRegistry.hpp:13
CFD-UG	Chapter 3: Single-Phase Flow Interfaces	No Slip	ui	partial	T1	src/gui/Dialogs.cpp:232; src/gui/Dialogs.cpp:323
CFD-UG	Chapter 3: Single-Phase Flow Interfaces	Slip	ui	partial	T1	src/gui/Dialogs.cpp:232; src/gui/Dialogs.cpp:323
CFD-UG	Chapter 3: Single-Phase Flow Interfaces	Wall Movement	ui	partial	T1	src/gui/Dialogs.cpp:232
CFD-UG	Chapter 3: Single-Phase Flow Interfaces	Constraint Settings	ui	partial	T1	src/meshing/AmrAdaptor.hpp:8; src/gui/Dialogs.cpp:232
CFD-UG	Chapter 3: Single-Phase Flow Interfaces	Grille	ui	partial	T1	src/gui/Dialogs.cpp:232
CFD-UG	Chapter 3: Single-Phase Flow Interfaces	Parameters	scripting	partial	T1	src/gui/Dialogs.cpp:232
CFD-UG	Chapter 3: Single-Phase Flow Interfaces	Turbulence Conditions	turbulence	partial	T2	src/gui/Dialogs.cpp:232; src/core/BoundaryConditionRegistry.hpp:9
CFD-UG	Chapter 3: Single-Phase Flow Interfaces	Porous Interface	ui	partial	T2	src/gui/Dialogs.cpp:232; src/gui/Dialogs.cpp:368
CFD-UG	Chapter 3: Single-Phase Flow Interfaces	Flow Continuity	ui	partial	T1	src/gui/Dialogs.cpp:232; src/cad/Defeaturing.cpp:11
CFD-UG	Chapter 3: Single-Phase Flow Interfaces	Pressure Point Constraint	ui	partial	T1	src/gui/Dialogs.cpp:232; src/meshing/AmrAdaptor.hpp:8
CFD-UG	Chapter 3: Single-Phase Flow Interfaces	Pressure Constraint	ui	partial	T1	src/gui/Dialogs.cpp:232; src/meshing/AmrAdaptor.hpp:8
CFD-UG	Chapter 3: Single-Phase Flow Interfaces	Constraint Settings	ui	partial	T1	src/meshing/AmrAdaptor.hpp:8; src/gui/Dialogs.cpp:232
CFD-UG	Chapter 3: Single-Phase Flow Interfaces	Physics Options.	ui	partial	T1	src/gui/Dialogs.cpp:232; src/combustion/LaminarFiniteRate.cpp:110
CFD-UG	Chapter 3: Single-Phase Flow Interfaces	Average Pressure	ui	partial	T1	src/gui/Dialogs.cpp:232; src/cad/StepReader.cpp:32
CFD-UG	Chapter 3: Single-Phase Flow Interfaces	Point Mass Source	ui	partial	T1	src/gui/Dialogs.cpp:232
CFD-UG	Chapter 3: Single-Phase Flow Interfaces	Source Strength	ui	partial	T1	src/solver/AMGPreconditioner.cpp:39; src/gui/Dialogs.cpp:232
CFD-UG	Chapter 3: Single-Phase Flow Interfaces	Line Mass Source	ui	partial	T1	src/gui/Dialogs.cpp:232
CFD-UG	Chapter 3: Single-Phase Flow Interfaces	Selection	ui	partial	T1	src/gui/Dialogs.cpp:232
CFD-UG	Chapter 3: Single-Phase Flow Interfaces	Model Dimension	ui	partial	T1	src/gui/Dialogs.cpp:232; src/adjoint/DiscreteAdjoint.hpp:37
CFD-UG	Chapter 3: Single-Phase Flow Interfaces	Applicable Geometrical Entity	ui	partial	T1	src/gui/Dialogs.cpp:232; src/cad/PersistentIdManager.cpp:14
CFD-UG	Chapter 3: Single-Phase Flow Interfaces	Source Strength	ui	partial	T1	src/solver/AMGPreconditioner.cpp:39; src/gui/Dialogs.cpp:232
CFD-UG	Chapter 3: Single-Phase Flow Interfaces	Generate New Turbulence Model Interface	turbulence	partial	T2	src/gui/Dialogs.cpp:232; src/meshing/AdvancingFrontSurface.cpp:86
CFD-UG	Chapter 3: Single-Phase Flow Interfaces	Model Generation	ui	partial	T1	src/gpu/RenderingBridge.hpp:34; src/gui/Dialogs.cpp:232
CFD-UG	Chapter 3: Single-Phase Flow Interfaces	Turbulence Model Interface	turbulence	partial	T2	src/gui/Dialogs.cpp:232
CFD-UG	Chapter 3: Single-Phase Flow Interfaces	Gravity	ui	partial	T1	src/gui/Dialogs.cpp:232; src/dynamics/SixDof.cpp:72
CFD-UG	Chapter 3: Single-Phase Flow Interfaces	Rotating Frame	dynamic	partial	T2	src/gui/Dialogs.cpp:232; src/core/RotatingFileSink.hpp:6
CFD-UG	Chapter 3: Single-Phase Flow Interfaces	Rotating Frame	dynamic	partial	T2	src/gui/Dialogs.cpp:232; src/core/RotatingFileSink.hpp:6
CFD-UG	Chapter 3: Single-Phase Flow Interfaces	Moving Mesh	mesh	partial	T2	src/gui/Dialogs.cpp:232; src/dynamics/SixDof.hpp:18
CFD-UG	Chapter 3: Single-Phase Flow Interfaces	Rotating Domains	dynamic	partial	T2	src/gui/Dialogs.cpp:232; src/core/RotatingFileSink.hpp:6
CFD-UG	Chapter 3: Single-Phase Flow Interfaces	The Label is the default physics interface name.	ui	partial	T1	src/gui/Dialogs.cpp:232; src/combustion/LaminarFiniteRate.cpp:110
CFD-UG	Chapter 3: Single-Phase Flow Interfaces	Advanced Settings	ui	partial	T1	src/gui/Dialogs.cpp:232; src/combustion/TransportedPdf.hpp:8
CFD-UG	Chapter 3: Single-Phase Flow Interfaces	Turbulence Model Parameters	turbulence	partial	T2	src/gui/Dialogs.cpp:232
CFD-UG	Chapter 3: Single-Phase Flow Interfaces	Turbulence Model Parameters	turbulence	partial	T2	src/gui/Dialogs.cpp:232
CFD-UG	Chapter 3: Single-Phase Flow Interfaces	The turbulence model parameters for the L-VEL model, κl and El, have been	turbulence	partial	T2	src/gui/Dialogs.cpp:232
CFD-UG	Chapter 3: Single-Phase Flow Interfaces	Turbulence Model Parameters	turbulence	partial	T2	src/gui/Dialogs.cpp:232
CFD-UG	Chapter 3: Single-Phase Flow Interfaces	Stationary Free Surface	ui	partial	T1	src/gui/Dialogs.cpp:232; src/acoustics/FwhSurface.cpp:115
CFD-UG	Chapter 3: Single-Phase Flow Interfaces	Stationary Free Surface	ui	partial	T1	src/gui/Dialogs.cpp:232; src/acoustics/FwhSurface.cpp:115
CFD-UG	Chapter 3: Single-Phase Flow Interfaces	Surface Tension	ui	partial	T1	src/gui/Dialogs.cpp:232; src/multiphase/PlicReconstruction.hpp:24
CFD-UG	Chapter 3: Single-Phase Flow Interfaces	The Viscoelastic Flow Interface	ui	partial	T1	src/gui/Dialogs.cpp:232
CFD-UG	Chapter 3: Single-Phase Flow Interfaces	The Label is the default physics interface name.	ui	partial	T1	src/gui/Dialogs.cpp:232; src/combustion/LaminarFiniteRate.cpp:110
CFD-UG	Chapter 3: Single-Phase Flow Interfaces	Physical Model	ui	partial	T1	src/gui/Dialogs.cpp:232; src/io/GmshReader.cpp:140
CFD-UG	Chapter 3: Single-Phase Flow Interfaces	Include Gravity	ui	partial	T1	src/gui/Dialogs.cpp:232; src/dynamics/SixDof.cpp:72
CFD-UG	Chapter 3: Single-Phase Flow Interfaces	Swirl Flow	ui	partial	T1	src/particles/ConeInjector.cpp:36; src/gui/Dialogs.cpp:232
CFD-UG	Chapter 3: Single-Phase Flow Interfaces	Fluid Properties	materials	partial	T1	src/gui/Dialogs.cpp:232; src/cad/CMakeLists.txt:42
CFD-UG	Chapter 3: Single-Phase Flow Interfaces	Oldroyd-B	ui	partial	T1	src/gui/Dialogs.cpp:232
CFD-UG	Chapter 3: Single-Phase Flow Interfaces	Giesekus	ui	partial	T1	src/gui/Dialogs.cpp:232
CFD-UG	Chapter 3: Single-Phase Flow Interfaces	Fene-P	ui	partial	T1	src/gui/Dialogs.cpp:232
CFD-UG	Chapter 3: Single-Phase Flow Interfaces	Discretization	solver	partial	T1	src/solver/Solver.hpp:26; src/gui/Dialogs.cpp:232
CFD-UG	Chapter 3: Single-Phase Flow Interfaces	Initial Values	ui	partial	T1	src/gui/Dialogs.cpp:232; src/core/ThreadPool.cpp:57
CFD-UG	Chapter 3: Single-Phase Flow Interfaces	The Potential Flow Interfaces	ui	partial	T1	src/gui/Dialogs.cpp:232; src/emag/AvFormulation.hpp:6
CFD-UG	Chapter 3: Single-Phase Flow Interfaces	The Label is the default physics interface name.	ui	partial	T1	src/gui/Dialogs.cpp:232; src/combustion/LaminarFiniteRate.cpp:110
CFD-UG	Chapter 3: Single-Phase Flow Interfaces	Pressure	ui	partial	T1	src/gui/Dialogs.cpp:232
CFD-UG	Chapter 3: Single-Phase Flow Interfaces	Discretization	solver	partial	T1	src/solver/Solver.hpp:26; src/gui/Dialogs.cpp:232
CFD-UG	Chapter 3: Single-Phase Flow Interfaces	Domain, Boundary, Point, and Pair Nodes for the Incompressible	turbulence	partial	T2	src/gui/Dialogs.cpp:232; src/acoustics/CurleAcoustics.hpp:26
CFD-UG	Chapter 3: Single-Phase Flow Interfaces	In the COMSOL Multiphysics Reference Manual see Table 2-4 for links	ui	partial	T1	src/gui/Dialogs.cpp:232; src/gpu/GpuKernels.cpp:243
CFD-UG	Chapter 3: Single-Phase Flow Interfaces	Fluid Properties	materials	partial	T1	src/gui/Dialogs.cpp:232; src/cad/CMakeLists.txt:42
CFD-UG	Chapter 3: Single-Phase Flow Interfaces	Initial Values	ui	partial	T1	src/gui/Dialogs.cpp:232; src/core/ThreadPool.cpp:57
CFD-UG	Chapter 3: Single-Phase Flow Interfaces	Initial Values	ui	partial	T1	src/gui/Dialogs.cpp:232; src/core/ThreadPool.cpp:57
CFD-UG	Chapter 3: Single-Phase Flow Interfaces	Wall	ui	partial	T1	src/gui/Dialogs.cpp:232
CFD-UG	Chapter 3: Single-Phase Flow Interfaces	Wall Movement	ui	partial	T1	src/gui/Dialogs.cpp:232
CFD-UG	Chapter 3: Single-Phase Flow Interfaces	Velocity	ui	partial	T1	src/gui/Dialogs.cpp:232
CFD-UG	Chapter 3: Single-Phase Flow Interfaces	Open Boundary	ui	partial	T1	src/gui/Dialogs.cpp:232
CFD-UG	Chapter 3: Single-Phase Flow Interfaces	Open Boundary	ui	partial	T1	src/gui/Dialogs.cpp:232
CFD-UG	Chapter 3: Single-Phase Flow Interfaces	Constraint Settings	ui	partial	T1	src/meshing/AmrAdaptor.hpp:8; src/gui/Dialogs.cpp:232
CFD-UG	Chapter 3: Single-Phase Flow Interfaces	Symmetry	bc	partial	T1	src/gui/Dialogs.cpp:232; src/core/BoundaryConditionRegistry.hpp:10
CFD-UG	Chapter 3: Single-Phase Flow Interfaces	Constraint Settings	ui	partial	T1	src/meshing/AmrAdaptor.hpp:8; src/gui/Dialogs.cpp:232
CFD-UG	Chapter 3: Single-Phase Flow Interfaces	Offset	ui	partial	T1	src/gui/Dialogs.cpp:232
CFD-UG	Chapter 3: Single-Phase Flow Interfaces	Boundary Selection	ui	partial	T1	src/gui/Dialogs.cpp:232
CFD-UG	Chapter 3: Single-Phase Flow Interfaces	Destination Selection	ui	partial	T1	src/core/CrashHandler.hpp:9; src/gui/Dialogs.cpp:232
CFD-UG	Chapter 3: Single-Phase Flow Interfaces	Orientation Of Source	ui	partial	T1	src/gui/Dialogs.cpp:232; src/cad/FeatureEdges.cpp:64
CFD-UG	Chapter 3: Single-Phase Flow Interfaces	Interior Wall	bc	partial	T1	src/gui/Dialogs.cpp:232; src/io/FluentMshReader.cpp:123
CFD-UG	Chapter 3: Single-Phase Flow Interfaces	Wall Movement	ui	partial	T1	src/gui/Dialogs.cpp:232
CFD-UG	Chapter 3: Single-Phase Flow Interfaces	Flow Continuity	ui	partial	T1	src/gui/Dialogs.cpp:232; src/cad/Defeaturing.cpp:11
CFD-UG	Chapter 3: Single-Phase Flow Interfaces	Location In User Interface	ui	partial	T1	src/gui/Dialogs.cpp:232; src/acoustics/CurleAcoustics.hpp:13
CFD-UG	Chapter 3: Single-Phase Flow Interfaces	Theory for the Single-Phase Flow	ui	partial	T1	src/combustion/TfcModel.hpp:23; src/gui/Dialogs.cpp:232
CFD-UG	Chapter 3: Single-Phase Flow Interfaces	General Single-Phase Flow Theory	ui	partial	T1	src/combustion/TfcModel.hpp:23; src/gui/Dialogs.cpp:232
CFD-UG	Chapter 3: Single-Phase Flow Interfaces	T ∂ρ ∂p	ui	partial	T1	src/gui/Dialogs.cpp:232
CFD-UG	Chapter 3: Single-Phase Flow Interfaces	Compressible Flow	ui	partial	T2	src/gui/Dialogs.cpp:232; src/io/ForcesReport.hpp:16
CFD-UG	Chapter 3: Single-Phase Flow Interfaces	Incompressible Flow	ui	partial	T2	src/gui/Dialogs.cpp:232; src/acoustics/CurleAcoustics.hpp:26
CFD-UG	Chapter 3: Single-Phase Flow Interfaces	The Reynolds Number	ui	partial	T1	src/gui/Dialogs.cpp:232; src/combustion/TfcModel.hpp:24
CFD-UG	Chapter 3: Single-Phase Flow Interfaces	Re = ρUL	ui	partial	T1	src/gui/Dialogs.cpp:232
CFD-UG	Chapter 3: Single-Phase Flow Interfaces	Non-Newtonian Flow	ui	partial	T1	src/materials/FluidsCatalog.hpp:4; src/gui/Dialogs.cpp:232
CFD-UG	Chapter 3: Single-Phase Flow Interfaces	Power Law	ui	partial	T1	src/gui/Dialogs.cpp:232; src/core/UnitSystem.cpp:88
CFD-UG	Chapter 3: Single-Phase Flow Interfaces	Carreau Model	ui	partial	T1	src/gui/Dialogs.cpp:232
CFD-UG	Chapter 3: Single-Phase Flow Interfaces	Bingham–Papanastasiou	ui	partial	T1	src/gui/Dialogs.cpp:232
CFD-UG	Chapter 3: Single-Phase Flow Interfaces	Herschel–Bulkley–Papanastasiou	ui	partial	T1	src/gui/Dialogs.cpp:232
CFD-UG	Chapter 3: Single-Phase Flow Interfaces	Casson–Papanastasiou	ui	partial	T1	src/gui/Dialogs.cpp:232
CFD-UG	Chapter 3: Single-Phase Flow Interfaces	The Casson–Papanastasiou model combines Casson equation with the Papanastasiou	ui	partial	T1	src/solver/PimpleAlgorithm.hpp:6; src/gui/Dialogs.cpp:232
CFD-UG	Chapter 3: Single-Phase Flow Interfaces	Gravity	ui	partial	T1	src/gui/Dialogs.cpp:232; src/dynamics/SixDof.cpp:72
CFD-UG	Chapter 3: Single-Phase Flow Interfaces	Incompressible Flow	ui	partial	T2	src/gui/Dialogs.cpp:232; src/acoustics/CurleAcoustics.hpp:26
CFD-UG	Chapter 3: Single-Phase Flow Interfaces	Nonisothermal Flow Coupling	ui	partial	T1	src/gui/Dialogs.cpp:232
CFD-UG	Chapter 3: Single-Phase Flow Interfaces	Pressure Formulation	ui	partial	T1	src/gui/Dialogs.cpp:232; src/acoustics/FwhSurface.cpp:116
CFD-UG	Chapter 3: Single-Phase Flow Interfaces	Pressure Boundary Condition	bc	partial	T1	src/gui/Dialogs.cpp:232; src/core/BoundaryConditionRegistry.hpp:13
CFD-UG	Chapter 3: Single-Phase Flow Interfaces	For an immobile fluid the momentum equation simplifies to ∇ ⋅ (pI) = F+ ρg or	ui	partial	T1	src/gui/Dialogs.cpp:232
CFD-UG	Chapter 3: Single-Phase Flow Interfaces	Rotating Frame	dynamic	partial	T2	src/gui/Dialogs.cpp:232; src/core/RotatingFileSink.hpp:6
CFD-UG	Chapter 3: Single-Phase Flow Interfaces	K n = μ ( ∇u + ( ∇u ) T )n	ui	partial	T1	src/gui/Dialogs.cpp:232
CFD-UG	Chapter 3: Single-Phase Flow Interfaces	Sliding Wall	ui	partial	T1	src/gui/Dialogs.cpp:232; src/dynamics/SixDof.hpp:17
CFD-UG	Chapter 3: Single-Phase Flow Interfaces	Slip Velocity	ui	partial	T1	src/gui/Dialogs.cpp:232; src/gui/Dialogs.cpp:323
CFD-UG	Chapter 3: Single-Phase Flow Interfaces	Constraint Settings	ui	partial	T1	src/meshing/AmrAdaptor.hpp:8; src/gui/Dialogs.cpp:232
CFD-UG	Chapter 3: Single-Phase Flow Interfaces	Alternative Formulations	ui	partial	T1	src/turbulence/WallFunctions.hpp:14; src/gui/Dialogs.cpp:232
CFD-UG	Chapter 3: Single-Phase Flow Interfaces	Mass Flow	ui	partial	T1	src/gui/Dialogs.cpp:232
CFD-UG	Chapter 3: Single-Phase Flow Interfaces	Pointwise Mass Flux	ui	partial	T1	src/io/CgnsReader.hpp:9; src/gui/Dialogs.cpp:232
CFD-UG	Chapter 3: Single-Phase Flow Interfaces	The pointwise mass flux sets the velocity at the boundary to	ui	partial	T1	src/io/CgnsReader.hpp:9; src/gui/Dialogs.cpp:232
CFD-UG	Chapter 3: Single-Phase Flow Interfaces	Mass Flow Rate	ui	partial	T1	src/gui/Dialogs.cpp:232; src/combustion/CanteraParser.cpp:230
CFD-UG	Chapter 3: Single-Phase Flow Interfaces	I : ( ∇ t û ) – P inl ( n ⋅ û )	ui	partial	T1	src/gui/Dialogs.cpp:232
CFD-UG	Chapter 3: Single-Phase Flow Interfaces	Ω	ui	partial	T1	src/gui/Dialogs.cpp:232
CFD-UG	Chapter 3: Single-Phase Flow Interfaces	If ∂un/∂n is small, Equation 3-36 states that p ≈ f0.	ui	partial	T1	src/scripting/Repl.hpp:7; src/gui/Dialogs.cpp:232
CFD-UG	Chapter 3: Single-Phase Flow Interfaces	Pressure Boundary Condition	bc	partial	T1	src/gui/Dialogs.cpp:232; src/core/BoundaryConditionRegistry.hpp:13
CFD-UG	Chapter 3: Single-Phase Flow Interfaces	T	ui	partial	T1	src/gui/Dialogs.cpp:232
CFD-UG	Chapter 3: Single-Phase Flow Interfaces	Defining A Device At An Outlet	bc	partial	T1	src/gui/Dialogs.cpp:232; src/core/BoundaryConditionRegistry.hpp:10
CFD-UG	Chapter 3: Single-Phase Flow Interfaces	Fan Defined on an Interior Boundary	bc	partial	T1	src/gui/Dialogs.cpp:232; src/io/FluentMshReader.cpp:123
CFD-UG	Chapter 3: Single-Phase Flow Interfaces	See Interior Fan for node settings.	bc	partial	T1	src/gui/Dialogs.cpp:232; src/io/FluentMshReader.cpp:123
CFD-UG	Chapter 3: Single-Phase Flow Interfaces	Fan and Grille Boundary Conditions	bc	partial	T1	src/gui/Dialogs.cpp:232; src/core/BoundaryConditionRegistry.hpp:9
CFD-UG	Chapter 3: Single-Phase Flow Interfaces	Defining A Device At An Inlet	bc	partial	T1	src/gui/Dialogs.cpp:232; src/core/BoundaryConditionRegistry.hpp:10
CFD-UG	Chapter 3: Single-Phase Flow Interfaces	Defining A Device At An Outlet	bc	partial	T1	src/gui/Dialogs.cpp:232; src/core/BoundaryConditionRegistry.hpp:10
CFD-UG	Chapter 3: Single-Phase Flow Interfaces	Porous Interface	ui	partial	T2	src/gui/Dialogs.cpp:232; src/gui/Dialogs.cpp:368
CFD-UG	Chapter 3: Single-Phase Flow Interfaces	Borda–Carnot option results in the following losses:	ui	partial	T1	src/gui/Dialogs.cpp:232
CFD-UG	Chapter 3: Single-Phase Flow Interfaces	Mass Sources for Fluid Flow	ui	partial	T1	src/gui/Dialogs.cpp:232
CFD-UG	Chapter 3: Single-Phase Flow Interfaces	Point Source	ui	partial	T1	src/gui/Dialogs.cpp:232
CFD-UG	Chapter 3: Single-Phase Flow Interfaces	Line Source	ui	partial	T1	src/gui/Dialogs.cpp:232
CFD-UG	Chapter 3: Single-Phase Flow Interfaces	Crosswind Diffusion	ui	partial	T1	src/gui/Dialogs.cpp:232; src/combustion/SlfmFlamelet.hpp:6
CFD-UG	Chapter 3: Single-Phase Flow Interfaces	Stabilization Time Scales	ui	partial	T1	src/gui/Dialogs.cpp:232; src/cad/Booleans.hpp:9
CFD-UG	Chapter 3: Single-Phase Flow Interfaces	Nonlinear Solver	solver	partial	T1	src/radiation/P1Radiation.hpp:19; src/gui/Dialogs.cpp:232
CFD-UG	Chapter 3: Single-Phase Flow Interfaces	Stationary Solver	solver	partial	T1	src/gui/Dialogs.cpp:232; src/acoustics/FwhSurface.cpp:115
CFD-UG	Chapter 3: Single-Phase Flow Interfaces	Time-Dependent Solver	solver	partial	T1	src/gui/Dialogs.cpp:232; src/io/CgnsWriter.cpp:14
CFD-UG	Chapter 3: Single-Phase Flow Interfaces	Linear Solver	solver	partial	T1	src/gui/Dialogs.cpp:232
CFD-UG	Chapter 3: Single-Phase Flow Interfaces	T	ui	partial	T1	src/gui/Dialogs.cpp:232
CFD-UG	Chapter 3: Single-Phase Flow Interfaces	Nitsche Constraints	ui	partial	T1	src/gui/Dialogs.cpp:232; src/amr/AdaptiveRefinement.hpp:9
CFD-UG	Chapter 3: Single-Phase Flow Interfaces	References for the Single-Phase Flow, Laminar Flow Interfaces	ui	partial	T1	src/gui/Dialogs.cpp:232; src/combustion/EddyDissipationConcept.hpp:15
CFD-UG	Chapter 3: Single-Phase Flow Interfaces	Y. Bazilevs and T.J.R. Hughes, “Weak imposition of Dirichlet boundary conditions	bc	partial	T1	src/gui/Dialogs.cpp:232; src/core/BoundaryConditionRegistry.hpp:9
CFD-UG	Chapter 3: Single-Phase Flow Interfaces	G. Kariadakis, A. Beskok, and N. Aluru, Microflows and Nanoflows, Springer	ui	partial	T1	src/gui/Dialogs.cpp:232
CFD-UG	Chapter 3: Single-Phase Flow Interfaces	Turbulence Modeling	turbulence	partial	T2	src/gui/Dialogs.cpp:232
CFD-UG	Chapter 3: Single-Phase Flow Interfaces	Wall Distance	ui	partial	T1	src/gui/Dialogs.cpp:232
CFD-UG	Chapter 3: Single-Phase Flow Interfaces	Wall Boundary Condition	bc	partial	T1	src/gui/Dialogs.cpp:232; src/core/BoundaryConditionRegistry.hpp:13
CFD-UG	Chapter 3: Single-Phase Flow Interfaces	Mesh cells	mesh	partial	T1	src/gui/Dialogs.cpp:232
CFD-UG	Chapter 3: Single-Phase Flow Interfaces	Solid wall	ui	partial	T1	src/gui/Dialogs.cpp:232; src/acoustics/CurleAcoustics.hpp:8
CFD-UG	Chapter 3: Single-Phase Flow Interfaces	The L-VEL Turbulence Model	turbulence	partial	T2	src/gui/Dialogs.cpp:232
CFD-UG	Chapter 3: Single-Phase Flow Interfaces	Wall Distance	ui	partial	T1	src/gui/Dialogs.cpp:232
CFD-UG	Chapter 3: Single-Phase Flow Interfaces	Wall Boundary Condition	bc	partial	T1	src/gui/Dialogs.cpp:232; src/core/BoundaryConditionRegistry.hpp:13
CFD-UG	Chapter 3: Single-Phase Flow Interfaces	The k-ε Turbulence Model	turbulence	partial	T2	src/gui/Dialogs.cpp:232
CFD-UG	Chapter 3: Single-Phase Flow Interfaces	The model constants in Equation 3-95, Equation 3-96, and Equation 3-98 are	ui	partial	T1	src/gui/Dialogs.cpp:232; src/gui/DiagnosticsPanel.cpp:60
CFD-UG	Chapter 3: Single-Phase Flow Interfaces	Constant	ui	partial	T1	src/gui/Dialogs.cpp:232; src/combustion/CanteraParser.cpp:230
CFD-UG	Chapter 3: Single-Phase Flow Interfaces	Value	ui	partial	T1	src/gui/Dialogs.cpp:232
CFD-UG	Chapter 3: Single-Phase Flow Interfaces	Realizability Constraints	ui	partial	T1	src/gui/Dialogs.cpp:232; src/amr/AdaptiveRefinement.hpp:9
CFD-UG	Chapter 3: Single-Phase Flow Interfaces	Combining equation Equation 3-100 with Equation 3-95 and the definition of the	ui	partial	T1	src/gui/Dialogs.cpp:232
CFD-UG	Chapter 3: Single-Phase Flow Interfaces	Equivalently, combining Equation 3-101 with Equation 3-95 and Equation 3-99	ui	partial	T1	src/solver/LinearSolvers.cpp:158; src/gui/Dialogs.cpp:232
CFD-UG	Chapter 3: Single-Phase Flow Interfaces	Model Limitations	ui	partial	T1	src/meshing/BlockMeshDict.hpp:43; src/gui/Dialogs.cpp:232
CFD-UG	Chapter 3: Single-Phase Flow Interfaces	Wall Functions	bc	partial	T1	src/gui/Dialogs.cpp:232
CFD-UG	Chapter 3: Single-Phase Flow Interfaces	Surface Type	ui	partial	T1	src/gui/Dialogs.cpp:232
CFD-UG	Chapter 3: Single-Phase Flow Interfaces	Initial Values	ui	partial	T1	src/gui/Dialogs.cpp:232; src/core/ThreadPool.cpp:57
CFD-UG	Chapter 3: Single-Phase Flow Interfaces	The Realizable k-ε Turbulence Model	turbulence	partial	T2	src/turbulence/KEpsilonRealizable.hpp:4; src/gui/Dialogs.cpp:232
CFD-UG	Chapter 3: Single-Phase Flow Interfaces	W = -----------------------------------3	ui	partial	T1	src/gui/Dialogs.cpp:232
CFD-UG	Chapter 3: Single-Phase Flow Interfaces	Model Properties	ui	partial	T1	src/gui/Dialogs.cpp:232; src/cad/CMakeLists.txt:42
CFD-UG	Chapter 3: Single-Phase Flow Interfaces	The k-ω Turbulence Model	turbulence	partial	T2	src/gui/Dialogs.cpp:232
CFD-UG	Chapter 3: Single-Phase Flow Interfaces	Wall Boundary Conditions	bc	partial	T1	src/gui/Dialogs.cpp:232; src/core/BoundaryConditionRegistry.hpp:9
CFD-UG	Chapter 3: Single-Phase Flow Interfaces	The corresponding expressions for the velocity is	scripting	partial	T1	src/io/TetgenReader.hpp:41; src/gui/Dialogs.cpp:232
CFD-UG	Chapter 3: Single-Phase Flow Interfaces	Observe that the variable u + = u ⁄ u τ is based on uτ from Equation 3-120.	ui	partial	T1	src/gui/Dialogs.cpp:232
CFD-UG	Chapter 3: Single-Phase Flow Interfaces	Wall Functions	bc	partial	T1	src/gui/Dialogs.cpp:232
CFD-UG	Chapter 3: Single-Phase Flow Interfaces	Low Reynolds Number	ui	partial	T1	src/gui/Dialogs.cpp:232; src/combustion/TfcModel.hpp:24
CFD-UG	Chapter 3: Single-Phase Flow Interfaces	Initial Values	ui	partial	T1	src/gui/Dialogs.cpp:232; src/core/ThreadPool.cpp:57
CFD-UG	Chapter 3: Single-Phase Flow Interfaces	Model Properties	ui	partial	T1	src/gui/Dialogs.cpp:232; src/cad/CMakeLists.txt:42
CFD-UG	Chapter 3: Single-Phase Flow Interfaces	The SST Turbulence Model	turbulence	partial	T1	src/gui/Dialogs.cpp:232
CFD-UG	Chapter 3: Single-Phase Flow Interfaces	The interpolation functions fv1 and fv2 are defined as	ui	partial	T1	src/gui/Dialogs.cpp:232; src/acoustics/FwhSurface.cpp:22
CFD-UG	Chapter 3: Single-Phase Flow Interfaces	Wall Distance	ui	partial	T1	src/gui/Dialogs.cpp:232
CFD-UG	Chapter 3: Single-Phase Flow Interfaces	Wall Boundary Conditions	bc	partial	T1	src/gui/Dialogs.cpp:232; src/core/BoundaryConditionRegistry.hpp:9
CFD-UG	Chapter 3: Single-Phase Flow Interfaces	Low Reynolds Number	ui	partial	T1	src/gui/Dialogs.cpp:232; src/combustion/TfcModel.hpp:24
CFD-UG	Chapter 3: Single-Phase Flow Interfaces	Far-Field Boundary Conditions	bc	partial	T1	src/gui/Dialogs.cpp:232; src/core/BoundaryConditionRegistry.hpp:9
CFD-UG	Chapter 3: Single-Phase Flow Interfaces	Initial Values	ui	partial	T1	src/gui/Dialogs.cpp:232; src/core/ThreadPool.cpp:57
CFD-UG	Chapter 3: Single-Phase Flow Interfaces	Transition Modeling	turbulence	partial	T2	src/gui/Dialogs.cpp:232; src/turbulence/GammaReThetaTransition.hpp:5
CFD-UG	Chapter 3: Single-Phase Flow Interfaces	Ry	ui	partial	T1	src/gui/Dialogs.cpp:232
CFD-UG	Chapter 3: Single-Phase Flow Interfaces	C Tu1 = 100, C Tu2 = 1000, C Tu3 = 1	ui	partial	T1	src/gui/Dialogs.cpp:232
CFD-UG	Chapter 3: Single-Phase Flow Interfaces	C Pg1	ui	partial	T1	src/gui/Dialogs.cpp:232
CFD-UG	Chapter 3: Single-Phase Flow Interfaces	C Pg2	ui	partial	T1	src/gui/Dialogs.cpp:232
CFD-UG	Chapter 3: Single-Phase Flow Interfaces	Scale-Adaptive Simulations	ui	partial	T2	src/gui/Dialogs.cpp:232; src/amr/AdaptiveRefinement.hpp:4
CFD-UG	Chapter 3: Single-Phase Flow Interfaces	S - Sas	ui	partial	T2	src/gui/Dialogs.cpp:232
CFD-UG	Chapter 3: Single-Phase Flow Interfaces	In the COMSOL Multiphysics Reference Manual:	ui	partial	T1	src/gui/Dialogs.cpp:232
CFD-UG	Chapter 3: Single-Phase Flow Interfaces	The Low Reynolds Number k-ε Turbulence Model	turbulence	partial	T2	src/gui/Dialogs.cpp:232; src/combustion/TfcModel.hpp:24
CFD-UG	Chapter 3: Single-Phase Flow Interfaces	Wall Distance	ui	partial	T1	src/gui/Dialogs.cpp:232
CFD-UG	Chapter 3: Single-Phase Flow Interfaces	Wall Boundary Conditions	bc	partial	T1	src/gui/Dialogs.cpp:232; src/core/BoundaryConditionRegistry.hpp:9
CFD-UG	Chapter 3: Single-Phase Flow Interfaces	A ε = 2C l	ui	partial	T1	src/gui/Dialogs.cpp:232
CFD-UG	Chapter 3: Single-Phase Flow Interfaces	Initial Values	ui	partial	T1	src/gui/Dialogs.cpp:232; src/core/ThreadPool.cpp:57
CFD-UG	Chapter 3: Single-Phase Flow Interfaces	Ω ij = 0.5 ( ∇u – ∇u T )	ui	partial	T1	src/gui/Dialogs.cpp:232
CFD-UG	Chapter 3: Single-Phase Flow Interfaces	Wall Boundary Conditions	bc	partial	T1	src/gui/Dialogs.cpp:232; src/core/BoundaryConditionRegistry.hpp:9
CFD-UG	Chapter 3: Single-Phase Flow Interfaces	Initial Values	ui	partial	T1	src/gui/Dialogs.cpp:232; src/core/ThreadPool.cpp:57
CFD-UG	Chapter 3: Single-Phase Flow Interfaces	Wall Distance	ui	partial	T1	src/gui/Dialogs.cpp:232
CFD-UG	Chapter 3: Single-Phase Flow Interfaces	Wall Boundary Conditions	bc	partial	T1	src/gui/Dialogs.cpp:232; src/core/BoundaryConditionRegistry.hpp:9
CFD-UG	Chapter 3: Single-Phase Flow Interfaces	C 1 + C 2	ui	partial	T1	src/gui/Dialogs.cpp:232
CFD-UG	Chapter 3: Single-Phase Flow Interfaces	Initial Values	ui	partial	T1	src/gui/Dialogs.cpp:232; src/core/ThreadPool.cpp:57
CFD-UG	Chapter 3: Single-Phase Flow Interfaces	The Wilcox R-ω Turbulence Model	turbulence	partial	T2	src/turbulence/KOmegaStandard.cpp:20; src/gui/Dialogs.cpp:232
CFD-UG	Chapter 3: Single-Phase Flow Interfaces	The R-equation is stated as	ui	partial	T1	src/gui/Dialogs.cpp:232
CFD-UG	Chapter 3: Single-Phase Flow Interfaces	D ij =	ui	partial	T1	src/gui/Dialogs.cpp:232
CFD-UG	Chapter 3: Single-Phase Flow Interfaces	The relation between τR and σ∗ is based on the correspondence between Simple	solver	partial	T1	src/multiphase/MixtureModel.hpp:6; src/gui/Dialogs.cpp:232
CFD-UG	Chapter 3: Single-Phase Flow Interfaces	The ω-equation is stated as	ui	partial	T1	src/gui/Dialogs.cpp:232
CFD-UG	Chapter 3: Single-Phase Flow Interfaces	Ω ij Ω jk S ki	ui	partial	T1	src/gui/Dialogs.cpp:232
CFD-UG	Chapter 3: Single-Phase Flow Interfaces	Wall Distance	ui	partial	T1	src/gui/Dialogs.cpp:232
CFD-UG	Chapter 3: Single-Phase Flow Interfaces	Wall Boundary Conditions	bc	partial	T1	src/gui/Dialogs.cpp:232; src/core/BoundaryConditionRegistry.hpp:9
CFD-UG	Chapter 3: Single-Phase Flow Interfaces	Initial Values	ui	partial	T1	src/gui/Dialogs.cpp:232; src/core/ThreadPool.cpp:57
CFD-UG	Chapter 3: Single-Phase Flow Interfaces	In the COMSOL Multiphysics Reference Manual:	ui	partial	T1	src/gui/Dialogs.cpp:232
CFD-UG	Chapter 3: Single-Phase Flow Interfaces	The SSG-LRR Turbulence Model	turbulence	partial	T2	src/gui/Dialogs.cpp:232
CFD-UG	Chapter 3: Single-Phase Flow Interfaces	F 1 = tanh ( θ 14 )	ui	partial	T1	src/gui/Dialogs.cpp:232; src/combustion/GEquation.cpp:101
CFD-UG	Chapter 3: Single-Phase Flow Interfaces	D	ui	partial	T1	src/gui/Dialogs.cpp:232
CFD-UG	Chapter 3: Single-Phase Flow Interfaces	The relation between τR and σ∗ is based on the correspondence between Simple	solver	partial	T1	src/multiphase/MixtureModel.hpp:6; src/gui/Dialogs.cpp:232
CFD-UG	Chapter 3: Single-Phase Flow Interfaces	In the COMSOL Multiphysics Reference Manual:	ui	partial	T1	src/gui/Dialogs.cpp:232
CFD-UG	Chapter 3: Single-Phase Flow Interfaces	The Elliptic Blending R-ε Turbulence Model	turbulence	partial	T2	src/gui/Dialogs.cpp:232; src/core/IWallDistanceService.hpp:12
CFD-UG	Chapter 3: Single-Phase Flow Interfaces	C ε2 = 1.83	ui	partial	T1	src/gui/Dialogs.cpp:232
CFD-UG	Chapter 3: Single-Phase Flow Interfaces	Ct = 6	ui	partial	T1	src/gui/Dialogs.cpp:232
CFD-UG	Chapter 3: Single-Phase Flow Interfaces	Cμ	ui	partial	T1	src/gui/Dialogs.cpp:232
CFD-UG	Chapter 3: Single-Phase Flow Interfaces	ΔV f	ui	partial	T1	src/gui/Dialogs.cpp:232
CFD-UG	Chapter 3: Single-Phase Flow Interfaces	ΔV f	ui	partial	T1	src/gui/Dialogs.cpp:232
CFD-UG	Chapter 3: Single-Phase Flow Interfaces	Here u	ui	partial	T1	src/gui/Dialogs.cpp:232
CFD-UG	Chapter 3: Single-Phase Flow Interfaces	ΔV f	ui	partial	T1	src/gui/Dialogs.cpp:232
CFD-UG	Chapter 3: Single-Phase Flow Interfaces	The Set Of Equations	ui	partial	T1	src/gui/Dialogs.cpp:232; src/adjoint/ContinuousAdjoint.hpp:11
CFD-UG	Chapter 3: Single-Phase Flow Interfaces	Default and Pedras–de Lemos have C ω2,pm = β 0W ⁄ β 0* for Wilcox R-ω and	ui	partial	T1	src/turbulence/KOmegaStandard.cpp:20; src/gui/Dialogs.cpp:232
CFD-UG	Chapter 3: Single-Phase Flow Interfaces	Wall Treatment	bc	partial	T1	src/multiphase/VolumeOfFluid.hpp:10; src/gui/Dialogs.cpp:232
CFD-UG	Chapter 3: Single-Phase Flow Interfaces	Low-Re Wall Treatment	bc	partial	T1	src/multiphase/VolumeOfFluid.hpp:10; src/gui/Dialogs.cpp:232
CFD-UG	Chapter 3: Single-Phase Flow Interfaces	Buoyancy-Induced Turbulence	turbulence	partial	T2	src/gui/Dialogs.cpp:232; src/emag/Mhd.hpp:14
CFD-UG	Chapter 3: Single-Phase Flow Interfaces	Since P kb = P kb,mul k , so	ui	partial	T1	src/combustion/SootMomMethod.cpp:87; src/gui/Dialogs.cpp:232
CFD-UG	Chapter 3: Single-Phase Flow Interfaces	T	ui	partial	T1	src/gui/Dialogs.cpp:232
CFD-UG	Chapter 3: Single-Phase Flow Interfaces	These cases can be summarized as	ui	partial	T1	src/gui/Dialogs.cpp:232
CFD-UG	Chapter 3: Single-Phase Flow Interfaces	C μ  3 ( I T U ref )  2	ui	partial	T1	src/gui/Dialogs.cpp:232
CFD-UG	Chapter 3: Single-Phase Flow Interfaces	Boundary layer	ui	partial	T1	src/gui/Dialogs.cpp:232
CFD-UG	Chapter 3: Single-Phase Flow Interfaces	LT )	ui	partial	T1	src/gui/Dialogs.cpp:232
CFD-UG	Chapter 3: Single-Phase Flow Interfaces	LT )	ui	partial	T1	src/gui/Dialogs.cpp:232
CFD-UG	Chapter 3: Single-Phase Flow Interfaces	References for the Single-Phase Flow, Turbulent Flow Interfaces	turbulence	partial	T2	src/gui/Dialogs.cpp:232; src/combustion/GEquation.cpp:51
CFD-UG	Chapter 3: Single-Phase Flow Interfaces	M. Vázquez, M. Ravachol, F. Chalot, and M. Mallet, “The Robustness Issue on	ui	partial	T1	src/cad/Defeaturing.cpp:13; src/gui/Dialogs.cpp:232
CFD-UG	Chapter 3: Single-Phase Flow Interfaces	J. Nikuradse, “Strömungsgesetze in rauhen Rohren,” Forschg. Arb. Ing.-Wes., no.	ui	partial	T1	src/gui/Dialogs.cpp:232
CFD-UG	Chapter 3: Single-Phase Flow Interfaces	D. Agonafer, L. Gan-Li, and D.B. Spalding, “LVEL turbulence model for	turbulence	partial	T2	src/gui/Dialogs.cpp:232; src/particles/ParticleEvaporation.hpp:4
CFD-UG	Chapter 3: Single-Phase Flow Interfaces	L. Prandtl, “Über die ausgebildete Turbulenz,” ZAMM 5, 1925 (in German).	turbulence	partial	T2	src/solver/EnergyEquation.hpp:30; src/gui/Dialogs.cpp:232
CFD-UG	Chapter 3: Single-Phase Flow Interfaces	M.H.J. Pedras and M.J.S. de Lemos, “Macroscopic turbulence modeling for	turbulence	partial	T2	src/gui/Dialogs.cpp:232
CFD-UG	Chapter 3: Single-Phase Flow Interfaces	A. Nakayama and F. Kuwahara, “A general macroscopic turbulence model for	turbulence	partial	T2	src/gui/Dialogs.cpp:232
CFD-UG	Chapter 3: Single-Phase Flow Interfaces	T' = – τ e res e	ui	partial	T1	src/gui/Dialogs.cpp:232
CFD-UG	Chapter 3: Single-Phase Flow Interfaces	Wall Boundary Condition	bc	partial	T1	src/gui/Dialogs.cpp:232; src/core/BoundaryConditionRegistry.hpp:13
CFD-UG	Chapter 3: Single-Phase Flow Interfaces	Re	ui	partial	T1	src/gui/Dialogs.cpp:232
CFD-UG	Chapter 3: Single-Phase Flow Interfaces	E 	ui	partial	T1	src/gui/Dialogs.cpp:232
CFD-UG	Chapter 3: Single-Phase Flow Interfaces	Instantaneous Velocity Field	ui	partial	T1	src/combustion/GEquation.hpp:6; src/gui/Dialogs.cpp:232
CFD-UG	Chapter 3: Single-Phase Flow Interfaces	Time Correlations	ui	partial	T1	src/gui/Dialogs.cpp:232
CFD-UG	Chapter 3: Single-Phase Flow Interfaces	References for LES	turbulence	partial	T2	src/gui/Dialogs.cpp:232
CFD-UG	Chapter 3: Single-Phase Flow Interfaces	S̃ = S + ----------2	ui	partial	T1	src/gui/Dialogs.cpp:232
CFD-UG	Chapter 3: Single-Phase Flow Interfaces	Dw	ui	partial	T1	src/gui/Dialogs.cpp:232
CFD-UG	Chapter 3: Single-Phase Flow Interfaces	Inspecting Equation 3-310 and Equation 3-311, it can be seen that for	ui	partial	T1	src/io/Plot3dReader.hpp:17; src/gui/Dialogs.cpp:232
CFD-UG	Chapter 3: Single-Phase Flow Interfaces	Reference for DES	ui	partial	T2	src/gui/Dialogs.cpp:232
CFD-UG	Chapter 3: Single-Phase Flow Interfaces	Frozen Rotor	ui	partial	T2	src/gui/Dialogs.cpp:232; src/acoustics/FwhSurface.hpp:6
CFD-UG	Chapter 3: Single-Phase Flow Interfaces	Theory for the Viscoelastic Flow	ui	partial	T1	src/combustion/TfcModel.hpp:23; src/gui/Dialogs.cpp:232
CFD-UG	Chapter 3: Single-Phase Flow Interfaces	General Viscoelastic Flow Theory	ui	partial	T1	src/combustion/TfcModel.hpp:23; src/gui/Dialogs.cpp:232
CFD-UG	Chapter 3: Single-Phase Flow Interfaces	Oldroyd-B Model	ui	partial	T1	src/gui/Dialogs.cpp:232
CFD-UG	Chapter 3: Single-Phase Flow Interfaces	Fene-P Model	ui	partial	T1	src/gui/Dialogs.cpp:232
CFD-UG	Chapter 3: Single-Phase Flow Interfaces	Giesekus Model	ui	partial	T1	src/gui/Dialogs.cpp:232
CFD-UG	Chapter 3: Single-Phase Flow Interfaces	Boundary Conditions	bc	partial	T1	src/gui/Dialogs.cpp:232; src/core/BoundaryConditionRegistry.hpp:9
CFD-UG	Chapter 3: Single-Phase Flow Interfaces	Solvers for Viscoelastic Flow	solver	partial	T1	src/gui/Dialogs.cpp:232; src/combustion/CanteraParser.hpp:13
CFD-UG	Chapter 3: Single-Phase Flow Interfaces	References for the Viscoelastic Flow Interfaces	ui	partial	T1	src/gui/Dialogs.cpp:232
CFD-UG	Chapter 3: Single-Phase Flow Interfaces	T he o r y f o r th e In c omp ressi b l e	ui	partial	T1	src/gui/Dialogs.cpp:232
CFD-UG	Chapter 4: Heat Transfer and Nonisothermal Flow Interfaces	Chapter 4: Heat Transfer and Nonisothermal Flow Interfaces	turbulence	partial	T2	src/gui/Dialogs.cpp:232; src/cad/IgesReader.cpp:45
CFD-UG	Chapter 4: Heat Transfer and Nonisothermal Flow Interfaces	Flow Interfaces	turbulence	partial	T2	src/gui/Dialogs.cpp:232; src/cad/IgesReader.cpp:45
CFD-UG	Chapter 4: Heat Transfer and Nonisothermal Flow Interfaces	Modeling Heat Transfer in the CFD	turbulence	partial	T2	src/gui/Dialogs.cpp:232; src/cad/IgesReader.cpp:45
CFD-UG	Chapter 4: Heat Transfer and Nonisothermal Flow Interfaces	Flow Interfaces	turbulence	partial	T2	src/gui/Dialogs.cpp:232; src/cad/IgesReader.cpp:45
CFD-UG	Chapter 4: Heat Transfer and Nonisothermal Flow Interfaces	Flow Interfaces	turbulence	partial	T2	src/gui/Dialogs.cpp:232; src/cad/IgesReader.cpp:45
CFD-UG	Chapter 4: Heat Transfer and Nonisothermal Flow Interfaces	The Nonisothermal Flow and	turbulence	partial	T2	src/gui/Dialogs.cpp:232; src/cad/IgesReader.cpp:45
CFD-UG	Chapter 4: Heat Transfer and Nonisothermal Flow Interfaces	Flow Interfaces	turbulence	partial	T2	src/gui/Dialogs.cpp:232; src/cad/IgesReader.cpp:45
CFD-UG	Chapter 4: Heat Transfer and Nonisothermal Flow Interfaces	Flow Interfaces	turbulence	partial	T2	src/gui/Dialogs.cpp:232; src/cad/IgesReader.cpp:45
CFD-UG	Chapter 4: Heat Transfer and Nonisothermal Flow Interfaces	The fluid-flow and heat-transfer interfaces are	turbulence	partial	T2	src/gui/Dialogs.cpp:232; src/cad/IgesReader.cpp:45
CFD-UG	Chapter 4: Heat Transfer and Nonisothermal Flow Interfaces	Flow Interfaces	turbulence	partial	T2	src/gui/Dialogs.cpp:232; src/cad/IgesReader.cpp:45
CFD-UG	Chapter 4: Heat Transfer and Nonisothermal Flow Interfaces	Les Rbvm	turbulence	partial	T2	src/gui/Dialogs.cpp:232; src/cad/IgesReader.cpp:45
CFD-UG	Chapter 4: Heat Transfer and Nonisothermal Flow Interfaces	Les Rbvmwv	turbulence	partial	T2	src/gui/Dialogs.cpp:232; src/cad/IgesReader.cpp:45
CFD-UG	Chapter 4: Heat Transfer and Nonisothermal Flow Interfaces	Viscoelastic Flow	turbulence	partial	T2	src/gui/Dialogs.cpp:232; src/cad/IgesReader.cpp:45
CFD-UG	Chapter 4: Heat Transfer and Nonisothermal Flow Interfaces	Flow Interfaces	turbulence	partial	T2	src/gui/Dialogs.cpp:232; src/cad/IgesReader.cpp:45
CFD-UG	Chapter 4: Heat Transfer and Nonisothermal Flow Interfaces	Domain Selection	turbulence	partial	T2	src/gui/Dialogs.cpp:232; src/cad/IgesReader.cpp:45
CFD-UG	Chapter 4: Heat Transfer and Nonisothermal Flow Interfaces	Flow Interfaces	turbulence	partial	T2	src/gui/Dialogs.cpp:232; src/cad/IgesReader.cpp:45
CFD-UG	Chapter 4: Heat Transfer and Nonisothermal Flow Interfaces	Heat Transfer Turbulence Model	turbulence	partial	T2	src/gui/Dialogs.cpp:232; src/cad/IgesReader.cpp:45
CFD-UG	Chapter 4: Heat Transfer and Nonisothermal Flow Interfaces	Flow Interfaces	turbulence	partial	T2	src/gui/Dialogs.cpp:232; src/cad/IgesReader.cpp:45
CFD-UG	Chapter 4: Heat Transfer and Nonisothermal Flow Interfaces	Density	turbulence	partial	T1	src/gui/Dialogs.cpp:232; src/cad/IgesReader.cpp:45
CFD-UG	Chapter 4: Heat Transfer and Nonisothermal Flow Interfaces	Reference Temperature	turbulence	partial	T2	src/gui/Dialogs.cpp:232; src/cad/IgesReader.cpp:45
CFD-UG	Chapter 4: Heat Transfer and Nonisothermal Flow Interfaces	Flow Interfaces	turbulence	partial	T2	src/gui/Dialogs.cpp:232; src/cad/IgesReader.cpp:45
CFD-UG	Chapter 4: Heat Transfer and Nonisothermal Flow Interfaces	Flow Interfaces	turbulence	partial	T2	src/gui/Dialogs.cpp:232; src/cad/IgesReader.cpp:45
CFD-UG	Chapter 4: Heat Transfer and Nonisothermal Flow Interfaces	Flow Interfaces	turbulence	partial	T2	src/gui/Dialogs.cpp:232; src/cad/IgesReader.cpp:45
CFD-UG	Chapter 4: Heat Transfer and Nonisothermal Flow Interfaces	Flow Interfaces	turbulence	partial	T2	src/gui/Dialogs.cpp:232; src/cad/IgesReader.cpp:45
CFD-UG	Chapter 4: Heat Transfer and Nonisothermal Flow Interfaces	Flow Interfaces	turbulence	partial	T2	src/gui/Dialogs.cpp:232; src/cad/IgesReader.cpp:45
CFD-UG	Chapter 4: Heat Transfer and Nonisothermal Flow Interfaces	T = T	turbulence	partial	T2	src/gui/Dialogs.cpp:232; src/cad/IgesReader.cpp:45
CFD-UG	Chapter 4: Heat Transfer and Nonisothermal Flow Interfaces	Flow Interfaces	turbulence	partial	T2	src/gui/Dialogs.cpp:232; src/cad/IgesReader.cpp:45
CFD-UG	Chapter 4: Heat Transfer and Nonisothermal Flow Interfaces	Flow Interfaces	turbulence	partial	T2	src/gui/Dialogs.cpp:232; src/cad/IgesReader.cpp:45
CFD-UG	Chapter 4: Heat Transfer and Nonisothermal Flow Interfaces	Kays–Crawford	turbulence	partial	T2	src/gui/Dialogs.cpp:232; src/cad/IgesReader.cpp:45
CFD-UG	Chapter 4: Heat Transfer and Nonisothermal Flow Interfaces	Daly–Harlow (GGDH)	turbulence	partial	T2	src/gui/Dialogs.cpp:232; src/cad/IgesReader.cpp:45
CFD-UG	Chapter 4: Heat Transfer and Nonisothermal Flow Interfaces	Flow Interfaces	turbulence	partial	T2	src/gui/Dialogs.cpp:232; src/cad/IgesReader.cpp:45
CFD-UG	Chapter 4: Heat Transfer and Nonisothermal Flow Interfaces	Abe–Suga (HO-GGDH)	turbulence	partial	T2	src/gui/Dialogs.cpp:232; src/cad/IgesReader.cpp:45
CFD-UG	Chapter 4: Heat Transfer and Nonisothermal Flow Interfaces	Wall Functions	bc	partial	T1	src/gui/Dialogs.cpp:232; src/cad/IgesReader.cpp:45
CFD-UG	Chapter 4: Heat Transfer and Nonisothermal Flow Interfaces	Flow Interfaces	turbulence	partial	T2	src/gui/Dialogs.cpp:232; src/cad/IgesReader.cpp:45
CFD-UG	Chapter 4: Heat Transfer and Nonisothermal Flow Interfaces	Pr T	turbulence	partial	T2	src/gui/Dialogs.cpp:232; src/cad/IgesReader.cpp:45
CFD-UG	Chapter 4: Heat Transfer and Nonisothermal Flow Interfaces	Pr 3 ⁄ 4	turbulence	partial	T2	src/gui/Dialogs.cpp:232; src/cad/IgesReader.cpp:45
CFD-UG	Chapter 4: Heat Transfer and Nonisothermal Flow Interfaces	Flow Interfaces	turbulence	partial	T2	src/gui/Dialogs.cpp:232; src/cad/IgesReader.cpp:45
CFD-UG	Chapter 4: Heat Transfer and Nonisothermal Flow Interfaces	Γ	turbulence	partial	T2	src/gui/Dialogs.cpp:232; src/cad/IgesReader.cpp:45
CFD-UG	Chapter 4: Heat Transfer and Nonisothermal Flow Interfaces	Γ	turbulence	partial	T2	src/gui/Dialogs.cpp:232; src/cad/IgesReader.cpp:45
CFD-UG	Chapter 4: Heat Transfer and Nonisothermal Flow Interfaces	Flow Interfaces	turbulence	partial	T2	src/gui/Dialogs.cpp:232; src/cad/IgesReader.cpp:45
CFD-UG	Chapter 4: Heat Transfer and Nonisothermal Flow Interfaces	Flow Interfaces	turbulence	partial	T2	src/gui/Dialogs.cpp:232; src/cad/IgesReader.cpp:45
CFD-UG	Chapter 4: Heat Transfer and Nonisothermal Flow Interfaces	References for the Nonisothermal Viscoelastic Flow Interfaces	turbulence	partial	T2	src/gui/Dialogs.cpp:232; src/cad/IgesReader.cpp:45
CFD-UG	Chapter 6: Multiphase Flow Interfaces	Chapter 6: Multiphase Flow Interfaces	multiphase	partial	T2	src/gui/Dialogs.cpp:232
CFD-UG	Chapter 6: Multiphase Flow Interfaces	Modeling Multiphase Flow	multiphase	partial	T2	src/gui/Dialogs.cpp:232
CFD-UG	Chapter 6: Multiphase Flow Interfaces	The Multiphase Flow Interface Options	multiphase	partial	T2	src/gui/Dialogs.cpp:232
CFD-UG	Chapter 6: Multiphase Flow Interfaces	The Relationship Between the Physics Interfaces	multiphase	partial	T2	src/gui/Dialogs.cpp:232; src/combustion/LaminarFiniteRate.cpp:110
CFD-UG	Chapter 6: Multiphase Flow Interfaces	Bubbly Flow	multiphase	partial	T2	src/multiphase/DriftFlux.hpp:12; src/gui/Dialogs.cpp:232
CFD-UG	Chapter 6: Multiphase Flow Interfaces	Low Gas	multiphase	partial	T2	src/gui/Dialogs.cpp:232
CFD-UG	Chapter 6: Multiphase Flow Interfaces	Concentration	multiphase	partial	T2	src/core/BoundaryConditionRegistry.hpp:18; src/gui/Dialogs.cpp:232
CFD-UG	Chapter 6: Multiphase Flow Interfaces	Turbulent	turbulence	partial	T2	src/gui/Dialogs.cpp:232; src/combustion/GEquation.cpp:51
CFD-UG	Chapter 6: Multiphase Flow Interfaces	Model Type	multiphase	partial	T2	src/gui/Dialogs.cpp:232
CFD-UG	Chapter 6: Multiphase Flow Interfaces	Turbulent	turbulence	partial	T2	src/gui/Dialogs.cpp:232; src/combustion/GEquation.cpp:51
CFD-UG	Chapter 6: Multiphase Flow Interfaces	Solve For	multiphase	partial	T2	src/gui/Dialogs.cpp:232
CFD-UG	Chapter 6: Multiphase Flow Interfaces	Interfacial	multiphase	partial	T2	src/multiphase/EulerianMultifluid.cpp:186; src/gui/Dialogs.cpp:232
CFD-UG	Chapter 6: Multiphase Flow Interfaces	None	multiphase	partial	T2	src/gui/Dialogs.cpp:232; src/combustion/CanteraParser.cpp:143
CFD-UG	Chapter 6: Multiphase Flow Interfaces	Ransevm	turbulence	partial	T2	src/gui/Dialogs.cpp:232
CFD-UG	Chapter 6: Multiphase Flow Interfaces	Algebraic	multiphase	partial	T2	src/gui/Dialogs.cpp:232; src/combustion/NoxThermalPromptFuel.hpp:12
CFD-UG	Chapter 6: Multiphase Flow Interfaces	Bubbly Flow, L-VEL	multiphase	partial	T2	src/multiphase/DriftFlux.hpp:12; src/gui/Dialogs.cpp:232
CFD-UG	Chapter 6: Multiphase Flow Interfaces	Ransevm	turbulence	partial	T2	src/gui/Dialogs.cpp:232
CFD-UG	Chapter 6: Multiphase Flow Interfaces	L-Vel	multiphase	partial	T2	src/gui/Dialogs.cpp:232
CFD-UG	Chapter 6: Multiphase Flow Interfaces	Bubbly Flow, k-ε	multiphase	partial	T2	src/multiphase/DriftFlux.hpp:12; src/gui/Dialogs.cpp:232
CFD-UG	Chapter 6: Multiphase Flow Interfaces	Ransevm	turbulence	partial	T2	src/gui/Dialogs.cpp:232
CFD-UG	Chapter 6: Multiphase Flow Interfaces	Ransevm	turbulence	partial	T2	src/gui/Dialogs.cpp:232
CFD-UG	Chapter 6: Multiphase Flow Interfaces	Realizable	multiphase	partial	T2	src/turbulence/KEpsilonRealizable.hpp:4; src/gui/Dialogs.cpp:232
CFD-UG	Chapter 6: Multiphase Flow Interfaces	Bubbly Flow, k-ω	multiphase	partial	T2	src/multiphase/DriftFlux.hpp:12; src/gui/Dialogs.cpp:232
CFD-UG	Chapter 6: Multiphase Flow Interfaces	Ransevm	turbulence	partial	T2	src/gui/Dialogs.cpp:232
CFD-UG	Chapter 6: Multiphase Flow Interfaces	Bubbly Flow, SST	turbulence	partial	T1	src/multiphase/DriftFlux.hpp:12; src/gui/Dialogs.cpp:232
CFD-UG	Chapter 6: Multiphase Flow Interfaces	Ransevm	turbulence	partial	T2	src/gui/Dialogs.cpp:232
CFD-UG	Chapter 6: Multiphase Flow Interfaces	Bubbly Flow, Low Re kε	multiphase	partial	T2	src/multiphase/DriftFlux.hpp:12; src/gui/Dialogs.cpp:232
CFD-UG	Chapter 6: Multiphase Flow Interfaces	Ransevm	turbulence	partial	T2	src/gui/Dialogs.cpp:232
CFD-UG	Chapter 6: Multiphase Flow Interfaces	Ransevm	turbulence	partial	T2	src/gui/Dialogs.cpp:232
CFD-UG	Chapter 6: Multiphase Flow Interfaces	Bubbly Flow, v2-f	multiphase	partial	T2	src/multiphase/DriftFlux.hpp:12; src/gui/Dialogs.cpp:232
CFD-UG	Chapter 6: Multiphase Flow Interfaces	Ransevm	turbulence	partial	T2	src/gui/Dialogs.cpp:232
CFD-UG	Chapter 6: Multiphase Flow Interfaces	The Bubbly Flow (	multiphase	partial	T2	src/multiphase/DriftFlux.hpp:12; src/gui/Dialogs.cpp:232
CFD-UG	Chapter 6: Multiphase Flow Interfaces	Mixture Model Interfaces	multiphase	partial	T2	src/gui/Dialogs.cpp:232; src/combustion/FgmFlamelet.hpp:7
CFD-UG	Chapter 6: Multiphase Flow Interfaces	Dispersed	multiphase	partial	T2	src/gui/Dialogs.cpp:232; src/multiphase/DriftFlux.hpp:5
CFD-UG	Chapter 6: Multiphase Flow Interfaces	Phase	multiphase	partial	T2	src/gui/Dialogs.cpp:232
CFD-UG	Chapter 6: Multiphase Flow Interfaces	Slip Model	multiphase	partial	T2	src/gui/Dialogs.cpp:232; src/gui/Dialogs.cpp:323
CFD-UG	Chapter 6: Multiphase Flow Interfaces	Turbulence	turbulence	partial	T2	src/gui/Dialogs.cpp:232
CFD-UG	Chapter 6: Multiphase Flow Interfaces	Model Type	multiphase	partial	T2	src/gui/Dialogs.cpp:232
CFD-UG	Chapter 6: Multiphase Flow Interfaces	Turbulence	turbulence	partial	T2	src/gui/Dialogs.cpp:232
CFD-UG	Chapter 6: Multiphase Flow Interfaces	Solve For	multiphase	partial	T2	src/gui/Dialogs.cpp:232
CFD-UG	Chapter 6: Multiphase Flow Interfaces	Interfacial	multiphase	partial	T2	src/multiphase/EulerianMultifluid.cpp:186; src/gui/Dialogs.cpp:232
CFD-UG	Chapter 6: Multiphase Flow Interfaces	Homogeneous	multiphase	partial	T2	src/gui/Dialogs.cpp:232; src/combustion/TfcModel.hpp:23
CFD-UG	Chapter 6: Multiphase Flow Interfaces	None	multiphase	partial	T2	src/gui/Dialogs.cpp:232; src/combustion/CanteraParser.cpp:143
CFD-UG	Chapter 6: Multiphase Flow Interfaces	Homogeneous	multiphase	partial	T2	src/gui/Dialogs.cpp:232; src/combustion/TfcModel.hpp:23
CFD-UG	Chapter 6: Multiphase Flow Interfaces	Rans-Evm	turbulence	partial	T2	src/gui/Dialogs.cpp:232; src/solver/WallDistance.cpp:9
CFD-UG	Chapter 6: Multiphase Flow Interfaces	Algebraic	multiphase	partial	T2	src/gui/Dialogs.cpp:232; src/combustion/NoxThermalPromptFuel.hpp:12
CFD-UG	Chapter 6: Multiphase Flow Interfaces	Mixture Model, LVEL	multiphase	partial	T2	src/gui/Dialogs.cpp:232; src/combustion/FgmFlamelet.hpp:7
CFD-UG	Chapter 6: Multiphase Flow Interfaces	Homogeneous	multiphase	partial	T2	src/gui/Dialogs.cpp:232; src/combustion/TfcModel.hpp:23
CFD-UG	Chapter 6: Multiphase Flow Interfaces	Rans-Evm	turbulence	partial	T2	src/gui/Dialogs.cpp:232; src/solver/WallDistance.cpp:9
CFD-UG	Chapter 6: Multiphase Flow Interfaces	L-Vel	multiphase	partial	T2	src/gui/Dialogs.cpp:232
CFD-UG	Chapter 6: Multiphase Flow Interfaces	Mixture Model, kε	multiphase	partial	T2	src/gui/Dialogs.cpp:232; src/combustion/FgmFlamelet.hpp:7
CFD-UG	Chapter 6: Multiphase Flow Interfaces	Homogeneous	multiphase	partial	T2	src/gui/Dialogs.cpp:232; src/combustion/TfcModel.hpp:23
CFD-UG	Chapter 6: Multiphase Flow Interfaces	Rans-Evm	turbulence	partial	T2	src/gui/Dialogs.cpp:232; src/solver/WallDistance.cpp:9
CFD-UG	Chapter 6: Multiphase Flow Interfaces	Homogeneous	multiphase	partial	T2	src/gui/Dialogs.cpp:232; src/combustion/TfcModel.hpp:23
CFD-UG	Chapter 6: Multiphase Flow Interfaces	Rans-Evm	turbulence	partial	T2	src/gui/Dialogs.cpp:232; src/solver/WallDistance.cpp:9
CFD-UG	Chapter 6: Multiphase Flow Interfaces	Realizable	multiphase	partial	T2	src/turbulence/KEpsilonRealizable.hpp:4; src/gui/Dialogs.cpp:232
CFD-UG	Chapter 6: Multiphase Flow Interfaces	Mixture Model, kω	multiphase	partial	T2	src/gui/Dialogs.cpp:232; src/combustion/FgmFlamelet.hpp:7
CFD-UG	Chapter 6: Multiphase Flow Interfaces	Homogeneous	multiphase	partial	T2	src/gui/Dialogs.cpp:232; src/combustion/TfcModel.hpp:23
CFD-UG	Chapter 6: Multiphase Flow Interfaces	Rans-Evm	turbulence	partial	T2	src/gui/Dialogs.cpp:232; src/solver/WallDistance.cpp:9
CFD-UG	Chapter 6: Multiphase Flow Interfaces	Homogeneous	multiphase	partial	T2	src/gui/Dialogs.cpp:232; src/combustion/TfcModel.hpp:23
CFD-UG	Chapter 6: Multiphase Flow Interfaces	Rans-Evm	turbulence	partial	T2	src/gui/Dialogs.cpp:232; src/solver/WallDistance.cpp:9
CFD-UG	Chapter 6: Multiphase Flow Interfaces	Physics Interface	multiphase	partial	T2	src/gui/Dialogs.cpp:232; src/combustion/LaminarFiniteRate.cpp:110
CFD-UG	Chapter 6: Multiphase Flow Interfaces	Label	multiphase	partial	T2	src/gui/Dialogs.cpp:232
CFD-UG	Chapter 6: Multiphase Flow Interfaces	Dispersed	multiphase	partial	T2	src/gui/Dialogs.cpp:232; src/multiphase/DriftFlux.hpp:5
CFD-UG	Chapter 6: Multiphase Flow Interfaces	Phase	multiphase	partial	T2	src/gui/Dialogs.cpp:232
CFD-UG	Chapter 6: Multiphase Flow Interfaces	Slip Model	multiphase	partial	T2	src/gui/Dialogs.cpp:232; src/gui/Dialogs.cpp:323
CFD-UG	Chapter 6: Multiphase Flow Interfaces	Turbulence	turbulence	partial	T2	src/gui/Dialogs.cpp:232
CFD-UG	Chapter 6: Multiphase Flow Interfaces	Model Type	multiphase	partial	T2	src/gui/Dialogs.cpp:232
CFD-UG	Chapter 6: Multiphase Flow Interfaces	Turbulence	turbulence	partial	T2	src/gui/Dialogs.cpp:232
CFD-UG	Chapter 6: Multiphase Flow Interfaces	Solve For	multiphase	partial	T2	src/gui/Dialogs.cpp:232
CFD-UG	Chapter 6: Multiphase Flow Interfaces	Interfacial	multiphase	partial	T2	src/multiphase/EulerianMultifluid.cpp:186; src/gui/Dialogs.cpp:232
CFD-UG	Chapter 6: Multiphase Flow Interfaces	Homogeneous	multiphase	partial	T2	src/gui/Dialogs.cpp:232; src/combustion/TfcModel.hpp:23
CFD-UG	Chapter 6: Multiphase Flow Interfaces	Rans-Evm	turbulence	partial	T2	src/gui/Dialogs.cpp:232; src/solver/WallDistance.cpp:9
CFD-UG	Chapter 6: Multiphase Flow Interfaces	Homogeneous	multiphase	partial	T2	src/gui/Dialogs.cpp:232; src/combustion/TfcModel.hpp:23
CFD-UG	Chapter 6: Multiphase Flow Interfaces	Rans-Evm	turbulence	partial	T2	src/gui/Dialogs.cpp:232; src/solver/WallDistance.cpp:9
CFD-UG	Chapter 6: Multiphase Flow Interfaces	Homogeneous	multiphase	partial	T2	src/gui/Dialogs.cpp:232; src/combustion/TfcModel.hpp:23
CFD-UG	Chapter 6: Multiphase Flow Interfaces	Rans-Evm	turbulence	partial	T2	src/gui/Dialogs.cpp:232; src/solver/WallDistance.cpp:9
CFD-UG	Chapter 6: Multiphase Flow Interfaces	The Mixture Model (	multiphase	partial	T2	src/gui/Dialogs.cpp:232; src/combustion/FgmFlamelet.hpp:7
CFD-UG	Chapter 6: Multiphase Flow Interfaces	Euler–Euler Model Interfaces	multiphase	partial	T2	src/gui/Dialogs.cpp:232; src/combustion/EddyDissipationConcept.cpp:70
CFD-UG	Chapter 6: Multiphase Flow Interfaces	Dispersed	multiphase	partial	T2	src/gui/Dialogs.cpp:232; src/multiphase/DriftFlux.hpp:5
CFD-UG	Chapter 6: Multiphase Flow Interfaces	Phase	multiphase	partial	T2	src/gui/Dialogs.cpp:232
CFD-UG	Chapter 6: Multiphase Flow Interfaces	Drag Model	multiphase	partial	T2	src/gui/Dialogs.cpp:232; src/adjoint/DiscreteAdjoint.hpp:8
CFD-UG	Chapter 6: Multiphase Flow Interfaces	Turbulence	turbulence	partial	T2	src/gui/Dialogs.cpp:232
CFD-UG	Chapter 6: Multiphase Flow Interfaces	Model Type	multiphase	partial	T2	src/gui/Dialogs.cpp:232
CFD-UG	Chapter 6: Multiphase Flow Interfaces	Homogeneous	multiphase	partial	T2	src/gui/Dialogs.cpp:232; src/combustion/TfcModel.hpp:23
CFD-UG	Chapter 6: Multiphase Flow Interfaces	None	multiphase	partial	T2	src/gui/Dialogs.cpp:232; src/combustion/CanteraParser.cpp:143
CFD-UG	Chapter 6: Multiphase Flow Interfaces	Homogeneous	multiphase	partial	T2	src/gui/Dialogs.cpp:232; src/combustion/TfcModel.hpp:23
CFD-UG	Chapter 6: Multiphase Flow Interfaces	Rans-Evm	turbulence	partial	T2	src/gui/Dialogs.cpp:232; src/solver/WallDistance.cpp:9
CFD-UG	Chapter 6: Multiphase Flow Interfaces	Algebraic	multiphase	partial	T2	src/gui/Dialogs.cpp:232; src/combustion/NoxThermalPromptFuel.hpp:12
CFD-UG	Chapter 6: Multiphase Flow Interfaces	Homogeneous	multiphase	partial	T2	src/gui/Dialogs.cpp:232; src/combustion/TfcModel.hpp:23
CFD-UG	Chapter 6: Multiphase Flow Interfaces	Rans-Evm	turbulence	partial	T2	src/gui/Dialogs.cpp:232; src/solver/WallDistance.cpp:9
CFD-UG	Chapter 6: Multiphase Flow Interfaces	L-Vel	multiphase	partial	T2	src/gui/Dialogs.cpp:232
CFD-UG	Chapter 6: Multiphase Flow Interfaces	Homogeneous	multiphase	partial	T2	src/gui/Dialogs.cpp:232; src/combustion/TfcModel.hpp:23
CFD-UG	Chapter 6: Multiphase Flow Interfaces	Rans-Evm	turbulence	partial	T2	src/gui/Dialogs.cpp:232; src/solver/WallDistance.cpp:9
CFD-UG	Chapter 6: Multiphase Flow Interfaces	Homogeneous	multiphase	partial	T2	src/gui/Dialogs.cpp:232; src/combustion/TfcModel.hpp:23
CFD-UG	Chapter 6: Multiphase Flow Interfaces	Rans-Evm	turbulence	partial	T2	src/gui/Dialogs.cpp:232; src/solver/WallDistance.cpp:9
CFD-UG	Chapter 6: Multiphase Flow Interfaces	Realizable	multiphase	partial	T2	src/turbulence/KEpsilonRealizable.hpp:4; src/gui/Dialogs.cpp:232
CFD-UG	Chapter 6: Multiphase Flow Interfaces	Homogeneous	multiphase	partial	T2	src/gui/Dialogs.cpp:232; src/combustion/TfcModel.hpp:23
CFD-UG	Chapter 6: Multiphase Flow Interfaces	Rans-Evm	turbulence	partial	T2	src/gui/Dialogs.cpp:232; src/solver/WallDistance.cpp:9
CFD-UG	Chapter 6: Multiphase Flow Interfaces	Homogeneous	multiphase	partial	T2	src/gui/Dialogs.cpp:232; src/combustion/TfcModel.hpp:23
CFD-UG	Chapter 6: Multiphase Flow Interfaces	Rans-Evm	turbulence	partial	T2	src/gui/Dialogs.cpp:232; src/solver/WallDistance.cpp:9
CFD-UG	Chapter 6: Multiphase Flow Interfaces	Homogeneous	multiphase	partial	T2	src/gui/Dialogs.cpp:232; src/combustion/TfcModel.hpp:23
CFD-UG	Chapter 6: Multiphase Flow Interfaces	Rans-Evm	turbulence	partial	T2	src/gui/Dialogs.cpp:232; src/solver/WallDistance.cpp:9
CFD-UG	Chapter 6: Multiphase Flow Interfaces	Homogeneous	multiphase	partial	T2	src/gui/Dialogs.cpp:232; src/combustion/TfcModel.hpp:23
CFD-UG	Chapter 6: Multiphase Flow Interfaces	Rans-Evm	turbulence	partial	T2	src/gui/Dialogs.cpp:232; src/solver/WallDistance.cpp:9
CFD-UG	Chapter 6: Multiphase Flow Interfaces	Homogeneous	multiphase	partial	T2	src/gui/Dialogs.cpp:232; src/combustion/TfcModel.hpp:23
CFD-UG	Chapter 6: Multiphase Flow Interfaces	Rans-Evm	turbulence	partial	T2	src/gui/Dialogs.cpp:232; src/solver/WallDistance.cpp:9
CFD-UG	Chapter 6: Multiphase Flow Interfaces	Two-Phase Flow And Three-Phase Flow Interfaces	multiphase	partial	T2	src/gui/Dialogs.cpp:232; src/cad/Booleans.hpp:6
CFD-UG	Chapter 6: Multiphase Flow Interfaces	Multiphase	multiphase	partial	T2	src/gui/Dialogs.cpp:232
CFD-UG	Chapter 6: Multiphase Flow Interfaces	Flow Model	multiphase	partial	T2	src/gui/Dialogs.cpp:232
CFD-UG	Chapter 6: Multiphase Flow Interfaces	Turbulence	turbulence	partial	T2	src/gui/Dialogs.cpp:232
CFD-UG	Chapter 6: Multiphase Flow Interfaces	Model Type	multiphase	partial	T2	src/gui/Dialogs.cpp:232
CFD-UG	Chapter 6: Multiphase Flow Interfaces	Turbulence	turbulence	partial	T2	src/gui/Dialogs.cpp:232
CFD-UG	Chapter 6: Multiphase Flow Interfaces	Neglect	multiphase	partial	T2	src/gui/Dialogs.cpp:232
CFD-UG	Chapter 6: Multiphase Flow Interfaces	Inertial	multiphase	partial	T2	src/gui/Dialogs.cpp:232; src/dynamics/SixDofCoupler.hpp:17
CFD-UG	Chapter 6: Multiphase Flow Interfaces	Flow)	multiphase	partial	T2	src/gui/Dialogs.cpp:232
CFD-UG	Chapter 6: Multiphase Flow Interfaces	None	multiphase	partial	T2	src/gui/Dialogs.cpp:232; src/combustion/CanteraParser.cpp:143
CFD-UG	Chapter 6: Multiphase Flow Interfaces	Rans-Evm	turbulence	partial	T2	src/gui/Dialogs.cpp:232; src/solver/WallDistance.cpp:9
CFD-UG	Chapter 6: Multiphase Flow Interfaces	Algebraic	multiphase	partial	T2	src/gui/Dialogs.cpp:232; src/combustion/NoxThermalPromptFuel.hpp:12
CFD-UG	Chapter 6: Multiphase Flow Interfaces	Rans-Evm	turbulence	partial	T2	src/gui/Dialogs.cpp:232; src/solver/WallDistance.cpp:9
CFD-UG	Chapter 6: Multiphase Flow Interfaces	L-Vel	multiphase	partial	T2	src/gui/Dialogs.cpp:232
CFD-UG	Chapter 6: Multiphase Flow Interfaces	Rans-Evm	turbulence	partial	T2	src/gui/Dialogs.cpp:232; src/solver/WallDistance.cpp:9
CFD-UG	Chapter 6: Multiphase Flow Interfaces	Rans-Evm	turbulence	partial	T2	src/gui/Dialogs.cpp:232; src/solver/WallDistance.cpp:9
CFD-UG	Chapter 6: Multiphase Flow Interfaces	Realizable	multiphase	partial	T2	src/turbulence/KEpsilonRealizable.hpp:4; src/gui/Dialogs.cpp:232
CFD-UG	Chapter 6: Multiphase Flow Interfaces	Rans-Evm	turbulence	partial	T2	src/gui/Dialogs.cpp:232; src/solver/WallDistance.cpp:9
CFD-UG	Chapter 6: Multiphase Flow Interfaces	Rans-Evm	turbulence	partial	T2	src/gui/Dialogs.cpp:232; src/solver/WallDistance.cpp:9
CFD-UG	Chapter 6: Multiphase Flow Interfaces	Rans-Evm	turbulence	partial	T2	src/gui/Dialogs.cpp:232; src/solver/WallDistance.cpp:9
CFD-UG	Chapter 6: Multiphase Flow Interfaces	Rans-Evm	turbulence	partial	T2	src/gui/Dialogs.cpp:232; src/solver/WallDistance.cpp:9
CFD-UG	Chapter 6: Multiphase Flow Interfaces	Rans-Evm	turbulence	partial	T2	src/gui/Dialogs.cpp:232; src/solver/WallDistance.cpp:9
CFD-UG	Chapter 6: Multiphase Flow Interfaces	Multiphase	multiphase	partial	T2	src/gui/Dialogs.cpp:232
CFD-UG	Chapter 6: Multiphase Flow Interfaces	Flow Model	multiphase	partial	T2	src/gui/Dialogs.cpp:232
CFD-UG	Chapter 6: Multiphase Flow Interfaces	Turbulence	turbulence	partial	T2	src/gui/Dialogs.cpp:232
CFD-UG	Chapter 6: Multiphase Flow Interfaces	Model Type	multiphase	partial	T2	src/gui/Dialogs.cpp:232
CFD-UG	Chapter 6: Multiphase Flow Interfaces	Turbulence	turbulence	partial	T2	src/gui/Dialogs.cpp:232
CFD-UG	Chapter 6: Multiphase Flow Interfaces	Model Type	multiphase	partial	T2	src/gui/Dialogs.cpp:232
CFD-UG	Chapter 6: Multiphase Flow Interfaces	Neglect	multiphase	partial	T2	src/gui/Dialogs.cpp:232
CFD-UG	Chapter 6: Multiphase Flow Interfaces	Inertial	multiphase	partial	T2	src/gui/Dialogs.cpp:232; src/dynamics/SixDofCoupler.hpp:17
CFD-UG	Chapter 6: Multiphase Flow Interfaces	Flow)	multiphase	partial	T2	src/gui/Dialogs.cpp:232
CFD-UG	Chapter 6: Multiphase Flow Interfaces	None	multiphase	partial	T2	src/gui/Dialogs.cpp:232; src/combustion/CanteraParser.cpp:143
CFD-UG	Chapter 6: Multiphase Flow Interfaces	Rans-Evm	turbulence	partial	T2	src/gui/Dialogs.cpp:232; src/solver/WallDistance.cpp:9
CFD-UG	Chapter 6: Multiphase Flow Interfaces	Algebraic	multiphase	partial	T2	src/gui/Dialogs.cpp:232; src/combustion/NoxThermalPromptFuel.hpp:12
CFD-UG	Chapter 6: Multiphase Flow Interfaces	Rans-Evm	turbulence	partial	T2	src/gui/Dialogs.cpp:232; src/solver/WallDistance.cpp:9
CFD-UG	Chapter 6: Multiphase Flow Interfaces	L-Vel	multiphase	partial	T2	src/gui/Dialogs.cpp:232
CFD-UG	Chapter 6: Multiphase Flow Interfaces	Rans-Evm	turbulence	partial	T2	src/gui/Dialogs.cpp:232; src/solver/WallDistance.cpp:9
CFD-UG	Chapter 6: Multiphase Flow Interfaces	Rans-Evm	turbulence	partial	T2	src/gui/Dialogs.cpp:232; src/solver/WallDistance.cpp:9
CFD-UG	Chapter 6: Multiphase Flow Interfaces	Realizable	multiphase	partial	T2	src/turbulence/KEpsilonRealizable.hpp:4; src/gui/Dialogs.cpp:232
CFD-UG	Chapter 6: Multiphase Flow Interfaces	Rans-Evm	turbulence	partial	T2	src/gui/Dialogs.cpp:232; src/solver/WallDistance.cpp:9
CFD-UG	Chapter 6: Multiphase Flow Interfaces	Rans-Evm	turbulence	partial	T2	src/gui/Dialogs.cpp:232; src/solver/WallDistance.cpp:9
CFD-UG	Chapter 6: Multiphase Flow Interfaces	Rans-Evm	turbulence	partial	T2	src/gui/Dialogs.cpp:232; src/solver/WallDistance.cpp:9
CFD-UG	Chapter 6: Multiphase Flow Interfaces	Rans-Evm	turbulence	partial	T2	src/gui/Dialogs.cpp:232; src/solver/WallDistance.cpp:9
CFD-UG	Chapter 6: Multiphase Flow Interfaces	Rans-Evm	turbulence	partial	T2	src/gui/Dialogs.cpp:232; src/solver/WallDistance.cpp:9
CFD-UG	Chapter 6: Multiphase Flow Interfaces	Two-phase thinfilm flow phase	multiphase	partial	T2	src/gui/Dialogs.cpp:232
CFD-UG	Chapter 6: Multiphase Flow Interfaces	None	multiphase	partial	T2	src/gui/Dialogs.cpp:232; src/combustion/CanteraParser.cpp:143
CFD-UG	Chapter 6: Multiphase Flow Interfaces	Three-phase	multiphase	partial	T2	src/gui/Dialogs.cpp:232; src/cad/Booleans.hpp:6
CFD-UG	Chapter 6: Multiphase Flow Interfaces	None	multiphase	partial	T2	src/gui/Dialogs.cpp:232; src/combustion/CanteraParser.cpp:143
CFD-UG	Chapter 6: Multiphase Flow Interfaces	Multiphase	multiphase	partial	T2	src/gui/Dialogs.cpp:232
CFD-UG	Chapter 6: Multiphase Flow Interfaces	Flow Model	multiphase	partial	T2	src/gui/Dialogs.cpp:232
CFD-UG	Chapter 6: Multiphase Flow Interfaces	Compressibility	multiphase	partial	T2	src/gui/Dialogs.cpp:232
CFD-UG	Chapter 6: Multiphase Flow Interfaces	Neglect	multiphase	partial	T2	src/gui/Dialogs.cpp:232
CFD-UG	Chapter 6: Multiphase Flow Interfaces	Incompressible	multiphase	partial	T2	src/gui/Dialogs.cpp:232; src/acoustics/CurleAcoustics.hpp:26
CFD-UG	Chapter 6: Multiphase Flow Interfaces	Three-Phase Flow, Phase Field	multiphase	partial	T2	src/gui/Dialogs.cpp:232; src/cad/Booleans.hpp:6
CFD-UG	Chapter 6: Multiphase Flow Interfaces	Coupling to Other Physics Interfaces	multiphase	partial	T2	src/gui/Dialogs.cpp:232; src/combustion/LaminarFiniteRate.cpp:110
CFD-UG	Chapter 6: Multiphase Flow Interfaces	The Two-Phase Flow, Level Set and	multiphase	partial	T2	src/gui/Dialogs.cpp:232
CFD-UG	Chapter 6: Multiphase Flow Interfaces	This section includes the following topics:	turbulence	partial	T2	src/combustion/ThermoNasaParser.hpp:57; src/gui/Dialogs.cpp:232
CFD-UG	Chapter 6: Multiphase Flow Interfaces	Interface Properties	multiphase	partial	T2	src/gui/Dialogs.cpp:232; src/cad/CMakeLists.txt:42
CFD-UG	Chapter 6: Multiphase Flow Interfaces	Discretization	multiphase	partial	T2	src/solver/Solver.hpp:26; src/gui/Dialogs.cpp:232
CFD-UG	Chapter 6: Multiphase Flow Interfaces	Flow > Two-Phase Flow, Level Set branch (	multiphase	partial	T2	src/gui/Dialogs.cpp:232; src/io/GmshReader.cpp:10
CFD-UG	Chapter 6: Multiphase Flow Interfaces	Interface Properties	multiphase	partial	T2	src/gui/Dialogs.cpp:232; src/cad/CMakeLists.txt:42
CFD-UG	Chapter 6: Multiphase Flow Interfaces	Turbulence Model	turbulence	partial	T2	src/gui/Dialogs.cpp:232
CFD-UG	Chapter 6: Multiphase Flow Interfaces	The Two-Phase Flow, Level Set Coupling Feature	multiphase	partial	T2	src/cad/FeatureEdges.cpp:148; src/gui/Dialogs.cpp:232
CFD-UG	Chapter 6: Multiphase Flow Interfaces	The Label is the default multiphysics coupling feature name.	multiphase	partial	T2	src/cad/FeatureEdges.cpp:148; src/gui/Dialogs.cpp:232
CFD-UG	Chapter 6: Multiphase Flow Interfaces	Domain Selection	multiphase	partial	T2	src/gui/Dialogs.cpp:232
CFD-UG	Chapter 6: Multiphase Flow Interfaces	Coupled Interfaces	multiphase	partial	T1	src/gui/Dialogs.cpp:232; src/gui/DiagnosticsPanel.cpp:59
CFD-UG	Chapter 6: Multiphase Flow Interfaces	Model Inputs	multiphase	partial	T2	src/gui/Dialogs.cpp:232
CFD-UG	Chapter 6: Multiphase Flow Interfaces	Temperature	multiphase	partial	T2	src/gui/Dialogs.cpp:232
CFD-UG	Chapter 6: Multiphase Flow Interfaces	Absolute Pressure	multiphase	partial	T2	src/solver/DualTimeStepping.hpp:33; src/gui/Dialogs.cpp:232
CFD-UG	Chapter 6: Multiphase Flow Interfaces	Fluid Properties	multiphase	partial	T2	src/gui/Dialogs.cpp:232; src/cad/CMakeLists.txt:42
CFD-UG	Chapter 6: Multiphase Flow Interfaces	Advanced Settings	multiphase	partial	T2	src/gui/Dialogs.cpp:232; src/combustion/TransportedPdf.hpp:8
CFD-UG	Chapter 6: Multiphase Flow Interfaces	Surface Tension	multiphase	partial	T2	src/gui/Dialogs.cpp:232; src/multiphase/PlicReconstruction.hpp:24
CFD-UG	Chapter 6: Multiphase Flow Interfaces	The Label is the default multiphysics coupling feature name.	multiphase	partial	T2	src/cad/FeatureEdges.cpp:148; src/gui/Dialogs.cpp:232
CFD-UG	Chapter 6: Multiphase Flow Interfaces	Boundary Selection	multiphase	partial	T2	src/gui/Dialogs.cpp:232
CFD-UG	Chapter 6: Multiphase Flow Interfaces	Coupled Interfaces	multiphase	partial	T1	src/gui/Dialogs.cpp:232; src/gui/DiagnosticsPanel.cpp:59
CFD-UG	Chapter 6: Multiphase Flow Interfaces	Wall Movement	multiphase	partial	T1	src/gui/Dialogs.cpp:232
CFD-UG	Chapter 6: Multiphase Flow Interfaces	Wetted Wall	multiphase	partial	T1	src/dynamics/SixDof.hpp:6; src/gui/Dialogs.cpp:232
CFD-UG	Chapter 6: Multiphase Flow Interfaces	Coupled Interfaces	multiphase	partial	T1	src/gui/Dialogs.cpp:232; src/gui/DiagnosticsPanel.cpp:59
CFD-UG	Chapter 6: Multiphase Flow Interfaces	Wall Movement	multiphase	partial	T1	src/gui/Dialogs.cpp:232
CFD-UG	Chapter 6: Multiphase Flow Interfaces	Boundary Selection	multiphase	partial	T2	src/gui/Dialogs.cpp:232
CFD-UG	Chapter 6: Multiphase Flow Interfaces	Wetted Wall	multiphase	partial	T1	src/dynamics/SixDof.hpp:6; src/gui/Dialogs.cpp:232
CFD-UG	Chapter 6: Multiphase Flow Interfaces	Wetted Wall	multiphase	partial	T1	src/dynamics/SixDof.hpp:6; src/gui/Dialogs.cpp:232
CFD-UG	Chapter 6: Multiphase Flow Interfaces	Interface Properties	multiphase	partial	T2	src/gui/Dialogs.cpp:232; src/cad/CMakeLists.txt:42
CFD-UG	Chapter 6: Multiphase Flow Interfaces	Turbulence Model	turbulence	partial	T2	src/gui/Dialogs.cpp:232
CFD-UG	Chapter 6: Multiphase Flow Interfaces	Discretization	multiphase	partial	T2	src/solver/Solver.hpp:26; src/gui/Dialogs.cpp:232
CFD-UG	Chapter 6: Multiphase Flow Interfaces	Interface Properties	multiphase	partial	T2	src/gui/Dialogs.cpp:232; src/cad/CMakeLists.txt:42
CFD-UG	Chapter 6: Multiphase Flow Interfaces	Turbulence Model	turbulence	partial	T2	src/gui/Dialogs.cpp:232
CFD-UG	Chapter 6: Multiphase Flow Interfaces	The Label is the default multiphysics coupling feature name.	multiphase	partial	T2	src/cad/FeatureEdges.cpp:148; src/gui/Dialogs.cpp:232
CFD-UG	Chapter 6: Multiphase Flow Interfaces	Domain Selection	multiphase	partial	T2	src/gui/Dialogs.cpp:232
CFD-UG	Chapter 6: Multiphase Flow Interfaces	Coupled Interfaces	multiphase	partial	T1	src/gui/Dialogs.cpp:232; src/gui/DiagnosticsPanel.cpp:59
CFD-UG	Chapter 6: Multiphase Flow Interfaces	Model Inputs	multiphase	partial	T2	src/gui/Dialogs.cpp:232
CFD-UG	Chapter 6: Multiphase Flow Interfaces	Temperature	multiphase	partial	T2	src/gui/Dialogs.cpp:232
CFD-UG	Chapter 6: Multiphase Flow Interfaces	Absolute Pressure	multiphase	partial	T2	src/solver/DualTimeStepping.hpp:33; src/gui/Dialogs.cpp:232
CFD-UG	Chapter 6: Multiphase Flow Interfaces	Multiphase Material in the COMSOL Multiphysics Reference Manual	multiphase	partial	T2	src/gui/Dialogs.cpp:232; src/cad/FeatureEdges.hpp:9
CFD-UG	Chapter 6: Multiphase Flow Interfaces	Fluid Properties	multiphase	partial	T2	src/gui/Dialogs.cpp:232; src/cad/CMakeLists.txt:42
CFD-UG	Chapter 6: Multiphase Flow Interfaces	Advanced Settings	multiphase	partial	T2	src/gui/Dialogs.cpp:232; src/combustion/TransportedPdf.hpp:8
CFD-UG	Chapter 6: Multiphase Flow Interfaces	Surface Tension	multiphase	partial	T2	src/gui/Dialogs.cpp:232; src/multiphase/PlicReconstruction.hpp:24
CFD-UG	Chapter 6: Multiphase Flow Interfaces	Domain, Boundary, Point, and Pair Nodes for the Laminar and	turbulence	partial	T2	src/gui/Dialogs.cpp:232; src/combustion/EddyDissipationConcept.hpp:15
CFD-UG	Chapter 6: Multiphase Flow Interfaces	Laminar Flow	multiphase	partial	T2	src/gui/Dialogs.cpp:232; src/combustion/EddyDissipationConcept.hpp:15
CFD-UG	Chapter 6: Multiphase Flow Interfaces	Turbulent Flow	turbulence	partial	T2	src/gui/Dialogs.cpp:232; src/combustion/GEquation.cpp:51
CFD-UG	Chapter 6: Multiphase Flow Interfaces	Level Set	multiphase	partial	T2	src/gui/Dialogs.cpp:232
CFD-UG	Chapter 6: Multiphase Flow Interfaces	Phase Field In Fluids	multiphase	partial	T2	src/multiphase/VolumeOfFluid.hpp:4; src/gui/Dialogs.cpp:232
CFD-UG	Chapter 6: Multiphase Flow Interfaces	This section includes the following topics:	turbulence	partial	T2	src/combustion/ThermoNasaParser.hpp:57; src/gui/Dialogs.cpp:232
CFD-UG	Chapter 6: Multiphase Flow Interfaces	Interface Properties	multiphase	partial	T2	src/gui/Dialogs.cpp:232; src/cad/CMakeLists.txt:42
CFD-UG	Chapter 6: Multiphase Flow Interfaces	Discretization	multiphase	partial	T2	src/solver/Solver.hpp:26; src/gui/Dialogs.cpp:232
CFD-UG	Chapter 6: Multiphase Flow Interfaces	Interface Properties	multiphase	partial	T2	src/gui/Dialogs.cpp:232; src/cad/CMakeLists.txt:42
CFD-UG	Chapter 6: Multiphase Flow Interfaces	Discretization	multiphase	partial	T2	src/solver/Solver.hpp:26; src/gui/Dialogs.cpp:232
CFD-UG	Chapter 6: Multiphase Flow Interfaces	Interface Properties	multiphase	partial	T2	src/gui/Dialogs.cpp:232; src/cad/CMakeLists.txt:42
CFD-UG	Chapter 6: Multiphase Flow Interfaces	Discretization	multiphase	partial	T2	src/solver/Solver.hpp:26; src/gui/Dialogs.cpp:232
CFD-UG	Chapter 6: Multiphase Flow Interfaces	The Label is the default multiphysics coupling feature name.	multiphase	partial	T2	src/cad/FeatureEdges.cpp:148; src/gui/Dialogs.cpp:232
CFD-UG	Chapter 6: Multiphase Flow Interfaces	Domain Selection	multiphase	partial	T2	src/gui/Dialogs.cpp:232
CFD-UG	Chapter 6: Multiphase Flow Interfaces	Coupled Interfaces	multiphase	partial	T1	src/gui/Dialogs.cpp:232; src/gui/DiagnosticsPanel.cpp:59
CFD-UG	Chapter 6: Multiphase Flow Interfaces	Model Inputs	multiphase	partial	T2	src/gui/Dialogs.cpp:232
CFD-UG	Chapter 6: Multiphase Flow Interfaces	Temperature	multiphase	partial	T2	src/gui/Dialogs.cpp:232
CFD-UG	Chapter 6: Multiphase Flow Interfaces	Fluid Properties	multiphase	partial	T2	src/gui/Dialogs.cpp:232; src/cad/CMakeLists.txt:42
CFD-UG	Chapter 6: Multiphase Flow Interfaces	Advanced Settings	multiphase	partial	T2	src/gui/Dialogs.cpp:232; src/combustion/TransportedPdf.hpp:8
CFD-UG	Chapter 6: Multiphase Flow Interfaces	Surface Tension	multiphase	partial	T2	src/gui/Dialogs.cpp:232; src/multiphase/PlicReconstruction.hpp:24
CFD-UG	Chapter 6: Multiphase Flow Interfaces	Phase Field In Fluids	multiphase	partial	T2	src/multiphase/VolumeOfFluid.hpp:4; src/gui/Dialogs.cpp:232
CFD-UG	Chapter 6: Multiphase Flow Interfaces	The Three-Phase Flow, Phase Field	multiphase	partial	T2	src/gui/Dialogs.cpp:232; src/cad/Booleans.hpp:6
CFD-UG	Chapter 6: Multiphase Flow Interfaces	The Label is the default multiphysics coupling feature name.	multiphase	partial	T2	src/cad/FeatureEdges.cpp:148; src/gui/Dialogs.cpp:232
CFD-UG	Chapter 6: Multiphase Flow Interfaces	Domain Selection	multiphase	partial	T2	src/gui/Dialogs.cpp:232
CFD-UG	Chapter 6: Multiphase Flow Interfaces	Model Inputs	multiphase	partial	T2	src/gui/Dialogs.cpp:232
CFD-UG	Chapter 6: Multiphase Flow Interfaces	Temperature	multiphase	partial	T2	src/gui/Dialogs.cpp:232
CFD-UG	Chapter 6: Multiphase Flow Interfaces	Absolute Pressure	multiphase	partial	T2	src/solver/DualTimeStepping.hpp:33; src/gui/Dialogs.cpp:232
CFD-UG	Chapter 6: Multiphase Flow Interfaces	Fluid Properties	multiphase	partial	T2	src/gui/Dialogs.cpp:232; src/cad/CMakeLists.txt:42
CFD-UG	Chapter 6: Multiphase Flow Interfaces	Coupled Interfaces	multiphase	partial	T1	src/gui/Dialogs.cpp:232; src/gui/DiagnosticsPanel.cpp:59
CFD-UG	Chapter 6: Multiphase Flow Interfaces	Laminar Flow	multiphase	partial	T2	src/gui/Dialogs.cpp:232; src/combustion/EddyDissipationConcept.hpp:15
CFD-UG	Chapter 6: Multiphase Flow Interfaces	Ternary Phase-Field	multiphase	partial	T2	src/gui/Dialogs.cpp:232
CFD-UG	Chapter 6: Multiphase Flow Interfaces	T he L a m i na r Two- Ph ase Fl ow, Mov i n g	multiphase	partial	T2	src/gui/Dialogs.cpp:232
CFD-UG	Chapter 6: Multiphase Flow Interfaces	Physical Model	multiphase	partial	T2	src/gui/Dialogs.cpp:232; src/io/GmshReader.cpp:140
CFD-UG	Chapter 6: Multiphase Flow Interfaces	Deforming Domain	multiphase	partial	T2	src/core/IWallDistanceService.hpp:31; src/gui/Dialogs.cpp:232
CFD-UG	Chapter 6: Multiphase Flow Interfaces	Fluid–Fluid Interface	multiphase	partial	T2	src/gui/Dialogs.cpp:232
CFD-UG	Chapter 6: Multiphase Flow Interfaces	Model Input	multiphase	partial	T2	src/gui/Dialogs.cpp:232
CFD-UG	Chapter 6: Multiphase Flow Interfaces	Surface Tension	multiphase	partial	T2	src/gui/Dialogs.cpp:232; src/multiphase/PlicReconstruction.hpp:24
CFD-UG	Chapter 6: Multiphase Flow Interfaces	Mass Flux	multiphase	partial	T2	src/gui/Dialogs.cpp:232
CFD-UG	Chapter 6: Multiphase Flow Interfaces	Normal Direction	multiphase	partial	T2	src/gui/Dialogs.cpp:232
CFD-UG	Chapter 6: Multiphase Flow Interfaces	Free Surface	multiphase	partial	T2	src/gui/Dialogs.cpp:232
CFD-UG	Chapter 6: Multiphase Flow Interfaces	Model Input	multiphase	partial	T2	src/gui/Dialogs.cpp:232
CFD-UG	Chapter 6: Multiphase Flow Interfaces	Free Surface	multiphase	partial	T2	src/gui/Dialogs.cpp:232
CFD-UG	Chapter 6: Multiphase Flow Interfaces	Surface Tension	multiphase	partial	T2	src/gui/Dialogs.cpp:232; src/multiphase/PlicReconstruction.hpp:24
CFD-UG	Chapter 6: Multiphase Flow Interfaces	Mass Flux	multiphase	partial	T2	src/gui/Dialogs.cpp:232
CFD-UG	Chapter 6: Multiphase Flow Interfaces	Normal Wall Velocity	multiphase	partial	T1	src/gui/Dialogs.cpp:232
CFD-UG	Chapter 6: Multiphase Flow Interfaces	The Bubbly Flow Interfaces	multiphase	partial	T2	src/multiphase/DriftFlux.hpp:12; src/gui/Dialogs.cpp:232
CFD-UG	Chapter 6: Multiphase Flow Interfaces	The Label is the default physics interface name.	multiphase	partial	T2	src/gui/Dialogs.cpp:232; src/combustion/LaminarFiniteRate.cpp:110
CFD-UG	Chapter 6: Multiphase Flow Interfaces	Physical Model	multiphase	partial	T2	src/gui/Dialogs.cpp:232; src/io/GmshReader.cpp:140
CFD-UG	Chapter 6: Multiphase Flow Interfaces	Low Gas Concentration	multiphase	partial	T2	src/core/BoundaryConditionRegistry.hpp:18; src/gui/Dialogs.cpp:232
CFD-UG	Chapter 6: Multiphase Flow Interfaces	Solve for Interfacial Area	multiphase	partial	T2	src/multiphase/EulerianMultifluid.cpp:186; src/gui/Dialogs.cpp:232
CFD-UG	Chapter 6: Multiphase Flow Interfaces	Reference Values	multiphase	partial	T2	src/gui/Dialogs.cpp:232
CFD-UG	Chapter 6: Multiphase Flow Interfaces	Swirl Flow	multiphase	partial	T2	src/particles/ConeInjector.cpp:36; src/gui/Dialogs.cpp:232
CFD-UG	Chapter 6: Multiphase Flow Interfaces	Turbulence	turbulence	partial	T2	src/gui/Dialogs.cpp:232
CFD-UG	Chapter 6: Multiphase Flow Interfaces	Consistent Stabilization And Inconsistent Stabilization	multiphase	partial	T2	src/gui/Dialogs.cpp:232; src/core/Command.hpp:92
CFD-UG	Chapter 6: Multiphase Flow Interfaces	Advanced Settings	multiphase	partial	T2	src/gui/Dialogs.cpp:232; src/combustion/TransportedPdf.hpp:8
CFD-UG	Chapter 6: Multiphase Flow Interfaces	Turbulence	turbulence	partial	T2	src/gui/Dialogs.cpp:232
CFD-UG	Chapter 6: Multiphase Flow Interfaces	Wall Treatment	bc	partial	T1	src/multiphase/VolumeOfFluid.hpp:10; src/gui/Dialogs.cpp:232
CFD-UG	Chapter 6: Multiphase Flow Interfaces	Edit Turbulence Model Parameters	turbulence	partial	T2	src/gui/Dialogs.cpp:232; src/cad/PersistentIdManager.hpp:11
CFD-UG	Chapter 6: Multiphase Flow Interfaces	The Bubbly Flow, L-VEL Interface	multiphase	partial	T2	src/multiphase/DriftFlux.hpp:12; src/gui/Dialogs.cpp:232
CFD-UG	Chapter 6: Multiphase Flow Interfaces	Turbulence	turbulence	partial	T2	src/gui/Dialogs.cpp:232
CFD-UG	Chapter 6: Multiphase Flow Interfaces	Wall Treatment	bc	partial	T1	src/multiphase/VolumeOfFluid.hpp:10; src/gui/Dialogs.cpp:232
CFD-UG	Chapter 6: Multiphase Flow Interfaces	Edit Turbulence Model Parameters	turbulence	partial	T2	src/gui/Dialogs.cpp:232; src/cad/PersistentIdManager.hpp:11
CFD-UG	Chapter 6: Multiphase Flow Interfaces	Turbulence	turbulence	partial	T2	src/gui/Dialogs.cpp:232
CFD-UG	Chapter 6: Multiphase Flow Interfaces	Wall Treatment	bc	partial	T1	src/multiphase/VolumeOfFluid.hpp:10; src/gui/Dialogs.cpp:232
CFD-UG	Chapter 6: Multiphase Flow Interfaces	Edit Turbulence Model Parameters	turbulence	partial	T2	src/gui/Dialogs.cpp:232; src/cad/PersistentIdManager.hpp:11
CFD-UG	Chapter 6: Multiphase Flow Interfaces	Consistent And Inconsistent Stabilization	multiphase	partial	T2	src/gui/Dialogs.cpp:232; src/core/Command.hpp:92
CFD-UG	Chapter 6: Multiphase Flow Interfaces	Advanced Settings	multiphase	partial	T2	src/gui/Dialogs.cpp:232; src/combustion/TransportedPdf.hpp:8
CFD-UG	Chapter 6: Multiphase Flow Interfaces	Turbulence	turbulence	partial	T2	src/gui/Dialogs.cpp:232
CFD-UG	Chapter 6: Multiphase Flow Interfaces	Wall Treatment	bc	partial	T1	src/multiphase/VolumeOfFluid.hpp:10; src/gui/Dialogs.cpp:232
CFD-UG	Chapter 6: Multiphase Flow Interfaces	Edit Turbulence Model Parameters	turbulence	partial	T2	src/gui/Dialogs.cpp:232; src/cad/PersistentIdManager.hpp:11
CFD-UG	Chapter 6: Multiphase Flow Interfaces	The Bubbly Flow, k-ω Interface	multiphase	partial	T2	src/multiphase/DriftFlux.hpp:12; src/gui/Dialogs.cpp:232
CFD-UG	Chapter 6: Multiphase Flow Interfaces	Turbulence	turbulence	partial	T2	src/gui/Dialogs.cpp:232
CFD-UG	Chapter 6: Multiphase Flow Interfaces	Wall Treatment	bc	partial	T1	src/multiphase/VolumeOfFluid.hpp:10; src/gui/Dialogs.cpp:232
CFD-UG	Chapter 6: Multiphase Flow Interfaces	Edit Turbulence Model Parameters	turbulence	partial	T2	src/gui/Dialogs.cpp:232; src/cad/PersistentIdManager.hpp:11
CFD-UG	Chapter 6: Multiphase Flow Interfaces	Turbulence	turbulence	partial	T2	src/gui/Dialogs.cpp:232
CFD-UG	Chapter 6: Multiphase Flow Interfaces	Wall Treatment	bc	partial	T1	src/multiphase/VolumeOfFluid.hpp:10; src/gui/Dialogs.cpp:232
CFD-UG	Chapter 6: Multiphase Flow Interfaces	Edit Turbulence Model Parameters	turbulence	partial	T2	src/gui/Dialogs.cpp:232; src/cad/PersistentIdManager.hpp:11
CFD-UG	Chapter 6: Multiphase Flow Interfaces	Turbulence	turbulence	partial	T2	src/gui/Dialogs.cpp:232
CFD-UG	Chapter 6: Multiphase Flow Interfaces	Wall Treatment	bc	partial	T1	src/multiphase/VolumeOfFluid.hpp:10; src/gui/Dialogs.cpp:232
CFD-UG	Chapter 6: Multiphase Flow Interfaces	Edit Turbulence Model Parameters	turbulence	partial	T2	src/gui/Dialogs.cpp:232; src/cad/PersistentIdManager.hpp:11
CFD-UG	Chapter 6: Multiphase Flow Interfaces	Turbulence	turbulence	partial	T2	src/gui/Dialogs.cpp:232
CFD-UG	Chapter 6: Multiphase Flow Interfaces	Wall Treatment	bc	partial	T1	src/multiphase/VolumeOfFluid.hpp:10; src/gui/Dialogs.cpp:232
CFD-UG	Chapter 6: Multiphase Flow Interfaces	Edit Turbulence Model Parameters	turbulence	partial	T2	src/gui/Dialogs.cpp:232; src/cad/PersistentIdManager.hpp:11
CFD-UG	Chapter 6: Multiphase Flow Interfaces	Turbulence	turbulence	partial	T2	src/gui/Dialogs.cpp:232
CFD-UG	Chapter 6: Multiphase Flow Interfaces	Wall Treatment	bc	partial	T1	src/multiphase/VolumeOfFluid.hpp:10; src/gui/Dialogs.cpp:232
CFD-UG	Chapter 6: Multiphase Flow Interfaces	Edit Turbulence Model Parameters	turbulence	partial	T2	src/gui/Dialogs.cpp:232; src/cad/PersistentIdManager.hpp:11
CFD-UG	Chapter 6: Multiphase Flow Interfaces	Domain and Boundary Nodes for Bubbly Flow	turbulence	partial	T2	src/multiphase/DriftFlux.hpp:12; src/gui/Dialogs.cpp:232
CFD-UG	Chapter 6: Multiphase Flow Interfaces	Boundary	multiphase	partial	T2	src/gui/Dialogs.cpp:232
CFD-UG	Chapter 6: Multiphase Flow Interfaces	Fluid Properties	multiphase	partial	T2	src/gui/Dialogs.cpp:232; src/cad/CMakeLists.txt:42
CFD-UG	Chapter 6: Multiphase Flow Interfaces	Model Inputs	multiphase	partial	T2	src/gui/Dialogs.cpp:232
CFD-UG	Chapter 6: Multiphase Flow Interfaces	Temperature	multiphase	partial	T2	src/gui/Dialogs.cpp:232
CFD-UG	Chapter 6: Multiphase Flow Interfaces	Absolute Pressure	multiphase	partial	T2	src/solver/DualTimeStepping.hpp:33; src/gui/Dialogs.cpp:232
CFD-UG	Chapter 6: Multiphase Flow Interfaces	Gas Properties	multiphase	partial	T2	src/gui/Dialogs.cpp:232; src/cad/CMakeLists.txt:42
CFD-UG	Chapter 6: Multiphase Flow Interfaces	Slip Model	multiphase	partial	T2	src/gui/Dialogs.cpp:232; src/gui/Dialogs.cpp:323
CFD-UG	Chapter 6: Multiphase Flow Interfaces	Distance Equation	multiphase	partial	T2	src/gui/Dialogs.cpp:232
CFD-UG	Chapter 6: Multiphase Flow Interfaces	Mass Transfer	turbulence	partial	T2	src/gui/Dialogs.cpp:232; src/cad/IgesReader.cpp:45
CFD-UG	Chapter 6: Multiphase Flow Interfaces	Mass Transfer	turbulence	partial	T2	src/gui/Dialogs.cpp:232; src/cad/IgesReader.cpp:45
CFD-UG	Chapter 6: Multiphase Flow Interfaces	Nonequilibrium Model	combustion	partial	T2	src/gui/Dialogs.cpp:232
CFD-UG	Chapter 6: Multiphase Flow Interfaces	Gravity	multiphase	partial	T2	src/gui/Dialogs.cpp:232; src/dynamics/SixDof.cpp:72
CFD-UG	Chapter 6: Multiphase Flow Interfaces	Gravity	multiphase	partial	T2	src/gui/Dialogs.cpp:232; src/dynamics/SixDof.cpp:72
CFD-UG	Chapter 6: Multiphase Flow Interfaces	Initial Values	multiphase	partial	T2	src/gui/Dialogs.cpp:232; src/core/ThreadPool.cpp:57
CFD-UG	Chapter 6: Multiphase Flow Interfaces	Initial Values	multiphase	partial	T2	src/gui/Dialogs.cpp:232; src/core/ThreadPool.cpp:57
CFD-UG	Chapter 6: Multiphase Flow Interfaces	Wall	multiphase	partial	T1	src/gui/Dialogs.cpp:232
CFD-UG	Chapter 6: Multiphase Flow Interfaces	No Slip	multiphase	partial	T2	src/gui/Dialogs.cpp:232; src/gui/Dialogs.cpp:323
CFD-UG	Chapter 6: Multiphase Flow Interfaces	Gas Boundary Condition	bc	partial	T1	src/gui/Dialogs.cpp:232; src/core/BoundaryConditionRegistry.hpp:13
CFD-UG	Chapter 6: Multiphase Flow Interfaces	Gas Concentration	multiphase	partial	T2	src/core/BoundaryConditionRegistry.hpp:18; src/gui/Dialogs.cpp:232
CFD-UG	Chapter 6: Multiphase Flow Interfaces	Gas Flux	multiphase	partial	T2	src/gui/Dialogs.cpp:232
CFD-UG	Chapter 6: Multiphase Flow Interfaces	Wall Movement	multiphase	partial	T1	src/gui/Dialogs.cpp:232
CFD-UG	Chapter 6: Multiphase Flow Interfaces	Constraint Settings	multiphase	partial	T2	src/meshing/AmrAdaptor.hpp:8; src/gui/Dialogs.cpp:232
CFD-UG	Chapter 6: Multiphase Flow Interfaces	Inlet	bc	partial	T1	src/gui/Dialogs.cpp:232; src/core/BoundaryConditionRegistry.hpp:10
CFD-UG	Chapter 6: Multiphase Flow Interfaces	Velocity	multiphase	partial	T2	src/gui/Dialogs.cpp:232
CFD-UG	Chapter 6: Multiphase Flow Interfaces	Pressure	multiphase	partial	T2	src/gui/Dialogs.cpp:232
CFD-UG	Chapter 6: Multiphase Flow Interfaces	Fully Developed Flow	multiphase	partial	T2	src/gui/Dialogs.cpp:232; src/combustion/LaminarFiniteRate.hpp:22
CFD-UG	Chapter 6: Multiphase Flow Interfaces	Gas Boundary Condition	bc	partial	T1	src/gui/Dialogs.cpp:232; src/core/BoundaryConditionRegistry.hpp:13
CFD-UG	Chapter 6: Multiphase Flow Interfaces	These settings are the same as for Wall. See Gas Boundary Condition. The only	bc	partial	T1	src/gui/Dialogs.cpp:232; src/core/BoundaryConditionRegistry.hpp:13
CFD-UG	Chapter 6: Multiphase Flow Interfaces	Turbulence Conditions	turbulence	partial	T2	src/gui/Dialogs.cpp:232; src/core/BoundaryConditionRegistry.hpp:9
CFD-UG	Chapter 6: Multiphase Flow Interfaces	Outlet	bc	partial	T1	src/gui/Dialogs.cpp:232; src/core/BoundaryConditionRegistry.hpp:10
CFD-UG	Chapter 6: Multiphase Flow Interfaces	Pressure Conditions	multiphase	partial	T2	src/gui/Dialogs.cpp:232; src/core/BoundaryConditionRegistry.hpp:9
CFD-UG	Chapter 6: Multiphase Flow Interfaces	Velocity	multiphase	partial	T2	src/gui/Dialogs.cpp:232
CFD-UG	Chapter 6: Multiphase Flow Interfaces	Fully Developed Flow	multiphase	partial	T2	src/gui/Dialogs.cpp:232; src/combustion/LaminarFiniteRate.hpp:22
CFD-UG	Chapter 6: Multiphase Flow Interfaces	Gas Boundary Condition	bc	partial	T1	src/gui/Dialogs.cpp:232; src/core/BoundaryConditionRegistry.hpp:13
CFD-UG	Chapter 6: Multiphase Flow Interfaces	Symmetry	bc	partial	T1	src/gui/Dialogs.cpp:232; src/core/BoundaryConditionRegistry.hpp:10
CFD-UG	Chapter 6: Multiphase Flow Interfaces	T 2	multiphase	partial	T2	src/gui/Dialogs.cpp:232
CFD-UG	Chapter 6: Multiphase Flow Interfaces	Pressure Difference	multiphase	partial	T2	src/gui/Dialogs.cpp:232; src/amr/AmrApplier.hpp:14
CFD-UG	Chapter 6: Multiphase Flow Interfaces	Constraint Settings	multiphase	partial	T2	src/meshing/AmrAdaptor.hpp:8; src/gui/Dialogs.cpp:232
CFD-UG	Chapter 6: Multiphase Flow Interfaces	Orientation Of Source	multiphase	partial	T2	src/gui/Dialogs.cpp:232; src/cad/FeatureEdges.cpp:64
CFD-UG	Chapter 6: Multiphase Flow Interfaces	Interior Wall	bc	partial	T1	src/gui/Dialogs.cpp:232; src/io/FluentMshReader.cpp:123
CFD-UG	Chapter 6: Multiphase Flow Interfaces	No Slip	multiphase	partial	T2	src/gui/Dialogs.cpp:232; src/gui/Dialogs.cpp:323
CFD-UG	Chapter 6: Multiphase Flow Interfaces	Slip	multiphase	partial	T2	src/gui/Dialogs.cpp:232; src/gui/Dialogs.cpp:323
CFD-UG	Chapter 6: Multiphase Flow Interfaces	Wall Movement	multiphase	partial	T1	src/gui/Dialogs.cpp:232
CFD-UG	Chapter 6: Multiphase Flow Interfaces	Constraint Settings	multiphase	partial	T2	src/meshing/AmrAdaptor.hpp:8; src/gui/Dialogs.cpp:232
CFD-UG	Chapter 6: Multiphase Flow Interfaces	Flow Continuity	multiphase	partial	T2	src/gui/Dialogs.cpp:232; src/cad/Defeaturing.cpp:11
CFD-UG	Chapter 6: Multiphase Flow Interfaces	Gas Concentration	multiphase	partial	T2	src/core/BoundaryConditionRegistry.hpp:18; src/gui/Dialogs.cpp:232
CFD-UG	Chapter 6: Multiphase Flow Interfaces	Gas Outlet	bc	partial	T1	src/gui/Dialogs.cpp:232; src/core/BoundaryConditionRegistry.hpp:10
CFD-UG	Chapter 6: Multiphase Flow Interfaces	Gas Flux	multiphase	partial	T2	src/gui/Dialogs.cpp:232
CFD-UG	Chapter 6: Multiphase Flow Interfaces	Symmetry	bc	partial	T1	src/gui/Dialogs.cpp:232; src/core/BoundaryConditionRegistry.hpp:10
CFD-UG	Chapter 6: Multiphase Flow Interfaces	No Gas Flux	multiphase	partial	T2	src/gui/Dialogs.cpp:232
CFD-UG	Chapter 6: Multiphase Flow Interfaces	The Mixture Model Interfaces	multiphase	partial	T2	src/gui/Dialogs.cpp:232; src/combustion/FgmFlamelet.hpp:7
CFD-UG	Chapter 6: Multiphase Flow Interfaces	The Label is the default physics interface name.	multiphase	partial	T2	src/gui/Dialogs.cpp:232; src/combustion/LaminarFiniteRate.cpp:110
CFD-UG	Chapter 6: Multiphase Flow Interfaces	Physical Model	multiphase	partial	T2	src/gui/Dialogs.cpp:232; src/io/GmshReader.cpp:140
CFD-UG	Chapter 6: Multiphase Flow Interfaces	Dispersed Phase	multiphase	partial	T2	src/gui/Dialogs.cpp:232; src/multiphase/DriftFlux.hpp:5
CFD-UG	Chapter 6: Multiphase Flow Interfaces	Slip Model	multiphase	partial	T2	src/gui/Dialogs.cpp:232; src/gui/Dialogs.cpp:323
CFD-UG	Chapter 6: Multiphase Flow Interfaces	Solve For Interfacial Area	multiphase	partial	T2	src/multiphase/EulerianMultifluid.cpp:186; src/gui/Dialogs.cpp:232
CFD-UG	Chapter 6: Multiphase Flow Interfaces	Reference values	multiphase	partial	T2	src/gui/Dialogs.cpp:232
CFD-UG	Chapter 6: Multiphase Flow Interfaces	Swirl Flow	multiphase	partial	T2	src/particles/ConeInjector.cpp:36; src/gui/Dialogs.cpp:232
CFD-UG	Chapter 6: Multiphase Flow Interfaces	Turbulence	turbulence	partial	T2	src/gui/Dialogs.cpp:232
CFD-UG	Chapter 6: Multiphase Flow Interfaces	Consistent Stabilization And Inconsistent Stabilization	multiphase	partial	T2	src/gui/Dialogs.cpp:232; src/core/Command.hpp:92
CFD-UG	Chapter 6: Multiphase Flow Interfaces	Advanced Settings	multiphase	partial	T2	src/gui/Dialogs.cpp:232; src/combustion/TransportedPdf.hpp:8
CFD-UG	Chapter 6: Multiphase Flow Interfaces	Turbulence	turbulence	partial	T2	src/gui/Dialogs.cpp:232
CFD-UG	Chapter 6: Multiphase Flow Interfaces	Wall Treatment	bc	partial	T1	src/multiphase/VolumeOfFluid.hpp:10; src/gui/Dialogs.cpp:232
CFD-UG	Chapter 6: Multiphase Flow Interfaces	Edit Turbulence Model Parameters	turbulence	partial	T2	src/gui/Dialogs.cpp:232; src/cad/PersistentIdManager.hpp:11
CFD-UG	Chapter 6: Multiphase Flow Interfaces	Turbulence	turbulence	partial	T2	src/gui/Dialogs.cpp:232
CFD-UG	Chapter 6: Multiphase Flow Interfaces	Wall Treatment	bc	partial	T1	src/multiphase/VolumeOfFluid.hpp:10; src/gui/Dialogs.cpp:232
CFD-UG	Chapter 6: Multiphase Flow Interfaces	Edit Turbulence Model Parameters	turbulence	partial	T2	src/gui/Dialogs.cpp:232; src/cad/PersistentIdManager.hpp:11
CFD-UG	Chapter 6: Multiphase Flow Interfaces	Turbulence	turbulence	partial	T2	src/gui/Dialogs.cpp:232
CFD-UG	Chapter 6: Multiphase Flow Interfaces	Wall Treatment	bc	partial	T1	src/multiphase/VolumeOfFluid.hpp:10; src/gui/Dialogs.cpp:232
CFD-UG	Chapter 6: Multiphase Flow Interfaces	Edit Turbulence Model Parameters	turbulence	partial	T2	src/gui/Dialogs.cpp:232; src/cad/PersistentIdManager.hpp:11
CFD-UG	Chapter 6: Multiphase Flow Interfaces	Consistent And Inconsistent Stabilization	multiphase	partial	T2	src/gui/Dialogs.cpp:232; src/core/Command.hpp:92
CFD-UG	Chapter 6: Multiphase Flow Interfaces	Advanced Settings	multiphase	partial	T2	src/gui/Dialogs.cpp:232; src/combustion/TransportedPdf.hpp:8
CFD-UG	Chapter 6: Multiphase Flow Interfaces	Turbulence	turbulence	partial	T2	src/gui/Dialogs.cpp:232
CFD-UG	Chapter 6: Multiphase Flow Interfaces	Wall Treatment	bc	partial	T1	src/multiphase/VolumeOfFluid.hpp:10; src/gui/Dialogs.cpp:232
CFD-UG	Chapter 6: Multiphase Flow Interfaces	Edit Turbulence Model Parameters	turbulence	partial	T2	src/gui/Dialogs.cpp:232; src/cad/PersistentIdManager.hpp:11
CFD-UG	Chapter 6: Multiphase Flow Interfaces	Turbulence	turbulence	partial	T2	src/gui/Dialogs.cpp:232
CFD-UG	Chapter 6: Multiphase Flow Interfaces	Wall Treatment	bc	partial	T1	src/multiphase/VolumeOfFluid.hpp:10; src/gui/Dialogs.cpp:232
CFD-UG	Chapter 6: Multiphase Flow Interfaces	Edit Turbulence Model Parameters	turbulence	partial	T2	src/gui/Dialogs.cpp:232; src/cad/PersistentIdManager.hpp:11
CFD-UG	Chapter 6: Multiphase Flow Interfaces	Turbulence	turbulence	partial	T2	src/gui/Dialogs.cpp:232
CFD-UG	Chapter 6: Multiphase Flow Interfaces	Wall Treatment	bc	partial	T1	src/multiphase/VolumeOfFluid.hpp:10; src/gui/Dialogs.cpp:232
CFD-UG	Chapter 6: Multiphase Flow Interfaces	Edit Turbulence Model Parameters	turbulence	partial	T2	src/gui/Dialogs.cpp:232; src/cad/PersistentIdManager.hpp:11
CFD-UG	Chapter 6: Multiphase Flow Interfaces	Turbulence	turbulence	partial	T2	src/gui/Dialogs.cpp:232
CFD-UG	Chapter 6: Multiphase Flow Interfaces	Wall Treatment	bc	partial	T1	src/multiphase/VolumeOfFluid.hpp:10; src/gui/Dialogs.cpp:232
CFD-UG	Chapter 6: Multiphase Flow Interfaces	Edit Turbulence Model Parameters	turbulence	partial	T2	src/gui/Dialogs.cpp:232; src/cad/PersistentIdManager.hpp:11
CFD-UG	Chapter 6: Multiphase Flow Interfaces	Turbulence	turbulence	partial	T2	src/gui/Dialogs.cpp:232
CFD-UG	Chapter 6: Multiphase Flow Interfaces	Wall Treatment	bc	partial	T1	src/multiphase/VolumeOfFluid.hpp:10; src/gui/Dialogs.cpp:232
CFD-UG	Chapter 6: Multiphase Flow Interfaces	Edit Turbulence Model Parameters	turbulence	partial	T2	src/gui/Dialogs.cpp:232; src/cad/PersistentIdManager.hpp:11
CFD-UG	Chapter 6: Multiphase Flow Interfaces	Turbulence	turbulence	partial	T2	src/gui/Dialogs.cpp:232
CFD-UG	Chapter 6: Multiphase Flow Interfaces	Wall Treatment	bc	partial	T1	src/multiphase/VolumeOfFluid.hpp:10; src/gui/Dialogs.cpp:232
CFD-UG	Chapter 6: Multiphase Flow Interfaces	Edit Turbulence Model Parameters	turbulence	partial	T2	src/gui/Dialogs.cpp:232; src/cad/PersistentIdManager.hpp:11
CFD-UG	Chapter 6: Multiphase Flow Interfaces	Domain and Boundary Nodes for the Mixture Model Interfaces	turbulence	partial	T2	src/gui/Dialogs.cpp:232; src/combustion/FgmFlamelet.hpp:7
CFD-UG	Chapter 6: Multiphase Flow Interfaces	Boundary	multiphase	partial	T2	src/gui/Dialogs.cpp:232
CFD-UG	Chapter 6: Multiphase Flow Interfaces	PAIR	multiphase	partial	T2	src/gui/Dialogs.cpp:232
CFD-UG	Chapter 6: Multiphase Flow Interfaces	Model Inputs	multiphase	partial	T2	src/gui/Dialogs.cpp:232
CFD-UG	Chapter 6: Multiphase Flow Interfaces	Temperature	multiphase	partial	T2	src/gui/Dialogs.cpp:232
CFD-UG	Chapter 6: Multiphase Flow Interfaces	Absolute Pressure	multiphase	partial	T2	src/solver/DualTimeStepping.hpp:33; src/gui/Dialogs.cpp:232
CFD-UG	Chapter 6: Multiphase Flow Interfaces	Mixture Model	multiphase	partial	T2	src/gui/Dialogs.cpp:232; src/combustion/FgmFlamelet.hpp:7
CFD-UG	Chapter 6: Multiphase Flow Interfaces	Slip Velocity Field	multiphase	partial	T2	src/gui/Dialogs.cpp:232; src/gui/Dialogs.cpp:323
CFD-UG	Chapter 6: Multiphase Flow Interfaces	Distance Equation	multiphase	partial	T2	src/gui/Dialogs.cpp:232
CFD-UG	Chapter 6: Multiphase Flow Interfaces	Mass Transfer	turbulence	partial	T2	src/gui/Dialogs.cpp:232; src/cad/IgesReader.cpp:45
CFD-UG	Chapter 6: Multiphase Flow Interfaces	Mass Transfer	turbulence	partial	T2	src/gui/Dialogs.cpp:232; src/cad/IgesReader.cpp:45
CFD-UG	Chapter 6: Multiphase Flow Interfaces	Nonequilibrium Model	combustion	partial	T2	src/gui/Dialogs.cpp:232
CFD-UG	Chapter 6: Multiphase Flow Interfaces	Gravity	multiphase	partial	T2	src/gui/Dialogs.cpp:232; src/dynamics/SixDof.cpp:72
CFD-UG	Chapter 6: Multiphase Flow Interfaces	Gravity	multiphase	partial	T2	src/gui/Dialogs.cpp:232; src/dynamics/SixDof.cpp:72
CFD-UG	Chapter 6: Multiphase Flow Interfaces	Initial Values	multiphase	partial	T2	src/gui/Dialogs.cpp:232; src/core/ThreadPool.cpp:57
CFD-UG	Chapter 6: Multiphase Flow Interfaces	Initial Values	multiphase	partial	T2	src/gui/Dialogs.cpp:232; src/core/ThreadPool.cpp:57
CFD-UG	Chapter 6: Multiphase Flow Interfaces	Wall	multiphase	partial	T1	src/gui/Dialogs.cpp:232
CFD-UG	Chapter 6: Multiphase Flow Interfaces	No Slip	multiphase	partial	T2	src/gui/Dialogs.cpp:232; src/gui/Dialogs.cpp:323
CFD-UG	Chapter 6: Multiphase Flow Interfaces	Slip	multiphase	partial	T2	src/gui/Dialogs.cpp:232; src/gui/Dialogs.cpp:323
CFD-UG	Chapter 6: Multiphase Flow Interfaces	Wall Movement	multiphase	partial	T1	src/gui/Dialogs.cpp:232
CFD-UG	Chapter 6: Multiphase Flow Interfaces	Constraint Settings	multiphase	partial	T2	src/meshing/AmrAdaptor.hpp:8; src/gui/Dialogs.cpp:232
CFD-UG	Chapter 6: Multiphase Flow Interfaces	Inlet	bc	partial	T1	src/gui/Dialogs.cpp:232; src/core/BoundaryConditionRegistry.hpp:10
CFD-UG	Chapter 6: Multiphase Flow Interfaces	Velocity	multiphase	partial	T2	src/gui/Dialogs.cpp:232
CFD-UG	Chapter 6: Multiphase Flow Interfaces	Pressure	multiphase	partial	T2	src/gui/Dialogs.cpp:232
CFD-UG	Chapter 6: Multiphase Flow Interfaces	Turbulence Conditions	turbulence	partial	T2	src/gui/Dialogs.cpp:232; src/core/BoundaryConditionRegistry.hpp:9
CFD-UG	Chapter 6: Multiphase Flow Interfaces	Outlet	bc	partial	T1	src/gui/Dialogs.cpp:232; src/core/BoundaryConditionRegistry.hpp:10
CFD-UG	Chapter 6: Multiphase Flow Interfaces	Pressure Conditions	multiphase	partial	T2	src/gui/Dialogs.cpp:232; src/core/BoundaryConditionRegistry.hpp:9
CFD-UG	Chapter 6: Multiphase Flow Interfaces	Velocity	multiphase	partial	T2	src/gui/Dialogs.cpp:232
CFD-UG	Chapter 6: Multiphase Flow Interfaces	Symmetry	bc	partial	T1	src/gui/Dialogs.cpp:232; src/core/BoundaryConditionRegistry.hpp:10
CFD-UG	Chapter 6: Multiphase Flow Interfaces	T	multiphase	partial	T2	src/gui/Dialogs.cpp:232
CFD-UG	Chapter 6: Multiphase Flow Interfaces	Boundary Selection	multiphase	partial	T2	src/gui/Dialogs.cpp:232
CFD-UG	Chapter 6: Multiphase Flow Interfaces	Pressure Difference	multiphase	partial	T2	src/gui/Dialogs.cpp:232; src/amr/AmrApplier.hpp:14
CFD-UG	Chapter 6: Multiphase Flow Interfaces	Constraint Settings	multiphase	partial	T2	src/meshing/AmrAdaptor.hpp:8; src/gui/Dialogs.cpp:232
CFD-UG	Chapter 6: Multiphase Flow Interfaces	Orientation Of Source	multiphase	partial	T2	src/gui/Dialogs.cpp:232; src/cad/FeatureEdges.cpp:64
CFD-UG	Chapter 6: Multiphase Flow Interfaces	Interior Wall	bc	partial	T1	src/gui/Dialogs.cpp:232; src/io/FluentMshReader.cpp:123
CFD-UG	Chapter 6: Multiphase Flow Interfaces	No Slip	multiphase	partial	T2	src/gui/Dialogs.cpp:232; src/gui/Dialogs.cpp:323
CFD-UG	Chapter 6: Multiphase Flow Interfaces	Slip	multiphase	partial	T2	src/gui/Dialogs.cpp:232; src/gui/Dialogs.cpp:323
CFD-UG	Chapter 6: Multiphase Flow Interfaces	Wall Movement	multiphase	partial	T1	src/gui/Dialogs.cpp:232
CFD-UG	Chapter 6: Multiphase Flow Interfaces	Constraint Settings	multiphase	partial	T2	src/meshing/AmrAdaptor.hpp:8; src/gui/Dialogs.cpp:232
CFD-UG	Chapter 6: Multiphase Flow Interfaces	The Euler–Euler Model Interfaces	multiphase	partial	T2	src/gui/Dialogs.cpp:232; src/combustion/EddyDissipationConcept.cpp:70
CFD-UG	Chapter 6: Multiphase Flow Interfaces	The Label is the default physics interface name.	multiphase	partial	T2	src/gui/Dialogs.cpp:232; src/combustion/LaminarFiniteRate.cpp:110
CFD-UG	Chapter 6: Multiphase Flow Interfaces	Dispersed Phase	multiphase	partial	T2	src/gui/Dialogs.cpp:232; src/multiphase/DriftFlux.hpp:5
CFD-UG	Chapter 6: Multiphase Flow Interfaces	Physical Model	multiphase	partial	T2	src/gui/Dialogs.cpp:232; src/io/GmshReader.cpp:140
CFD-UG	Chapter 6: Multiphase Flow Interfaces	Dispersed Phase	multiphase	partial	T2	src/gui/Dialogs.cpp:232; src/multiphase/DriftFlux.hpp:5
CFD-UG	Chapter 6: Multiphase Flow Interfaces	Reference Values	multiphase	partial	T2	src/gui/Dialogs.cpp:232
CFD-UG	Chapter 6: Multiphase Flow Interfaces	Consistent Stabilization	multiphase	partial	T2	src/gui/Dialogs.cpp:232; src/core/Command.hpp:92
CFD-UG	Chapter 6: Multiphase Flow Interfaces	Inconsistent Stabilization	multiphase	partial	T2	src/gui/Dialogs.cpp:232
CFD-UG	Chapter 6: Multiphase Flow Interfaces	Advanced Settings	multiphase	partial	T2	src/gui/Dialogs.cpp:232; src/combustion/TransportedPdf.hpp:8
CFD-UG	Chapter 6: Multiphase Flow Interfaces	Discretization	multiphase	partial	T2	src/solver/Solver.hpp:26; src/gui/Dialogs.cpp:232
CFD-UG	Chapter 6: Multiphase Flow Interfaces	Turbulence	turbulence	partial	T2	src/gui/Dialogs.cpp:232
CFD-UG	Chapter 6: Multiphase Flow Interfaces	Wall Treatment	bc	partial	T1	src/multiphase/VolumeOfFluid.hpp:10; src/gui/Dialogs.cpp:232
CFD-UG	Chapter 6: Multiphase Flow Interfaces	Two-Phase Turbulence	turbulence	partial	T2	src/gui/Dialogs.cpp:232
CFD-UG	Chapter 6: Multiphase Flow Interfaces	Edit Turbulence Model Parameters	turbulence	partial	T2	src/gui/Dialogs.cpp:232; src/cad/PersistentIdManager.hpp:11
CFD-UG	Chapter 6: Multiphase Flow Interfaces	Advanced Settings	multiphase	partial	T2	src/gui/Dialogs.cpp:232; src/combustion/TransportedPdf.hpp:8
CFD-UG	Chapter 6: Multiphase Flow Interfaces	Phase Properties	multiphase	partial	T2	src/gui/Dialogs.cpp:232; src/cad/CMakeLists.txt:42
CFD-UG	Chapter 6: Multiphase Flow Interfaces	Model Inputs	multiphase	partial	T2	src/gui/Dialogs.cpp:232
CFD-UG	Chapter 6: Multiphase Flow Interfaces	Temperature	multiphase	partial	T2	src/gui/Dialogs.cpp:232
CFD-UG	Chapter 6: Multiphase Flow Interfaces	Absolute Pressure	multiphase	partial	T2	src/solver/DualTimeStepping.hpp:33; src/gui/Dialogs.cpp:232
CFD-UG	Chapter 6: Multiphase Flow Interfaces	Density, Continuous Phase	multiphase	partial	T1	src/gui/Dialogs.cpp:232; src/adjoint/ContinuousAdjoint.hpp:6
CFD-UG	Chapter 6: Multiphase Flow Interfaces	Viscosity Model	multiphase	partial	T1	src/gui/Dialogs.cpp:232; src/adjoint/ContinuousAdjoint.hpp:42
CFD-UG	Chapter 6: Multiphase Flow Interfaces	Drag Model	multiphase	partial	T2	src/gui/Dialogs.cpp:232; src/adjoint/DiscreteAdjoint.hpp:8
CFD-UG	Chapter 6: Multiphase Flow Interfaces	Solid Pressure Model	multiphase	partial	T2	src/gui/Dialogs.cpp:232; src/acoustics/CurleAcoustics.hpp:8
CFD-UG	Chapter 6: Multiphase Flow Interfaces	Initial Values	multiphase	partial	T2	src/gui/Dialogs.cpp:232; src/core/ThreadPool.cpp:57
CFD-UG	Chapter 6: Multiphase Flow Interfaces	Initial Values	multiphase	partial	T2	src/gui/Dialogs.cpp:232; src/core/ThreadPool.cpp:57
CFD-UG	Chapter 6: Multiphase Flow Interfaces	Mass Transfer	turbulence	partial	T2	src/gui/Dialogs.cpp:232; src/cad/IgesReader.cpp:45
CFD-UG	Chapter 6: Multiphase Flow Interfaces	Mass Transfer	turbulence	partial	T2	src/gui/Dialogs.cpp:232; src/cad/IgesReader.cpp:45
CFD-UG	Chapter 6: Multiphase Flow Interfaces	Nonequilibrium Model	combustion	partial	T2	src/gui/Dialogs.cpp:232
CFD-UG	Chapter 6: Multiphase Flow Interfaces	Interphase Velocity	multiphase	partial	T2	src/gui/Dialogs.cpp:232; src/multiphase/EulerianMultifluid.cpp:79
CFD-UG	Chapter 6: Multiphase Flow Interfaces	Gravity	multiphase	partial	T2	src/gui/Dialogs.cpp:232; src/dynamics/SixDof.cpp:72
CFD-UG	Chapter 6: Multiphase Flow Interfaces	Gravity	multiphase	partial	T2	src/gui/Dialogs.cpp:232; src/dynamics/SixDof.cpp:72
CFD-UG	Chapter 6: Multiphase Flow Interfaces	Volume Force	multiphase	partial	T2	src/gui/Dialogs.cpp:232; src/core/RotatingFileSink.hpp:36
CFD-UG	Chapter 6: Multiphase Flow Interfaces	Wall	multiphase	partial	T1	src/gui/Dialogs.cpp:232
CFD-UG	Chapter 6: Multiphase Flow Interfaces	No Slip	multiphase	partial	T2	src/gui/Dialogs.cpp:232; src/gui/Dialogs.cpp:323
CFD-UG	Chapter 6: Multiphase Flow Interfaces	Slip	multiphase	partial	T2	src/gui/Dialogs.cpp:232; src/gui/Dialogs.cpp:323
CFD-UG	Chapter 6: Multiphase Flow Interfaces	Wall Movement	multiphase	partial	T1	src/gui/Dialogs.cpp:232
CFD-UG	Chapter 6: Multiphase Flow Interfaces	Constraint Settings	multiphase	partial	T2	src/meshing/AmrAdaptor.hpp:8; src/gui/Dialogs.cpp:232
CFD-UG	Chapter 6: Multiphase Flow Interfaces	Inlet	bc	partial	T1	src/gui/Dialogs.cpp:232; src/core/BoundaryConditionRegistry.hpp:10
CFD-UG	Chapter 6: Multiphase Flow Interfaces	Two-Phase Inlet Type	bc	partial	T1	src/gui/Dialogs.cpp:232; src/core/BoundaryConditionRegistry.hpp:10
CFD-UG	Chapter 6: Multiphase Flow Interfaces	Continuous Phase	multiphase	partial	T2	src/gui/Dialogs.cpp:232; src/adjoint/ContinuousAdjoint.hpp:6
CFD-UG	Chapter 6: Multiphase Flow Interfaces	Dispersed Phase	multiphase	partial	T2	src/gui/Dialogs.cpp:232; src/multiphase/DriftFlux.hpp:5
CFD-UG	Chapter 6: Multiphase Flow Interfaces	Turbulence Conditions	turbulence	partial	T2	src/gui/Dialogs.cpp:232; src/core/BoundaryConditionRegistry.hpp:9
CFD-UG	Chapter 6: Multiphase Flow Interfaces	Constraint Settings	multiphase	partial	T2	src/meshing/AmrAdaptor.hpp:8; src/gui/Dialogs.cpp:232
CFD-UG	Chapter 6: Multiphase Flow Interfaces	Outlet	bc	partial	T1	src/gui/Dialogs.cpp:232; src/core/BoundaryConditionRegistry.hpp:10
CFD-UG	Chapter 6: Multiphase Flow Interfaces	Pressure Conditions	multiphase	partial	T2	src/gui/Dialogs.cpp:232; src/core/BoundaryConditionRegistry.hpp:9
CFD-UG	Chapter 6: Multiphase Flow Interfaces	Velocity	multiphase	partial	T2	src/gui/Dialogs.cpp:232
CFD-UG	Chapter 6: Multiphase Flow Interfaces	Degassing and Filtration	multiphase	partial	T2	src/gui/Dialogs.cpp:232
CFD-UG	Chapter 6: Multiphase Flow Interfaces	Constraint Settings	multiphase	partial	T2	src/meshing/AmrAdaptor.hpp:8; src/gui/Dialogs.cpp:232
CFD-UG	Chapter 6: Multiphase Flow Interfaces	Interior Wall	bc	partial	T1	src/gui/Dialogs.cpp:232; src/io/FluentMshReader.cpp:123
CFD-UG	Chapter 6: Multiphase Flow Interfaces	No Slip	multiphase	partial	T2	src/gui/Dialogs.cpp:232; src/gui/Dialogs.cpp:323
CFD-UG	Chapter 6: Multiphase Flow Interfaces	Slip	multiphase	partial	T2	src/gui/Dialogs.cpp:232; src/gui/Dialogs.cpp:323
CFD-UG	Chapter 6: Multiphase Flow Interfaces	Wall Movement	multiphase	partial	T1	src/gui/Dialogs.cpp:232
CFD-UG	Chapter 6: Multiphase Flow Interfaces	Constraint Settings	multiphase	partial	T2	src/meshing/AmrAdaptor.hpp:8; src/gui/Dialogs.cpp:232
CFD-UG	Chapter 6: Multiphase Flow Interfaces	Flow Continuity	multiphase	partial	T2	src/gui/Dialogs.cpp:232; src/cad/Defeaturing.cpp:11
CFD-UG	Chapter 6: Multiphase Flow Interfaces	The Phase Transport Interfaces	turbulence	partial	T2	src/gui/Dialogs.cpp:232; src/combustion/CanteraParser.hpp:10
CFD-UG	Chapter 6: Multiphase Flow Interfaces	The Label is the default physics interface name.	multiphase	partial	T2	src/gui/Dialogs.cpp:232; src/combustion/LaminarFiniteRate.cpp:110
CFD-UG	Chapter 6: Multiphase Flow Interfaces	Phases	multiphase	partial	T2	src/gui/Dialogs.cpp:232; src/combustion/CanteraParser.cpp:143
CFD-UG	Chapter 6: Multiphase Flow Interfaces	Consistent And Inconsistent Stabilization	multiphase	partial	T2	src/gui/Dialogs.cpp:232; src/core/Command.hpp:92
CFD-UG	Chapter 6: Multiphase Flow Interfaces	Gravity Effects	multiphase	partial	T2	src/gui/Dialogs.cpp:232; src/dynamics/SixDof.cpp:72
CFD-UG	Chapter 6: Multiphase Flow Interfaces	Quadrature Settings	multiphase	partial	T2	src/gui/Dialogs.cpp:232; src/multiphase/PopulationBalance.hpp:4
CFD-UG	Chapter 6: Multiphase Flow Interfaces	Integration Order	multiphase	partial	T2	src/gui/Dialogs.cpp:232; src/acoustics/FwhSurface.hpp:57
CFD-UG	Chapter 6: Multiphase Flow Interfaces	Advanced Settings	multiphase	partial	T2	src/gui/Dialogs.cpp:232; src/combustion/TransportedPdf.hpp:8
CFD-UG	Chapter 6: Multiphase Flow Interfaces	Discretization	multiphase	partial	T2	src/solver/Solver.hpp:26; src/gui/Dialogs.cpp:232
CFD-UG	Chapter 6: Multiphase Flow Interfaces	Domain, Boundary, Edge, and Point Nodes for the Phase Transport	turbulence	partial	T2	src/gui/Dialogs.cpp:232; src/combustion/CanteraParser.hpp:10
CFD-UG	Chapter 6: Multiphase Flow Interfaces	Fluid	multiphase	partial	T2	src/gui/Dialogs.cpp:232
CFD-UG	Chapter 6: Multiphase Flow Interfaces	Velocity Field	multiphase	partial	T2	src/gui/Dialogs.cpp:232
CFD-UG	Chapter 6: Multiphase Flow Interfaces	Specify the velocity field for each phase that is not computed from the volume	multiphase	partial	T2	src/gui/Dialogs.cpp:232
CFD-UG	Chapter 6: Multiphase Flow Interfaces	Density	multiphase	partial	T1	src/gui/Dialogs.cpp:232
CFD-UG	Chapter 6: Multiphase Flow Interfaces	Model Input	multiphase	partial	T2	src/gui/Dialogs.cpp:232
CFD-UG	Chapter 6: Multiphase Flow Interfaces	Capillary Pressure	multiphase	partial	T2	src/gui/Dialogs.cpp:232
CFD-UG	Chapter 6: Multiphase Flow Interfaces	Phase Properties	multiphase	partial	T2	src/gui/Dialogs.cpp:232; src/cad/CMakeLists.txt:42
CFD-UG	Chapter 6: Multiphase Flow Interfaces	Porous Matrix	multiphase	partial	T2	src/gui/Dialogs.cpp:232; src/gui/Dialogs.cpp:368
CFD-UG	Chapter 6: Multiphase Flow Interfaces	Model Input	multiphase	partial	T2	src/gui/Dialogs.cpp:232
CFD-UG	Chapter 6: Multiphase Flow Interfaces	Matrix Properties	multiphase	partial	T2	src/gui/Dialogs.cpp:232; src/cad/CMakeLists.txt:42
CFD-UG	Chapter 6: Multiphase Flow Interfaces	Gravity	multiphase	partial	T2	src/gui/Dialogs.cpp:232; src/dynamics/SixDof.cpp:72
CFD-UG	Chapter 6: Multiphase Flow Interfaces	Gravity	multiphase	partial	T2	src/gui/Dialogs.cpp:232; src/dynamics/SixDof.cpp:72
CFD-UG	Chapter 6: Multiphase Flow Interfaces	Initial Values	multiphase	partial	T2	src/gui/Dialogs.cpp:232; src/core/ThreadPool.cpp:57
CFD-UG	Chapter 6: Multiphase Flow Interfaces	Domain Selection	multiphase	partial	T2	src/gui/Dialogs.cpp:232
CFD-UG	Chapter 6: Multiphase Flow Interfaces	Initial Values	multiphase	partial	T2	src/gui/Dialogs.cpp:232; src/core/ThreadPool.cpp:57
CFD-UG	Chapter 6: Multiphase Flow Interfaces	Mass Source	multiphase	partial	T2	src/gui/Dialogs.cpp:232
CFD-UG	Chapter 6: Multiphase Flow Interfaces	Mass Source	multiphase	partial	T2	src/gui/Dialogs.cpp:232
CFD-UG	Chapter 6: Multiphase Flow Interfaces	Boundary Mass Source	multiphase	partial	T2	src/gui/Dialogs.cpp:232
CFD-UG	Chapter 6: Multiphase Flow Interfaces	Boundary Mass Source	multiphase	partial	T2	src/gui/Dialogs.cpp:232
CFD-UG	Chapter 6: Multiphase Flow Interfaces	No Flux	multiphase	partial	T2	src/gui/Dialogs.cpp:232
CFD-UG	Chapter 6: Multiphase Flow Interfaces	Volume Fraction	multiphase	partial	T2	src/gui/Dialogs.cpp:232; src/acoustics/FwhSurface.cpp:23
CFD-UG	Chapter 6: Multiphase Flow Interfaces	Volume Fraction	multiphase	partial	T2	src/gui/Dialogs.cpp:232; src/acoustics/FwhSurface.cpp:23
CFD-UG	Chapter 6: Multiphase Flow Interfaces	Constraint Settings	multiphase	partial	T2	src/meshing/AmrAdaptor.hpp:8; src/gui/Dialogs.cpp:232
CFD-UG	Chapter 6: Multiphase Flow Interfaces	Mass Flux	multiphase	partial	T2	src/gui/Dialogs.cpp:232
CFD-UG	Chapter 6: Multiphase Flow Interfaces	Mass Flux	multiphase	partial	T2	src/gui/Dialogs.cpp:232
CFD-UG	Chapter 6: Multiphase Flow Interfaces	Outflow	multiphase	partial	T2	src/gui/Dialogs.cpp:232; src/gui/Dialogs.cpp:336
CFD-UG	Chapter 6: Multiphase Flow Interfaces	Open Boundary	multiphase	partial	T2	src/gui/Dialogs.cpp:232
CFD-UG	Chapter 6: Multiphase Flow Interfaces	Interior Wall	bc	partial	T1	src/gui/Dialogs.cpp:232; src/io/FluentMshReader.cpp:123
CFD-UG	Chapter 6: Multiphase Flow Interfaces	Entry Capillary Pressure	multiphase	partial	T2	src/gui/Dialogs.cpp:232
CFD-UG	Chapter 6: Multiphase Flow Interfaces	Constraint Settings	multiphase	partial	T2	src/meshing/AmrAdaptor.hpp:8; src/gui/Dialogs.cpp:232
CFD-UG	Chapter 6: Multiphase Flow Interfaces	Continuity	multiphase	partial	T2	src/gui/Dialogs.cpp:232; src/cad/Defeaturing.cpp:11
CFD-UG	Chapter 6: Multiphase Flow Interfaces	Constraint Settings	multiphase	partial	T2	src/meshing/AmrAdaptor.hpp:8; src/gui/Dialogs.cpp:232
CFD-UG	Chapter 6: Multiphase Flow Interfaces	Boundary Selection	multiphase	partial	T2	src/gui/Dialogs.cpp:232
CFD-UG	Chapter 6: Multiphase Flow Interfaces	Destination Selection	multiphase	partial	T2	src/core/CrashHandler.hpp:9; src/gui/Dialogs.cpp:232
CFD-UG	Chapter 6: Multiphase Flow Interfaces	Constraint Settings	multiphase	partial	T2	src/meshing/AmrAdaptor.hpp:8; src/gui/Dialogs.cpp:232
CFD-UG	Chapter 6: Multiphase Flow Interfaces	Orientation Of Source	multiphase	partial	T2	src/gui/Dialogs.cpp:232; src/cad/FeatureEdges.cpp:64
CFD-UG	Chapter 6: Multiphase Flow Interfaces	Free-Porous Interface	multiphase	partial	T2	src/gui/Dialogs.cpp:232; src/gui/Dialogs.cpp:368
CFD-UG	Chapter 6: Multiphase Flow Interfaces	Phases	multiphase	partial	T2	src/gui/Dialogs.cpp:232; src/combustion/CanteraParser.cpp:143
CFD-UG	Chapter 6: Multiphase Flow Interfaces	Constraint Settings	multiphase	partial	T2	src/meshing/AmrAdaptor.hpp:8; src/gui/Dialogs.cpp:232
CFD-UG	Chapter 6: Multiphase Flow Interfaces	T he P ha s e T r a n sp ort Mi xt u re Mod el	multiphase	partial	T2	src/gui/Dialogs.cpp:232
CFD-UG	Chapter 6: Multiphase Flow Interfaces	Coupling Feature	multiphase	partial	T2	src/cad/FeatureEdges.cpp:148; src/gui/Dialogs.cpp:232
CFD-UG	Chapter 6: Multiphase Flow Interfaces	Phase Transport	turbulence	partial	T2	src/gui/Dialogs.cpp:232; src/combustion/CanteraParser.hpp:10
CFD-UG	Chapter 6: Multiphase Flow Interfaces	Laminar Flow	multiphase	partial	T2	src/gui/Dialogs.cpp:232; src/combustion/EddyDissipationConcept.hpp:15
CFD-UG	Chapter 6: Multiphase Flow Interfaces	Turbulent Flow, L-Vel	turbulence	partial	T2	src/gui/Dialogs.cpp:232; src/combustion/GEquation.cpp:51
CFD-UG	Chapter 6: Multiphase Flow Interfaces	Turbulent Flow, Sst	turbulence	partial	T1	src/gui/Dialogs.cpp:232; src/combustion/GEquation.cpp:51
CFD-UG	Chapter 6: Multiphase Flow Interfaces	Turbulent Flow, V2-F	turbulence	partial	T2	src/gui/Dialogs.cpp:232; src/combustion/GEquation.cpp:51
CFD-UG	Chapter 6: Multiphase Flow Interfaces	The Label is the default multiphysics coupling feature name.	multiphase	partial	T2	src/cad/FeatureEdges.cpp:148; src/gui/Dialogs.cpp:232
CFD-UG	Chapter 6: Multiphase Flow Interfaces	Domain Selection	multiphase	partial	T2	src/gui/Dialogs.cpp:232
CFD-UG	Chapter 6: Multiphase Flow Interfaces	Coupled Interfaces	multiphase	partial	T1	src/gui/Dialogs.cpp:232; src/gui/DiagnosticsPanel.cpp:59
CFD-UG	Chapter 6: Multiphase Flow Interfaces	Model Inputs	multiphase	partial	T2	src/gui/Dialogs.cpp:232
CFD-UG	Chapter 6: Multiphase Flow Interfaces	Temperature	multiphase	partial	T2	src/gui/Dialogs.cpp:232
CFD-UG	Chapter 6: Multiphase Flow Interfaces	Absolute Pressure	multiphase	partial	T2	src/solver/DualTimeStepping.hpp:33; src/gui/Dialogs.cpp:232
CFD-UG	Chapter 6: Multiphase Flow Interfaces	Physical Model	multiphase	partial	T2	src/gui/Dialogs.cpp:232; src/io/GmshReader.cpp:140
CFD-UG	Chapter 6: Multiphase Flow Interfaces	Dispersed Phase	multiphase	partial	T2	src/gui/Dialogs.cpp:232; src/multiphase/DriftFlux.hpp:5
CFD-UG	Chapter 6: Multiphase Flow Interfaces	Slip Model	multiphase	partial	T2	src/gui/Dialogs.cpp:232; src/gui/Dialogs.cpp:323
CFD-UG	Chapter 6: Multiphase Flow Interfaces	Turbulence	turbulence	partial	T2	src/gui/Dialogs.cpp:232
CFD-UG	Chapter 6: Multiphase Flow Interfaces	The Nonisothermal Mixture Model	multiphase	partial	T2	src/gui/Dialogs.cpp:232; src/combustion/FgmFlamelet.hpp:7
CFD-UG	Chapter 6: Multiphase Flow Interfaces	The Absolute pressure, pA (Model Input section)	multiphase	partial	T2	src/solver/DualTimeStepping.hpp:33; src/gui/Dialogs.cpp:232
CFD-UG	Chapter 6: Multiphase Flow Interfaces	The fluid-flow and heat-transfer interfaces are	turbulence	partial	T2	src/gui/Dialogs.cpp:232; src/cad/IgesReader.cpp:45
CFD-UG	Chapter 6: Multiphase Flow Interfaces	The Phase Transport and Fluid Flow interfaces	turbulence	partial	T2	src/gui/Dialogs.cpp:232; src/combustion/CanteraParser.hpp:10
CFD-UG	Chapter 6: Multiphase Flow Interfaces	Coupling Features	multiphase	partial	T2	src/cad/Defeaturing.hpp:6; src/gui/Dialogs.cpp:232
CFD-UG	Chapter 6: Multiphase Flow Interfaces	Phase Transport	turbulence	partial	T2	src/gui/Dialogs.cpp:232; src/combustion/CanteraParser.hpp:10
CFD-UG	Chapter 6: Multiphase Flow Interfaces	Laminar Flow	multiphase	partial	T2	src/gui/Dialogs.cpp:232; src/combustion/EddyDissipationConcept.hpp:15
CFD-UG	Chapter 6: Multiphase Flow Interfaces	Turbulent Flow, L-Vel	turbulence	partial	T2	src/gui/Dialogs.cpp:232; src/combustion/GEquation.cpp:51
CFD-UG	Chapter 6: Multiphase Flow Interfaces	T U R B U L E N T F L O W , k-ε	multiphase	partial	T2	src/gui/Dialogs.cpp:232
CFD-UG	Chapter 6: Multiphase Flow Interfaces	Turbulent Flow, Sst	turbulence	partial	T1	src/gui/Dialogs.cpp:232; src/combustion/GEquation.cpp:51
CFD-UG	Chapter 6: Multiphase Flow Interfaces	Turbulent Flow, V2-F	turbulence	partial	T2	src/gui/Dialogs.cpp:232; src/combustion/GEquation.cpp:51
CFD-UG	Chapter 6: Multiphase Flow Interfaces	The Label is the default multiphysics coupling feature name.	multiphase	partial	T2	src/cad/FeatureEdges.cpp:148; src/gui/Dialogs.cpp:232
CFD-UG	Chapter 6: Multiphase Flow Interfaces	Domain Selection	multiphase	partial	T2	src/gui/Dialogs.cpp:232
CFD-UG	Chapter 6: Multiphase Flow Interfaces	Coupled Interfaces	multiphase	partial	T1	src/gui/Dialogs.cpp:232; src/gui/DiagnosticsPanel.cpp:59
CFD-UG	Chapter 6: Multiphase Flow Interfaces	Model Inputs	multiphase	partial	T2	src/gui/Dialogs.cpp:232
CFD-UG	Chapter 6: Multiphase Flow Interfaces	Temperature	multiphase	partial	T2	src/gui/Dialogs.cpp:232
CFD-UG	Chapter 6: Multiphase Flow Interfaces	Absolute Pressure	multiphase	partial	T2	src/solver/DualTimeStepping.hpp:33; src/gui/Dialogs.cpp:232
CFD-UG	Chapter 6: Multiphase Flow Interfaces	Heat conduction	multiphase	partial	T2	src/emag/AvFormulation.hpp:48; src/gui/Dialogs.cpp:232
CFD-UG	Chapter 6: Multiphase Flow Interfaces	In this case the default is 0 W/(m·K). For the other options, enter values or	multiphase	partial	T2	src/gui/PythonConsolePanel.cpp:74; src/gui/Dialogs.cpp:232
CFD-UG	Chapter 6: Multiphase Flow Interfaces	Fluid Material	multiphase	partial	T2	src/gui/Dialogs.cpp:232; src/cad/FeatureEdges.hpp:9
CFD-UG	Chapter 6: Multiphase Flow Interfaces	Heat conduction	multiphase	partial	T2	src/emag/AvFormulation.hpp:48; src/gui/Dialogs.cpp:232
CFD-UG	Chapter 6: Multiphase Flow Interfaces	Fluid Material	multiphase	partial	T2	src/gui/Dialogs.cpp:232; src/cad/FeatureEdges.hpp:9
CFD-UG	Chapter 6: Multiphase Flow Interfaces	Theory for the Two-Phase Flow	multiphase	partial	T2	src/combustion/TfcModel.hpp:23; src/gui/Dialogs.cpp:232
CFD-UG	Chapter 6: Multiphase Flow Interfaces	Level Set and Phase Field Equations	multiphase	partial	T2	src/gui/Dialogs.cpp:232; src/adjoint/ContinuousAdjoint.hpp:11
CFD-UG	Chapter 6: Multiphase Flow Interfaces	Using The Level Set Method	multiphase	partial	T2	src/gui/Dialogs.cpp:232
CFD-UG	Chapter 6: Multiphase Flow Interfaces	Using The Phase Field Method	multiphase	partial	T2	src/gui/Dialogs.cpp:232
CFD-UG	Chapter 6: Multiphase Flow Interfaces	V f, 1 = 1 – V f, 2	multiphase	partial	T2	src/gui/Dialogs.cpp:232
CFD-UG	Chapter 6: Multiphase Flow Interfaces	V f, 2 – 0,5	multiphase	partial	T2	src/gui/Dialogs.cpp:232
CFD-UG	Chapter 6: Multiphase Flow Interfaces	The User-Defined Volume Force	multiphase	partial	T2	src/gui/Dialogs.cpp:232; src/core/RotatingFileSink.hpp:36
CFD-UG	Chapter 6: Multiphase Flow Interfaces	Conservative and Nonconservative Formulations	multiphase	partial	T2	src/gui/Dialogs.cpp:232; src/gui/Dialogs.cpp:358
CFD-UG	Chapter 6: Multiphase Flow Interfaces	Phase Initialization	multiphase	partial	T2	src/gui/Dialogs.cpp:232; src/gui/RibbonBar.cpp:41
CFD-UG	Chapter 6: Multiphase Flow Interfaces	Numerical Stabilization	multiphase	partial	T2	src/solver/CompressibleFlux.hpp:42; src/gui/Dialogs.cpp:232
CFD-UG	Chapter 6: Multiphase Flow Interfaces	References for the Level Set and Phase Field Interfaces	multiphase	partial	T2	src/gui/Dialogs.cpp:232
CFD-UG	Chapter 6: Multiphase Flow Interfaces	T he o r y f o r th e Two- Ph ase Th i n - Fi l m	multiphase	partial	T2	src/gui/Dialogs.cpp:232
CFD-UG	Chapter 6: Multiphase Flow Interfaces	V f, 1 = 1 – V f, 2	multiphase	partial	T2	src/gui/Dialogs.cpp:232
CFD-UG	Chapter 6: Multiphase Flow Interfaces	V f, 2 – 0,5	multiphase	partial	T2	src/gui/Dialogs.cpp:232
CFD-UG	Chapter 6: Multiphase Flow Interfaces	The User-Defined Volume Force	multiphase	partial	T2	src/gui/Dialogs.cpp:232; src/core/RotatingFileSink.hpp:36
CFD-UG	Chapter 6: Multiphase Flow Interfaces	Conservative and Nonconservative Formulations	multiphase	partial	T2	src/gui/Dialogs.cpp:232; src/gui/Dialogs.cpp:358
CFD-UG	Chapter 6: Multiphase Flow Interfaces	Phase Initialization	multiphase	partial	T2	src/gui/Dialogs.cpp:232; src/gui/RibbonBar.cpp:41
CFD-UG	Chapter 6: Multiphase Flow Interfaces	Ternary Phase-Field Equations	multiphase	partial	T2	src/gui/Dialogs.cpp:232; src/adjoint/ContinuousAdjoint.hpp:11
CFD-UG	Chapter 6: Multiphase Flow Interfaces	Free Energy	multiphase	partial	T2	src/gui/Dialogs.cpp:232
CFD-UG	Chapter 6: Multiphase Flow Interfaces	Σ C = σ BC + σ AC – σ AB	multiphase	partial	T2	src/gui/Dialogs.cpp:232
CFD-UG	Chapter 6: Multiphase Flow Interfaces	Ternary Phase Field Parameters	multiphase	partial	T2	src/gui/Dialogs.cpp:232
CFD-UG	Chapter 6: Multiphase Flow Interfaces	Surface Tension	multiphase	partial	T2	src/gui/Dialogs.cpp:232; src/multiphase/PlicReconstruction.hpp:24
CFD-UG	Chapter 6: Multiphase Flow Interfaces	F st =	multiphase	partial	T2	src/gui/Dialogs.cpp:232
CFD-UG	Chapter 6: Multiphase Flow Interfaces	Reference for the Three-Phase Flow, Phase Field Interface	multiphase	partial	T2	src/gui/Dialogs.cpp:232; src/cad/Booleans.hpp:6
CFD-UG	Chapter 6: Multiphase Flow Interfaces	Domain Level Fluid Flow	multiphase	partial	T2	src/gui/Dialogs.cpp:232
CFD-UG	Chapter 6: Multiphase Flow Interfaces	About the Moving Mesh	mesh	partial	T2	src/gui/Dialogs.cpp:232; src/dynamics/SixDof.hpp:18
CFD-UG	Chapter 6: Multiphase Flow Interfaces	About the Fluid Interface Boundary Conditions	bc	partial	T1	src/gui/Dialogs.cpp:232; src/core/BoundaryConditionRegistry.hpp:9
CFD-UG	Chapter 6: Multiphase Flow Interfaces	Fluid–Fluid Interface	multiphase	partial	T2	src/gui/Dialogs.cpp:232
CFD-UG	Chapter 6: Multiphase Flow Interfaces	Mf 	multiphase	partial	T2	src/gui/Dialogs.cpp:232
CFD-UG	Chapter 6: Multiphase Flow Interfaces	T	multiphase	partial	T2	src/gui/Dialogs.cpp:232
CFD-UG	Chapter 6: Multiphase Flow Interfaces	T	multiphase	partial	T2	src/gui/Dialogs.cpp:232
CFD-UG	Chapter 6: Multiphase Flow Interfaces	T	multiphase	partial	T2	src/gui/Dialogs.cpp:232
CFD-UG	Chapter 6: Multiphase Flow Interfaces	Free Surface	multiphase	partial	T2	src/gui/Dialogs.cpp:232
CFD-UG	Chapter 6: Multiphase Flow Interfaces	References for the Two-Phase Flow, Moving Mesh Interface	mesh	partial	T2	src/gui/Dialogs.cpp:232; src/dynamics/SixDof.hpp:18
CFD-UG	Chapter 6: Multiphase Flow Interfaces	T 2	multiphase	partial	T2	src/gui/Dialogs.cpp:232
CFD-UG	Chapter 6: Multiphase Flow Interfaces	Slip Model	multiphase	partial	T2	src/gui/Dialogs.cpp:232; src/gui/Dialogs.cpp:323
CFD-UG	Chapter 6: Multiphase Flow Interfaces	Here fD can be written as	multiphase	partial	T2	src/gui/Dialogs.cpp:232; src/amr/AdaptiveRefinement.hpp:52
CFD-UG	Chapter 6: Multiphase Flow Interfaces	Schwarz and Turner (Ref. 4) proposed a linearized version of Equation 6-38	multiphase	partial	T2	src/meshing/AmrAdaptor.hpp:9; src/gui/Dialogs.cpp:232
CFD-UG	Chapter 6: Multiphase Flow Interfaces	S k = – C k φ g ∇p ⋅ u slip	multiphase	partial	T2	src/gui/Dialogs.cpp:232; src/gui/Dialogs.cpp:323
CFD-UG	Chapter 6: Multiphase Flow Interfaces	References for the Bubbly Flow Interfaces	multiphase	partial	T2	src/multiphase/DriftFlux.hpp:12; src/gui/Dialogs.cpp:232
CFD-UG	Chapter 6: Multiphase Flow Interfaces	T he o r y f o r t h e Mi xt u re Mod el	multiphase	partial	T2	src/gui/Dialogs.cpp:232
CFD-UG	Chapter 6: Multiphase Flow Interfaces	Dispersed Phase Flux	multiphase	partial	T2	src/gui/Dialogs.cpp:232; src/multiphase/DriftFlux.hpp:5
CFD-UG	Chapter 6: Multiphase Flow Interfaces	Symmetry	bc	partial	T1	src/gui/Dialogs.cpp:232; src/core/BoundaryConditionRegistry.hpp:10
CFD-UG	Chapter 6: Multiphase Flow Interfaces	No Dispersed Flux	multiphase	partial	T2	src/gui/Dialogs.cpp:232; src/multiphase/DriftFlux.hpp:5
CFD-UG	Chapter 6: Multiphase Flow Interfaces	Turbulence Modeling in Mixture Models	turbulence	partial	T2	src/gui/Dialogs.cpp:232; src/combustion/FgmFlamelet.hpp:7
CFD-UG	Chapter 6: Multiphase Flow Interfaces	Slip Velocity Models	multiphase	partial	T2	src/gui/Dialogs.cpp:232; src/gui/Dialogs.cpp:323
CFD-UG	Chapter 6: Multiphase Flow Interfaces	C d = ----------  1 + A ( S p )Re p	multiphase	partial	T2	src/gui/Dialogs.cpp:232
CFD-UG	Chapter 6: Multiphase Flow Interfaces	C ( Sp )	multiphase	partial	T2	src/gui/Dialogs.cpp:232
CFD-UG	Chapter 6: Multiphase Flow Interfaces	References for the Mixture Model Interfaces	multiphase	partial	T2	src/gui/Dialogs.cpp:232; src/combustion/FgmFlamelet.hpp:7
CFD-UG	Chapter 6: Multiphase Flow Interfaces	Mass Balance	multiphase	partial	T2	src/gui/Dialogs.cpp:232; src/amr/AmrApplier.hpp:16
CFD-UG	Chapter 6: Multiphase Flow Interfaces	Momentum Balance	multiphase	partial	T2	src/gui/Dialogs.cpp:232; src/amr/AmrApplier.hpp:16
CFD-UG	Chapter 6: Multiphase Flow Interfaces	Viscosity Models	multiphase	partial	T1	src/gui/Dialogs.cpp:232; src/adjoint/ContinuousAdjoint.hpp:42
CFD-UG	Chapter 6: Multiphase Flow Interfaces	Gidaspow	multiphase	partial	T2	src/gui/Dialogs.cpp:232
CFD-UG	Chapter 6: Multiphase Flow Interfaces	Re p > 1000	multiphase	partial	T2	src/gui/Dialogs.cpp:232
CFD-UG	Chapter 6: Multiphase Flow Interfaces	Hadamard–Rybczynski	multiphase	partial	T2	src/gui/Dialogs.cpp:232
CFD-UG	Chapter 6: Multiphase Flow Interfaces	C d = ----------  --------------------	multiphase	partial	T2	src/gui/Dialogs.cpp:232
CFD-UG	Chapter 6: Multiphase Flow Interfaces	C D = 	multiphase	partial	T2	src/gui/Dialogs.cpp:232
CFD-UG	Chapter 6: Multiphase Flow Interfaces	Haider–Levenspiel	multiphase	partial	T2	src/gui/Dialogs.cpp:232
CFD-UG	Chapter 6: Multiphase Flow Interfaces	B ( Sp )	multiphase	partial	T2	src/gui/Dialogs.cpp:232
CFD-UG	Chapter 6: Multiphase Flow Interfaces	C d = ----------  1 + A ( S p )Re p	multiphase	partial	T2	src/gui/Dialogs.cpp:232
CFD-UG	Chapter 6: Multiphase Flow Interfaces	C ( Sp )	multiphase	partial	T2	src/gui/Dialogs.cpp:232
CFD-UG	Chapter 6: Multiphase Flow Interfaces	Tomiyama and Others	multiphase	partial	T2	src/io/GmshReader.cpp:332; src/gui/Dialogs.cpp:232
CFD-UG	Chapter 6: Multiphase Flow Interfaces	Solid Pressure	multiphase	partial	T2	src/gui/Dialogs.cpp:232; src/acoustics/CurleAcoustics.hpp:8
CFD-UG	Chapter 6: Multiphase Flow Interfaces	Notes On The Implementation	multiphase	partial	T2	src/cad/Defeaturing.cpp:5; src/gui/Dialogs.cpp:232
CFD-UG	Chapter 6: Multiphase Flow Interfaces	The k-ε Turbulence Model for the Euler–Euler Interface	turbulence	partial	T2	src/gui/Dialogs.cpp:232; src/combustion/EddyDissipationConcept.cpp:70
CFD-UG	Chapter 6: Multiphase Flow Interfaces	Mixture Turbulence	turbulence	partial	T2	src/gui/Dialogs.cpp:232; src/combustion/FgmFlamelet.hpp:7
CFD-UG	Chapter 6: Multiphase Flow Interfaces	Constant	multiphase	partial	T2	src/gui/Dialogs.cpp:232; src/combustion/CanteraParser.cpp:230
CFD-UG	Chapter 6: Multiphase Flow Interfaces	Value	multiphase	partial	T2	src/gui/Dialogs.cpp:232
CFD-UG	Chapter 6: Multiphase Flow Interfaces	Constant	multiphase	partial	T2	src/gui/Dialogs.cpp:232; src/combustion/CanteraParser.cpp:230
CFD-UG	Chapter 6: Multiphase Flow Interfaces	Value	multiphase	partial	T2	src/gui/Dialogs.cpp:232
CFD-UG	Chapter 6: Multiphase Flow Interfaces	Phase-Specific Turbulence	turbulence	partial	T2	src/gui/Dialogs.cpp:232; src/combustion/ThermoNasaParser.hpp:55
CFD-UG	Chapter 6: Multiphase Flow Interfaces	Continuous	multiphase	partial	T2	src/gui/Dialogs.cpp:232; src/adjoint/ContinuousAdjoint.hpp:6
CFD-UG	Chapter 6: Multiphase Flow Interfaces	Phase	multiphase	partial	T2	src/gui/Dialogs.cpp:232
CFD-UG	Chapter 6: Multiphase Flow Interfaces	Constants	multiphase	partial	T2	src/gui/Dialogs.cpp:232; src/gui/DiagnosticsPanel.cpp:60
CFD-UG	Chapter 6: Multiphase Flow Interfaces	Value	multiphase	partial	T2	src/gui/Dialogs.cpp:232
CFD-UG	Chapter 6: Multiphase Flow Interfaces	Dispersed	multiphase	partial	T2	src/gui/Dialogs.cpp:232; src/multiphase/DriftFlux.hpp:5
CFD-UG	Chapter 6: Multiphase Flow Interfaces	Phase	multiphase	partial	T2	src/gui/Dialogs.cpp:232
CFD-UG	Chapter 6: Multiphase Flow Interfaces	Constants	multiphase	partial	T2	src/gui/Dialogs.cpp:232; src/gui/DiagnosticsPanel.cpp:60
CFD-UG	Chapter 6: Multiphase Flow Interfaces	Value	multiphase	partial	T2	src/gui/Dialogs.cpp:232
CFD-UG	Chapter 6: Multiphase Flow Interfaces	References for the Euler–Euler Model Interfaces	multiphase	partial	T2	src/gui/Dialogs.cpp:232; src/combustion/EddyDissipationConcept.cpp:70
CFD-UG	Chapter 6: Multiphase Flow Interfaces	Phase Transport in Free Flow	turbulence	partial	T2	src/gui/Dialogs.cpp:232; src/combustion/CanteraParser.hpp:10
CFD-UG	Chapter 6: Multiphase Flow Interfaces	N	multiphase	partial	T2	src/gui/Dialogs.cpp:232
CFD-UG	Chapter 6: Multiphase Flow Interfaces	Free-Porous Interface	multiphase	partial	T2	src/gui/Dialogs.cpp:232; src/gui/Dialogs.cpp:368
CFD-UG	Chapter 6: Multiphase Flow Interfaces	References for the Phase Transport Interfaces	turbulence	partial	T2	src/gui/Dialogs.cpp:232; src/combustion/CanteraParser.hpp:10
CFD-UG	Chapter 6: Multiphase Flow Interfaces	N	multiphase	partial	T2	src/gui/Dialogs.cpp:232
CFD-UG	Chapter 6: Multiphase Flow Interfaces	D md	multiphase	partial	T2	src/gui/Dialogs.cpp:232
CFD-UG	Chapter 6: Multiphase Flow Interfaces	N	multiphase	partial	T2	src/gui/Dialogs.cpp:232
CFD-UG	Chapter 6: Multiphase Flow Interfaces	N	multiphase	partial	T2	src/gui/Dialogs.cpp:232
CFD-UG	Chapter 6: Multiphase Flow Interfaces	Slip Velocity Models	multiphase	partial	T2	src/gui/Dialogs.cpp:232; src/gui/Dialogs.cpp:323
CFD-UG	Chapter 6: Multiphase Flow Interfaces	B(S )	multiphase	partial	T2	src/gui/Dialogs.cpp:232
CFD-UG	Chapter 6: Multiphase Flow Interfaces	C d,i = ------------- ( 1 + A ( S i )Re p,i i ) + -----------------------------------------Re p,i	multiphase	partial	T2	src/gui/Dialogs.cpp:232
CFD-UG	Chapter 6: Multiphase Flow Interfaces	C d,i = -------------  --------------------	multiphase	partial	T2	src/gui/Dialogs.cpp:232
CFD-UG	Chapter 6: Multiphase Flow Interfaces	Theory for the Nonisothermal	multiphase	partial	T2	src/combustion/TfcModel.hpp:23; src/gui/Dialogs.cpp:232
CFD-UG	Chapter 6: Multiphase Flow Interfaces	Cp	multiphase	partial	T2	src/gui/Dialogs.cpp:232
CFD-UG	Chapter 6: Multiphase Flow Interfaces	C	multiphase	partial	T2	src/gui/Dialogs.cpp:232
CFD-UG	Chapter 8: Chemical Species Transport Interfaces	Chapter 8: Chemical Species Transport Interfaces	turbulence	partial	T2	src/gui/Dialogs.cpp:232; src/combustion/CanteraParser.hpp:10
CFD-UG	Chapter 8: Chemical Species Transport Interfaces	Modeling Chemical Species Transport	turbulence	partial	T2	src/gui/Dialogs.cpp:232; src/combustion/CanteraParser.hpp:10
CFD-UG	Chapter 8: Chemical Species Transport Interfaces	Reacting Flow	turbulence	partial	T2	src/gui/Dialogs.cpp:232; src/combustion/CanteraParser.hpp:10
CFD-UG	Chapter 8: Chemical Species Transport Interfaces	Adding a Chemical Species Transport Interface	turbulence	partial	T2	src/gui/Dialogs.cpp:232; src/combustion/CanteraParser.hpp:10
CFD-UG	Chapter 8: Chemical Species Transport Interfaces	The Transport of Diluted Species	turbulence	partial	T2	src/gui/Dialogs.cpp:232; src/combustion/CanteraParser.hpp:10
CFD-UG	Chapter 8: Chemical Species Transport Interfaces	Domain Selection	turbulence	partial	T2	src/gui/Dialogs.cpp:232; src/combustion/CanteraParser.hpp:10
CFD-UG	Chapter 8: Chemical Species Transport Interfaces	Cross-Sectional Area	turbulence	partial	T2	src/gui/Dialogs.cpp:232; src/combustion/CanteraParser.hpp:10
CFD-UG	Chapter 8: Chemical Species Transport Interfaces	Inconsistent Stabilization	turbulence	partial	T2	src/gui/Dialogs.cpp:232; src/combustion/CanteraParser.hpp:10
CFD-UG	Chapter 8: Chemical Species Transport Interfaces	Activity	turbulence	partial	T2	src/gui/Dialogs.cpp:232; src/combustion/CanteraParser.hpp:10
CFD-UG	Chapter 8: Chemical Species Transport Interfaces	Fluid	turbulence	partial	T2	src/gui/Dialogs.cpp:232; src/combustion/CanteraParser.hpp:10
CFD-UG	Chapter 8: Chemical Species Transport Interfaces	Model Inputs	turbulence	partial	T2	src/gui/Dialogs.cpp:232; src/combustion/CanteraParser.hpp:10
CFD-UG	Chapter 8: Chemical Species Transport Interfaces	Domain Selection	turbulence	partial	T2	src/gui/Dialogs.cpp:232; src/combustion/CanteraParser.hpp:10
CFD-UG	Chapter 8: Chemical Species Transport Interfaces	Reactions	turbulence	partial	T2	src/gui/Dialogs.cpp:232; src/combustion/CanteraParser.hpp:10
CFD-UG	Chapter 8: Chemical Species Transport Interfaces	Domain Selection	turbulence	partial	T2	src/gui/Dialogs.cpp:232; src/combustion/CanteraParser.hpp:10
CFD-UG	Chapter 8: Chemical Species Transport Interfaces	Reacting Volume	turbulence	partial	T2	src/gui/Dialogs.cpp:232; src/combustion/CanteraParser.hpp:10
CFD-UG	Chapter 8: Chemical Species Transport Interfaces	Heat Source	turbulence	partial	T2	src/gui/Dialogs.cpp:232; src/combustion/CanteraParser.hpp:10
CFD-UG	Chapter 8: Chemical Species Transport Interfaces	No Flux	turbulence	partial	T2	src/gui/Dialogs.cpp:232; src/combustion/CanteraParser.hpp:10
CFD-UG	Chapter 8: Chemical Species Transport Interfaces	Flux	turbulence	partial	T2	src/gui/Dialogs.cpp:232; src/combustion/CanteraParser.hpp:10
CFD-UG	Chapter 8: Chemical Species Transport Interfaces	Flux Discontinuity	turbulence	partial	T2	src/gui/Dialogs.cpp:232; src/combustion/CanteraParser.hpp:10
CFD-UG	Chapter 8: Chemical Species Transport Interfaces	J = – D∇c	turbulence	partial	T2	src/gui/Dialogs.cpp:232; src/combustion/CanteraParser.hpp:10
CFD-UG	Chapter 8: Chemical Species Transport Interfaces	Flux Discontinuity	turbulence	partial	T2	src/gui/Dialogs.cpp:232; src/combustion/CanteraParser.hpp:10
CFD-UG	Chapter 8: Chemical Species Transport Interfaces	Boundary Selection	turbulence	partial	T2	src/gui/Dialogs.cpp:232; src/combustion/CanteraParser.hpp:10
CFD-UG	Chapter 8: Chemical Species Transport Interfaces	Line Mass Source	turbulence	partial	T2	src/gui/Dialogs.cpp:232; src/combustion/CanteraParser.hpp:10
CFD-UG	Chapter 8: Chemical Species Transport Interfaces	Selection	turbulence	partial	T2	src/gui/Dialogs.cpp:232; src/combustion/CanteraParser.hpp:10
CFD-UG	Chapter 8: Chemical Species Transport Interfaces	Species Source	turbulence	partial	T2	src/gui/Dialogs.cpp:232; src/combustion/CanteraParser.hpp:10
CFD-UG	Chapter 8: Chemical Species Transport Interfaces	Point Mass Source	turbulence	partial	T2	src/gui/Dialogs.cpp:232; src/combustion/CanteraParser.hpp:10
CFD-UG	Chapter 8: Chemical Species Transport Interfaces	Species Source	turbulence	partial	T2	src/gui/Dialogs.cpp:232; src/combustion/CanteraParser.hpp:10
CFD-UG	Chapter 8: Chemical Species Transport Interfaces	Open Boundary	turbulence	partial	T2	src/gui/Dialogs.cpp:232; src/combustion/CanteraParser.hpp:10
CFD-UG	Chapter 8: Chemical Species Transport Interfaces	Heat Source	turbulence	partial	T2	src/gui/Dialogs.cpp:232; src/combustion/CanteraParser.hpp:10
CFD-UG	Chapter 8: Chemical Species Transport Interfaces	Surface Reactions	turbulence	partial	T2	src/gui/Dialogs.cpp:232; src/combustion/CanteraParser.hpp:10
CFD-UG	Chapter 8: Chemical Species Transport Interfaces	Model Inputs	turbulence	partial	T2	src/gui/Dialogs.cpp:232; src/combustion/CanteraParser.hpp:10
CFD-UG	Chapter 8: Chemical Species Transport Interfaces	Dispersion	turbulence	partial	T2	src/gui/Dialogs.cpp:232; src/combustion/CanteraParser.hpp:10
CFD-UG	Chapter 8: Chemical Species Transport Interfaces	Model Inputs	turbulence	partial	T2	src/gui/Dialogs.cpp:232; src/combustion/CanteraParser.hpp:10
CFD-UG	Chapter 8: Chemical Species Transport Interfaces	Volatilization	turbulence	partial	T2	src/gui/Dialogs.cpp:232; src/combustion/CanteraParser.hpp:10
CFD-UG	Chapter 8: Chemical Species Transport Interfaces	Adsorption	turbulence	partial	T2	src/gui/Dialogs.cpp:232; src/combustion/CanteraParser.hpp:10
CFD-UG	Chapter 8: Chemical Species Transport Interfaces	Adsorption	turbulence	partial	T2	src/gui/Dialogs.cpp:232; src/combustion/CanteraParser.hpp:10
CFD-UG	Chapter 8: Chemical Species Transport Interfaces	K P = -------P- = --------------------------2	turbulence	partial	T2	src/gui/Dialogs.cpp:232; src/combustion/CanteraParser.hpp:10
CFD-UG	Chapter 8: Chemical Species Transport Interfaces	KL c	turbulence	partial	T2	src/gui/Dialogs.cpp:232; src/combustion/CanteraParser.hpp:10
CFD-UG	Chapter 8: Chemical Species Transport Interfaces	K P = -------P- = ----------------------------------------------------------------2	turbulence	partial	T2	src/gui/Dialogs.cpp:232; src/combustion/CanteraParser.hpp:10
CFD-UG	Chapter 8: Chemical Species Transport Interfaces	Volatilization	turbulence	partial	T2	src/gui/Dialogs.cpp:232; src/combustion/CanteraParser.hpp:10
CFD-UG	Chapter 8: Chemical Species Transport Interfaces	Volatilization	turbulence	partial	T2	src/gui/Dialogs.cpp:232; src/combustion/CanteraParser.hpp:10
CFD-UG	Chapter 8: Chemical Species Transport Interfaces	Species Source	turbulence	partial	T2	src/gui/Dialogs.cpp:232; src/combustion/CanteraParser.hpp:10
CFD-UG	Chapter 8: Chemical Species Transport Interfaces	Domain Selection	turbulence	partial	T2	src/gui/Dialogs.cpp:232; src/combustion/CanteraParser.hpp:10
CFD-UG	Chapter 8: Chemical Species Transport Interfaces	Species Source	turbulence	partial	T2	src/gui/Dialogs.cpp:232; src/combustion/CanteraParser.hpp:10
CFD-UG	Chapter 8: Chemical Species Transport Interfaces	Out-of-Plane Flux	turbulence	partial	T2	src/gui/Dialogs.cpp:232; src/combustion/CanteraParser.hpp:10
CFD-UG	Chapter 8: Chemical Species Transport Interfaces	Jdown	turbulence	partial	T2	src/gui/Dialogs.cpp:232; src/combustion/CanteraParser.hpp:10
CFD-UG	Chapter 8: Chemical Species Transport Interfaces	Fracture	turbulence	partial	T2	src/gui/Dialogs.cpp:232; src/combustion/CanteraParser.hpp:10
CFD-UG	Chapter 8: Chemical Species Transport Interfaces	Fluid (Fracture)	turbulence	partial	T2	src/gui/Dialogs.cpp:232; src/combustion/CanteraParser.hpp:10
CFD-UG	Chapter 8: Chemical Species Transport Interfaces	Model Inputs	turbulence	partial	T2	src/gui/Dialogs.cpp:232; src/combustion/CanteraParser.hpp:10
CFD-UG	Chapter 8: Chemical Species Transport Interfaces	The Transport of Concentrated	turbulence	partial	T2	src/gui/Dialogs.cpp:232; src/combustion/CanteraParser.hpp:10
CFD-UG	Chapter 8: Chemical Species Transport Interfaces	Equation	turbulence	partial	T2	src/gui/Dialogs.cpp:232; src/combustion/CanteraParser.hpp:10
CFD-UG	Chapter 8: Chemical Species Transport Interfaces	Cross-Sectional Area	turbulence	partial	T2	src/gui/Dialogs.cpp:232; src/combustion/CanteraParser.hpp:10
CFD-UG	Chapter 8: Chemical Species Transport Interfaces	Q	turbulence	partial	T2	src/gui/Dialogs.cpp:232; src/combustion/CanteraParser.hpp:10
CFD-UG	Chapter 8: Chemical Species Transport Interfaces	Species	turbulence	partial	T2	src/gui/Dialogs.cpp:232; src/combustion/CanteraParser.hpp:10
CFD-UG	Chapter 8: Chemical Species Transport Interfaces	Adding a Chemical Species Transport Interface	turbulence	partial	T2	src/gui/Dialogs.cpp:232; src/combustion/CanteraParser.hpp:10
CFD-UG	Chapter 8: Chemical Species Transport Interfaces	Fluid	turbulence	partial	T2	src/gui/Dialogs.cpp:232; src/combustion/CanteraParser.hpp:10
CFD-UG	Chapter 8: Chemical Species Transport Interfaces	Model Inputs	turbulence	partial	T2	src/gui/Dialogs.cpp:232; src/combustion/CanteraParser.hpp:10
CFD-UG	Chapter 8: Chemical Species Transport Interfaces	Temperature	turbulence	partial	T2	src/gui/Dialogs.cpp:232; src/combustion/CanteraParser.hpp:10
CFD-UG	Chapter 8: Chemical Species Transport Interfaces	Density	turbulence	partial	T1	src/gui/Dialogs.cpp:232; src/combustion/CanteraParser.hpp:10
CFD-UG	Chapter 8: Chemical Species Transport Interfaces	Select the source of the Velocity field u:	turbulence	partial	T2	src/gui/Dialogs.cpp:232; src/combustion/CanteraParser.hpp:10
CFD-UG	Chapter 8: Chemical Species Transport Interfaces	Model Inputs	turbulence	partial	T2	src/gui/Dialogs.cpp:232; src/combustion/CanteraParser.hpp:10
CFD-UG	Chapter 8: Chemical Species Transport Interfaces	Density	turbulence	partial	T1	src/gui/Dialogs.cpp:232; src/combustion/CanteraParser.hpp:10
CFD-UG	Chapter 8: Chemical Species Transport Interfaces	Select the source of the Velocity field u:	turbulence	partial	T2	src/gui/Dialogs.cpp:232; src/combustion/CanteraParser.hpp:10
CFD-UG	Chapter 8: Chemical Species Transport Interfaces	Reactions	turbulence	partial	T2	src/gui/Dialogs.cpp:232; src/combustion/CanteraParser.hpp:10
CFD-UG	Chapter 8: Chemical Species Transport Interfaces	Reacting Volume	turbulence	partial	T2	src/gui/Dialogs.cpp:232; src/combustion/CanteraParser.hpp:10
CFD-UG	Chapter 8: Chemical Species Transport Interfaces	Heat Source	turbulence	partial	T2	src/gui/Dialogs.cpp:232; src/combustion/CanteraParser.hpp:10
CFD-UG	Chapter 8: Chemical Species Transport Interfaces	Flux	turbulence	partial	T2	src/gui/Dialogs.cpp:232; src/combustion/CanteraParser.hpp:10
CFD-UG	Chapter 8: Chemical Species Transport Interfaces	No Flux	turbulence	partial	T2	src/gui/Dialogs.cpp:232; src/combustion/CanteraParser.hpp:10
CFD-UG	Chapter 8: Chemical Species Transport Interfaces	Out-of-Plane Flux	turbulence	partial	T2	src/gui/Dialogs.cpp:232; src/combustion/CanteraParser.hpp:10
CFD-UG	Chapter 8: Chemical Species Transport Interfaces	Flux Discontinuity	turbulence	partial	T2	src/gui/Dialogs.cpp:232; src/combustion/CanteraParser.hpp:10
CFD-UG	Chapter 8: Chemical Species Transport Interfaces	N = ( ρω i u + j i )	turbulence	partial	T2	src/gui/Dialogs.cpp:232; src/combustion/CanteraParser.hpp:10
CFD-UG	Chapter 8: Chemical Species Transport Interfaces	Flux Discontinuity	turbulence	partial	T2	src/gui/Dialogs.cpp:232; src/combustion/CanteraParser.hpp:10
CFD-UG	Chapter 8: Chemical Species Transport Interfaces	Open Boundary	turbulence	partial	T2	src/gui/Dialogs.cpp:232; src/combustion/CanteraParser.hpp:10
CFD-UG	Chapter 8: Chemical Species Transport Interfaces	Heat Source	turbulence	partial	T2	src/gui/Dialogs.cpp:232; src/combustion/CanteraParser.hpp:10
CFD-UG	Chapter 8: Chemical Species Transport Interfaces	The Reacting Flow, Concentrated	turbulence	partial	T2	src/gui/Dialogs.cpp:232; src/combustion/CanteraParser.hpp:10
CFD-UG	Chapter 8: Chemical Species Transport Interfaces	Domain Level Synchronization	turbulence	partial	T2	src/gui/Dialogs.cpp:232; src/combustion/CanteraParser.hpp:10
CFD-UG	Chapter 8: Chemical Species Transport Interfaces	Domain Selection	turbulence	partial	T2	src/gui/Dialogs.cpp:232; src/combustion/CanteraParser.hpp:10
CFD-UG	Chapter 8: Chemical Species Transport Interfaces	Mass Transport Turbulence Model	turbulence	partial	T2	src/gui/Dialogs.cpp:232; src/combustion/CanteraParser.hpp:10
CFD-UG	Chapter 8: Chemical Species Transport Interfaces	Transport Of Concentrated Species	turbulence	partial	T2	src/gui/Dialogs.cpp:232; src/combustion/CanteraParser.hpp:10
CFD-UG	Chapter 8: Chemical Species Transport Interfaces	The Reacting Flow, Diluted Species	turbulence	partial	T2	src/gui/Dialogs.cpp:232; src/combustion/CanteraParser.hpp:10
CFD-UG	Chapter 8: Chemical Species Transport Interfaces	Domain Level Synchronization	turbulence	partial	T2	src/gui/Dialogs.cpp:232; src/combustion/CanteraParser.hpp:10
CFD-UG	Chapter 8: Chemical Species Transport Interfaces	Domain Selection	turbulence	partial	T2	src/gui/Dialogs.cpp:232; src/combustion/CanteraParser.hpp:10
CFD-UG	Chapter 8: Chemical Species Transport Interfaces	Turbulence	turbulence	partial	T2	src/gui/Dialogs.cpp:232; src/combustion/CanteraParser.hpp:10
CFD-UG	Chapter 8: Chemical Species Transport Interfaces	Transport Of Diluted Species	turbulence	partial	T2	src/gui/Dialogs.cpp:232; src/combustion/CanteraParser.hpp:10
CFD-UG	Chapter 8: Chemical Species Transport Interfaces	Transport Of Diluted Species	turbulence	partial	T2	src/gui/Dialogs.cpp:232; src/combustion/CanteraParser.hpp:10
CFD-UG	Chapter 8: Chemical Species Transport Interfaces	Transport Of Concentrated Species	turbulence	partial	T2	src/gui/Dialogs.cpp:232; src/combustion/CanteraParser.hpp:10
CFD-UG	Chapter 8: Chemical Species Transport Interfaces	The Nonisothermal Reacting Flow	turbulence	partial	T2	src/gui/Dialogs.cpp:232; src/combustion/CanteraParser.hpp:10
CFD-UG	Chapter 8: Chemical Species Transport Interfaces	Transport Of Concentrated Species	turbulence	partial	T2	src/gui/Dialogs.cpp:232; src/combustion/CanteraParser.hpp:10
CFD-UG	Chapter 8: Chemical Species Transport Interfaces	T he Hi g h M a c h N u m b er R eact i n g Fl ow	turbulence	partial	T2	src/gui/Dialogs.cpp:232; src/combustion/CanteraParser.hpp:10
CFD-UG	Chapter 8: Chemical Species Transport Interfaces	Domain Level Synchronization	turbulence	partial	T2	src/gui/Dialogs.cpp:232; src/combustion/CanteraParser.hpp:10
CFD-UG	Chapter 8: Chemical Species Transport Interfaces	Domain Selection	turbulence	partial	T2	src/gui/Dialogs.cpp:232; src/combustion/CanteraParser.hpp:10
CFD-UG	Chapter 8: Chemical Species Transport Interfaces	Mass Transport Turbulence Model	turbulence	partial	T2	src/gui/Dialogs.cpp:232; src/combustion/CanteraParser.hpp:10
CFD-UG	Chapter 8: Chemical Species Transport Interfaces	Transport Of Concentrated Species	turbulence	partial	T2	src/gui/Dialogs.cpp:232; src/combustion/CanteraParser.hpp:10
CFD-UG	Chapter 8: Chemical Species Transport Interfaces	Domain Level Synchronization	turbulence	partial	T2	src/gui/Dialogs.cpp:232; src/combustion/CanteraParser.hpp:10
CFD-UG	Chapter 8: Chemical Species Transport Interfaces	Domain Selection	turbulence	partial	T2	src/gui/Dialogs.cpp:232; src/combustion/CanteraParser.hpp:10
CFD-UG	Chapter 8: Chemical Species Transport Interfaces	Mass Transport Turbulence Model	turbulence	partial	T2	src/gui/Dialogs.cpp:232; src/combustion/CanteraParser.hpp:10
CFD-UG	Chapter 8: Chemical Species Transport Interfaces	Transport Of Diluted Species	turbulence	partial	T2	src/gui/Dialogs.cpp:232; src/combustion/CanteraParser.hpp:10
CFD-UG	Chapter 8: Chemical Species Transport Interfaces	Domain Level Synchronization	turbulence	partial	T2	src/gui/Dialogs.cpp:232; src/combustion/CanteraParser.hpp:10
CFD-UG	Chapter 8: Chemical Species Transport Interfaces	Domain Selection	turbulence	partial	T2	src/gui/Dialogs.cpp:232; src/combustion/CanteraParser.hpp:10
CFD-UG	Chapter 8: Chemical Species Transport Interfaces	Turbulence	turbulence	partial	T2	src/gui/Dialogs.cpp:232; src/combustion/CanteraParser.hpp:10
CFD-UG	Chapter 8: Chemical Species Transport Interfaces	Phase Transport Of Diluted Species	turbulence	partial	T2	src/gui/Dialogs.cpp:232; src/combustion/CanteraParser.hpp:10
CFD-UG	Chapter 8: Chemical Species Transport Interfaces	Model Inputs	turbulence	partial	T2	src/gui/Dialogs.cpp:232; src/combustion/CanteraParser.hpp:10
CFD-UG	Chapter 8: Chemical Species Transport Interfaces	T he o r y f o r th e Tran sp ort of D i l u t ed	turbulence	partial	T2	src/gui/Dialogs.cpp:232; src/combustion/CanteraParser.hpp:10
CFD-UG	Chapter 8: Chemical Species Transport Interfaces	Mass Sources for Species Transport	turbulence	partial	T2	src/gui/Dialogs.cpp:232; src/combustion/CanteraParser.hpp:10
CFD-UG	Chapter 8: Chemical Species Transport Interfaces	Point Source	turbulence	partial	T2	src/gui/Dialogs.cpp:232; src/combustion/CanteraParser.hpp:10
CFD-UG	Chapter 8: Chemical Species Transport Interfaces	Line Source	turbulence	partial	T2	src/gui/Dialogs.cpp:232; src/combustion/CanteraParser.hpp:10
CFD-UG	Chapter 8: Chemical Species Transport Interfaces	J i = – D i ∇c i – z i u m, i Fc i ∇V	turbulence	partial	T2	src/gui/Dialogs.cpp:232; src/combustion/CanteraParser.hpp:10
CFD-UG	Chapter 8: Chemical Species Transport Interfaces	Do Carmo And Galeão	turbulence	partial	T2	src/gui/Dialogs.cpp:232; src/combustion/CanteraParser.hpp:10
CFD-UG	Chapter 8: Chemical Species Transport Interfaces	Codina	turbulence	partial	T2	src/gui/Dialogs.cpp:232; src/combustion/CanteraParser.hpp:10
CFD-UG	Chapter 8: Chemical Species Transport Interfaces	Adsorption	turbulence	partial	T2	src/gui/Dialogs.cpp:232; src/combustion/CanteraParser.hpp:10
CFD-UG	Chapter 8: Chemical Species Transport Interfaces	Volatilization	turbulence	partial	T2	src/gui/Dialogs.cpp:232; src/combustion/CanteraParser.hpp:10
CFD-UG	Chapter 8: Chemical Species Transport Interfaces	Unsaturated	turbulence	partial	T2	src/gui/Dialogs.cpp:232; src/combustion/CanteraParser.hpp:10
CFD-UG	Chapter 8: Chemical Species Transport Interfaces	Free Flow	turbulence	partial	T2	src/gui/Dialogs.cpp:232; src/combustion/CanteraParser.hpp:10
CFD-UG	Chapter 8: Chemical Species Transport Interfaces	Dispersion	turbulence	partial	T2	src/gui/Dialogs.cpp:232; src/combustion/CanteraParser.hpp:10
CFD-UG	Chapter 8: Chemical Species Transport Interfaces	Adsorption	turbulence	partial	T2	src/gui/Dialogs.cpp:232; src/combustion/CanteraParser.hpp:10
CFD-UG	Chapter 8: Chemical Species Transport Interfaces	KL c	turbulence	partial	T2	src/gui/Dialogs.cpp:232; src/combustion/CanteraParser.hpp:10
CFD-UG	Chapter 8: Chemical Species Transport Interfaces	Langmuir	turbulence	partial	T2	src/gui/Dialogs.cpp:232; src/combustion/CanteraParser.hpp:10
CFD-UG	Chapter 8: Chemical Species Transport Interfaces	Freundlich	turbulence	partial	T2	src/gui/Dialogs.cpp:232; src/combustion/CanteraParser.hpp:10
CFD-UG	Chapter 8: Chemical Species Transport Interfaces	KB c0 c	turbulence	partial	T2	src/gui/Dialogs.cpp:232; src/combustion/CanteraParser.hpp:10
CFD-UG	Chapter 8: Chemical Species Transport Interfaces	Reactions	turbulence	partial	T2	src/gui/Dialogs.cpp:232; src/combustion/CanteraParser.hpp:10
CFD-UG	Chapter 8: Chemical Species Transport Interfaces	Mass Transport in Fractures	turbulence	partial	T2	src/gui/Dialogs.cpp:232; src/combustion/CanteraParser.hpp:10
CFD-UG	Chapter 8: Chemical Species Transport Interfaces	Multicomponent Mass Transport	turbulence	partial	T2	src/gui/Dialogs.cpp:232; src/combustion/CanteraParser.hpp:10
CFD-UG	Chapter 8: Chemical Species Transport Interfaces	F	turbulence	partial	T2	src/gui/Dialogs.cpp:232; src/combustion/CanteraParser.hpp:10
CFD-UG	Chapter 8: Chemical Species Transport Interfaces	F	turbulence	partial	T2	src/gui/Dialogs.cpp:232; src/combustion/CanteraParser.hpp:10
CFD-UG	Chapter 8: Chemical Species Transport Interfaces	Q	turbulence	partial	T2	src/gui/Dialogs.cpp:232; src/combustion/CanteraParser.hpp:10
CFD-UG	Chapter 8: Chemical Species Transport Interfaces	References for the Transport of Concentrated Species Interface	turbulence	partial	T2	src/gui/Dialogs.cpp:232; src/combustion/CanteraParser.hpp:10
CFD-UG	Chapter 8: Chemical Species Transport Interfaces	Nonisothermal Reacting Flow	turbulence	partial	T2	src/gui/Dialogs.cpp:232; src/combustion/CanteraParser.hpp:10
CFD-UG	Chapter 8: Chemical Species Transport Interfaces	N – 1)	turbulence	partial	T2	src/gui/Dialogs.cpp:232; src/combustion/CanteraParser.hpp:10
CFD-UG	Chapter 8: Chemical Species Transport Interfaces	N	turbulence	partial	T2	src/gui/Dialogs.cpp:232; src/combustion/CanteraParser.hpp:10
CFD-UG	Chapter 8: Chemical Species Transport Interfaces	Kays–Crawford	turbulence	partial	T2	src/gui/Dialogs.cpp:232; src/combustion/CanteraParser.hpp:10
CFD-UG	Chapter 8: Chemical Species Transport Interfaces	Mass Transport Wall Functions	bc	partial	T1	src/gui/Dialogs.cpp:232; src/combustion/CanteraParser.hpp:10
CFD-UG	Chapter 8: Chemical Species Transport Interfaces	Sc T	turbulence	partial	T2	src/gui/Dialogs.cpp:232; src/combustion/CanteraParser.hpp:10
CFD-UG	Chapter 8: Chemical Species Transport Interfaces	Sc T	turbulence	partial	T2	src/gui/Dialogs.cpp:232; src/combustion/CanteraParser.hpp:10
CFD-UG	Chapter 8: Chemical Species Transport Interfaces	Γ	turbulence	partial	T2	src/gui/Dialogs.cpp:232; src/combustion/CanteraParser.hpp:10
CFD-UG	Chapter 8: Chemical Species Transport Interfaces	References for the Reacting Flow Interfaces	turbulence	partial	T2	src/gui/Dialogs.cpp:232; src/combustion/CanteraParser.hpp:10
CFD-UG	Chapter 10: Shallow Water Interface	Chapter 10: Shallow Water Interface	ui	partial	T1	src/materials/FluidsCatalog.cpp:40
CFD-UG	Chapter 10: Shallow Water Interface	In this chapter	ui	partial	T1	src/materials/FluidsCatalog.cpp:40
CFD-UG	Chapter 10: Shallow Water Interface	T he S ha llo w W at er E q u at i on s, Ti m e	ui	partial	T1	src/materials/FluidsCatalog.cpp:40
CFD-UG	Chapter 10: Shallow Water Interface	Physical Model	ui	partial	T1	src/materials/FluidsCatalog.cpp:40; src/io/GmshReader.cpp:140
CFD-UG	Chapter 10: Shallow Water Interface	Advanced Settings	ui	partial	T1	src/combustion/TransportedPdf.hpp:8; src/materials/FluidsCatalog.cpp:40
CFD-UG	Chapter 10: Shallow Water Interface	In the COMSOL Multiphysics Reference Manual:	ui	partial	T1	src/materials/FluidsCatalog.cpp:40
CFD-UG	Chapter 10: Shallow Water Interface	Discretization	solver	partial	T1	src/solver/Solver.hpp:26; src/materials/FluidsCatalog.cpp:40
CFD-UG	Chapter 10: Shallow Water Interface	In the COMSOL Multiphysics Reference Manual see Table 2-4 for links	ui	partial	T1	src/gpu/GpuKernels.cpp:243; src/materials/FluidsCatalog.cpp:40
CFD-UG	Chapter 10: Shallow Water Interface	Domain Properties	ui	partial	T1	src/materials/FluidsCatalog.cpp:40; src/cad/CMakeLists.txt:42
CFD-UG	Chapter 10: Shallow Water Interface	Bottom Topography	ui	partial	T1	src/materials/FluidsCatalog.cpp:40; src/amr/AdaptiveRefinement.hpp:8
CFD-UG	Chapter 10: Shallow Water Interface	Domain Source	ui	partial	T1	src/materials/FluidsCatalog.cpp:40
CFD-UG	Chapter 10: Shallow Water Interface	Initial Values	ui	partial	T1	src/materials/FluidsCatalog.cpp:40; src/core/ThreadPool.cpp:57
CFD-UG	Chapter 10: Shallow Water Interface	Initial Values	ui	partial	T1	src/materials/FluidsCatalog.cpp:40; src/core/ThreadPool.cpp:57
CFD-UG	Chapter 10: Shallow Water Interface	Inlet	bc	partial	T1	src/materials/FluidsCatalog.cpp:40; src/core/BoundaryConditionRegistry.hpp:10
CFD-UG	Chapter 10: Shallow Water Interface	Flow Properties	ui	partial	T1	src/materials/FluidsCatalog.cpp:40; src/cad/CMakeLists.txt:42
CFD-UG	Chapter 10: Shallow Water Interface	Outlet	bc	partial	T1	src/materials/FluidsCatalog.cpp:40; src/core/BoundaryConditionRegistry.hpp:10
CFD-UG	Chapter 10: Shallow Water Interface	Flow Properties	ui	partial	T1	src/materials/FluidsCatalog.cpp:40; src/cad/CMakeLists.txt:42
CFD-UG	Chapter 10: Shallow Water Interface	Wall	ui	partial	T1	src/materials/FluidsCatalog.cpp:40
CFD-UG	Chapter 10: Shallow Water Interface	Symmetry	bc	partial	T1	src/materials/FluidsCatalog.cpp:40; src/core/BoundaryConditionRegistry.hpp:10
CFD-UG	Chapter 10: Shallow Water Interface	Boundary Selection	ui	partial	T1	src/materials/FluidsCatalog.cpp:40
CFD-UG	Chapter 10: Shallow Water Interface	Interior Wall	bc	partial	T1	src/materials/FluidsCatalog.cpp:40; src/io/FluentMshReader.cpp:123
CFD-UG	Chapter 10: Shallow Water Interface	Water Source	ui	partial	T1	src/materials/FluidsCatalog.cpp:40
CFD-UG	Chapter 10: Shallow Water Interface	Theory for the Shallow Water	ui	partial	T1	src/combustion/TfcModel.hpp:23; src/materials/FluidsCatalog.cpp:40
CFD-UG	Chapter 10: Shallow Water Interface	The Shallow Water Equations	ui	partial	T1	src/materials/FluidsCatalog.cpp:40; src/adjoint/ContinuousAdjoint.hpp:11
CFD-UG	Chapter 10: Shallow Water Interface	See Chapter 2 in Ref. 1 for more details. Equation 10-6, Equation 10-7, and	ui	partial	T1	src/materials/FluidsCatalog.cpp:40
CFD-UG	Chapter 10: Shallow Water Interface	The Numerical Method	ui	partial	T1	src/solver/CompressibleFlux.hpp:42; src/materials/FluidsCatalog.cpp:40
CFD-UG	Chapter 10: Shallow Water Interface	Fp =	ui	partial	T1	src/materials/FluidsCatalog.cpp:40
CFD-UG	Chapter 12: Glossary	Glossary of Terms	other	partial	T3	src/combustion/CanteraParser.cpp:99
CFD-UG	Chapter 12: Glossary	PDEs by artificially adding upwinding in the streamline direction.	turbulence	partial	T1	src/combustion/GEquation.cpp:70; src/visualization/LicFilter.hpp:7
CFD-UG	Chapter 12: Glossary	Basset force 686	other	partial	T3	src/core/RotatingFileSink.hpp:36
CFD-UG	Chapter 12: Glossary	Cahn–Hilliard equation 1132, 1143	other	absent	T3	
CFD-UG	Chapter 12: Glossary	CFL number	solver	absent	T1	
CFD-UG	Chapter 12: Glossary	Darcy’s law 727	other	partial	T2	src/heat_transfer/Solidification.cpp:52
CFD-UG	Chapter 12: Glossary	Euler–Euler interface 587	ui	partial	T1	src/combustion/EddyDissipationConcept.cpp:70
CFD-UG	Chapter 12: Glossary	Darcy’s law 748	other	partial	T2	src/heat_transfer/Solidification.cpp:52
CFD-UG	Chapter 12: Glossary	Couette flow 1068	other	absent	T3	
CFD-UG	Chapter 12: Glossary	Damköhler number 1038	other	partial	T3	src/combustion/FgmFlamelet.cpp:45; src/combustion/FgmFlamelet.cpp:45
CFD-UG	Chapter 12: Glossary	EB-RSM turbulence model 110	turbulence	absent	T2	
CFD-UG	Chapter 12: Glossary	Brinkman equations theory 834	theory	partial	T3	src/combustion/TfcModel.hpp:23; src/adjoint/ContinuousAdjoint.hpp:11
CFD-UG	Chapter 12: Glossary	Eötvös number 669	other	absent	T3	
CFD-UG	Chapter 12: Glossary	Equilibrium Reaction	combustion	partial	T2	src/combustion/EddyDissipationConcept.cpp:72; src/combustion/CanteraParser.hpp:11
CFD-UG	Chapter 12: Glossary	Ergun packed bed expression 687	scripting	partial	T1	src/io/Hdf5ResultStore.hpp:38; src/core/Command.hpp:104
CFD-UG	Chapter 12: Glossary	Ettehadieh solid pressure model 691	other	partial	T3	src/acoustics/CurleAcoustics.hpp:8
CFD-UG	Chapter 12: Glossary	Euler–Euler equations 691	other	partial	T3	src/combustion/EddyDissipationConcept.cpp:70; src/adjoint/ContinuousAdjoint.hpp:11
CFD-UG	Chapter 12: Glossary	Darcy’s law 761	other	partial	T2	src/heat_transfer/Solidification.cpp:52
CFD-UG	Chapter 12: Glossary	Euler–Euler model, turbulent flow (ee)	turbulence	partial	T2	src/combustion/EddyDissipationConcept.cpp:70; src/combustion/GEquation.cpp:51
CFD-UG	Chapter 12: Glossary	Fukui and Kaneko 1075	other	absent	T3	
CFD-UG	Chapter 12: Glossary	Fick’s law approximation diffusion 1024	other	partial	T3	src/emag/Mhd.hpp:5; src/combustion/SlfmFlamelet.hpp:6
CFD-UG	Chapter 12: Glossary	Fick’s law diffusion model 906	other	partial	T3	src/combustion/SlfmFlamelet.hpp:6
CFD-UG	Chapter 12: Glossary	Gidaspow and Ettehadieh solid pressure	other	partial	T3	src/acoustics/CurleAcoustics.hpp:8
CFD-UG	Chapter 12: Glossary	Gidaspow model 687	other	absent	T3	
CFD-UG	Chapter 12: Glossary	Gidaspow solid pressure model 691	other	partial	T3	src/acoustics/CurleAcoustics.hpp:8
CFD-UG	Chapter 12: Glossary	Ginzburg-Landau equation 1139	other	absent	T3	
CFD-UG	Chapter 12: Glossary	Ginzburg–Landau equation 1133	other	absent	T3	
CFD-UG	Chapter 12: Glossary	CFL number 89, 509, 546, 584, 780	solver	absent	T1	
CFD-UG	Chapter 12: Glossary	Kármán constant 379, 1038	other	partial	T3	src/combustion/CanteraParser.cpp:230
CFD-UG	Chapter 12: Glossary	Kays–Crawford models 376	other	absent	T3	
CFD-UG	Chapter 12: Glossary	Knudsen number 1074	other	absent	T3	
CFD-UG	Chapter 12: Glossary	MEMS Module 801	other	partial	T3	src/acoustics/CurleAcoustics.hpp:19
CFD-UG	Chapter 12: Glossary	Neumann condition 257	other	partial	T3	src/core/BoundaryConditionRegistry.hpp:13
CFD-UG	Chapter 12: Glossary	Darcy’s law 760	other	partial	T2	src/heat_transfer/Solidification.cpp:52
CFD-UG	Chapter 12: Glossary	Darcy’s law 762	other	partial	T2	src/heat_transfer/Solidification.cpp:52
CFD-UG	Chapter 12: Glossary	Brinkman equations 780	other	partial	T3	src/adjoint/ContinuousAdjoint.hpp:11
CFD-UG	Chapter 12: Glossary	Darcy’s law interface 727	ui	partial	T2	src/heat_transfer/Solidification.cpp:52
CFD-UG	Chapter 12: Glossary	Euler–Euler interface 587	ui	partial	T1	src/combustion/EddyDissipationConcept.cpp:70
CFD-UG	Chapter 12: Glossary	RANS.	turbulence	partial	T2	src/solver/WallDistance.cpp:9
CFD-UG	Chapter 12: Glossary	RANS	turbulence	partial	T2	src/solver/WallDistance.cpp:9
CFD-UG	Chapter 12: Glossary	Rans-Evm	turbulence	partial	T2	src/solver/WallDistance.cpp:9
CFD-UG	Chapter 12: Glossary	Schmidt number 678, 694, 696, 707, 1034	other	partial	T3	src/adjoint/DiscreteAdjoint.cpp:78
CFD-UG	Chapter 12: Glossary	Reacting Volume 873	other	absent	T3	
CFD-UG	Chapter 12: Glossary	Reynolds stress model 243	turbulence	partial	T2	src/acoustics/CurleAcoustics.hpp:24; src/combustion/TfcModel.hpp:24
CFD-UG	Chapter 12: Glossary	Hadamard–Rybczynski 679	other	absent	T3	
CFD-UG	Chapter 12: Glossary	Schiller-Naumann 711	other	partial	T3	src/multiphase/EulerianMultifluid.hpp:24; src/multiphase/EulerianMultifluid.hpp:24
CFD-UG	Chapter 12: Glossary	Schiller–Naumann 679	other	partial	T3	src/multiphase/EulerianMultifluid.hpp:24; src/multiphase/EulerianMultifluid.hpp:24
CFD-UG	Chapter 12: Glossary	Haider-Levenspiel 711	other	absent	T3	
CFD-UG	Chapter 12: Glossary	Reynolds number 679, 711	other	partial	T3	src/combustion/TfcModel.hpp:24
CFD-UG	Chapter 12: Glossary	Soret effect 1025	other	absent	T3	
CFD-UG	Chapter 12: Glossary	Spalart–Allmaras 103, 278	turbulence	partial	T1	src/core/IWallDistanceService.hpp:12; src/core/IWallDistanceService.hpp:12
CFD-UG	Chapter 12: Glossary	Rans 245	turbulence	partial	T2	src/solver/WallDistance.cpp:9
CFD-UG	Chapter 12: Glossary	Brinkman equations 786	other	partial	T3	src/adjoint/ContinuousAdjoint.hpp:11
CFD-UG	Chapter 12: Glossary	W wall (node)	other	absent	T1	
CFD-SG	Introduction to the CFD Module	Introduction to the CFD Module	other	partial	T3	src/acoustics/CurleAcoustics.hpp:19
CFD-SG	Aspects of CFD Simulations	Aspects of CFD Simulations	other	absent	T3	
CFD-SG	Tutorial Model — Backstep	Tutorial Model — Backstep	validation	absent	T1	
CFD-SG	Tutorial Model — Backstep	Model Geometry	geometry	absent	T1	
CFD-SG	Tutorial Model — Backstep	Domain Equations and Boundary Conditions	bc	partial	T1	src/adjoint/ContinuousAdjoint.hpp:11; src/core/BoundaryConditionRegistry.hpp:9
CFD-SG	Tutorial Model — Backstep	Model Wizard	workflow	absent	T1	
CFD-SG	Tutorial Model — Backstep	Global Definitions — Parameters	scripting	partial	T1	src/porous/PorousMedia.hpp:47; src/core/RotatingFileSink.hpp:39
CFD-SG	Tutorial Model — Backstep	Laminar Flow	validation	partial	T1	src/combustion/EddyDissipationConcept.hpp:15
CFD-SG	Tutorial Model — Backstep	Inlet 1	bc	partial	T1	src/core/BoundaryConditionRegistry.hpp:10
CFD-SG	Tutorial Model — Backstep	Symmetry 1	bc	partial	T1	src/core/BoundaryConditionRegistry.hpp:10
CFD-SG	Tutorial Model — Backstep	Outlet 1	bc	partial	T1	src/core/BoundaryConditionRegistry.hpp:10
CFD-SG	Tutorial Model — Backstep	Mesh 1	mesh	absent	T1	
CFD-SG	Tutorial Model — Backstep	Study 1	validation	absent	T1	
CFD-SG	Tutorial Model — Water Purification Reactor	Tutorial Model — Water Purification Reactor	validation	partial	T1	src/combustion/EddyDissipationConcept.hpp:14; src/materials/FluidsCatalog.cpp:40
CFD-SG	Tutorial Model — Water Purification Reactor	Model Geometry	geometry	partial	T1	src/combustion/EddyDissipationConcept.hpp:14; src/materials/FluidsCatalog.cpp:40
CFD-SG	Tutorial Model — Water Purification Reactor	Model Wizard	workflow	partial	T1	src/combustion/EddyDissipationConcept.hpp:14; src/materials/FluidsCatalog.cpp:40
CFD-SG	Tutorial Model — Water Purification Reactor	Geometry 1	geometry	partial	T1	src/combustion/EddyDissipationConcept.hpp:14; src/materials/FluidsCatalog.cpp:40
CFD-SG	Tutorial Model — Water Purification Reactor	Size 2	validation	partial	T1	src/combustion/EddyDissipationConcept.hpp:14; src/materials/FluidsCatalog.cpp:40
CFD-SG	Tutorial Model — Water Purification Reactor	Study 1	validation	partial	T1	src/combustion/EddyDissipationConcept.hpp:14; src/materials/FluidsCatalog.cpp:40
OF-UG	Contents	Chapter 3: Applications and libraries	other	partial	T3	src/core/Application.hpp:8; src/core/PluginLoader.hpp:6
OF-UG	Contents	Chapter 5: Mesh generation and conversion	mesh	partial	T1	src/core/BoundaryConditionRegistry.hpp:51; src/gpu/RenderingBridge.hpp:34
OF-UG	Contents	Chapter 6: Boundary conditions	bc	partial	T1	src/core/BoundaryConditionRegistry.hpp:9
OF-UG	Contents	Chapter 7: Post-processing	postprocessing	partial	T1	src/acoustics/CurleAcoustics.hpp:26; src/acoustics/CurleAcoustics.hpp:26
OF-UG	Contents	Chapter 8: Models and physical properties	other	partial	T3	src/cad/CMakeLists.txt:42; src/io/GmshReader.cpp:140
OF-UG	Chapter 2: Tutorials	2.1.1 Pre-processing	validation	partial	T1	src/acoustics/CurleAcoustics.hpp:26
OF-UG	Chapter 2: Tutorials	2.1.2 Mesh generation	mesh	partial	T1	src/gpu/RenderingBridge.hpp:34
OF-UG	Chapter 2: Tutorials	2.1.3 Viewing the mesh	mesh	absent	T1	
OF-UG	Chapter 2: Tutorials	2.1.4 Boundary and initial conditions	validation	partial	T1	src/core/ThreadPool.cpp:57; src/core/BoundaryConditionRegistry.hpp:9
OF-UG	Chapter 2: Tutorials	2.1.5 Physical properties	validation	partial	T1	src/cad/CMakeLists.txt:42; src/io/GmshReader.cpp:140
OF-UG	Chapter 2: Tutorials	2.1.6 Momentum transport	turbulence	partial	T2	src/combustion/CanteraParser.hpp:10
OF-UG	Chapter 2: Tutorials	2.1.7 Control	validation	partial	T1	src/adjoint/ContinuousAdjoint.hpp:51
OF-UG	Chapter 2: Tutorials	2.1.8 Discretisation and linear-solver settings	solver	partial	T1	src/emag/AvFormulation.hpp:15
OF-UG	Chapter 2: Tutorials	2.1.9 Running an application	validation	partial	T1	src/acoustics/FwhSurface.hpp:62
OF-UG	Chapter 2: Tutorials	2.1.10 Time selection in ParaView	validation	partial	T1	src/io/EnSightGoldWriter.hpp:7
OF-UG	Chapter 2: Tutorials	2.1.11 Colouring surfaces	validation	partial	T1	src/cad/Defeaturing.cpp:7
OF-UG	Chapter 2: Tutorials	2.1.12 Cutting plane (slice)	validation	partial	T1	src/core/PluginRegistry.hpp:9
OF-UG	Chapter 2: Tutorials	2.1.13 Vector plots	validation	partial	T1	src/gui/ResidualPlot.hpp:7
OF-UG	Chapter 2: Tutorials	2.1.14 Popular ﬁlters in ParaView	validation	partial	T1	src/io/EnSightGoldWriter.hpp:7
OF-UG	Chapter 2: Tutorials	2.1.15 Contours	postprocessing	partial	T1	src/gui/RibbonContent.cpp:97
OF-UG	Chapter 2: Tutorials	2.1.16 Streamline plots	postprocessing	partial	T1	src/gui/ResidualPlot.hpp:7; src/visualization/LicFilter.hpp:7
OF-UG	Chapter 2: Tutorials	2.1.17 Inlet boundary condition	bc	partial	T1	src/core/BoundaryConditionRegistry.hpp:13; src/core/BoundaryConditionRegistry.hpp:10
OF-UG	Chapter 2: Tutorials	2.1.18 Turbulence model	turbulence	absent	T2	
OF-UG	Chapter 2: Tutorials	2.2 Breaking of a dam	validation	absent	T1	
OF-UG	Chapter 2: Tutorials	2.2.1 Mesh generation	mesh	partial	T1	src/gpu/RenderingBridge.hpp:34
OF-UG	Chapter 2: Tutorials	2.2.3 Phases	validation	partial	T1	src/combustion/CanteraParser.cpp:143
OF-UG	Chapter 2: Tutorials	2.2.4 Setting initial ﬁelds	validation	partial	T1	src/core/Command.hpp:7; src/core/ThreadPool.cpp:57
OF-UG	Chapter 2: Tutorials	2.2.5 Fluid properties	materials	partial	T1	src/cad/CMakeLists.txt:42
OF-UG	Chapter 2: Tutorials	2.2.6 Gravity	validation	partial	T1	src/dynamics/SixDof.cpp:72
OF-UG	Chapter 2: Tutorials	2.2.7 Turbulence modelling	turbulence	absent	T2	
OF-UG	Chapter 2: Tutorials	2.2.8 Time step control	solver	partial	T1	src/adjoint/ContinuousAdjoint.hpp:51
OF-UG	Chapter 2: Tutorials	2.2.9 Discretisation schemes	solver	partial	T1	src/emag/AvFormulation.hpp:15; src/gui/Dialogs.hpp:14
OF-UG	Chapter 2: Tutorials	2.2.10 Linear-solver control	solver	partial	T1	src/adjoint/ContinuousAdjoint.hpp:51
OF-UG	Chapter 2: Tutorials	2.2.11 Running the code	validation	partial	T1	src/acoustics/FwhSurface.hpp:62
OF-UG	Chapter 2: Tutorials	2.2.13 Running in parallel	parallel	partial	T1	src/acoustics/FwhSurface.hpp:62
OF-UG	Chapter 2: Tutorials	2.2.14 Post-processing a case run in parallel	postprocessing	partial	T1	src/acoustics/CurleAcoustics.hpp:26; src/acoustics/CurleAcoustics.hpp:26
OF-UG	Chapter 2: Tutorials	2.3.1 Mesh generation	mesh	partial	T1	src/gpu/RenderingBridge.hpp:34
OF-UG	Chapter 2: Tutorials	2.3.2 Boundary and initial conditions	validation	partial	T1	src/core/ThreadPool.cpp:57; src/core/BoundaryConditionRegistry.hpp:9
OF-UG	Chapter 2: Tutorials	2.3.3 Physical properties	validation	partial	T1	src/cad/CMakeLists.txt:42; src/io/GmshReader.cpp:140
OF-UG	Chapter 2: Tutorials	2.3.4 Control	validation	partial	T1	src/adjoint/ContinuousAdjoint.hpp:51
OF-UG	Chapter 2: Tutorials	2.3.6 Running the code	validation	partial	T1	src/acoustics/FwhSurface.hpp:62
OF-UG	Chapter 2: Tutorials	2.0 Distance, y (m)	validation	absent	T1	
OF-UG	Chapter 3: Applications and libraries	Chapter 3: Applications and libraries	other	partial	T3	src/core/Application.hpp:8; src/core/PluginLoader.hpp:6
OF-UG	Chapter 3: Applications and libraries	3.1 The programming language of OpenFOAM	other	partial	T3	src/core/Application.hpp:8; src/core/PluginLoader.hpp:6
OF-UG	Chapter 3: Applications and libraries	3.2 Compiling applications and libraries	parallel	partial	T1	src/core/Application.hpp:8; src/core/PluginLoader.hpp:6
OF-UG	Chapter 3: Applications and libraries	3.2.1 Header .H ﬁles	other	partial	T3	src/core/Application.hpp:8; src/core/PluginLoader.hpp:6
OF-UG	Chapter 3: Applications and libraries	3.2.2 Compiling with wmake	parallel	partial	T1	src/core/Application.hpp:8; src/core/PluginLoader.hpp:6
OF-UG	Chapter 3: Applications and libraries	3.2.9 Compiling libraries	parallel	partial	T1	src/core/Application.hpp:8; src/core/PluginLoader.hpp:6
OF-UG	Chapter 3: Applications and libraries	3.4.2 File input/output in parallel	parallel	partial	T1	src/core/Application.hpp:8; src/core/PluginLoader.hpp:6
OF-UG	Chapter 3: Applications and libraries	3.7.4 Mesh manipulation	mesh	partial	T1	src/core/Application.hpp:8; src/core/PluginLoader.hpp:6
OF-UG	Chapter 3: Applications and libraries	3.7.12 Miscellaneous utilities	other	partial	T3	src/core/Application.hpp:8; src/core/PluginLoader.hpp:6
OF-UG	Chapter 4: OpenFOAM cases	4.1 File structure of OpenFOAM cases	other	partial	T3	src/cad/StepReader.hpp:7
OF-UG	Chapter 4: OpenFOAM cases	4.2 Basic input/output ﬁle format	other	partial	T3	src/rom/PodDmd.cpp:192
OF-UG	Chapter 4: OpenFOAM cases	4.2.1 General syntax rules	other	partial	T3	src/gpu/CudaContext.hpp:17; src/core/ConfigStore.cpp:56
OF-UG	Chapter 4: OpenFOAM cases	4.2.2 Dictionaries	other	absent	T3	
OF-UG	Chapter 4: OpenFOAM cases	4.2.6 Dimensional units	other	partial	T3	src/solver/NscbcBoundary.cpp:5; src/cad/ShapeHandleInternal.hpp:7
OF-UG	Chapter 4: OpenFOAM cases	4.2.7 Units and unit conversion	other	partial	T3	src/core/BoundaryConditionRegistry.hpp:51; src/cad/ShapeHandleInternal.hpp:7
OF-UG	Chapter 4: OpenFOAM cases	4.2.8 Dimensioned types	other	absent	T3	
OF-UG	Chapter 4: OpenFOAM cases	4.2.10 Macro expansion	scripting	partial	T1	src/gui/RibbonContent.cpp:108; src/amr/RefinementApplier.cpp:6
OF-UG	Chapter 4: OpenFOAM cases	4.2.11 Including ﬁles	other	partial	T3	src/core/BoundaryConditionRegistry.hpp:28
OF-UG	Chapter 4: OpenFOAM cases	4.2.12 Environment variables	other	partial	T3	src/gpu/CudaContext.hpp:77; src/adjoint/DiscreteAdjoint.hpp:15
OF-UG	Chapter 4: OpenFOAM cases	4.2.14 Keyword ordering	other	partial	T3	src/meshing/BlockMeshDict.cpp:185; src/io/FaceBasedMeshReader.hpp:43
OF-UG	Chapter 4: OpenFOAM cases	4.2.15 Inline calculations	other	partial	T3	src/solver/DualTimeStepping.hpp:20
OF-UG	Chapter 4: OpenFOAM cases	4.2.16 Inline code	other	absent	T3	
OF-UG	Chapter 4: OpenFOAM cases	4.2.17 Conditionals	other	absent	T3	
OF-UG	Chapter 4: OpenFOAM cases	4.3 Global controls	other	partial	T3	src/gui/SolverMonitorPanel.hpp:9; src/core/RotatingFileSink.hpp:39
OF-UG	Chapter 4: OpenFOAM cases	4.3.1 Overriding global controls	other	partial	T3	src/gui/SolverMonitorPanel.hpp:9; src/core/RotatingFileSink.hpp:39
OF-UG	Chapter 4: OpenFOAM cases	4.4 Time and data input/output control	other	partial	T3	src/adjoint/ContinuousAdjoint.hpp:51
OF-UG	Chapter 4: OpenFOAM cases	4.4.1 Modules	other	partial	T3	src/cad/CadKernel.cpp:7
OF-UG	Chapter 4: OpenFOAM cases	4.4.2 Time control	other	partial	T3	src/adjoint/ContinuousAdjoint.hpp:51
OF-UG	Chapter 4: OpenFOAM cases	4.4.3 Data writing	other	partial	T3	src/io/CgnsWriter.cpp:115
OF-UG	Chapter 4: OpenFOAM cases	4.5 Numerical schemes	solver	partial	T1	src/solver/CompressibleFlux.hpp:42; src/gui/Dialogs.hpp:14
OF-UG	Chapter 4: OpenFOAM cases	4.5.1 Time schemes	solver	partial	T1	src/gui/Dialogs.hpp:14
OF-UG	Chapter 4: OpenFOAM cases	4.5.2 Gradient schemes	solver	partial	T1	src/gui/Dialogs.hpp:14
OF-UG	Chapter 4: OpenFOAM cases	4.5.3 Divergence schemes	solver	partial	T1	src/emag/Mhd.cpp:8; src/gui/Dialogs.hpp:14
OF-UG	Chapter 4: OpenFOAM cases	4.5.4 Surface normal gradient schemes	solver	partial	T1	src/gui/Dialogs.hpp:14
OF-UG	Chapter 4: OpenFOAM cases	4.5.5 Laplacian schemes	solver	partial	T1	src/meshing/Mesher.hpp:13; src/gui/Dialogs.hpp:14
OF-UG	Chapter 4: OpenFOAM cases	4.5.6 Interpolation schemes	solver	partial	T1	src/gui/Dialogs.hpp:14; src/acoustics/FwhSurface.cpp:22
OF-UG	Chapter 4: OpenFOAM cases	4.6.1 Linear solver control	solver	partial	T1	src/adjoint/ContinuousAdjoint.hpp:51
OF-UG	Chapter 4: OpenFOAM cases	4.6.2 Solution tolerances	other	partial	T3	src/cad/Healing.cpp:35
OF-UG	Chapter 4: OpenFOAM cases	4.6.4 Smooth solvers	solver	partial	T1	src/meshing/MeshSmoother.cpp:40; src/combustion/CanteraParser.hpp:13
OF-UG	Chapter 4: OpenFOAM cases	4.6.6 Solution under-relaxation	other	partial	T3	src/combustion/EddyDissipationConcept.cpp:72
OF-UG	Chapter 4: OpenFOAM cases	4.6.7 SIMPLE and PIMPLE algorithms	solver	partial	T1	src/gpu/HostDeviceMirror.hpp:175; src/solver/PimpleAlgorithm.hpp:4
OF-UG	Chapter 4: OpenFOAM cases	4.6.8 Pressure referencing	other	absent	T3	
OF-UG	Chapter 4: OpenFOAM cases	4.7.1 General ﬁle management	other	partial	T3	src/radiation/SolarLoad.hpp:5
OF-UG	Chapter 4: OpenFOAM cases	4.7.2 The foamDictionary utility	other	partial	T3	src/core/Command.hpp:19
OF-UG	Chapter 4: OpenFOAM cases	4.7.4 GAMG;	other	absent	T3	
OF-UG	Chapter 4: OpenFOAM cases	4.7.5 The foamInfo script	other	partial	T3	src/gui/RibbonContent.cpp:110
OF-UG	Chapter 4: OpenFOAM cases	4.7.6 The foamToC utility	other	partial	T3	src/core/Command.hpp:19
OF-UG	Chapter 4: OpenFOAM cases	4.7.7 The foamUnits script	other	partial	T3	src/gui/RibbonContent.cpp:110
OF-UG	Chapter 4: OpenFOAM cases	4.7.8 The foamFind script	other	partial	T3	src/gui/RibbonContent.cpp:110
OF-UG	Chapter 4: OpenFOAM cases	4.7.9 The foamMergeCase script	other	partial	T3	src/gui/RibbonContent.cpp:110
OF-UG	Chapter 5: Mesh generation and conversion	Chapter 5: Mesh generation and conversion	mesh	partial	T1	src/core/BoundaryConditionRegistry.hpp:51; src/gpu/RenderingBridge.hpp:34
OF-UG	Chapter 5: Mesh generation and conversion	5.1 Mesh description	mesh	partial	T1	src/core/BoundaryConditionRegistry.hpp:51; src/gpu/RenderingBridge.hpp:34
OF-UG	Chapter 5: Mesh generation and conversion	5.2 Mesh ﬁles	mesh	partial	T1	src/core/BoundaryConditionRegistry.hpp:51; src/gpu/RenderingBridge.hpp:34
OF-UG	Chapter 5: Mesh generation and conversion	5.3 Mesh boundary	mesh	partial	T1	src/core/BoundaryConditionRegistry.hpp:51; src/gpu/RenderingBridge.hpp:34
OF-UG	Chapter 5: Mesh generation and conversion	5.4.2 The vertices	mesh	partial	T1	src/core/BoundaryConditionRegistry.hpp:51; src/gpu/RenderingBridge.hpp:34
OF-UG	Chapter 5: Mesh generation and conversion	5.4.4 The blocks	mesh	partial	T1	src/core/BoundaryConditionRegistry.hpp:51; src/gpu/RenderingBridge.hpp:34
OF-UG	Chapter 5: Mesh generation and conversion	5.4.6 The boundary	mesh	partial	T1	src/core/BoundaryConditionRegistry.hpp:51; src/gpu/RenderingBridge.hpp:34
OF-UG	Chapter 5: Mesh generation and conversion	5.5 Mesh generation with snappyHexMesh	mesh	partial	T1	src/core/BoundaryConditionRegistry.hpp:51; src/gpu/RenderingBridge.hpp:34
OF-UG	Chapter 5: Mesh generation and conversion	5.6 Mesh Zones	mesh	partial	T1	src/core/BoundaryConditionRegistry.hpp:51; src/gpu/RenderingBridge.hpp:34
OF-UG	Chapter 5: Mesh generation and conversion	5.6.1 Creating zones	mesh	partial	T1	src/core/BoundaryConditionRegistry.hpp:51; src/gpu/RenderingBridge.hpp:34
OF-UG	Chapter 5: Mesh generation and conversion	5.6.2 Zone generators	mesh	partial	T1	src/core/BoundaryConditionRegistry.hpp:51; src/gpu/RenderingBridge.hpp:34
OF-UG	Chapter 5: Mesh generation and conversion	5.7 Mesh conversion	mesh	partial	T1	src/core/BoundaryConditionRegistry.hpp:51; src/gpu/RenderingBridge.hpp:34
OF-UG	Chapter 6: Boundary conditions	Chapter 6: Boundary conditions	bc	partial	T1	src/core/BoundaryConditionRegistry.hpp:9
OF-UG	Chapter 6: Boundary conditions	6.1 Patch selection in ﬁeld ﬁles	bc	partial	T1	src/core/BoundaryConditionRegistry.hpp:9
OF-UG	Chapter 6: Boundary conditions	6.3 Basic boundary conditions	bc	partial	T1	src/rom/PodDmd.cpp:192; src/core/BoundaryConditionRegistry.hpp:9
OF-UG	Chapter 6: Boundary conditions	6.4 Derived boundary conditions	bc	partial	T1	src/emag/AvFormulation.hpp:18; src/core/BoundaryConditionRegistry.hpp:9
OF-UG	Chapter 6: Boundary conditions	6.4.2 Entrainment boundary conditions	bc	partial	T1	src/core/BoundaryConditionRegistry.hpp:9
OF-UG	Chapter 6: Boundary conditions	6.4.3 Fixed ﬂux pressure	bc	partial	T1	src/combustion/SootMomMethod.cpp:77; src/core/BoundaryConditionRegistry.hpp:9
OF-UG	Chapter 6: Boundary conditions	6.4.4 Time-varying boundary conditions	bc	partial	T1	src/scripting/UdfHost.hpp:11; src/core/BoundaryConditionRegistry.hpp:9
OF-UG	Chapter 7: Post-processing	Chapter 7: Post-processing	postprocessing	partial	T1	src/acoustics/CurleAcoustics.hpp:26; src/acoustics/CurleAcoustics.hpp:26
OF-UG	Chapter 7: Post-processing	7.2.1 Run-time data processing	postprocessing	partial	T1	src/acoustics/CurleAcoustics.hpp:26; src/acoustics/CurleAcoustics.hpp:26
OF-UG	Chapter 7: Post-processing	7.3 Post-processing functionality	postprocessing	partial	T1	src/acoustics/CurleAcoustics.hpp:26; src/acoustics/CurleAcoustics.hpp:26
OF-UG	Chapter 7: Post-processing	7.3.1 Field calculation	postprocessing	partial	T1	src/acoustics/CurleAcoustics.hpp:26; src/acoustics/CurleAcoustics.hpp:26
OF-UG	Chapter 7: Post-processing	7.3.6 Volume ﬁelds	postprocessing	partial	T1	src/acoustics/CurleAcoustics.hpp:26; src/acoustics/CurleAcoustics.hpp:26
OF-UG	Chapter 7: Post-processing	7.3.11 Multiphase	multiphase	partial	T2	src/acoustics/CurleAcoustics.hpp:26; src/acoustics/CurleAcoustics.hpp:26
OF-UG	Chapter 7: Post-processing	7.3.13 Surface ﬁelds	postprocessing	partial	T1	src/acoustics/CurleAcoustics.hpp:26; src/acoustics/CurleAcoustics.hpp:26
OF-UG	Chapter 7: Post-processing	7.3.14 Meshing	mesh	partial	T1	src/acoustics/CurleAcoustics.hpp:26; src/acoustics/CurleAcoustics.hpp:26
OF-UG	Chapter 7: Post-processing	7.4.1 Probing data	postprocessing	partial	T1	src/acoustics/CurleAcoustics.hpp:26; src/acoustics/CurleAcoustics.hpp:26
OF-UG	Chapter 8: Models and physical properties	Chapter 8: Models and physical properties	other	partial	T3	src/cad/CMakeLists.txt:42; src/io/GmshReader.cpp:140
OF-UG	Chapter 8: Models and physical properties	8.1.5 Equation of state	materials	partial	T1	src/cad/CMakeLists.txt:42; src/io/GmshReader.cpp:140
OF-UG	Chapter 8: Models and physical properties	8.1.6 Selection of energy variable	other	partial	T3	src/cad/CMakeLists.txt:42; src/io/GmshReader.cpp:140
OF-UG	Chapter 8: Models and physical properties	8.2 Turbulence models	turbulence	partial	T2	src/cad/CMakeLists.txt:42; src/io/GmshReader.cpp:140
OF-UG	Chapter 8: Models and physical properties	8.2.4 LES turbulence models	turbulence	partial	T2	src/cad/CMakeLists.txt:42; src/io/GmshReader.cpp:140
OF-UG	Chapter 8: Models and physical properties	8.2.5 Model coeﬃcients	other	partial	T3	src/cad/CMakeLists.txt:42; src/io/GmshReader.cpp:140
OF-UG	Chapter 8: Models and physical properties	8.2.6 Wall functions	bc	partial	T1	src/cad/CMakeLists.txt:42; src/io/GmshReader.cpp:140
OF-UG	Chapter 8: Models and physical properties	8.3.1 Bird-Carreau model	other	partial	T3	src/cad/CMakeLists.txt:42; src/io/GmshReader.cpp:140
OF-UG	Chapter 8: Models and physical properties	8.3.4 Herschel-Bulkley model	other	partial	T3	src/cad/CMakeLists.txt:42; src/io/GmshReader.cpp:140
OF-UG	Chapter 8: Models and physical properties	8.3.5 Casson model	other	partial	T3	src/cad/CMakeLists.txt:42; src/io/GmshReader.cpp:140
OF-UG	Chapter 8: Models and physical properties	8.3.7 Maxwell model	other	partial	T3	src/cad/CMakeLists.txt:42; src/io/GmshReader.cpp:140
OF-UG	Chapter 8: Models and physical properties	8.3.8 Giesekus model	other	partial	T3	src/cad/CMakeLists.txt:42; src/io/GmshReader.cpp:140
OF-UG	Chapter 8: Models and physical properties	8.3.9 Phan-Thien-Tanner (PTT) model	other	partial	T3	src/cad/CMakeLists.txt:42; src/io/GmshReader.cpp:140
OF-PG	Open∇FOAM — The Open Source CFD Toolbox: Programmer's Guide	Open∇FOAM — The Open Source CFD Toolbox: Programmer's Guide	other	partial	T3	src/materials/SolidsCatalog.cpp:34
OF-PG	Creative Commons Attribution-NonCommercial-NoDerivs 3.0 Unported Licence	Creative Commons Attribution-NonCommercial-NoDerivs 3.0 Unported Licence	other	absent	T3	
OF-PG	Creative Commons Attribution-NonCommercial-NoDerivs 3.0 Unported Licence	2. Fair Dealing Rights	other	absent	T3	
OF-PG	Creative Commons Attribution-NonCommercial-NoDerivs 3.0 Unported Licence	4. Restrictions	other	absent	T3	
OF-PG	Creative Commons Attribution-NonCommercial-NoDerivs 3.0 Unported Licence	6. Limitation on Liability	other	absent	T3	
OF-PG	Creative Commons Attribution-NonCommercial-NoDerivs 3.0 Unported Licence	7. Termination	other	partial	T3	src/visualization/StreamlineRk4.hpp:8
OF-PG	Creative Commons Attribution-NonCommercial-NoDerivs 3.0 Unported Licence	8. Miscellaneous	other	absent	T3	
OF-PG	1.1 The programming language of OpenFOAM	1.1 The programming language of OpenFOAM	other	absent	T3	
OF-PG	1.1 The programming language of OpenFOAM	1.1.1 Language in general	other	absent	T3	
OF-PG	1.1 The programming language of OpenFOAM	1.1.2 Object-orientation and C++	other	partial	T3	src/core/ConfigStore.hpp:14; src/cad/FeatureEdges.cpp:64
OF-PG	1.1 The programming language of OpenFOAM	1.1.3 Equation representation	other	partial	T3	src/combustion/CanteraParser.hpp:10
OF-PG	1.1 The programming language of OpenFOAM	1.1.4 Solver codes	solver	partial	T1	src/io/FluentMshReader.cpp:181
OF-PG	1.2 Compiling applications and libraries	1.2 Compiling applications and libraries	parallel	partial	T1	src/core/Application.hpp:8; src/core/PluginLoader.hpp:6
OF-PG	1.2 Compiling applications and libraries	1.2.1 Header .H files	parallel	partial	T1	src/core/Application.hpp:8; src/core/PluginLoader.hpp:6
OF-PG	1.2 Compiling applications and libraries	1.2.2 Compiling with wmake	parallel	partial	T1	src/core/Application.hpp:8; src/core/PluginLoader.hpp:6
OF-PG	Chapter 2: Tensor mathematics	Chapter 2: Tensor mathematics	other	partial	T3	src/morphing/FfdBox.hpp:13; src/dynamics/SixDof.hpp:40
OF-PG	2.1 Coordinate system	2.1 Coordinate system	other	partial	T3	src/io/FaceBasedMeshReader.cpp:214
OF-PG	2.2 OpenFOAM tensor classes	2.2 OpenFOAM tensor classes	other	partial	T3	src/gui_core/PanelRegistry.hpp:6; src/dynamics/SixDof.hpp:40
OF-PG	2.3 Dimensional units	2.3 Dimensional units	other	partial	T3	src/solver/NscbcBoundary.cpp:5; src/cad/ShapeHandleInternal.hpp:7
OF-PG	Chapter 3: Discretisation procedures	Chapter 3: Discretisation procedures	solver	partial	T1	src/emag/AvFormulation.hpp:15
OF-PG	3.1 Differential operators	3.1 Differential operators	other	partial	T3	src/solver/WallDistance.cpp:8; src/multiphase/PlicReconstruction.hpp:24
OF-PG	3.1 Differential operators	3.1.1 Gradient	other	partial	T3	src/solver/WallDistance.cpp:8; src/multiphase/PlicReconstruction.hpp:24
OF-PG	3.2 Overview of discretisation	3.2 Overview of discretisation	solver	partial	T1	src/emag/AvFormulation.hpp:15
OF-PG	3.2 Overview of discretisation	3.2.1 OpenFOAM lists and fields	solver	partial	T1	src/emag/AvFormulation.hpp:15
OF-PG	3.3 Discretisation of the solution domain	3.3 Discretisation of the solution domain	solver	partial	T1	src/emag/AvFormulation.hpp:15
OF-PG	3.3 Discretisation of the solution domain	3.3.1 Defining a mesh in OpenFOAM	mesh	partial	T1	src/emag/AvFormulation.hpp:15
OF-PG	3.3 Discretisation of the solution domain	3.3.2 Defining a geometricField in OpenFOAM	solver	partial	T1	src/emag/AvFormulation.hpp:15
OF-PG	3.4 Equation discretisation	3.4 Equation discretisation	solver	partial	T1	src/emag/AvFormulation.hpp:15
OF-PG	3.4 Equation discretisation	3.4.3 First time derivative	solver	partial	T1	src/emag/AvFormulation.hpp:15; src/acoustics/CurleAcoustics.hpp:69
OF-PG	3.4 Equation discretisation	3.4.4 Second time derivative	solver	partial	T1	src/emag/AvFormulation.hpp:15; src/acoustics/CurleAcoustics.hpp:69
OF-PG	3.4 Equation discretisation	3.4.5 Divergence	solver	partial	T1	src/emag/AvFormulation.hpp:15; src/emag/Mhd.cpp:8
OF-PG	3.4 Equation discretisation	3.4.6 Gradient	solver	partial	T1	src/emag/AvFormulation.hpp:15
OF-PG	3.4 Equation discretisation	3.4.8 Curl	solver	partial	T1	src/combustion/TransportedPdf.cpp:54; src/emag/AvFormulation.hpp:15
OF-PG	3.4 Equation discretisation	3.4.9 Source terms	solver	partial	T1	src/emag/AvFormulation.hpp:15; src/combustion/CanteraParser.cpp:99
OF-PG	3.4 Equation discretisation	3.4.10 Other explicit discretisation schemes	solver	partial	T1	src/emag/AvFormulation.hpp:15; src/gui/Dialogs.hpp:14
OF-PG	3.5 Temporal discretisation	3.5 Temporal discretisation	solver	partial	T1	src/acoustics/CurleAcoustics.hpp:21; src/emag/AvFormulation.hpp:15
OF-PG	3.6 Boundary Conditions	3.6 Boundary Conditions	bc	partial	T1	src/core/BoundaryConditionRegistry.hpp:9
OF-PG	3.6 Boundary Conditions	3.6.1 Physical boundary conditions	bc	partial	T1	src/io/GmshReader.cpp:140; src/core/BoundaryConditionRegistry.hpp:9
OF-PG	A.1 Tensors	A.1 Tensors	other	partial	T3	src/porous/PorousMedia.hpp:47
OF-PG	Symbols	Symbols	other	partial	T3	src/acoustics/FwhSurface.hpp:22
